"year","TAZ","count"
2019,14000100,7.592859776
2020,14000100,7.552620547
2019,14001100,0.063288957
2020,14001100,0.063288957
2019,14001200,68.22276889
2020,14001200,64.53956934
2019,14001300,0.147998414
2020,14001300,0.112584393
2019,14002100,0.172542996
2020,14002100,0.172542996
2019,14002200,1.412511358
2020,14002200,1.359389137
2019,14003100,0.079678355
2020,14003100,0
2019,14003200,0.031893575
2020,14003200,0.014094707
2019,14003300,0.079678355
2020,14003300,0
2019,14003400,0.557033125
2020,14003400,0.506274122
2019,14003500,1.681840737
2020,14003500,1.703907568
2019,14003600,0
2020,14003600,0
2019,14003700,0.079678355
2020,14003700,0.079678355
2019,14003800,0
2020,14003800,0
2019,14004100,0.127987384
2020,14004100,0.18413356
2019,14004200,0.446841944
2020,14004200,0.446841944
2019,14004300,0
2020,14004300,0
2019,14005100,0.62249663
2020,14005100,0.647144114
2019,14005200,1.467094983
2020,14005200,1.119360385
2019,14006100,0
2020,14006100,0
2019,14006200,1.91995062
2020,14006200,1.903647817
2019,14007100,0.755864826
2020,14007100,0.861433868
2019,14007200,1.172183097
2020,14007200,1.196770397
2019,14007300,1.337733422
2020,14007300,1.342528849
2019,14008100,0.265430837
2020,14008100,0.251336131
2019,14009100,0.43032439
2020,14009100,0.520956324
2019,14010100,2.151362336
2020,14010100,2.456427309
2019,14010200,2.482901728
2020,14010200,2.660679664
2019,14010300,21.83362795
2020,14010300,21.23692048
2019,14010400,3.688631603
2020,14010400,3.695723751
2019,14011100,0.018811332
2020,14011100,0.018811332
2019,14011200,0
2020,14011200,0
2019,14012100,13.1111682
2020,14012100,13.05516912
2019,14012200,9.315737803
2020,14012200,9.888927033
2019,14013100,0.064698427
2020,14013100,0.064698427
2019,14013200,0.968645914
2020,14013200,1.12187812
2019,14013300,0.842195198
2020,14013300,0.664505719
2019,14014100,0.416211086
2020,14014100,0.430305793
2019,14014200,0.335677332
2020,14014200,0.266316058
2019,14014300,0.703945461
2020,14014300,0.873247566
2019,14015100,0.143073948
2020,14015100,0.112589844
2019,14015200,0.084842252
2020,14015200,0.079678355
2019,14016100,0.389293119
2020,14016100,0.287497668
2019,14016200,0.014094707
2020,14016200,0.103204922
2019,14016300,0.068831412
2020,14016300,0.014094707
2019,14017100,0.230826348
2020,14017100,0.230826348
2019,14017200,2.796200817
2020,14017200,2.765366833
2019,14018100,1.721119954
2020,14018100,1.919161301
2019,14018200,0.417646453
2020,14018200,0.538095144
2019,14019100,9.979761116
2020,14019100,9.706839561
2019,14019200,24.50586645
2020,14019200,24.03173521
2019,14019300,5.353625595
2020,14019300,4.984125
2019,14020100,1.250672283
2020,14020100,1.236066224
2019,14021100,11.62871461
2020,14021100,11.82412915
2019,14021200,58.69271638
2020,14021200,57.35798663
2019,14021300,0.239850593
2020,14021300,0.239850593
2019,14022100,0
2020,14022100,0
2019,14022200,8.601052996
2020,14022200,8.196569943
2019,14022300,1.589699205
2020,14022300,2.931128611
2019,14022400,2.149729353
2020,14022400,2.210698736
2019,14022500,32.38215615
2020,14022500,32.13095669
2019,14023100,7.382621247
2020,14023100,7.743998916
2019,14024100,0.021386395
2020,14024100,0.021386395
2019,14024200,0.054736705
2020,14024200,0.054736705
2019,14024300,0.334898147
2020,14024300,0.448790824
2019,14025100,15.41324972
2020,14025100,14.63731152
2019,14025200,13.94447107
2020,14025200,13.57127979
2019,14026100,36.44094651
2020,14026100,34.79859951
2019,14027100,17.16701677
2020,14027100,17.17045992
2019,14027200,17.8224208
2020,14027200,17.24809478
2019,14028100,15.18241808
2020,14028100,15.05878978
2019,14028200,26.45547586
2020,14028200,25.42551353
2019,14029100,14.6534089
2020,14029100,14.88449439
2019,14030100,0
2020,14030100,0.098936959
2019,14030200,5.06312606
2020,14030200,5.085248767
2019,14031100,19.25374504
2020,14031100,19.79908603
2019,14031200,28.11170624
2020,14031200,27.48268213
2019,14032100,17.92455106
2020,14032100,17.71110567
2019,14032200,19.34380719
2020,14032200,18.62861408
2019,14033100,22.14409916
2020,14033100,22.37569999
2019,14033200,8.57290159
2020,14033200,8.049691452
2019,14034100,6.578460504
2020,14034100,6.726412003
2019,14034200,20.98265897
2020,14034200,21.2311733
2019,14035100,9.796650171
2020,14035100,9.830750337
2019,14036100,1.262266845
2020,14036100,1.287716418
2019,14036200,41.66489999
2020,14036200,40.44299043
2019,14037100,3.317576832
2020,14037100,3.200669568
2019,14037200,10.37829315
2020,14037200,10.2975803
2019,14038100,0.089110215
2020,14038100,0.306232022
2019,14039100,25.28727799
2020,14039100,24.70860283
2019,14039200,20.41595144
2020,14039200,19.17305555
2019,14040100,15.54861447
2020,14040100,15.19365554
2019,14040200,27.11759181
2020,14040200,26.15708225
2019,14041100,6.747576376
2020,14041100,6.477262455
2019,14041200,5.633912703
2020,14041200,5.869506636
2019,14042100,11.41382242
2020,14042100,11.39329484
2019,14042200,7.203854014
2020,14042200,6.784238754
2019,14043100,36.29554871
2020,14043100,35.91532816
2019,14043200,21.16759923
2020,14043200,21.20807848
2019,14043300,3.180598973
2020,14043300,3.165275432
2019,14044100,21.72286569
2020,14044100,21.22929118
2019,14044200,23.24239533
2020,14044200,22.55807918
2019,14045100,0.145368639
2020,14045100,0.208657596
2019,14045200,28.46878911
2020,14045200,24.7329448
2019,14046100,27.5137474
2020,14046100,27.8251664
2019,14047100,0.107391304
2020,14047100,0
2019,14047200,0
2020,14047200,0
2019,14047300,0
2020,14047300,0
2019,14047400,0.066107898
2020,14047400,0.002818941
2019,14047500,0.45383236
2020,14047500,0.610515821
2019,14048100,24.89789805
2020,14048100,25.78836448
2019,14048200,5.126949038
2020,14048200,5.167441981
2019,14049100,14.66419226
2020,14049100,14.65450655
2019,14050100,7.85929236
2020,14050100,7.435212459
2019,14050200,0.098936959
2020,14050200,0.098936959
2019,14051100,18.53660039
2020,14051100,17.93387257
2019,14051200,22.19620789
2020,14051200,21.49320174
2019,14052100,0
2020,14052100,0
2019,14052200,0.136645671
2020,14052200,0.273405687
2019,14053100,0.996222664
2020,14053100,1.041284779
2019,14053200,0.063288957
2020,14053200,0.007969067
2019,14054100,26.19997633
2020,14054100,25.0482603
2019,14055100,17.82796578
2020,14055100,18.26159386
2019,14055200,9.053478868
2020,14055200,8.623491233
2019,14056100,14.63061284
2020,14056100,14.45524483
2019,14056200,22.13179239
2020,14056200,21.78254039
2019,14057100,1.402881201
2020,14057100,1.362965236
2019,14058100,29.84229253
2020,14058100,30.00520386
2019,14058200,21.40964833
2020,14058200,20.63919124
2019,14059100,0.487759634
2020,14059100,0.522133143
2019,14059200,18.64575597
2020,14059200,19.22747613
2019,14059300,3.375689982
2020,14059300,3.603355776
2019,14059400,0.904630463
2020,14059400,1.020116007
2019,14060100,23.07669318
2020,14060100,22.95592788
2019,14060200,22.68523298
2020,14060200,21.56189356
2019,14061100,0.084842252
2020,14061100,0.084842252
2019,14061200,5.044820568
2020,14061200,5.086114301
2019,14062100,6.720296552
2020,14062100,6.6893977
2019,14063100,0.255975778
2020,14063100,0.172542996
2019,14063200,0.323927581
2020,14063200,0.461211848
2019,14063300,0
2020,14063300,0
2019,14063400,0.152399172
2020,14063400,0.152399172
2019,14063500,31.00720504
2020,14063500,30.55808195
2019,14063600,13.63227683
2020,14063600,13.29133017
2019,14064100,22.12184684
2020,14064100,22.14475239
2019,14064200,21.33227322
2020,14064200,20.5651756
2019,14065100,2.199006472
2020,14065100,2.380878019
2019,14065200,0
2020,14065200,0
2019,14066100,26.86591703
2020,14066100,25.81711273
2019,14066200,0
2020,14066200,0
2019,14067100,14.14191754
2020,14067100,14.74743445
2019,14067200,19.48708654
2020,14067200,19.64043368
2019,14068100,0
2020,14068100,0
2019,14068200,0
2020,14068200,0.064698427
2019,14068300,1.948986735
2020,14068300,1.908503923
2019,14068400,0.063288957
2020,14068400,0.063288957
2019,14068500,0
2020,14068500,0.063288957
2019,14069100,22.51794238
2020,14069100,22.10635136
2019,14069200,5.984861995
2020,14069200,5.941467672
2019,14070100,5.483425366
2020,14070100,5.404991979
2019,14071100,7.277204973
2020,14071100,6.850517431
2019,14071200,0.94410352
2020,14071200,0.841681519
2019,14072100,21.98804568
2020,14072100,21.31335343
2019,14073100,11.10286318
2020,14073100,11.32907335
2019,14073200,19.28460447
2020,14073200,19.39276737
2019,14074100,8.71065717
2020,14074100,8.526521131
2019,14075100,0.119594319
2020,14075100,0.169134469
2019,14075200,0.029598884
2020,14075200,0.173952467
2019,14075300,0.175878801
2020,14075300,0.285352211
2019,14076100,18.03773945
2020,14076100,17.73117999
2019,14076200,39.80551642
2020,14076200,38.92370547
2019,14077100,11.50528322
2020,14077100,11.6904856
2019,14077200,0
2020,14077200,0
2019,14077300,59.50813685
2020,14077300,59.40600868
2019,14077400,55.0206156
2020,14077400,53.45909917
2019,14078100,26.58327164
2020,14078100,26.44192443
2019,14078200,23.39158196
2020,14078200,23.74899068
2019,14079100,28.51671668
2020,14079100,28.59906643
2019,14079200,33.80439154
2020,14079200,32.36469374
2019,14079300,0
2020,14079300,0
2019,14080100,0.24190427
2020,14080100,0.24190427
2019,14080200,1.898414735
2020,14080200,1.831212166
2019,14081100,3.964322393
2020,14081100,3.906204207
2019,14082100,2.600027362
2020,14082100,2.339057588
2019,14083100,0.733582297
2020,14083100,0.791357885
2019,14083200,0.393402238
2020,14083200,0.391871363
2019,14084100,0.152399172
2020,14084100,0.152399172
2019,14084200,0.063288957
2020,14084200,0.063288957
2019,14084300,0.509858455
2020,14084300,0.473325232
2019,14084400,0
2020,14084400,0
2019,14084500,0.473740488
2020,14084500,0.44791923
2019,14085100,0.404644951
2020,14085100,0.394683228
2019,14085200,0.809766982
2020,14085200,0.618490641
2019,14086100,0.615396481
2020,14086100,0.698829263
2019,14086200,1.424222954
2020,14086200,1.271879659
2019,14086300,0
2020,14086300,0
2019,14087100,0.326351639
2020,14087100,0.261653211
2019,14088100,0.43046498
2020,14088100,0.162456022
2019,14088200,0
2020,14088200,0
2019,14088300,0.197480741
2020,14088300,0.210010695
2019,14089100,0.566260699
2020,14089100,0.335976813
2019,14089200,0.32347682
2020,14089200,0.145256391
2019,14090100,1.14855259
2020,14090100,1.00708012
2019,14090200,0
2020,14090200,0
2019,14090300,0
2020,14090300,0
2019,14091100,0.572807515
2020,14091100,0.435912521
2019,14091200,0.846976089
2020,14091200,0.560403906
2019,14092100,0.654886189
2020,14092100,0.686281571
2019,14093100,19.36183031
2020,14093100,17.9592475
2019,14094100,0.736315406
2020,14094100,0.608627777
2019,14094200,0.757249497
2020,14094200,0.709231166
2019,14095100,4.605091391
2020,14095100,4.80659946
2019,14095200,1.897480999
2020,14095200,2.22738707
2019,14096100,0.422975636
2020,14096100,0.411370665
2019,14096200,0.015504177
2020,14096200,0.043693591
2019,14097100,24.50840274
2020,14097100,23.84435143
2019,14097200,17.76970897
2020,14097200,17.59984563
2019,14098100,4.104989887
2020,14098100,3.701603322
2019,14098200,3.76433378
2020,14098200,4.087638026
2019,14099100,0.342227501
2020,14099100,0.190824086
2019,14100100,1.004799256
2020,14100100,1.022757312
2019,14101100,0.350676909
2020,14101100,0.204718333
2019,14101200,0.159351098
2020,14101200,0.159351098
2019,14102100,1.195207004
2020,14102100,1.36644138
2019,14103100,0.634160105
2020,14103100,0.635569575
2019,14104100,0.317194617
2020,14104100,0.318702195
2019,14105100,0
2020,14105100,0
2019,14105200,0.255975778
2020,14105200,0.255975778
2019,14106100,0
2020,14106100,0
2019,14106200,0
2020,14106200,0
2019,14106300,0
2020,14106300,0
2019,14106400,0.083432782
2020,14106400,0.112589844
2019,14106500,0.55246444
2020,14106500,0.578285698
2019,14107100,1.491962095
2020,14107100,0.953445017
2019,14107200,0
2020,14107200,0
2019,14108100,0.279297354
2020,14108100,0.118780112
2019,14109100,7.622835695
2020,14109100,7.127260464
2019,14109200,11.46011435
2020,14109200,11.1811772
2019,14109300,2.887564135
2020,14109300,3.014521894
2019,20211100,9.140122765
2020,20211100,8.469056065
2019,20212100,9.18594104
2020,20212100,8.504122291
2019,20212200,9.208009567
2020,20212200,9.079105279
2019,20213100,2.702202869
2020,20213100,2.271840406
2019,20213200,3.117515731
2020,20213200,3.195373118
2019,20213300,10.86154973
2020,20213300,12.64337528
2019,20214100,5.32254901
2020,20214100,6.020755297
2019,20214200,4.779662011
2020,20214200,6.310960834
2019,20214300,5.033559301
2020,20214300,6.121554546
2019,20214400,5.146655349
2020,20214400,5.607825041
2019,20214500,5.966717497
2020,20214500,7.394681329
2019,20214600,8.710449224
2020,20214600,8.346187676
2019,20214700,0.138787314
2020,20214700,0.848611577
2019,20215100,9.775965094
2020,20215100,9.349273601
2019,20215200,10.96485562
2020,20215200,11.76828168
2019,20215300,25.11091017
2020,20215300,25.48627183
2019,20216100,28.75000749
2020,20216100,29.10652975
2019,20216200,18.15540581
2020,20216200,17.38306636
2019,20216300,3.123263259
2020,20216300,3.075299184
2019,20216400,4.587810446
2020,20216400,4.355003701
2019,20217100,12.59914314
2020,20217100,12.47652898
2019,20217200,17.79281371
2020,20217200,17.06209348
2019,20217300,27.02823274
2020,20217300,24.84581702
2019,20217400,7.309147935
2020,20217400,8.024992882
2019,20217500,8.533658049
2020,20217500,8.776129995
2019,20218100,8.228751788
2020,20218100,5.865486629
2019,20218200,34.24739671
2020,20218200,41.91174379
2019,20219100,7.808273139
2020,20219100,7.504150088
2019,20219200,33.6946136
2020,20219200,34.24290863
2019,20220100,13.60547145
2020,20220100,15.31999786
2019,20220200,12.35191332
2020,20220200,16.96704028
2019,20221100,38.13587913
2020,20221100,35.35751952
2019,20221200,13.85956365
2020,20221200,10.8157671
2019,20221300,19.81612255
2020,20221300,14.98967313
2019,20222100,5.373959614
2020,20222100,5.459616818
2019,20222200,11.01871192
2020,20222200,12.38955233
2019,20222300,9.877201376
2020,20222300,11.19221197
2019,20223100,20.0478054
2020,20223100,19.14292009
2019,20224100,30.1292889
2020,20224100,30.79460086
2019,20224200,0
2020,20224200,0
2019,20225100,98.96605614
2020,20225100,96.3177701
2019,20226100,118.6084351
2020,20226100,114.5839845
2019,20227100,77.14358581
2020,20227100,73.13485944
2019,20228100,0
2020,20228100,0
2019,20229100,58.75587975
2020,20229100,58.77578976
2019,20229200,5.464227655
2020,20229200,6.654934675
2019,20230100,36.39492898
2020,20230100,37.59698323
2019,20231100,9.454521541
2020,20231100,10.03558127
2019,20231200,7.802096731
2020,20231200,7.022116433
2019,20232100,3.770204186
2020,20232100,4.205092087
2019,20232200,4.714031092
2020,20232200,4.693463033
2019,20232300,8.264581779
2020,20232300,8.621072152
2019,20232400,7.620685619
2020,20232400,9.878584733
2019,20233100,61.2871876
2020,20233100,59.40771517
2019,20234100,3.341322897
2020,20234100,2.698424924
2019,20234200,5.968096701
2020,20234200,6.470370509
2019,20234300,19.54954646
2020,20234300,15.79575157
2019,20234400,11.56154556
2020,20234400,10.17449474
2019,20235100,16.14513864
2020,20235100,13.76621375
2019,20235200,32.18447644
2020,20235200,27.51831241
2019,20235300,12.34029321
2020,20235300,10.50684914
2019,20235400,14.76172531
2020,20235400,14.88948776
2019,20235500,6.962113442
2020,20235500,8.290991589
2019,20235600,17.89881758
2020,20235600,17.58120798
2019,20236100,17.7476681
2020,20236100,16.77384616
2019,20236200,8.926428128
2020,20236200,8.050221305
2019,20236300,5.851518111
2020,20236300,5.325805716
2019,20236400,14.58832601
2020,20236400,13.38685207
2019,20237100,1.546270447
2020,20237100,2.24744426
2019,20237200,19.20493857
2020,20237200,15.30588159
2019,20237300,10.3859668
2020,20237300,9.70683126
2019,20237400,26.71879623
2020,20237400,24.41653099
2019,20238100,5.938191597
2020,20238100,5.742590119
2019,20238200,15.74660434
2020,20238200,13.41077357
2019,20239100,37.11333568
2020,20239100,37.54889053
2019,20239200,8.663729641
2020,20239200,7.845333351
2019,20240100,10.01376907
2020,20240100,9.602828411
2019,20240200,18.86437257
2020,20240200,17.85329798
2019,20241100,28.73250113
2020,20241100,32.85713629
2019,20242100,9.055870839
2020,20242100,8.767985666
2019,20242200,12.42848824
2020,20242200,11.88746747
2019,20242300,13.01271181
2020,20242300,12.31139957
2019,20243100,12.91707138
2020,20243100,12.28576946
2019,20243200,10.29847656
2020,20243200,9.475400874
2019,20244100,12.32686023
2020,20244100,14.68159416
2019,20244200,22.98540067
2020,20244200,22.82796566
2019,20244300,36.55495504
2020,20244300,34.77824676
2019,20244400,5.268640867
2020,20244400,5.447312454
2019,20244500,15.80992458
2020,20244500,17.3054038
2019,20244600,40.78400734
2020,20244600,39.53427612
2019,20244700,23.3238375
2020,20244700,19.2623973
2019,20245100,26.39138235
2020,20245100,22.47861703
2019,20245200,24.65456972
2020,20245200,21.88046118
2019,20246100,12.98140655
2020,20246100,12.20656447
2019,20246200,3.338088302
2020,20246200,3.407225642
2019,20247100,43.61826144
2020,20247100,44.26508242
2019,20248100,8.627501303
2020,20248100,8.010164537
2019,20248200,25.71743883
2020,20248200,24.35428147
2019,20249100,11.37296143
2020,20249100,10.28092309
2019,20249200,15.11675472
2020,20249200,13.27054578
2019,20250100,21.65178666
2020,20250100,20.04054625
2019,20250200,19.78067256
2020,20250200,18.83862613
2019,20251100,8.73164022
2020,20251100,6.820995483
2019,20251200,7.402030388
2020,20251200,6.986608463
2019,20252100,18.36022384
2020,20252100,17.74169877
2019,20252200,18.57886249
2020,20252200,20.20778151
2019,20252300,24.67125545
2020,20252300,17.94078676
2019,20253100,27.93941056
2020,20253100,26.580135
2019,20253200,13.45837121
2020,20253200,13.48265358
2019,20253300,17.30123319
2020,20253300,16.3499259
2019,20254100,23.15402162
2020,20254100,23.61473203
2019,20255100,33.23350094
2020,20255100,34.88888465
2019,20255200,8.582300745
2020,20255200,6.598417423
2019,20255300,1.024757608
2020,20255300,0.344392195
2019,20256100,71.00185726
2020,20256100,63.46981326
2019,20257100,33.7143202
2020,20257100,31.28325378
2019,20257200,21.24638657
2020,20257200,16.85372766
2019,20258100,70.83000269
2020,20258100,66.77860579
2019,20258200,19.09929117
2020,20258200,16.81894029
2019,20259100,18.8986949
2020,20259100,18.65716121
2019,20259200,33.8650222
2020,20259200,30.81835168
2019,20260100,9.262544992
2020,20260100,9.056430894
2019,20260200,25.91604944
2020,20260200,25.19283139
2019,20260300,37.06680299
2020,20260300,31.78948404
2019,20261100,13.71019629
2020,20261100,14.90264377
2019,20261200,6.849797494
2020,20261200,6.268056406
2019,20261300,15.26307983
2020,20261300,15.52957122
2019,20262100,29.90863509
2020,20262100,35.28063151
2019,20263100,20.68582547
2020,20263100,17.78973728
2019,20263200,10.14384519
2020,20263200,10.95398205
2019,20263300,19.95170419
2020,20263300,20.28551024
2019,20263400,22.48935124
2020,20263400,20.75824977
2019,20264100,0.715326944
2020,20264100,1.118477646
2019,20265100,52.85870944
2020,20265100,58.52925664
2019,20266100,23.22871306
2020,20266100,22.31192612
2019,20266200,11.51628132
2020,20266200,11.04029542
2019,20267100,46.79672277
2020,20267100,39.17433132
2019,20267200,80.50688136
2020,20267200,70.01719279
2019,20268100,17.45703758
2020,20268100,13.24721708
2019,20268200,17.24515604
2020,20268200,20.45803772
2019,20269100,13.46583791
2020,20269100,12.16180828
2019,20270100,15.66036118
2020,20270100,15.57170097
2019,20271100,4.739957909
2020,20271100,4.412678419
2019,20272100,55.8518145
2020,20272100,50.05667967
2019,20273100,3.082104374
2020,20273100,3.292732571
2019,20274100,37.56507302
2020,20274100,35.78875596
2019,20274200,17.34464825
2020,20274200,16.11403891
2019,20275100,0
2020,20275100,0
2019,20276100,15.04465995
2020,20276100,13.41932154
2019,20277100,1.139692089
2020,20277100,1.324540732
2019,20277200,28.38933902
2020,20277200,27.67671692
2019,20278100,21.82137752
2020,20278100,23.30518019
2019,20279100,0.258522082
2020,20279100,0.066848367
2019,20280100,2.184351198
2020,20280100,12.456192
2019,20281100,2.082918347
2020,20281100,1.999614296
2019,20281200,1.470260554
2020,20281200,1.501468131
2019,20281300,0.342785003
2020,20281300,0.54711996
2019,20281400,1.486138237
2020,20281400,1.676978699
2019,20282100,1.200340788
2020,20282100,0.899681161
2019,20283100,3.059157737
2020,20283100,4.047287358
2019,20284100,2.253428251
2020,20284100,2.19373193
2019,20284200,10.38265696
2020,20284200,11.63509359
2019,20285100,0.186766461
2020,20285100,0.090758271
2019,20285200,0.285379392
2020,20285200,0.196872252
2019,20285300,0.168720715
2020,20285300,0.122452563
2019,20286100,0
2020,20286100,0
2019,20286200,0.077673054
2020,20286200,0.077673054
2019,20286300,0.067175365
2020,20286300,0.070026087
2019,20286400,0
2020,20286400,0.145015115
2019,20286500,0
2020,20286500,0
2019,20287100,4.930588604
2020,20287100,4.390845744
2019,20287200,0.177339674
2020,20287200,0.395833964
2019,20288100,8.704850582
2020,20288100,7.756047237
2019,20288200,0
2020,20288200,0
2019,20288300,0.077404145
2020,20288300,0
2019,20288400,4.083281057
2020,20288400,3.819274351
2019,20288500,7.580191673
2020,20288500,7.789045399
2019,20288600,3.580599233
2020,20288600,2.81553029
2019,20288700,0.403955146
2020,20288700,0.477497063
2019,20289100,0.07045813
2020,20289100,0.07045813
2019,20289200,2.166435735
2020,20289200,2.388749921
2019,20289300,0
2020,20289300,0
2019,20289400,2.088352567
2020,20289400,1.322097955
2019,20289500,0.168010688
2020,20289500,0.148170423
2019,20289600,0.051881745
2020,20289600,0.052818539
2019,20289700,0.077404145
2020,20289700,0.14457951
2019,20290100,0
2020,20290100,0
2019,20290200,0.148170423
2020,20290200,0.202550332
2019,20290300,0.20767892
2020,20290300,0.322775095
2019,20290400,0.813346688
2020,20290400,0.869510686
2019,20290500,0.123884107
2020,20290500,0.14526802
2019,20290600,0.739444438
2020,20290600,0.658269556
2019,20290700,0.375787108
2020,20290700,0.177950032
2019,20290800,7.639807171
2020,20290800,7.601440835
2019,20291100,0.429092943
2020,20291100,0.476712034
2019,20291200,0.291021858
2020,20291200,0.255182976
2019,20291300,16.37250287
2020,20291300,15.96353766
2019,20291400,0
2020,20291400,0.077486685
2019,20291500,0.590260119
2020,20291500,0.535019645
2019,20291600,21.25159141
2020,20291600,20.41181412
2019,20291700,8.170218477
2020,20291700,8.343030243
2019,20291800,17.20300344
2020,20291800,17.23695853
2019,20291900,0.077673054
2020,20291900,0.072740508
2019,20292100,0.527224655
2020,20292100,0.634608962
2019,20292200,0.257640373
2020,20292200,0.256556362
2019,20292300,0.833968813
2020,20292300,0.831972521
2019,20292400,0.242774738
2020,20292400,0.352266996
2019,20292500,0.077404145
2020,20292500,0.077404145
2019,20292600,31.73876479
2020,20292600,39.62765247
2019,20292700,0.054887233
2020,20292700,0.054887233
2019,20292800,0.226942519
2020,20292800,0.141310016
2019,20292900,0.220914904
2020,20292900,0.288701007
2019,20293100,4.511154277
2020,20293100,4.496470025
2019,20293200,0.389137318
2020,20293200,0.4051825
2019,20293300,0.113180042
2020,20293300,0.176508964
2019,20293400,0.420856971
2020,20293400,0.484433102
2019,20293500,0.249895335
2020,20293500,0.235806091
2019,20293600,0.046014665
2020,20293600,0.013587409
2019,20294100,2.817035755
2020,20294100,3.061550534
2019,20294200,8.755027064
2020,20294200,7.851514357
2019,20294300,10.32391706
2020,20294300,10.25651946
2019,20294400,10.03835291
2020,20294400,9.09770387
2019,20294500,14.83922266
2020,20294500,13.79365315
2019,20294600,12.12803939
2020,20294600,12.01724474
2019,20295100,0
2020,20295100,0
2019,20296100,2.911918968
2020,20296100,2.568315911
2019,20296200,0.246049568
2020,20296200,0.200474736
2019,20296300,3.008884346
2020,20296300,4.893727692
2019,20296400,1.809860932
2020,20296400,2.092998724
2019,20296500,22.8941351
2020,20296500,21.91269138
2019,20296600,10.14450699
2020,20296600,9.263024148
2019,20296700,10.69575626
2020,20296700,11.35201022
2019,20296800,10.38494467
2020,20296800,11.69286746
2019,20296900,10.89734336
2020,20296900,9.939149138
2019,20297100,9.209641722
2020,20297100,8.742029079
2019,20297200,7.862753706
2020,20297200,8.335477991
2019,20297300,21.25032599
2020,20297300,20.27658625
2019,20297400,11.61987407
2020,20297400,11.13885319
2019,20297500,3.334437999
2020,20297500,3.237504396
2019,20297600,2.655847778
2020,20297600,2.32105485
2019,20298100,0.003861689
2020,20298100,0.150144654
2019,20298200,0.04348031
2020,20298200,0.04348031
2019,20298300,0
2020,20298300,0
2019,20298400,0
2020,20298400,0
2019,20298500,0.07045813
2020,20298500,0.013587409
2019,20298600,0
2020,20298600,0
2019,20298700,0.21628611
2020,20298700,0.063357312
2019,20299100,0.484113486
2020,20299100,0.58957138
2019,20299200,0.043169727
2020,20299200,0.043169727
2019,20299300,0
2020,20299300,0
2019,20299400,0.219684505
2020,20299400,0.231791567
2019,20299500,1.675949921
2020,20299500,2.85043322
2019,20299600,0.077932787
2020,20299600,0.389229011
2019,20299700,0.057457771
2020,20299700,0.072516698
2019,20299800,8.894466561
2020,20299800,7.832809383
2019,20299900,0
2020,20299900,0
2019,20300100,0.100968824
2020,20300100,0.21292779
2019,20300200,0.16839562
2020,20300200,0.153549673
2019,20300300,0.249459225
2020,20300300,0.186859671
2019,20300400,0.235921566
2020,20300400,0.235921566
2019,20300500,1.077957994
2020,20300500,0.973389446
2019,20300600,0.096524748
2020,20300600,0.137783215
2019,20300700,0.07045813
2020,20300700,0.06646785
2019,20300800,0.105370442
2020,20300800,0.128563643
2019,20301100,1.873123043
2020,20301100,1.852464208
2019,20301200,9.182583214
2020,20301200,9.189096855
2019,20301300,5.127436
2020,20301300,5.813309854
2019,20301400,50.26023296
2020,20301400,41.76340817
2019,20301500,12.06260001
2020,20301500,11.21802503
2019,20301600,4.887416459
2020,20301600,4.333745179
2019,20302100,10.24385543
2020,20302100,9.724775562
2019,20302200,2.783233919
2020,20302200,2.756173788
2019,20302300,1.438566739
2020,20302300,1.370175407
2019,20302400,0.067594965
2020,20302400,0.067594965
2019,20302500,1.810758486
2020,20302500,1.687000641
2019,20303100,20.72220162
2020,20303100,23.50676565
2019,20303200,20.31809734
2020,20303200,18.94935059
2019,20303300,15.27820911
2020,20303300,13.73142297
2019,20303400,12.572008
2020,20303400,11.48415727
2019,20303500,15.7812309
2020,20303500,14.97245096
2019,20303600,17.28776174
2020,20303600,17.12812491
2019,20304100,23.20122666
2020,20304100,23.15015886
2019,20304200,18.90326439
2020,20304200,17.53240802
2019,20304300,11.48656666
2020,20304300,8.412574099
2019,20305100,0
2020,20305100,0
2019,20305200,19.45183277
2020,20305200,18.55297285
2019,20305300,0
2020,20305300,0
2019,20305400,10.6040424
2020,20305400,12.54597631
2019,20306100,44.68907146
2020,20306100,43.65503481
2019,20306200,46.47182471
2020,20306200,45.56088479
2019,20307100,15.77614874
2020,20307100,14.88590109
2019,20307200,0.044416915
2020,20307200,0.044416915
2019,20307300,10.69799498
2020,20307300,10.38212357
2019,20307400,0.433809544
2020,20307400,0.160988451
2019,20307500,2.458139172
2020,20307500,2.798535128
2019,20308100,8.055869412
2020,20308100,8.102400132
2019,20308200,9.212544638
2020,20308200,9.311435859
2019,20308300,5.686206071
2020,20308300,4.85825816
2019,20308400,0.178608042
2020,20308400,0.084807022
2019,20308500,19.09199305
2020,20308500,16.58794035
2019,20309100,13.48571775
2020,20309100,13.00611207
2019,20309200,13.29310609
2020,20309200,11.07147993
2019,20309300,6.828492332
2020,20309300,4.205087646
2019,20309400,9.86022562
2020,20309400,9.13731833
2019,20310100,2.145082396
2020,20310100,2.560666709
2019,20310200,0
2020,20310200,0
2019,20310300,0
2020,20310300,0
2019,20310400,0
2020,20310400,0
2019,20311100,0
2020,20311100,0
2019,20311200,0.121974874
2020,20311200,0
2019,20311300,0
2020,20311300,0
2019,20311400,0.390905908
2020,20311400,0.545729579
2019,20312100,39.64023315
2020,20312100,39.34664364
2019,20313100,15.66834093
2020,20313100,14.66848942
2019,20313200,18.39847195
2020,20313200,17.96525186
2019,20314100,49.48214622
2020,20314100,49.83857429
2019,20315100,28.64314167
2020,20315100,27.74244768
2019,20315200,5.446405551
2020,20315200,4.813241624
2019,20315300,1.088567244
2020,20315300,1.065550498
2019,20316100,0.234347993
2020,20316100,0.246853165
2019,20316200,0.080945087
2020,20316200,0.051908699
2019,20316300,0.188396973
2020,20316300,0.118370887
2019,20316400,2.257130899
2020,20316400,2.089799152
2019,20316500,0
2020,20316500,0.001919327
2019,20316600,0.564879861
2020,20316600,0.555041536
2019,20317100,12.35065743
2020,20317100,12.11196911
2019,20317200,29.54469593
2020,20317200,29.70117667
2019,20318100,25.75398407
2020,20318100,22.22660605
2019,20318200,21.07915329
2020,20318200,23.5131223
2019,20319100,0.013577114
2020,20319100,0.000528642
2019,20319200,52.85184553
2020,20319200,53.43148579
2019,20319300,18.7459023
2020,20319300,19.27736734
2019,20320100,0.366331792
2020,20320100,0.196958914
2019,20320200,8.747456851
2020,20320200,8.382229637
2019,20320300,25.44277988
2020,20320300,18.41050206
2019,20320400,28.61050651
2020,20320400,25.38315399
2019,20321100,0
2020,20321100,0
2019,20321200,22.0851503
2020,20321200,19.90010396
2019,20321300,21.26900239
2020,20321300,21.0750578
2019,20321400,10.96528639
2020,20321400,11.10471252
2019,20321500,4.563987781
2020,20321500,3.176233782
2019,20321600,6.601130657
2020,20321600,6.948721106
2019,20321700,4.876256626
2020,20321700,4.799086938
2019,20322100,17.72146221
2020,20322100,16.54577957
2019,20322200,49.29924385
2020,20322200,49.09899999
2019,20322300,31.28668898
2020,20322300,24.66969395
2019,20323100,35.17720423
2020,20323100,29.57966353
2019,20323200,22.22719032
2020,20323200,19.62424577
2019,20323300,24.04282513
2020,20323300,25.60478276
2019,20323400,21.64122821
2020,20323400,19.75124102
2019,20324100,0.000529148
2020,20324100,0.043169727
2019,20324200,0.225108133
2020,20324200,0.181938407
2019,20324300,0
2020,20324300,0
2019,20324400,0.054804482
2020,20324400,0.054804482
2019,20324500,0.602675095
2020,20324500,0.308621695
2019,20325100,0
2020,20325100,0
2019,20325200,0
2020,20325200,0
2019,20325300,0
2020,20325300,0
2019,20325400,0
2020,20325400,0
2019,20326100,21.81149285
2020,20326100,24.89682682
2019,20326200,9.621719489
2020,20326200,9.584120218
2019,20326300,13.39008299
2020,20326300,13.24638921
2019,20326400,8.889613771
2020,20326400,8.508012939
2019,20326500,15.40408659
2020,20326500,16.06794226
2019,20326600,16.98993825
2020,20326600,17.23372489
2019,20327100,0.301142537
2020,20327100,0.291021858
2019,20327200,13.51756298
2020,20327200,12.64787554
2019,20328100,17.0841053
2020,20328100,20.2340335
2019,20328200,15.02183092
2020,20328200,15.81623395
2019,20328300,10.9023733
2020,20328300,8.534600655
2019,20328400,22.04952916
2020,20328400,20.24684426
2019,20328500,31.94656514
2020,20328500,29.30577306
2019,20328600,8.261858768
2020,20328600,5.316800212
2019,20328700,3.786794288
2020,20328700,3.522813563
2019,20328800,28.61598445
2020,20328800,28.40609191
2019,20329100,0
2020,20329100,0
2019,20329200,0.120158795
2020,20329200,0.129546252
2019,20329300,0.073631266
2020,20329300,0.073102117
2019,20329400,0.029011893
2020,20329400,0.029011893
2019,20329500,0.408215255
2020,20329500,0.233512515
2019,20329600,0
2020,20329600,0
2019,20330100,2.537341961
2020,20330100,2.50945087
2019,20330200,0
2020,20330200,0.161755453
2019,20330300,4.885424439
2020,20330300,3.244588468
2019,20330400,15.68553494
2020,20330400,15.17027798
2019,20330500,0.053592017
2020,20330500,0.235983285
2019,20330600,0.567737059
2020,20330600,0.728622131
2019,20330700,1.360671291
2020,20330700,1.285881164
2019,20330800,2.150206282
2020,20330800,2.409590025
2019,20330900,0.124847364
2020,20330900,0.123060053
2019,20331100,0.186133408
2020,20331100,0.195823763
2019,20331200,0.029541041
2020,20331200,0.058023786
2019,20332100,0.285822383
2020,20332100,0.045411154
2019,20332200,0.121070356
2020,20332200,0.10404954
2019,20332300,0.128979749
2020,20332300,0
2019,20332400,0.043169727
2020,20332400,0.043169727
2019,20332500,0
2020,20332500,0
2019,20332600,0
2020,20332600,0
2019,20333100,0.096850443
2020,20333100,0.096850443
2019,20333200,0.067309401
2020,20333200,0
2019,20333300,0.065477055
2020,20333300,0.124055767
2019,20333400,0.086339453
2020,20333400,0.086339453
2019,20333500,0.13435073
2020,20333500,0.140052173
2019,20333600,0.765554374
2020,20333600,0.596991066
2019,20333700,0
2020,20333700,0
2019,20333800,0.110479128
2020,20333800,0.152198926
2019,20333900,0
2020,20333900,0
2019,20334100,0.304647352
2020,20334100,0.214773285
2019,20334200,0
2020,20334200,0
2019,20334300,0.177810366
2020,20334300,0.317813757
2019,20334400,0.306867036
2020,20334400,0.430033318
2019,20334500,0.119075306
2020,20334500,0.119075306
2019,20334600,0.550741206
2020,20334600,0.683841129
2019,20334700,0.465995542
2020,20334700,0.428706115
2019,20334800,0.053408668
2020,20334800,0.2444466
2019,20334900,0.410611402
2020,20334900,0.517339588
2019,20335100,0.247512385
2020,20335100,0.11471536
2019,20335200,0.192512537
2020,20335200,0
2019,20335300,0.216361365
2020,20335300,0.280291855
2019,20335400,0
2020,20335400,0
2019,20335500,0.043169727
2020,20335500,0
2019,20335600,0
2020,20335600,0
2019,20336100,0.662018141
2020,20336100,0.869005701
2019,20336200,0.169925594
2020,20336200,0.395954009
2019,20336300,0.172713522
2020,20336300,0.125979428
2019,20336400,0.078797908
2020,20336400,0.08883383
2019,20336500,0.239252311
2020,20336500,0.191217199
2019,20336600,0.191789365
2020,20336600,0.20054946
2019,20336700,0.410678685
2020,20336700,0.523366835
2019,20336800,0.073102117
2020,20336800,0.246975966
2019,20336900,1.289450338
2020,20336900,1.023882018
2019,20337100,0.515774468
2020,20337100,0.594220533
2019,20338100,51.93304843
2020,20338100,48.18721069
2019,20338200,52.92571224
2020,20338200,52.28780916
2019,20338300,0.264673823
2020,20338300,0.153565279
2019,20339100,0
2020,20339100,0
2019,20340100,1.378123019
2020,20340100,1.357356491
2019,20341100,0.646808737
2020,20341100,0.532510015
2019,20341200,1.715591681
2020,20341200,1.982509591
2019,20342100,1.577564725
2020,20342100,1.550561804
2019,20343100,0.880576003
2020,20343100,1.034239643
2019,20343200,0.676003778
2020,20343200,0.83141686
2019,20344100,1.222100541
2020,20344100,1.385625835
2019,20345100,0.844958618
2020,20345100,0.877001854
2019,20346100,0.668998312
2020,20346100,0.441153403
2019,20347100,1.86750512
2020,20347100,2.581357782
2019,20348100,12.59801079
2020,20348100,12.8662481
2019,20348200,9.989443684
2020,20348200,9.448100195
2019,20349100,0.25789132
2020,20349100,0.383932132
2019,20350100,0.604419643
2020,20350100,0.344273055
2019,20350200,0
2020,20350200,0.07045813
2019,20350300,0.013584624
2020,20350300,0.013584624
2019,20350400,0
2020,20350400,0
2019,20350500,0.010120679
2020,20350500,0.010120679
2019,20350600,0
2020,20350600,0
2019,20350700,0.324731296
2020,20350700,0.224422246
2019,20351100,9.439503205
2020,20351100,9.350910176
2019,20351200,20.52211396
2020,20351200,17.90341932
2019,20352100,26.68114675
2020,20352100,26.49883646
2019,20352200,15.2708336
2020,20352200,14.29202796
2019,20352300,10.0053089
2020,20352300,8.703326172
2019,20353100,5.801860932
2020,20353100,5.234265451
2019,20353200,3.559252652
2020,20353200,3.717484889
2019,20353300,3.005717899
2020,20353300,2.65796576
2019,20353400,13.57514548
2020,20353400,12.32612801
2019,20353500,7.055047549
2020,20353500,6.193774775
2019,20354100,0.266753423
2020,20354100,0.253770859
2019,20354200,0
2020,20354200,0
2019,20354300,0
2020,20354300,0
2019,20354400,6.283261465
2020,20354400,6.332381742
2019,20354500,0
2020,20354500,0
2019,20354600,25.94029551
2020,20354600,27.61992285
2019,20354700,0
2020,20354700,0.340786062
2019,20354800,32.561059
2020,20354800,23.54201752
2019,20355100,13.26663351
2020,20355100,12.74216409
2019,20355200,60.97886067
2020,20355200,55.06515115
2019,20355300,10.91612747
2020,20355300,10.68406774
2019,20355400,16.7944489
2020,20355400,16.1556638
2019,20356100,14.8245621
2020,20356100,13.15296925
2019,20356200,3.8177597
2020,20356200,4.237816975
2019,20357100,1.965588524
2020,20357100,1.929929376
2019,20357200,18.33384147
2020,20357200,18.36708072
2019,20358100,0
2020,20358100,0
2019,20358200,11.011269
2020,20358200,11.73019917
2019,20358300,13.30120015
2020,20358300,13.61134409
2019,20358400,7.714933208
2020,20358400,7.158619342
2019,20358500,13.92074979
2020,20358500,14.22110153
2019,20358600,2.311093758
2020,20358600,1.80170491
2019,20358700,5.606775269
2020,20358700,5.204207492
2019,20359100,2.609183974
2020,20359100,2.595652459
2019,20359200,1.717771473
2020,20359200,1.410070614
2019,20359300,1.48956696
2020,20359300,1.837942764
2019,20359400,2.180437502
2020,20359400,1.836156848
2019,20359500,0.693380407
2020,20359500,0.662939026
2019,20359600,2.631820408
2020,20359600,2.051110141
2019,20359700,1.350016108
2020,20359700,1.162367734
2019,20359800,0.351094612
2020,20359800,0.578386547
2019,20359900,1.277780527
2020,20359900,1.20994292
2019,20360100,4.148156265
2020,20360100,3.637450657
2019,20360200,0
2020,20360200,0
2019,20361100,0.0159057
2020,20361100,0.051923907
2019,20361200,2.407315576
2020,20361200,3.445090547
2019,20361300,20.13472099
2020,20361300,18.95731004
2019,20361400,12.06776057
2020,20361400,12.90980378
2019,20361500,12.75112873
2020,20361500,10.62964514
2019,20361600,17.22342658
2020,20361600,15.65897382
2019,20362100,24.2377512
2020,20362100,23.61949403
2019,20362200,1.112158897
2020,20362200,0.806536889
2019,20362300,0
2020,20362300,0
2019,20362400,0.199974537
2020,20362400,0.209271582
2019,20362500,0.197185978
2020,20362500,0.227426168
2019,20362600,34.32511914
2020,20362600,36.96468571
2019,20362700,1.530876722
2020,20362700,1.950179653
2019,20363100,2.721092723
2020,20363100,2.683159687
2019,20363200,2.38380775
2020,20363200,1.716094875
2019,20363300,3.123270638
2020,20363300,3.128445174
2019,20363400,2.209319718
2020,20363400,2.032361438
2019,20364100,0.044521986
2020,20364100,0.044521986
2019,20364200,1.662398745
2020,20364200,1.371517841
2019,20365100,14.08402955
2020,20365100,13.66520069
2019,20365200,0
2020,20365200,0
2019,20365300,0.174885986
2020,20365300,0.164765307
2019,20365400,0
2020,20365400,0
2019,20365500,6.178129453
2020,20365500,6.101788489
2019,20365600,0.133308591
2020,20365600,0.358735292
2019,20365700,0
2020,20365700,0
2019,20365800,6.702440158
2020,20365800,6.451171636
2019,20365900,4.55821289
2020,20365900,6.544902684
2019,20366100,0
2020,20366100,0
2019,20366200,34.4212233
2020,20366200,32.77975884
2019,20366300,6.118945069
2020,20366300,6.430715554
2019,20367100,0
2020,20367100,0.04576805
2019,20367200,7.951567665
2020,20367200,7.483110489
2019,20367300,16.89271128
2020,20367300,15.60783353
2019,20368100,12.94382225
2020,20368100,12.28287169
2019,20368200,28.86973492
2020,20368200,33.72901502
2019,20368300,7.204353108
2020,20368300,7.318251846
2019,20369100,9.594883858
2020,20369100,8.984417772
2019,20369200,25.74554241
2020,20369200,24.39863698
2019,20369300,15.69019337
2020,20369300,14.13871784
2019,20369400,20.48169352
2020,20369400,19.95534229
2019,20370100,47.75031972
2020,20370100,44.94113905
2019,20370200,22.85091819
2020,20370200,21.50884851
2019,20370300,16.82116593
2020,20370300,15.46031682
2019,20371100,18.65355184
2020,20371100,19.54185284
2019,20371200,27.69473136
2020,20371200,26.40906031
2019,20372100,72.01474243
2020,20372100,67.43483046
2019,20372200,12.44631846
2020,20372200,13.84087148
2019,20372300,0
2020,20372300,0
2019,20372400,1.76836032
2020,20372400,1.794103649
2019,20373100,0.848592826
2020,20373100,0.775435421
2019,20374100,18.83920754
2020,20374100,16.63400921
2019,20374200,30.82467709
2020,20374200,36.12787037
2019,20374300,18.9226812
2020,20374300,17.95850933
2019,20375100,0
2020,20375100,0
2019,20375200,0
2020,20375200,0
2019,20376100,19.30162495
2020,20376100,18.20626266
2019,20376200,26.0989636
2020,20376200,27.53433689
2019,20377100,18.53501339
2020,20377100,19.21343128
2019,20377200,8.204233566
2020,20377200,7.039622396
2019,20377300,23.24690943
2020,20377300,24.27290633
2019,20377400,19.02416614
2020,20377400,19.60013526
2019,20378100,0.950347204
2020,20378100,0.761756435
2019,20378200,0.062094813
2020,20378200,0.007264121
2019,20378300,0.35504134
2020,20378300,0.48112559
2019,20378400,0.215790103
2020,20378400,0.209278649
2019,20378500,0.36641193
2020,20378500,0.336958234
2019,20378600,0.529970136
2020,20378600,0.3199045
2019,20378700,0.083177792
2020,20378700,0.083177792
2019,20379100,70.28011728
2020,20379100,66.2352479
2019,20379200,61.14414429
2020,20379200,58.99930489
2019,20380100,25.60382881
2020,20380100,25.5501504
2019,20380200,28.08768961
2020,20380200,23.44961259
2019,20380300,3.598698886
2020,20380300,3.8233056
2019,20380400,24.6103678
2020,20380400,24.39101198
2019,20381100,21.24552846
2020,20381100,20.41941538
2019,20381200,36.70674793
2020,20381200,38.80825015
2019,20381300,24.71181288
2020,20381300,24.43506677
2019,20382100,27.90117258
2020,20382100,27.8608823
2019,20383100,0
2020,20383100,0
2019,20383200,0
2020,20383200,0
2019,20383300,0
2020,20383300,0
2019,20383400,0
2020,20383400,0
2019,20383500,8.912186599
2020,20383500,8.023797889
2019,20383600,0.0717775
2020,20383600,0.198740771
2019,20383700,6.715088506
2020,20383700,6.850350876
2019,20383800,1.941375752
2020,20383800,2.30880059
2019,20383900,0
2020,20383900,0
2019,20384100,0
2020,20384100,0
2019,20384200,0.423886314
2020,20384200,0.479046241
2019,20384300,2.388278157
2020,20384300,2.426280197
2019,20384400,0
2020,20384400,0
2019,20384500,0.189283373
2020,20384500,1.237584975
2019,20384600,3.970018914
2020,20384600,3.992705851
2019,20384700,5.462417278
2020,20384700,5.124586075
2019,20384800,2.924879453
2020,20384800,2.812668447
2019,20384900,0.206485397
2020,20384900,1.31374465
2019,20385100,18.77983248
2020,20385100,19.68155203
2019,20385200,37.70201083
2020,20385200,36.81509451
2019,20385300,37.19044185
2020,20385300,36.96207399
2019,20386100,30.92713954
2020,20386100,31.2818767
2019,20386200,27.07510636
2020,20386200,26.35264511
2019,20386300,27.42864558
2020,20386300,27.61042948
2019,20386400,20.52319201
2020,20386400,19.805438
2019,20386500,19.70738866
2020,20386500,21.17638282
2019,20386600,0.239488338
2020,20386600,0.346670033
2019,20387100,0.156794359
2020,20387100,0.280011959
2019,20387200,50.15003861
2020,20387200,49.62421754
2019,20387300,1.947901211
2020,20387300,1.77400707
2019,20387400,0.296787076
2020,20387400,0.296787076
2019,20387500,8.542679378
2020,20387500,9.875615161
2019,20387600,4.591497558
2020,20387600,4.442224036
2019,20387700,0.0915361
2020,20387700,0
2019,20387800,0
2020,20387800,0
2019,20387900,0
2020,20387900,0
2019,20388100,0.995872696
2020,20388100,1.202904701
2019,20388200,0.206240615
2020,20388200,0.214038152
2019,20388300,1.346706658
2020,20388300,1.370370342
2019,20388400,7.542787066
2020,20388400,8.26226005
2019,20388500,7.788397059
2020,20388500,7.40214364
2019,20388600,2.556491516
2020,20388600,2.026611558
2019,20388700,0.115743859
2020,20388700,0.125127803
2019,20388800,0.782541561
2020,20388800,0.522169776
2019,20388900,9.941113368
2020,20388900,8.539503026
2019,20389100,2.935663339
2020,20389100,3.126840451
2019,20389200,23.6866242
2020,20389200,19.34964521
2019,20389300,7.999779699
2020,20389300,7.678969221
2019,20389400,18.9709649
2020,20389400,15.58153301
2019,20389500,9.326645597
2020,20389500,9.4552585
2019,20389600,0.392038204
2020,20389600,0.436500915
2019,20389700,6.090942674
2020,20389700,5.175720099
2019,20389800,3.494427634
2020,20389800,3.604667218
2019,20389900,2.921593884
2020,20389900,2.767039948
2019,20390100,0.212497931
2020,20390100,0.048113736
2019,20390200,0.141639617
2020,20390200,0.071084383
2019,20390300,0.056102859
2020,20390300,0.084889525
2019,20390400,0.123060053
2020,20390400,0.128502071
2019,20390500,0
2020,20390500,0
2019,20390600,0
2020,20390600,0
2019,20390700,0
2020,20390700,0
2019,20390800,5.100436509
2020,20390800,3.876833749
2019,20390900,0
2020,20390900,0.241109263
2019,20391100,7.122464171
2020,20391100,6.447154987
2019,20391200,1.770362775
2020,20391200,1.24218173
2019,20392100,9.305923113
2020,20392100,8.992765949
2019,20392200,0.935435698
2020,20392200,0.794146942
2019,20392300,0.161700626
2020,20392300,0.398420245
2019,20392400,1.060579683
2020,20392400,1.200843794
2019,20393100,1.014211051
2020,20393100,0.892965881
2019,20393200,0.64651414
2020,20393200,0.586690998
2019,20393300,0.582013638
2020,20393300,0.596277351
2019,20393400,0.013587409
2020,20393400,0.058023786
2019,20393500,8.769558738
2020,20393500,8.927555953
2019,20394100,4.038200092
2020,20394100,4.062075157
2019,20395100,5.582371699
2020,20395100,5.58680944
2019,20396100,0.952473282
2020,20396100,1.246892114
2019,20397100,1.52949827
2020,20397100,1.471500932
2019,20398100,9.596665305
2020,20398100,9.111850508
2019,20398200,4.302732925
2020,20398200,3.899509627
2019,20399100,10.10328775
2020,20399100,9.00472979
2019,20399200,16.20087252
2020,20399200,14.45921749
2019,20400100,20.29707792
2020,20400100,18.99871357
2019,20400200,7.140520633
2020,20400200,6.842175598
2019,20400300,10.74990416
2020,20400300,10.15747678
2019,20400400,4.201016909
2020,20400400,4.240674619
2019,20400500,13.39482639
2020,20400500,13.06897394
2019,20401100,22.79275051
2020,20401100,22.62016697
2019,20402100,13.12746472
2020,20402100,12.45335768
2019,20402200,8.485392104
2020,20402200,8.666023216
2019,20402300,16.8085435
2020,20402300,16.22536486
2019,20403100,15.73434044
2020,20403100,14.77768714
2019,20403200,14.21806845
2020,20403200,14.53875798
2019,20404100,17.73175486
2020,20404100,16.63535204
2019,20404200,13.79391107
2020,20404200,13.23828406
2019,20405100,15.35412899
2020,20405100,14.77647853
2019,20406100,14.19890017
2020,20406100,13.99975096
2019,20406200,26.33349074
2020,20406200,26.1520457
2019,20407100,3.127411209
2020,20407100,3.431389506
2019,20407200,12.3628619
2020,20407200,11.48141465
2019,20407300,16.30876769
2020,20407300,15.7115244
2019,20407400,13.35665395
2020,20407400,12.60998282
2019,20408100,14.18769904
2020,20408100,13.60335451
2019,20408200,4.197659895
2020,20408200,4.963830825
2019,20409100,19.69205093
2020,20409100,18.78797105
2019,20409200,9.03334016
2020,20409200,8.145020416
2019,20409300,13.20984599
2020,20409300,13.15635457
2019,20410100,20.66296149
2020,20410100,19.81525474
2019,20410200,11.28686744
2020,20410200,11.57126135
2019,20411100,8.27911293
2020,20411100,7.974217045
2019,20411200,9.996326165
2020,20411200,10.00258561
2019,20411300,10.04140006
2020,20411300,9.823844323
2019,20412100,41.09468184
2020,20412100,37.88468095
2019,20412200,8.629815045
2020,20412200,8.57077249
2019,20412300,11.31010878
2020,20412300,9.891171472
2019,20413100,12.12353412
2020,20413100,10.90792178
2019,20413200,23.93086561
2020,20413200,25.2519564
2019,20413300,11.57311932
2020,20413300,11.22134469
2019,20414100,16.75050966
2020,20414100,14.73293667
2019,20414200,10.99773791
2020,20414200,10.22248863
2019,20415100,17.25135738
2020,20415100,14.18766446
2019,20415200,11.88391429
2020,20415200,12.03377895
2019,20415300,13.30125656
2020,20415300,14.16567438
2019,20416100,46.6330319
2020,20416100,41.94768714
2019,20417100,103.773365
2020,20417100,96.76735233
2019,20418100,15.43538939
2020,20418100,14.29600836
2019,20418200,10.73118527
2020,20418200,10.67894823
2019,20419100,11.49105349
2020,20419100,7.829159283
2019,20419200,15.81205605
2020,20419200,15.21734599
2019,20420100,40.5797062
2020,20420100,38.40038385
2019,20421100,27.96156028
2020,20421100,26.45117919
2019,20422100,23.3203503
2020,20422100,24.26477092
2019,20423100,56.64904265
2020,20423100,54.50382913
2019,20423200,0
2020,20423200,0
2019,20424100,23.14869624
2020,20424100,23.65759461
2019,20425100,0
2020,20425100,2.566369872
2019,20426100,40.22284363
2020,20426100,37.60892692
2019,20427100,43.0768051
2020,20427100,39.90428379
2019,20428100,75.61326803
2020,20428100,74.18475448
2019,20429100,39.22203499
2020,20429100,36.1930891
2019,20429200,26.77343286
2020,20429200,25.39587364
2019,20430100,47.38328714
2020,20430100,43.52967757
2019,20430200,35.03156354
2020,20430200,33.00094747
2019,20431100,0.964189383
2020,20431100,0.838416973
2019,20431200,17.18106643
2020,20431200,15.41316065
2019,20431300,14.97725043
2020,20431300,14.11428113
2019,20432100,56.97576892
2020,20432100,55.01274044
2019,20433100,71.94711641
2020,20433100,70.92032849
2019,20433200,40.19107798
2020,20433200,39.53053592
2019,20434100,9.688196785
2020,20434100,9.183870098
2019,20434200,2.568463068
2020,20434200,2.967329452
2019,20434300,20.09843218
2020,20434300,19.3085004
2019,20435100,1.535514922
2020,20435100,4.055670862
2019,20435200,0
2020,20435200,0.505836646
2019,20436100,70.48349955
2020,20436100,65.97508629
2019,20437100,9.557248508
2020,20437100,9.542370746
2019,20437200,12.44579064
2020,20437200,12.93393847
2019,20437300,19.43681375
2020,20437300,18.65729427
2019,20438100,27.01209585
2020,20438100,25.69913693
2019,20438200,28.39902159
2020,20438200,28.66608001
2019,20438300,18.29079006
2020,20438300,17.43213774
2019,20439100,55.26015843
2020,20439100,50.9028461
2019,20439200,12.00458365
2020,20439200,11.8340698
2019,20439300,14.6583202
2020,20439300,14.1767815
2019,20440100,18.96585741
2020,20440100,20.16089046
2019,20440200,26.92668671
2020,20440200,25.42761836
2019,20441100,25.5699144
2020,20441100,22.03096992
2019,20441200,45.44168055
2020,20441200,42.06287735
2019,20442100,73.8468932
2020,20442100,66.65556013
2019,20443100,15.99555829
2020,20443100,15.13829304
2019,20444100,17.8636937
2020,20444100,15.78990067
2019,20445100,9.957929655
2020,20445100,9.529869443
2019,20445200,32.76277738
2020,20445200,30.37522274
2019,20446100,16.87216617
2020,20446100,15.58885463
2019,20446200,12.05989749
2020,20446200,12.75843047
2019,20446300,0.800272348
2020,20446300,0.86370975
2019,20447100,34.1156176
2020,20447100,32.10090766
2019,20447200,27.0906625
2020,20447200,26.74302378
2019,20448100,8.389665535
2020,20448100,8.862329506
2019,20448200,36.60078292
2020,20448200,35.35941212
2019,20449100,9.803705508
2020,20449100,8.262264617
2019,20449200,10.41167422
2020,20449200,10.28551627
2019,20449300,15.93142998
2020,20449300,15.44214855
2019,20450100,51.30952246
2020,20450100,48.02539539
2019,20451100,12.55964392
2020,20451100,10.59102762
2019,20452100,12.57470282
2020,20452100,11.73621881
2019,20452200,17.13548372
2020,20452200,16.57600032
2019,20452300,11.59108657
2020,20452300,11.81738744
2019,20452400,17.78726779
2020,20452400,17.60587852
2019,20453100,12.30006251
2020,20453100,11.94229665
2019,20453200,17.50980573
2020,20453200,15.0039372
2019,20454100,39.03552974
2020,20454100,41.6883384
2019,20454200,20.21142697
2020,20454200,18.89669783
2019,20455100,24.86227877
2020,20455100,23.52439135
2019,20455200,27.05821369
2020,20455200,26.56002704
2019,20456100,23.2504473
2020,20456100,21.19116833
2019,20457100,18.53070079
2020,20457100,17.44992847
2019,20458100,20.66874039
2020,20458100,19.37355746
2019,20458200,8.218622516
2020,20458200,7.618861079
2019,20459100,20.78586548
2020,20459100,21.14916901
2019,20459200,11.41885247
2020,20459200,11.91114853
2019,20459300,23.69788745
2020,20459300,22.97264034
2019,20460100,8.259278021
2020,20460100,7.462120683
2019,20461100,35.72698377
2020,20461100,31.96959929
2019,20462100,11.18882246
2020,20462100,9.753379515
2019,20463100,16.70950615
2020,20463100,13.32927063
2019,20464100,14.5375847
2020,20464100,14.64959191
2019,20464200,27.21280159
2020,20464200,24.52097526
2019,20465100,15.36026489
2020,20465100,13.49709325
2019,20465200,14.04179716
2020,20465200,13.90959112
2019,20466100,29.55938381
2020,20466100,28.87252685
2019,20466200,58.90279623
2020,20466200,54.3866311
2019,20467100,18.42076727
2020,20467100,16.35470429
2019,20467200,22.23951291
2020,20467200,21.48446128
2019,20467300,9.839566024
2020,20467300,9.57539792
2019,20468100,8.494692434
2020,20468100,7.54308702
2019,20468200,24.50138279
2020,20468200,22.73284264
2019,20469100,45.84898978
2020,20469100,47.13501221
2019,20470100,28.4421343
2020,20470100,27.0696688
2019,20470200,29.34961763
2020,20470200,28.40617581
2019,20470300,9.970395818
2020,20470300,8.054572143
2019,20471100,20.42517801
2020,20471100,18.21812333
2019,20472100,12.24019902
2020,20472100,10.69026533
2019,20472200,11.70041297
2020,20472200,11.65137012
2019,20472300,19.28272288
2020,20472300,18.45462654
2019,20473100,9.939274535
2020,20473100,8.887302309
2019,20473200,17.39348597
2020,20473200,17.34746197
2019,20473300,5.878855249
2020,20473300,6.282862285
2019,20474100,11.31124461
2020,20474100,9.333982849
2019,20474200,1.703135801
2020,20474200,1.35857713
2019,20474300,15.38527717
2020,20474300,13.84688998
2019,20475100,56.32692267
2020,20475100,53.63757756
2019,20475200,16.94110734
2020,20475200,17.60018745
2019,20476100,26.98766327
2020,20476100,27.28645512
2019,20476200,34.48845368
2020,20476200,33.63111282
2019,20477100,47.19809571
2020,20477100,44.76495576
2019,20478100,45.35929145
2020,20478100,41.52341056
2019,20478200,41.58980773
2020,20478200,37.07356337
2019,20479100,40.92158173
2020,20479100,38.88177867
2019,20479200,18.38424411
2020,20479200,19.10418722
2019,20479300,11.31501051
2020,20479300,11.97479357
2019,20480100,32.93445978
2020,20480100,31.59377032
2019,20480200,11.32446889
2020,20480200,10.58644599
2019,20481100,17.33696762
2020,20481100,16.28247587
2019,20482100,27.86778903
2020,20482100,24.20091727
2019,20483100,35.43592485
2020,20483100,32.95925144
2019,20483200,30.07784772
2020,20483200,27.26259282
2019,20484100,0.066107408
2020,20484100,0.066107408
2019,20484200,12.33301008
2020,20484200,11.85564199
2019,20484300,19.52060609
2020,20484300,17.95793578
2019,20485100,8.351832498
2020,20485100,7.617836859
2019,20485200,13.86143964
2020,20485200,12.68330404
2019,20486100,11.53183743
2020,20486100,10.21910561
2019,20486200,7.403772438
2020,20486200,6.840484049
2019,20486300,29.63930929
2020,20486300,29.82303836
2019,20487100,32.44574979
2020,20487100,30.58218615
2019,20487200,7.01253223
2020,20487200,8.569457248
2019,20487300,22.15822297
2020,20487300,22.10241343
2019,20488100,21.31959552
2020,20488100,21.47502639
2019,20488200,34.38314648
2020,20488200,32.96780557
2019,20489100,15.71168297
2020,20489100,14.69366583
2019,20489200,31.03227292
2020,20489200,29.41645234
2019,20490100,76.59249032
2020,20490100,74.97116443
2019,20491100,39.95934978
2020,20491100,45.37649095
2019,20491200,5.19537677
2020,20491200,5.270300324
2019,20492100,12.12538815
2020,20492100,12.1852716
2019,20492200,11.40236478
2020,20492200,10.32627575
2019,20492300,23.7981179
2020,20492300,22.29913982
2019,20493100,33.18520611
2020,20493100,32.23445499
2019,20493200,38.65736722
2020,20493200,36.94764906
2019,20494100,12.54846195
2020,20494100,10.03273932
2019,20494200,16.64075947
2020,20494200,15.19209852
2019,20495100,7.87629168
2020,20495100,7.225458533
2019,20495200,20.55333573
2020,20495200,20.11227768
2019,20496100,42.81530549
2020,20496100,39.5959351
2019,20497100,18.96641018
2020,20497100,17.02924658
2019,20497200,14.18181911
2020,20497200,13.23615618
2019,20497300,12.09068743
2020,20497300,10.89860757
2019,20497400,12.59941988
2020,20497400,11.97389317
2019,20498100,9.260789322
2020,20498100,8.466122065
2019,20498200,9.230239047
2020,20498200,8.219498967
2019,20498300,19.13420519
2020,20498300,18.22747717
2019,20499100,11.53277217
2020,20499100,11.65276134
2019,20499200,16.21401729
2020,20499200,14.75734553
2019,20500100,12.57833515
2020,20500100,11.55690774
2019,20500200,8.45638642
2020,20500200,7.892707581
2019,20500300,14.92050617
2020,20500300,13.17123259
2019,20501100,5.919444548
2020,20501100,5.692777689
2019,20501200,11.89245885
2020,20501200,11.82401912
2019,20502100,7.18955407
2020,20502100,5.128969631
2019,20502200,15.35495189
2020,20502200,15.04226558
2019,20503100,30.52302129
2020,20503100,29.59339424
2019,20503200,29.63385296
2020,20503200,28.0354236
2019,20504100,16.47122778
2020,20504100,14.1392139
2019,20504200,7.830756899
2020,20504200,7.666615714
2019,20504300,22.24050399
2020,20504300,20.30366137
2019,20505100,45.30855515
2020,20505100,41.10511
2019,20506100,5.197206704
2020,20506100,4.106624041
2019,20506200,7.341322558
2020,20506200,5.995389962
2019,20506300,2.450839366
2020,20506300,2.247021322
2019,20506400,5.841033372
2020,20506400,4.707176466
2019,20507100,20.81658606
2020,20507100,20.50540215
2019,20507200,10.89771858
2020,20507200,9.84634757
2019,20508100,11.49492217
2020,20508100,11.11985194
2019,20508200,19.13893012
2020,20508200,18.79478197
2019,20509100,2.604806991
2020,20509100,2.377372005
2019,20509200,22.1185091
2020,20509200,21.63340802
2019,20509300,0
2020,20509300,0
2019,20510100,56.89100271
2020,20510100,55.71184907
2019,20510200,14.15140965
2020,20510200,14.28453011
2019,20511100,19.0339301
2020,20511100,17.17909213
2019,20512100,33.43569313
2020,20512100,32.65510575
2019,20512200,36.40434172
2020,20512200,36.12830084
2019,20513100,16.36089574
2020,20513100,15.83175302
2019,20513200,21.18750201
2020,20513200,20.31681628
2019,20514100,14.33186045
2020,20514100,14.42509349
2019,20514200,20.0929025
2020,20514200,22.08951765
2019,20514300,10.55758558
2020,20514300,10.41270375
2019,20515100,20.18758732
2020,20515100,18.8520642
2019,20515200,10.28623778
2020,20515200,8.954093793
2019,20515300,14.36045939
2020,20515300,15.06229632
2019,20516100,11.81133863
2020,20516100,11.81888396
2019,20516200,37.6724839
2020,20516200,38.11951438
2019,20516300,10.96174014
2020,20516300,11.17894511
2019,20517100,17.76391266
2020,20517100,17.97848581
2019,20517200,34.84679025
2020,20517200,34.71375083
2019,20518100,42.60003106
2020,20518100,40.51132845
2019,20518200,29.92683361
2020,20518200,29.66610299
2019,20518300,6.52643547
2020,20518300,6.701371667
2019,20519100,70.83752344
2020,20519100,68.64451017
2019,20520100,40.68658519
2020,20520100,39.63929229
2019,20521100,46.48278681
2020,20521100,44.75756094
2019,20522100,19.0256417
2020,20522100,18.90848396
2019,20522200,16.71393076
2020,20522200,16.39786291
2019,20522300,40.92146017
2020,20522300,39.21356027
2019,20523100,64.50231067
2020,20523100,61.17704919
2019,20524100,27.66307929
2020,20524100,27.97963872
2019,20525100,46.06361842
2020,20525100,44.19648484
2019,20526100,49.07569964
2020,20526100,46.34618872
2019,20527100,8.153578241
2020,20527100,7.419460122
2019,20527200,7.664736948
2020,20527200,7.572665311
2019,20527300,10.72110344
2020,20527300,10.59834523
2019,20527400,14.75038656
2020,20527400,15.36104258
2019,20528100,14.48191412
2020,20528100,14.84473117
2019,20528200,24.67757183
2020,20528200,24.65698848
2019,20528300,19.21157266
2020,20528300,19.76094736
2019,20529100,13.26500031
2020,20529100,12.84949435
2019,20529200,16.60823636
2020,20529200,15.21615263
2019,20530100,9.84577628
2020,20530100,9.795897627
2019,20530200,16.73900661
2020,20530200,16.19562455
2019,20530300,16.27278148
2020,20530300,16.20693281
2019,20531100,27.48001831
2020,20531100,26.00634813
2019,20531200,31.24314953
2020,20531200,30.5249587
2019,20532100,10.76855926
2020,20532100,10.01314096
2019,20532200,17.60644585
2020,20532200,16.39716862
2019,20532300,19.75222133
2020,20532300,18.55959144
2019,20532400,39.8967949
2020,20532400,39.57414348
2019,20533100,16.2769958
2020,20533100,16.52279924
2019,20533200,61.58224211
2020,20533200,57.61304496
2019,20534100,10.4843547
2020,20534100,11.27716186
2019,20534200,20.72320406
2020,20534200,19.7352106
2019,20534300,32.50362068
2020,20534300,31.8836011
2019,20534400,17.19202996
2020,20534400,17.49095121
2019,20535100,18.11648516
2020,20535100,17.07719707
2019,20535200,36.37396547
2020,20535200,36.0341655
2019,20535300,49.41291537
2020,20535300,48.66304421
2019,20536100,26.18373049
2020,20536100,26.28726099
2019,20536200,18.7637075
2020,20536200,17.47203568
2019,20537100,123.173309
2020,20537100,119.174895
2019,20538100,47.3772536
2020,20538100,45.45208863
2019,20538200,17.25695539
2020,20538200,16.23247091
2019,20538300,21.0956863
2020,20538300,19.75052692
2019,20539100,15.15518566
2020,20539100,14.17845987
2019,20539200,37.3013695
2020,20539200,36.57453905
2019,20540100,19.48953137
2020,20540100,19.6783561
2019,20540200,35.17842479
2020,20540200,35.41843554
2019,20541100,54.1005608
2020,20541100,53.44496718
2019,20542100,27.64696288
2020,20542100,26.95439119
2019,20543100,41.94721667
2020,20543100,39.02477743
2019,20544100,52.37337733
2020,20544100,51.18728979
2019,20544200,26.34213132
2020,20544200,24.66947397
2019,20545100,74.53023878
2020,20545100,71.8618273
2019,20546100,6.890449026
2020,20546100,6.746242394
2019,20546200,37.07917004
2020,20546200,33.83143088
2019,20546300,10.29425623
2020,20546300,11.20009945
2019,20547100,33.7041978
2020,20547100,33.21876261
2019,20547200,27.82282529
2020,20547200,27.26704991
2019,20548100,21.19807572
2020,20548100,21.16201219
2019,20548200,42.46100777
2020,20548200,42.47565329
2019,20549100,59.02934096
2020,20549100,57.74107641
2019,20550100,69.99077044
2020,20550100,62.04891008
2019,20551100,33.08254734
2020,20551100,32.89226309
2019,20551200,29.92872652
2020,20551200,26.86986236
2019,20551300,20.09611561
2020,20551300,20.28549243
2019,20551400,12.09015668
2020,20551400,12.66458037
2019,20551500,7.294671518
2020,20551500,6.600179573
2019,20552100,22.01273903
2020,20552100,20.91997391
2019,20552200,22.99375645
2020,20552200,21.36699239
2019,20552300,12.84817784
2020,20552300,12.30602094
2019,20553100,28.8818899
2020,20553100,27.12297562
2019,20553200,14.61440211
2020,20553200,14.54551413
2019,20553300,40.71646955
2020,20553300,39.85869
2019,20553400,18.26115499
2020,20553400,17.07660596
2019,20554100,12.20201918
2020,20554100,12.77687233
2019,20554200,12.50285845
2020,20554200,12.51011419
2019,20554300,26.49716064
2020,20554300,25.37132846
2019,20555100,6.431385243
2020,20555100,6.631602508
2019,20555200,17.01154033
2020,20555200,14.93086164
2019,20556100,12.51591249
2020,20556100,13.23792368
2019,20556200,14.38223874
2020,20556200,14.47149244
2019,20556300,18.91411026
2020,20556300,18.5097506
2019,20556400,19.63459522
2020,20556400,19.05290046
2019,20557100,31.33179686
2020,20557100,30.71443326
2019,20557200,20.53837349
2020,20557200,18.56655673
2019,20557300,10.16728052
2020,20557300,10.1733933
2019,20558100,33.01076412
2020,20558100,32.06664822
2019,20559100,45.94994803
2020,20559100,45.2935531
2019,20560100,35.28855535
2020,20560100,34.9578305
2019,20560200,29.91841987
2020,20560200,28.6445928
2019,20560300,19.27075337
2020,20560300,18.78909204
2019,20561100,44.86607934
2020,20561100,44.09977969
2019,20561200,11.13141824
2020,20561200,10.02754343
2019,20561300,34.08052592
2020,20561300,31.76496201
2019,20562100,12.97063217
2020,20562100,13.81579465
2019,20562200,29.3436188
2020,20562200,27.68446186
2019,20562300,16.24622622
2020,20562300,16.26144359
2019,20563100,15.65754793
2020,20563100,16.26219901
2019,20563200,8.705783466
2020,20563200,8.710809763
2019,20563300,9.684668617
2020,20563300,10.50924158
2019,20563400,12.97399532
2020,20563400,13.37827897
2019,20564100,22.13178994
2020,20564100,22.13097103
2019,20564200,7.659650942
2020,20564200,7.7149316
2019,20565100,26.23320118
2020,20565100,25.98148784
2019,20565200,18.97122794
2020,20565200,18.17537213
2019,20566100,28.18343906
2020,20566100,26.94519325
2019,20567100,26.82123053
2020,20567100,26.61007743
2019,20568100,42.38681074
2020,20568100,43.71386402
2019,20569100,19.22275275
2020,20569100,17.69965585
2019,20569200,18.73558035
2020,20569200,17.91301932
2019,20569300,10.51870698
2020,20569300,11.22471457
2019,20570100,29.0934104
2020,20570100,30.41618958
2019,20570200,20.83246602
2020,20570200,20.25479872
2019,20571100,18.65185582
2020,20571100,16.91138338
2019,20571200,14.99561876
2020,20571200,14.49874306
2019,20571300,7.645184232
2020,20571300,7.504477678
2019,20571400,0.645227945
2020,20571400,0.658745788
2019,20572100,27.3573689
2020,20572100,24.28838054
2019,20572200,8.64766286
2020,20572200,8.303012247
2019,20573100,19.43131827
2020,20573100,18.38961236
2019,20573200,18.42537316
2020,20573200,18.12817386
2019,20573300,11.21707393
2020,20573300,10.72308309
2019,20574100,32.3911032
2020,20574100,33.30792661
2019,20575100,24.98723947
2020,20575100,23.91555716
2019,20575200,28.18096824
2020,20575200,26.14888334
2019,20575300,29.23986594
2020,20575300,27.87978348
2019,20576100,29.74101291
2020,20576100,28.04766162
2019,20576200,21.68903565
2020,20576200,21.36253386
2019,20576300,12.98048668
2020,20576300,13.20184134
2019,20577100,28.54816849
2020,20577100,27.53966824
2019,20577200,16.57095847
2020,20577200,17.24867024
2019,20578100,15.44310245
2020,20578100,14.98771995
2019,20578200,11.63283845
2020,20578200,11.13239713
2019,20578300,9.081659921
2020,20578300,9.562079402
2019,20579100,25.31696706
2020,20579100,24.21123428
2019,20580100,26.42362947
2020,20580100,26.24585883
2019,20580200,32.27119338
2020,20580200,30.9689778
2019,20581100,12.69563534
2020,20581100,11.22516639
2019,20581200,11.73217999
2020,20581200,12.80634952
2019,20581300,21.66166724
2020,20581300,22.26739934
2019,20582100,18.67633821
2020,20582100,17.54069147
2019,20582200,15.64230102
2020,20582200,15.56670257
2019,20583100,12.17425457
2020,20583100,11.68183487
2019,20583200,10.38138321
2020,20583200,9.873840587
2019,20583300,19.25476342
2020,20583300,17.84576403
2019,20584100,34.42797432
2020,20584100,33.13628656
2019,20584200,49.62870142
2020,20584200,47.99789005
2019,20585100,44.99597987
2020,20585100,44.54758851
2019,20585200,7.295002899
2020,20585200,8.032615103
2019,20586100,17.67255941
2020,20586100,17.60760409
2019,20586200,26.14201391
2020,20586200,24.97693621
2019,20586300,27.02944434
2020,20586300,26.53247853
2019,20587100,29.01374334
2020,20587100,27.86117151
2019,20588100,40.33022133
2020,20588100,40.85447909
2019,20589100,20.77124904
2020,20589100,20.46635653
2019,20589200,42.08262714
2020,20589200,40.06218986
2019,20589300,18.76631002
2020,20589300,17.9321894
2019,20590100,36.28297321
2020,20590100,35.98040684
2019,20590200,10.58200095
2020,20590200,10.41415633
2019,20590300,28.06506802
2020,20590300,26.96768613
2019,20590400,9.632975214
2020,20590400,12.89943549
2019,20591100,21.9298291
2020,20591100,22.83058623
2019,20591200,21.36486052
2020,20591200,21.70404279
2019,20592100,26.20693359
2020,20592100,26.43765563
2019,20592200,12.93323374
2020,20592200,12.79070663
2019,20593100,10.90506071
2020,20593100,10.38624579
2019,20593200,28.18870022
2020,20593200,27.40572828
2019,20593300,31.05022024
2020,20593300,31.09477088
2019,20594100,16.97818053
2020,20594100,17.16549945
2019,20594200,25.44008211
2020,20594200,23.66417195
2019,20595100,13.77707104
2020,20595100,13.40346227
2019,20595200,19.04791461
2020,20595200,18.07733307
2019,20595300,26.24653658
2020,20595300,25.70331678
2019,20596100,8.793614676
2020,20596100,9.960803757
2019,20596200,14.35160321
2020,20596200,14.3733053
2019,20596300,14.86776906
2020,20596300,12.88218447
2019,20596400,30.21595157
2020,20596400,29.849431
2019,20596500,8.624518001
2020,20596500,8.536957335
2019,20597100,21.73874122
2020,20597100,20.5149577
2019,20597200,26.6175576
2020,20597200,25.60975458
2019,20598100,16.14654904
2020,20598100,15.91650586
2019,20598200,27.22414961
2020,20598200,27.02250749
2019,20599100,11.28156659
2020,20599100,11.99840363
2019,20599200,17.84715297
2020,20599200,17.34907069
2019,20599300,53.15333942
2020,20599300,52.65581667
2019,20600100,18.36977889
2020,20600100,18.92333899
2019,20600200,12.34082661
2020,20600200,12.67412861
2019,20601100,12.657235
2020,20601100,11.74029149
2019,20601200,33.56669255
2020,20601200,31.71819781
2019,20602100,4.502757256
2020,20602100,4.476989954
2019,20602200,30.27494707
2020,20602200,27.68050863
2019,20603100,16.0709129
2020,20603100,15.66325082
2019,20603200,30.45001502
2020,20603200,29.11714196
2019,20603300,8.131358861
2020,20603300,8.546907042
2019,20604100,26.78917704
2020,20604100,27.90564864
2019,20604200,40.0135338
2020,20604200,39.76031185
2019,20605100,12.29254701
2020,20605100,12.00815636
2019,20605200,20.97023194
2020,20605200,20.40080028
2019,20606100,30.96929867
2020,20606100,32.34816718
2019,20607100,26.51018429
2020,20607100,25.33821622
2019,20607200,18.29654541
2020,20607200,17.5838743
2019,20608100,76.9368745
2020,20608100,73.76018514
2019,20608200,27.89772004
2020,20608200,26.7929082
2019,20608300,24.07702585
2020,20608300,22.75907854
2019,20608400,11.79337102
2020,20608400,10.11280802
2019,20609100,43.91401696
2020,20609100,43.00414724
2019,20609200,16.85206687
2020,20609200,16.86809238
2019,20610100,27.07815846
2020,20610100,28.07750121
2019,20610200,7.849764473
2020,20610200,11.3566845
2019,20610300,14.15812667
2020,20610300,13.84061467
2019,20611100,6.74136232
2020,20611100,7.590148825
2019,20611200,48.3098653
2020,20611200,46.18471247
2019,20611300,33.6177639
2020,20611300,31.92708504
2019,20612100,46.45493679
2020,20612100,43.90728658
2019,20613100,24.15672767
2020,20613100,22.55979133
2019,20613200,44.4559501
2020,20613200,42.94245022
2019,20614100,13.40606931
2020,20614100,11.90762729
2019,20614200,8.783244436
2020,20614200,9.034386528
2019,20614300,38.19950459
2020,20614300,37.57641854
2019,20615100,34.67500045
2020,20615100,34.1991038
2019,20615200,37.68625043
2020,20615200,36.54002466
2019,20615300,27.69841512
2020,20615300,26.02598928
2019,20616100,29.80390156
2020,20616100,28.38125375
2019,20617100,23.2151638
2020,20617100,23.64783926
2019,20617200,31.2346875
2020,20617200,31.70662198
2019,20618100,32.58601498
2020,20618100,32.37539879
2019,20618200,11.44081788
2020,20618200,12.63176365
2019,20619100,27.64667327
2020,20619100,27.94873338
2019,20619200,15.21505615
2020,20619200,15.43337355
2019,20620100,0.038784326
2020,20620100,0.051923907
2019,20620200,0
2020,20620200,0
2019,20621100,26.50304317
2020,20621100,26.56256953
2019,20621200,15.54613515
2020,20621200,15.48230253
2019,20621300,22.18547804
2020,20621300,21.65537477
2019,20622100,13.0686083
2020,20622100,13.66759784
2019,20622200,10.0117411
2020,20622200,9.878239819
2019,20622300,19.51209035
2020,20622300,19.2658998
2019,20623100,8.610451684
2020,20623100,9.146435418
2019,20623200,13.82492515
2020,20623200,13.37735781
2019,20623300,33.54375258
2020,20623300,32.99182258
2019,20624100,9.533763974
2020,20624100,8.98129175
2019,20624200,22.11674509
2020,20624200,21.5222059
2019,20625100,25.18479583
2020,20625100,23.26918218
2019,20625200,16.26539326
2020,20625200,25.24170172
2019,20626100,0
2020,20626100,0
2019,20627100,35.96165191
2020,20627100,36.52889896
2019,20628100,21.27252358
2020,20628100,22.40126412
2019,20628200,0
2020,20628200,0
2019,20629100,13.07866516
2020,20629100,14.45772391
2019,20629200,3.68192441
2020,20629200,4.845970331
2019,20629300,5.25431817
2020,20629300,3.986624955
2019,20630100,18.47658988
2020,20630100,19.05102267
2019,20630200,23.1758365
2020,20630200,23.4941302
2019,20631100,37.18612337
2020,20631100,37.69311733
2019,20632100,5.499399427
2020,20632100,7.847577377
2019,20632200,6.401106823
2020,20632200,7.183270206
2019,20632300,0
2020,20632300,0
2019,20632400,0.62156523
2020,20632400,0.554382023
2019,20632500,0
2020,20632500,0
2019,20632600,0.137718182
2020,20632600,0.098820478
2019,20632700,35.07481654
2020,20632700,33.03244419
2019,20632800,0.297220096
2020,20632800,0.297220096
2019,20633100,18.01897212
2020,20633100,21.45435657
2019,20633200,0.014620047
2020,20633200,0
2019,20633300,0.144931075
2020,20633300,0.161683371
2019,20633400,0.327200763
2020,20633400,0
2019,20633500,15.49464081
2020,20633500,16.48840348
2019,20633600,18.44185448
2020,20633600,19.02398992
2019,20633700,0
2020,20633700,0
2019,20634100,43.82163138
2020,20634100,45.94519534
2019,20634200,24.77886562
2020,20634200,24.29791436
2019,20635100,22.48243316
2020,20635100,25.1485735
2019,20635200,16.55885416
2020,20635200,16.95186475
2019,20635300,0.014620047
2020,20635300,0
2019,20636100,7.242719323
2020,20636100,8.566074157
2019,20636200,0.581476196
2020,20636200,0.493335914
2019,20636300,0.014635497
2020,20636300,0
2019,20637100,25.65884236
2020,20637100,29.2077597
2019,20637200,18.81814714
2020,20637200,18.23823648
2019,20637300,0.087052705
2020,20637300,0.131007931
2019,20637400,30.66389473
2020,20637400,29.47020677
2019,20638100,78.11353912
2020,20638100,77.11934004
2019,20638200,14.00509844
2020,20638200,13.69908248
2019,20638300,17.52399994
2020,20638300,18.0995803
2019,20638400,9.321688734
2020,20638400,9.354108743
2019,20639100,0.853811307
2020,20639100,1.161237367
2019,20639200,23.94540968
2020,20639200,25.26512761
2019,20639300,11.29846622
2020,20639300,11.44057179
2019,20639400,0.385525357
2020,20639400,0.509720196
2019,20639500,13.98538044
2020,20639500,14.37395946
2019,20640100,0.152365495
2020,20640100,0.249107913
2019,20640200,11.96872085
2020,20640200,12.35492872
2019,20640300,5.384847932
2020,20640300,4.797678351
2019,20640400,12.47667541
2020,20640400,12.82587026
2019,20640500,15.62502083
2020,20640500,15.77240393
2019,20640600,21.28034525
2020,20640600,18.50064364
2019,20641100,31.75102425
2020,20641100,32.70407136
2019,20642100,23.90234881
2020,20642100,25.83696319
2019,20642200,3.521159559
2020,20642200,4.189025151
2019,20643100,26.5326767
2020,20643100,29.90292505
2019,20643200,31.37475198
2020,20643200,29.28627449
2019,20644100,6.732366564
2020,20644100,5.035132053
2019,20644200,10.34772929
2020,20644200,12.36932881
2019,20645100,34.90263218
2020,20645100,34.86118964
2019,20645200,16.84669662
2020,20645200,5.17597933
2019,20645300,11.58445022
2020,20645300,12.31088805
2019,20645400,20.1042691
2020,20645400,16.65672667
2019,20645500,13.68977288
2020,20645500,15.62602717
2019,20646100,50.09862997
2020,20646100,44.17941082
2019,20646200,0.386880641
2020,20646200,0.324053673
2019,20646300,15.77851602
2020,20646300,16.2342067
2019,20647100,59.57704397
2020,20647100,57.68119812
2019,20647200,62.15363091
2020,20647200,61.76418242
2019,20648100,0.164413445
2020,20648100,0.14974738
2019,20648200,28.93702312
2020,20648200,30.51520884
2019,20648300,0.30874727
2020,20648300,0.409707994
2019,20648400,43.17166717
2020,20648400,45.1227421
2019,20649100,27.53926819
2020,20649100,24.69584222
2019,20650100,14.53703528
2020,20650100,13.96965816
2019,20650200,20.15937685
2020,20650200,18.53424845
2019,20651100,10.42939682
2020,20651100,9.351546546
2019,20652100,21.9871454
2020,20652100,21.30213489
2019,20653100,17.04752976
2020,20653100,15.40625694
2019,20654100,7.166957193
2020,20654100,8.061625291
2019,20654200,12.93064183
2020,20654200,12.78334729
2019,20654300,15.3210709
2020,20654300,13.55423162
2019,20654400,14.33326984
2020,20654400,13.09519
2019,20655100,26.85870788
2020,20655100,25.78642953
2019,20656100,22.45063636
2020,20656100,21.21206665
2019,20657100,11.91808156
2020,20657100,11.88528485
2019,20657200,42.28669991
2020,20657200,40.82048777
2019,20658100,16.40056302
2020,20658100,15.37784964
2019,20658200,54.41774312
2020,20658200,51.63059973
2019,20659100,32.12275036
2020,20659100,29.56150115
2019,20659200,10.81064653
2020,20659200,9.175738532
2019,20660100,21.14695021
2020,20660100,18.82469938
2019,20661100,16.3886375
2020,20661100,14.79857309
2019,20662100,24.6880032
2020,20662100,22.2884701
2019,20663100,51.79910334
2020,20663100,47.09190505
2019,20663200,21.72945229
2020,20663200,19.9716003
2019,20664100,24.66591588
2020,20664100,23.68769794
2019,20664200,14.13961687
2020,20664200,13.16050829
2019,20664300,14.19678109
2020,20664300,13.12515659
2019,20665100,10.30573453
2020,20665100,9.590863269
2019,20665200,15.12900941
2020,20665200,13.07050834
2019,20665300,35.94648465
2020,20665300,28.74981599
2019,20666100,63.89717684
2020,20666100,61.22946519
2019,20667100,16.00715842
2020,20667100,15.87288963
2019,20667200,25.07803351
2020,20667200,23.02137028
2019,20667300,9.238289105
2020,20667300,8.069021833
2019,20667400,8.525329545
2020,20667400,8.289847133
2019,20668100,7.206166652
2020,20668100,7.450284157
2019,20668200,22.53265046
2020,20668200,20.58225459
2019,20668300,11.80784229
2020,20668300,11.757474
2019,20669100,6.244324867
2020,20669100,6.470606979
2019,20669200,14.98608671
2020,20669200,13.71543306
2019,20669300,12.95061702
2020,20669300,12.81596478
2019,20670100,10.99192207
2020,20670100,11.51656723
2019,20670200,21.17473943
2020,20670200,20.11336137
2019,20671100,0.959368423
2020,20671100,1.010604915
2019,20671200,27.79635763
2020,20671200,25.92640727
2019,20671300,13.38665997
2020,20671300,12.09527428
2019,20671400,14.37440737
2020,20671400,13.32575155
2019,20672100,0.120358241
2020,20672100,0.029950015
2019,20673100,13.61256585
2020,20673100,13.67608686
2019,20673200,11.90849246
2020,20673200,11.77184553
2019,20673300,10.51821098
2020,20673300,9.870338039
2019,20674100,20.754809
2020,20674100,19.99506207
2019,20674200,18.38950152
2020,20674200,18.31720683
2019,20674300,16.01301537
2020,20674300,16.47346972
2019,20675100,36.7791057
2020,20675100,34.08413046
2019,20675200,40.27917764
2020,20675200,37.94312222
2019,20676100,21.64700354
2020,20676100,20.85332167
2019,20677100,21.91193071
2020,20677100,22.75867241
2019,20677200,12.48362333
2020,20677200,12.01896511
2019,20677300,13.74411542
2020,20677300,12.71114775
2019,20678100,48.31208256
2020,20678100,46.68314852
2019,20678200,38.57036859
2020,20678200,36.30783276
2019,20679100,22.2500921
2020,20679100,22.28918833
2019,20679200,10.26587138
2020,20679200,10.74860641
2019,20680100,70.43313642
2020,20680100,65.14359474
2019,20681100,35.19454338
2020,20681100,33.55771481
2019,20682100,7.846889299
2020,20682100,8.23710426
2019,20682200,5.22560216
2020,20682200,3.814118929
2019,20682300,0.353646869
2020,20682300,0.45300482
2019,20682400,18.4103499
2020,20682400,20.5803104
2019,20682500,18.59240066
2020,20682500,16.90128815
2019,20682600,25.94828769
2020,20682600,24.45503944
2019,20683100,41.55964764
2020,20683100,38.97900236
2019,20684100,49.65864058
2020,20684100,46.14199556
2019,20685100,33.18069902
2020,20685100,33.02495202
2019,20686100,5.508034615
2020,20686100,6.858609096
2019,20686200,35.3165314
2020,20686200,34.18809704
2019,20687100,26.48052166
2020,20687100,24.3726683
2019,20687200,28.56598
2020,20687200,28.24170614
2019,20688100,27.67283773
2020,20688100,26.57488423
2019,20688200,15.15056258
2020,20688200,16.29383037
2019,20688300,13.35273932
2020,20688300,14.06902496
2019,20688400,19.35675448
2020,20688400,18.51539854
2019,20689100,27.77925671
2020,20689100,27.66672691
2019,20689200,31.38029295
2020,20689200,30.30444559
2019,20690100,16.33423929
2020,20690100,14.79603989
2019,20690200,25.10111323
2020,20690200,24.55779705
2019,20690300,11.11954022
2020,20690300,9.122455964
2019,20690400,8.508242384
2020,20690400,8.341687312
2019,20690500,28.74742187
2020,20690500,25.97632764
2019,20690600,14.13738824
2020,20690600,14.57144027
2019,20691100,21.60180324
2020,20691100,21.96293173
2019,20691200,32.38133645
2020,20691200,31.50232894
2019,20692100,19.13133798
2020,20692100,19.33477618
2019,20692200,12.82310065
2020,20692200,13.06718541
2019,20692300,12.69369963
2020,20692300,13.19012111
2019,20693100,26.0581428
2020,20693100,26.24522398
2019,20693200,13.37279117
2020,20693200,14.60255575
2019,20693300,8.983955244
2020,20693300,8.501698034
2019,20693400,15.42960147
2020,20693400,14.38599841
2019,20694100,67.66273392
2020,20694100,61.75682259
2019,20695100,34.72931232
2020,20695100,33.00001494
2019,20695200,19.85142536
2020,20695200,21.22549014
2019,20696100,23.98719812
2020,20696100,22.56578422
2019,20696200,13.56869817
2020,20696200,14.56195385
2019,20696300,20.8999466
2020,20696300,20.70890792
2019,20696400,21.54599639
2020,20696400,22.80320534
2019,20697100,59.80949443
2020,20697100,55.41675811
2019,20697200,16.55480281
2020,20697200,16.48546593
2019,20698100,12.53201855
2020,20698100,11.98448953
2019,20698200,20.60270423
2020,20698200,22.28539188
2019,20699100,17.44426702
2020,20699100,17.12520012
2019,20699200,30.20118055
2020,20699200,28.92175544
2019,20700100,35.8212981
2020,20700100,33.53267062
2019,20701100,41.2508304
2020,20701100,38.99200339
2019,20702100,11.59818382
2020,20702100,10.85912227
2019,20702200,29.55796278
2020,20702200,27.27287128
2019,20702300,14.78835724
2020,20702300,15.4847229
2019,20702400,13.89165325
2020,20702400,13.02785216
2019,20703100,11.05320194
2020,20703100,11.6579298
2019,20703200,21.97694786
2020,20703200,22.19088109
2019,20703300,18.75079545
2020,20703300,17.51103018
2019,20704100,37.11341256
2020,20704100,34.15103072
2019,20705100,36.37359576
2020,20705100,36.1002177
2019,20705200,26.92035944
2020,20705200,29.87326412
2019,20706100,10.58583044
2020,20706100,12.56898044
2019,20706200,35.99969298
2020,20706200,35.16125456
2019,20707100,17.03526688
2020,20707100,16.88843518
2019,20707200,31.2567618
2020,20707200,29.85181384
2019,20708100,24.94892367
2020,20708100,23.77753021
2019,20708200,41.11785136
2020,20708200,43.3569186
2019,20709100,23.9012919
2020,20709100,22.58074488
2019,20709200,28.91451216
2020,20709200,27.68908238
2019,20710100,24.90814568
2020,20710100,23.69424682
2019,20710200,14.00191186
2020,20710200,13.02362838
2019,20711100,55.8018898
2020,20711100,52.37934119
2019,20712100,14.99738778
2020,20712100,14.98032157
2019,20712200,45.81681916
2020,20712200,42.80218163
2019,20712300,13.52240023
2020,20712300,12.96037205
2019,20713100,24.52658734
2020,20713100,22.40853576
2019,20713200,39.48248011
2020,20713200,42.68454552
2019,20714100,40.02083708
2020,20714100,42.10055932
2019,20714200,47.36228622
2020,20714200,45.13325712
2019,20714300,0.374309263
2020,20714300,0.34313036
2019,20715100,42.61515787
2020,20715100,43.98562713
2019,20716100,23.7767444
2020,20716100,22.86978756
2019,20716200,43.85611136
2020,20716200,38.62294172
2019,20717100,2.619598345
2020,20717100,2.449844584
2019,20717200,9.952006786
2020,20717200,9.512944561
2019,20717300,6.883420744
2020,20717300,5.952834781
2019,20717400,21.71630753
2020,20717400,22.77178675
2019,20717500,0.080575458
2020,20717500,0.077673054
2019,20718100,31.63044532
2020,20718100,31.73050266
2019,20719100,25.50345883
2020,20719100,24.71155483
2019,20719200,18.79074662
2020,20719200,18.45924582
2019,20719300,6.539045679
2020,20719300,6.139719117
2019,20719400,17.18461145
2020,20719400,16.84004115
2019,20720100,13.29580014
2020,20720100,11.52111772
2019,20720200,24.84943498
2020,20720200,25.2088007
2019,20721100,12.31545112
2020,20721100,12.91200815
2019,20721200,32.64999953
2020,20721200,35.12141756
2019,20722100,12.01135317
2020,20722100,13.27174012
2019,20722200,12.59133976
2020,20722200,13.06978966
2019,20722300,10.28317445
2020,20722300,10.17886456
2019,20722400,24.88524462
2020,20722400,23.79297913
2019,20723100,19.77687464
2020,20723100,19.0108948
2019,20724100,8.297371763
2020,20724100,8.333400044
2019,20724200,16.03931135
2020,20724200,16.27167884
2019,20724300,9.889366118
2020,20724300,10.14746211
2019,20724400,9.083183825
2020,20724400,8.631341664
2019,20725100,18.05220991
2020,20725100,14.77718376
2019,20726100,11.82280335
2020,20726100,11.91476432
2019,20726200,19.34803151
2020,20726200,19.38172729
2019,20727100,29.72147567
2020,20727100,30.96233918
2019,20727200,14.76040868
2020,20727200,15.49158887
2019,20728100,18.08083112
2020,20728100,18.20414803
2019,20728200,47.85849916
2020,20728200,49.56083738
2019,20729100,29.81878841
2020,20729100,30.19213092
2019,20730100,9.636360134
2020,20730100,9.757135754
2019,20730200,17.0681663
2020,20730200,18.43840671
2019,20730300,8.414188157
2020,20730300,8.538088549
2019,20731100,16.90899888
2020,20731100,16.33501949
2019,20731200,20.37325837
2020,20731200,22.04205275
2019,20732100,11.22625387
2020,20732100,10.61868485
2019,20733100,3.512567128
2020,20733100,4.463200802
2019,20733200,7.463141926
2020,20733200,7.772123593
2019,20733300,18.864325
2020,20733300,18.45264828
2019,20733400,6.452905545
2020,20733400,5.912767899
2019,20734100,8.732381371
2020,20734100,8.360858874
2019,20735100,10.415709
2020,20735100,9.629100833
2019,20736100,5.158108704
2020,20736100,4.400797495
2019,20737100,6.248014781
2020,20737100,5.232123801
2019,20737200,9.000646696
2020,20737200,9.091559269
2019,20738100,22.35059852
2020,20738100,23.52075543
2019,20739100,24.15397463
2020,20739100,20.2067499
2019,20739200,5.854408427
2020,20739200,6.536891032
2019,20739300,10.4234332
2020,20739300,9.065612635
2019,20740100,22.91225592
2020,20740100,23.64313435
2019,20741100,23.25265684
2020,20741100,22.7401328
2019,20742100,8.337031527
2020,20742100,8.39224818
2019,20742200,17.54547295
2020,20742200,17.20485577
2019,20743100,19.73679187
2020,20743100,18.98373685
2019,20744100,7.080154942
2020,20744100,5.961922988
2019,20744200,3.771461037
2020,20744200,3.406288536
2019,20744300,6.663079841
2020,20744300,7.600784124
2019,20744400,16.3029456
2020,20744400,16.01229606
2019,20744500,32.3523235
2020,20744500,31.02312564
2019,20745100,8.904198426
2020,20745100,7.961300168
2019,20745200,14.53389688
2020,20745200,13.6682382
2019,20746100,31.89008665
2020,20746100,29.72114442
2019,20746200,14.06083319
2020,20746200,13.82512527
2019,20746300,19.93308021
2020,20746300,19.96549902
2019,20746400,14.39298275
2020,20746400,13.58284741
2019,20747100,28.95958334
2020,20747100,28.73081032
2019,20747200,36.21069665
2020,20747200,34.85828085
2019,20748100,5.404836154
2020,20748100,4.791082881
2019,20749100,30.30602776
2020,20749100,27.99215432
2019,20749200,1.980929837
2020,20749200,1.672814717
2019,20749300,8.81244513
2020,20749300,7.697608762
2019,20750100,4.022816787
2020,20750100,4.140341936
2019,20750200,8.822644237
2020,20750200,8.093777088
2019,20750300,10.59347907
2020,20750300,10.40612017
2019,20750400,5.1136859
2020,20750400,4.960654357
2019,20751100,12.94108631
2020,20751100,12.68757499
2019,20752100,40.25138309
2020,20752100,37.44523177
2019,20752200,29.22530798
2020,20752200,28.17249859
2019,20753100,45.41002852
2020,20753100,42.75228492
2019,20754100,6.65092422
2020,20754100,4.921171118
2019,20755100,9.18279896
2020,20755100,9.329622362
2019,20755200,12.71498921
2020,20755200,11.98246712
2019,20755300,16.27141133
2020,20755300,15.15234199
2019,20756100,9.253073376
2020,20756100,9.658855445
2019,20756200,7.613041031
2020,20756200,7.657035142
2019,20757100,44.48465203
2020,20757100,42.36866744
2019,20757200,17.6605239
2020,20757200,16.9140402
2019,20757300,17.20481819
2020,20757300,17.3090552
2019,20758100,9.746501455
2020,20758100,9.695309574
2019,20758200,14.4354365
2020,20758200,14.49995676
2019,20758300,15.10684777
2020,20758300,13.89841206
2019,20759100,7.284029695
2020,20759100,7.566403816
2019,20759200,6.67882596
2020,20759200,6.259638998
2019,20759300,3.863662356
2020,20759300,3.998627411
2019,20760100,11.31514255
2020,20760100,9.616152835
2019,20760200,17.70437904
2020,20760200,17.55734433
2019,20760300,25.01092675
2020,20760300,23.17387362
2019,20760400,9.668587849
2020,20760400,9.421766699
2019,20760500,5.518373436
2020,20760500,6.251458784
2019,20760600,13.17205134
2020,20760600,12.2019436
2019,20761100,22.54325009
2020,20761100,21.63007634
2019,20761200,5.857730961
2020,20761200,6.305633212
2019,20761300,13.50536029
2020,20761300,13.82917723
2019,20762100,0.107727193
2020,20762100,0.216357492
2019,20762200,19.70254063
2020,20762200,19.86027513
2019,20762300,0.219746514
2020,20762300,0.117652632
2019,20762400,26.744822
2020,20762400,26.69844625
2019,20763100,11.11398494
2020,20763100,10.82363072
2019,20763200,9.368677732
2020,20763200,9.728068992
2019,20763300,17.39490625
2020,20763300,16.67402815
2019,20764100,33.22058928
2020,20764100,30.94477671
2019,20764200,30.30694186
2020,20764200,28.66003297
2019,20764300,10.88763921
2020,20764300,11.67468855
2019,20764400,4.09377562
2020,20764400,3.545602759
2019,20765100,13.84414456
2020,20765100,13.45482491
2019,20765200,8.558199033
2020,20765200,7.391950343
2019,20766100,22.71246589
2020,20766100,21.13973572
2019,20766200,26.27540412
2020,20766200,26.02552642
2019,20766300,8.882986136
2020,20766300,10.07437221
2019,20767100,18.4805198
2020,20767100,18.08130491
2019,20767200,12.27004235
2020,20767200,11.88460815
2019,20768100,22.40699276
2020,20768100,21.64688358
2019,20768200,19.89186203
2020,20768200,18.82124055
2019,20768300,4.091273979
2020,20768300,3.62742314
2019,20769100,25.56619613
2020,20769100,25.16752888
2019,20769200,17.89048276
2020,20769200,17.51987287
2019,20769300,5.018202775
2020,20769300,3.864991856
2019,20770100,8.847462906
2020,20770100,8.806324689
2019,20770200,11.59099746
2020,20770200,11.68332815
2019,20770300,6.978902978
2020,20770300,6.150045997
2019,20771100,7.87250137
2020,20771100,7.257808203
2019,20771200,10.12380613
2020,20771200,9.143674985
2019,20771300,11.69748878
2020,20771300,11.20832777
2019,20772100,8.333626585
2020,20772100,8.293941238
2019,20772200,12.8304489
2020,20772200,13.42347334
2019,20772300,15.15265128
2020,20772300,14.9718256
2019,20773100,15.63595141
2020,20773100,15.18854776
2019,20773200,3.988387352
2020,20773200,3.674824328
2019,20773300,7.433048523
2020,20773300,7.574157963
2019,20773400,8.484658589
2020,20773400,8.927915416
2019,20774100,32.58987281
2020,20774100,31.14747697
2019,20775100,42.69521685
2020,20775100,39.93666412
2019,20775200,37.67086108
2020,20775200,35.85961426
2019,20776100,30.61400023
2020,20776100,27.87197416
2019,20776200,42.83162864
2020,20776200,40.60062614
2019,20777100,8.441664721
2020,20777100,11.16986813
2019,20777200,5.001830711
2020,20777200,5.03539435
2019,20777300,10.58953303
2020,20777300,10.07102569
2019,20778100,10.06174562
2020,20778100,10.17604336
2019,20778200,8.903622528
2020,20778200,8.428128414
2019,20778300,13.63420724
2020,20778300,12.52707872
2019,20778400,11.70111674
2020,20778400,10.6936162
2019,20779100,20.68421377
2020,20779100,18.34780006
2019,20779200,31.37904284
2020,20779200,31.10338914
2019,20779300,30.47008603
2020,20779300,29.57628045
2019,20780100,2.992443413
2020,20780100,3.302833708
2019,20780200,44.07240052
2020,20780200,45.19666485
2019,20781100,28.50893592
2020,20781100,28.56714356
2019,20781200,25.38199111
2020,20781200,22.97123784
2019,20782100,17.83843886
2020,20782100,16.01378116
2019,20782200,8.596601445
2020,20782200,8.113912889
2019,20782300,17.07596697
2020,20782300,14.76787549
2019,20782400,12.49826692
2020,20782400,10.9291285
2019,20783100,21.76932985
2020,20783100,21.79030626
2019,20783200,6.169709559
2020,20783200,6.048537827
2019,20783300,3.776286705
2020,20783300,5.022405393
2019,20784100,3.133841758
2020,20784100,3.045012089
2019,20784200,4.303016764
2020,20784200,4.780794316
2019,20784300,2.381032551
2020,20784300,2.997573919
2019,20784400,8.976328756
2020,20784400,8.502816539
2019,20785100,1.504001991
2020,20785100,1.121111209
2019,20786100,72.02382805
2020,20786100,68.05851739
2019,20786200,32.53886523
2020,20786200,31.98037553
2019,20787100,14.44273379
2020,20787100,15.72191819
2019,20787200,6.641163332
2020,20787200,6.222436052
2019,20787300,21.18847381
2020,20787300,20.2317799
2019,20787400,13.06721983
2020,20787400,12.43123875
2019,20787500,15.30532384
2020,20787500,15.58017715
2019,20788100,36.72474975
2020,20788100,36.21026708
2019,20788200,52.02695284
2020,20788200,51.26422838
2019,20789100,5.410712616
2020,20789100,5.331040679
2019,20789200,11.02194493
2020,20789200,10.23114197
2019,20790100,19.85084746
2020,20790100,18.38137556
2019,20790200,8.655761817
2020,20790200,8.344494051
2019,20791100,26.49234162
2020,20791100,25.37346561
2019,20791200,5.856363941
2020,20791200,5.5360144
2019,20791300,8.697705232
2020,20791300,8.891502403
2019,20792100,1.451472503
2020,20792100,0.980703521
2019,20793100,18.7194908
2020,20793100,17.59484489
2019,20793200,16.63661297
2020,20793200,16.34901814
2019,20794100,51.68282869
2020,20794100,48.35971632
2019,20794200,15.95994106
2020,20794200,14.21215743
2019,20795100,72.97570362
2020,20795100,70.62587611
2019,20795200,25.01648707
2020,20795200,25.70362639
2019,20795300,2.919669957
2020,20795300,1.969527572
2019,20795400,42.36642499
2020,20795400,35.34798317
2019,20796100,8.005396665
2020,20796100,8.753093305
2019,20796200,42.49252303
2020,20796200,41.20626167
2019,20796300,48.16204262
2020,20796300,45.90520366
2019,20797100,4.674645223
2020,20797100,5.111230467
2019,20797200,8.843814858
2020,20797200,8.00486956
2019,20797300,5.520516915
2020,20797300,4.718334205
2019,20797400,6.086202468
2020,20797400,5.736410655
2019,20798100,10.91137227
2020,20798100,10.03325049
2019,20798200,10.43026069
2020,20798200,9.790295326
2019,20798300,13.0390305
2020,20798300,11.75045032
2019,20799100,9.355996945
2020,20799100,8.88252269
2019,20800100,9.584516818
2020,20800100,8.678223857
2019,20800200,7.524391561
2020,20800200,8.130810027
2019,20800300,7.388183664
2020,20800300,7.20062689
2019,20800400,17.94812851
2020,20800400,16.15084433
2019,20801100,0.084957832
2020,20801100,0.085072221
2019,20801200,1.304923701
2020,20801200,1.479845328
2019,20801300,32.40873133
2020,20801300,28.10572092
2019,20802100,10.51925941
2020,20802100,10.55981948
2019,20802200,51.41126098
2020,20802200,45.10730996
2019,20803100,28.81720217
2020,20803100,27.29899205
2019,20803200,8.893902622
2020,20803200,7.887194375
2019,20803300,9.303039944
2020,20803300,9.416282066
2019,20803400,10.00411414
2020,20803400,9.982057442
2019,20804100,14.62053198
2020,20804100,13.00812511
2019,20804200,11.7479486
2020,20804200,10.94278655
2019,20805100,18.0171672
2020,20805100,17.4795473
2019,20805200,62.40762918
2020,20805200,61.08340407
2019,20806100,28.75660569
2020,20806100,27.31488253
2019,20807100,10.29376327
2020,20807100,9.227268642
2019,20807200,22.01364876
2020,20807200,21.71819404
2019,20808100,9.345186414
2020,20808100,8.685320224
2019,20808200,7.510149788
2020,20808200,7.162727458
2019,20808300,8.849989286
2020,20808300,7.845634174
2019,20808400,11.73086218
2020,20808400,12.20554114
2019,20808500,10.05530039
2020,20808500,9.657067387
2019,20809100,8.856100769
2020,20809100,10.44252477
2019,20809200,6.517078029
2020,20809200,6.828297432
2019,20809300,3.204912836
2020,20809300,3.624881487
2019,20809400,8.190911492
2020,20809400,8.619489414
2019,20810100,27.68467945
2020,20810100,25.29698794
2019,20810200,12.96744741
2020,20810200,11.93211224
2019,20811100,15.87945956
2020,20811100,14.22758062
2019,20811200,10.15595989
2020,20811200,10.35539788
2019,20811300,28.52933364
2020,20811300,27.03581246
2019,20811400,15.82833784
2020,20811400,15.21191782
2019,20812100,46.32427621
2020,20812100,45.1203769
2019,20813100,7.281994249
2020,20813100,7.123402814
2019,20813200,17.70993377
2020,20813200,17.0541551
2019,20813300,19.28967076
2020,20813300,18.88547971
2019,20813400,3.952735494
2020,20813400,4.67608419
2019,20814100,25.06608488
2020,20814100,22.06197906
2019,20814200,26.0227133
2020,20814200,30.438722
2019,20815100,17.08248721
2020,20815100,17.40383773
2019,20815200,25.47906592
2020,20815200,23.87726001
2019,20816100,21.57564646
2020,20816100,20.80418521
2019,20816200,13.89105647
2020,20816200,13.23646843
2019,20817100,47.57910292
2020,20817100,48.90433694
2019,20818100,11.40974728
2020,20818100,13.00972538
2019,20818200,48.25508966
2020,20818200,45.46257876
2019,20819100,44.71944838
2020,20819100,44.50365587
2019,20819200,31.59551557
2020,20819200,30.33384399
2019,20820100,41.93225218
2020,20820100,39.14173745
2019,20820200,33.8793445
2020,20820200,32.54588449
2019,20820300,15.52009292
2020,20820300,14.87541442
2019,20821100,8.374835479
2020,20821100,8.879907916
2019,20821200,9.142302398
2020,20821200,9.380515419
2019,20821300,17.67544412
2020,20821300,16.44002864
2019,20822100,147.4680572
2020,20822100,143.9304452
2019,20823100,52.53333479
2020,20823100,50.47930966
2019,20823200,33.50786974
2020,20823200,29.78383763
2019,20824100,33.95874964
2020,20824100,31.81851284
2019,20825100,8.110229043
2020,20825100,8.308745744
2019,20826100,14.56722796
2020,20826100,15.31275956
2019,20826200,26.67097344
2020,20826200,30.22532515
2019,20826300,12.94058467
2020,20826300,13.16890781
2019,20827100,6.288499153
2020,20827100,7.29067276
2019,20827200,10.06252737
2020,20827200,9.614219149
2019,20828100,11.82679275
2020,20828100,10.53233789
2019,20829100,11.08547673
2020,20829100,10.46958368
2019,20830100,62.18352157
2020,20830100,55.16613027
2019,20831100,37.15881145
2020,20831100,32.75640013
2019,20832100,1.07277357
2020,20832100,0.949977438
2019,20833100,52.84890521
2020,20833100,57.26428107
2019,20834100,0
2020,20834100,0
2019,20835100,0.718605915
2020,20835100,0.844021707
2019,20836100,43.81277775
2020,20836100,41.4646037
2019,20836200,15.58880254
2020,20836200,15.35224727
2019,20837100,3.279629681
2020,20837100,3.217785035
2019,20837200,11.00477578
2020,20837200,9.574560937
2019,20838100,28.99926578
2020,20838100,28.41999919
2019,20839100,0
2020,20839100,0
2019,20840100,18.02432374
2020,20840100,16.61985803
2019,20840200,12.23349343
2020,20840200,11.64399026
2019,20840300,39.61334819
2020,20840300,36.98295309
2019,20841100,0.054729687
2020,20841100,0.08374158
2019,20842100,11.75792917
2020,20842100,11.12735848
2019,20842200,6.453586048
2020,20842200,4.523346066
2019,20842300,22.83805406
2020,20842300,21.62516009
2019,20843100,47.07107402
2020,20843100,45.76107437
2019,20843200,30.85238665
2020,20843200,29.54074141
2019,20843300,11.67166735
2020,20843300,10.26730098
2019,20844100,24.46874774
2020,20844100,24.38326321
2019,20844200,25.02715154
2020,20844200,23.23275677
2019,20844300,24.28195746
2020,20844300,22.55452697
2019,20845100,5.788921823
2020,20845100,5.902569445
2019,20845200,8.485049031
2020,20845200,7.592554144
2019,20845300,19.6086825
2020,20845300,18.74133302
2019,20846100,31.48891703
2020,20846100,29.31497035
2019,20847100,10.3991692
2020,20847100,8.645923004
2019,20847200,7.93872683
2020,20847200,7.724909458
2019,20848100,21.72564872
2020,20848100,20.48193214
2019,20848200,13.31657613
2020,20848200,14.56571628
2019,20849100,27.6573673
2020,20849100,26.15502591
2019,20849200,15.80590759
2020,20849200,15.17713666
2019,20850100,13.97734247
2020,20850100,14.28526862
2019,20851100,18.79294573
2020,20851100,18.8908465
2019,20852100,4.173150471
2020,20852100,4.220358273
2019,20852200,19.28820825
2020,20852200,18.16376614
2019,20853100,13.27886486
2020,20853100,14.59050566
2019,20853200,8.524700959
2020,20853200,8.302001179
2019,20853300,1.973213028
2020,20853300,4.305140438
2019,20854100,8.841427561
2020,20854100,7.965787639
2019,20855100,9.621147301
2020,20855100,8.144693655
2019,20855200,9.387547091
2020,20855200,9.266827879
2019,20855300,2.091739339
2020,20855300,1.775852032
2019,20856100,11.55033112
2020,20856100,10.02929437
2019,20856200,13.47338914
2020,20856200,13.60506755
2019,20856300,9.087150209
2020,20856300,7.792680565
2019,20856400,4.789428326
2020,20856400,4.119016215
2019,20857100,27.40658714
2020,20857100,26.39875231
2019,20857200,13.4796926
2020,20857200,10.77449624
2019,20858100,3.319059813
2020,20858100,3.644378872
2019,20858200,43.82304435
2020,20858200,43.0785419
2019,20859100,35.89675875
2020,20859100,34.93023709
2019,20859200,25.64065139
2020,20859200,24.92224863
2019,20859300,60.14487729
2020,20859300,58.48025861
2019,20860100,6.648414288
2020,20860100,6.547856823
2019,20860200,11.17751512
2020,20860200,14.92193076
2019,20861100,14.62968029
2020,20861100,14.58581265
2019,20861200,11.27433115
2020,20861200,10.5391378
2019,20862100,5.208796786
2020,20862100,4.446911573
2019,20862200,15.5862119
2020,20862200,16.0565032
2019,20863100,8.382883955
2020,20863100,8.204378051
2019,20863200,12.35188802
2020,20863200,11.94468481
2019,20863300,9.738469082
2020,20863300,9.566916662
2019,20864100,45.76256862
2020,20864100,43.89950085
2019,20864200,79.98218272
2020,20864200,78.19715453
2019,20864300,12.07618354
2020,20864300,11.6842794
2019,20865100,27.68121099
2020,20865100,24.98509901
2019,20865200,5.908850231
2020,20865200,5.567369351
2019,20865300,5.492982255
2020,20865300,4.905952603
2019,20865400,7.90303562
2020,20865400,8.612617962
2019,20865500,7.513850335
2020,20865500,6.19990077
2019,20866100,7.279230591
2020,20866100,7.067387883
2019,20866200,7.576471371
2020,20866200,8.012410434
2019,20866300,13.47556983
2020,20866300,14.64427073
2019,20867100,6.921310774
2020,20867100,6.167364301
2019,20867200,13.1381815
2020,20867200,11.68912243
2019,20868100,4.912994402
2020,20868100,5.036279533
2019,20868200,0.058475684
2020,20868200,0.068774869
2019,20869100,7.028649537
2020,20869100,5.715575822
2019,20869200,14.17368661
2020,20869200,12.6182723
2019,20869300,14.92142146
2020,20869300,12.67906563
2019,20869400,11.83321319
2020,20869400,9.443212083
2019,20870100,0.077673054
2020,20870100,0.077673054
2019,20870200,7.1057299
2020,20870200,5.886537004
2019,20870300,13.17095705
2020,20870300,12.84710305
2019,20870400,30.12773702
2020,20870400,26.29838363
2019,20870500,8.775990693
2020,20870500,5.902845429
2019,20870600,4.409688641
2020,20870600,2.940079661
2019,20871100,34.11139766
2020,20871100,33.08531857
2019,20871200,17.99416186
2020,20871200,18.52497334
2019,20872100,15.74268774
2020,20872100,14.7578294
2019,20872200,65.23153379
2020,20872200,63.84917743
2019,20873100,30.17109809
2020,20873100,27.93962151
2019,20874100,18.62952501
2020,20874100,18.37826639
2019,20874200,11.80877502
2020,20874200,10.78049415
2019,20874300,19.30535359
2020,20874300,19.02264101
2019,20874400,14.3086531
2020,20874400,14.90042479
2019,20875100,23.44636338
2020,20875100,19.02421006
2019,20875200,21.62402288
2020,20875200,21.32956428
2019,20876100,17.52533315
2020,20876100,15.96657225
2019,20876200,18.18816182
2020,20876200,16.6787609
2019,20877100,7.194904942
2020,20877100,7.493202341
2019,20877200,5.779531697
2020,20877200,4.559126355
2019,20877300,10.51447772
2020,20877300,9.744387625
2019,20877400,9.974284492
2020,20877400,7.715073276
2019,20878100,7.716903068
2020,20878100,7.820537228
2019,20878200,9.437934994
2020,20878200,10.85132822
2019,20878300,14.76535607
2020,20878300,14.58264919
2019,20878400,8.288209754
2020,20878400,7.481451791
2019,20879100,5.471676358
2020,20879100,4.823145314
2019,20879200,0.080612545
2020,20879200,0.080612545
2019,20880100,20.89446603
2020,20880100,19.21643974
2019,20880200,4.984848269
2020,20880200,4.50574854
2019,20880300,1.718002372
2020,20880300,1.555165699
2019,20881100,41.45137103
2020,20881100,36.72148096
2019,20881200,11.61365828
2020,20881200,11.02082758
2019,20882100,9.643388954
2020,20882100,9.625087003
2019,20882200,17.19911805
2020,20882200,16.94734572
2019,20882300,6.975331294
2020,20882300,7.077836254
2019,20883100,17.70822204
2020,20883100,16.66047127
2019,20883200,9.327549661
2020,20883200,9.295757384
2019,20883300,5.262593459
2020,20883300,5.040138678
2019,20884100,15.52074365
2020,20884100,13.65836163
2019,20885100,80.38483158
2020,20885100,68.61782261
2019,20886100,31.75988279
2020,20886100,31.14347727
2019,20886200,11.55878773
2020,20886200,11.99172692
2019,20887100,12.55891798
2020,20887100,13.2887906
2019,20887200,8.879808749
2020,20887200,8.62944656
2019,20887300,3.892147681
2020,20887300,3.889556888
2019,20887400,12.50357664
2020,20887400,10.65049507
2019,20888100,18.58217138
2020,20888100,17.61876575
2019,20888200,15.46378269
2020,20888200,13.12556137
2019,20888300,15.45176297
2020,20888300,14.79965248
2019,20889100,0.275860145
2020,20889100,0.264984083
2019,20889200,6.322488547
2020,20889200,5.677031275
2019,20889300,5.635402218
2020,20889300,5.557717804
2019,20890100,28.3836719
2020,20890100,27.56726051
2019,20891100,12.25884018
2020,20891100,12.86930957
2019,20891200,7.626656046
2020,20891200,7.757062515
2019,20891300,11.26460638
2020,20891300,10.93303044
2019,20891400,4.897941279
2020,20891400,5.191325633
2019,20891500,20.20956067
2020,20891500,19.80955299
2019,20891600,28.42783672
2020,20891600,29.38958424
2019,20892100,20.10786457
2020,20892100,20.06378157
2019,20892200,29.78240681
2020,20892200,28.99478814
2019,20892300,25.15520438
2020,20892300,24.92461199
2019,20893100,0.067309401
2020,20893100,0.067309401
2019,20894100,43.34004289
2020,20894100,41.56406083
2019,20894200,22.67156381
2020,20894200,21.94471453
2019,20895100,25.46772567
2020,20895100,26.45301784
2019,20895200,28.4730689
2020,20895200,28.08949208
2019,20895300,34.074074
2020,20895300,34.12943575
2019,20896100,0
2020,20896100,0.058023786
2019,20896200,13.17125929
2020,20896200,12.78189898
2019,20896300,20.63700167
2020,20896300,20.50111285
2019,20897100,1.333715318
2020,20897100,1.857141141
2019,20897200,15.28511764
2020,20897200,14.69873979
2019,20898100,23.99188955
2020,20898100,19.85633224
2019,20898200,4.263537503
2020,20898200,3.681793717
2019,20899100,19.20770939
2020,20899100,18.81891057
2019,20899200,4.91099655
2020,20899200,4.085636286
2019,20899300,21.53340101
2020,20899300,20.2227017
2019,20900100,26.07803013
2020,20900100,24.27165083
2019,20900200,24.33662395
2020,20900200,23.16963486
2019,20900300,7.537832141
2020,20900300,5.943539544
2019,20901100,10.78563616
2020,20901100,10.06687023
2019,20901200,18.2974463
2020,20901200,17.23033964
2019,20901300,17.53430222
2020,20901300,16.33607581
2019,20902100,22.11697432
2020,20902100,22.03904725
2019,20902200,13.50359028
2020,20902200,14.35849202
2019,20902300,2.646637747
2020,20902300,2.009346284
2019,20903100,19.29313236
2020,20903100,17.46781403
2019,20903200,44.19683295
2020,20903200,43.3655673
2019,20903300,17.94093656
2020,20903300,17.48465986
2019,20904100,17.42301716
2020,20904100,17.4400791
2019,20904200,9.171195423
2020,20904200,9.745318383
2019,20904300,16.04332651
2020,20904300,15.81830809
2019,20905100,9.120291407
2020,20905100,8.71099524
2019,20905200,8.032278724
2020,20905200,7.739084516
2019,20905300,10.18899001
2020,20905300,10.35285726
2019,20905400,7.220526659
2020,20905400,6.661188385
2019,20906100,15.25426691
2020,20906100,13.27668029
2019,20906200,9.119032992
2020,20906200,8.937912502
2019,20906300,8.39022117
2020,20906300,7.365688227
2019,20907100,8.700577524
2020,20907100,8.807057292
2019,20907200,30.38576556
2020,20907200,29.94709303
2019,20907300,12.27854739
2020,20907300,11.53479123
2019,20908100,18.19488328
2020,20908100,18.44159654
2019,20908200,6.306740606
2020,20908200,6.601920925
2019,20909100,7.323094419
2020,20909100,8.031031771
2019,20910100,23.72719605
2020,20910100,22.5243225
2019,20910200,13.31460946
2020,20910200,10.78884759
2019,20910300,14.58153737
2020,20910300,14.73072087
2019,20910400,15.52133814
2020,20910400,16.17289894
2019,20911100,32.11279612
2020,20911100,32.19333355
2019,20911200,24.42961585
2020,20911200,24.62933213
2019,20911300,8.824693961
2020,20911300,9.082070404
2019,20912100,12.51113704
2020,20912100,11.32314562
2019,20912200,9.122077302
2020,20912200,8.637658339
2019,20913100,17.99444577
2020,20913100,18.91747052
2019,20913200,12.43997325
2020,20913200,12.44609991
2019,20914100,12.73505534
2020,20914100,12.79482265
2019,20914200,21.48609694
2020,20914200,21.26239268
2019,20915100,39.29090439
2020,20915100,37.87426874
2019,20915200,9.231647548
2020,20915200,7.412809239
2019,20915300,12.33060307
2020,20915300,12.05963334
2019,20915400,22.52577626
2020,20915400,21.18277986
2019,20916100,9.888332967
2020,20916100,9.867276764
2019,20916200,7.69418686
2020,20916200,7.936394929
2019,20916300,11.0773153
2020,20916300,10.69497021
2019,20916400,7.65855394
2020,20916400,7.560379713
2019,20916500,19.56203606
2020,20916500,19.35958392
2019,20917100,25.31554852
2020,20917100,25.57316314
2019,20917200,12.78707907
2020,20917200,13.48086655
2019,20917300,26.39393631
2020,20917300,25.120181
2019,20918100,21.83300994
2020,20918100,21.13770047
2019,20918200,14.12551159
2020,20918200,12.54583925
2019,20918300,9.898760919
2020,20918300,10.80445567
2019,20918400,0.724696215
2020,20918400,0.707054118
2019,20919100,16.07202133
2020,20919100,15.49852016
2019,20919200,6.835533593
2020,20919200,7.324535496
2019,20919300,18.78593828
2020,20919300,16.79739558
2019,20919400,15.0128465
2020,20919400,14.34747771
2019,20920100,17.53250323
2020,20920100,15.40505428
2019,20920200,32.40774179
2020,20920200,31.71691481
2019,20920300,12.97640262
2020,20920300,11.05378109
2019,20921100,22.16404467
2020,20921100,20.36544695
2019,20921200,12.55442963
2020,20921200,10.98304599
2019,20922100,41.85890965
2020,20922100,42.40477127
2019,20922200,14.61027285
2020,20922200,15.13998587
2019,20923100,27.32089776
2020,20923100,26.70016901
2019,20923200,23.49603112
2020,20923200,22.11204168
2019,20924100,9.959203404
2020,20924100,10.05748058
2019,20924200,6.771969073
2020,20924200,6.493640101
2019,20924300,10.30030132
2020,20924300,11.47667492
2019,20924400,6.99248545
2020,20924400,5.902251763
2019,20924500,5.287636312
2020,20924500,4.909167557
2019,20925100,15.36802985
2020,20925100,14.24473751
2019,20925200,13.23429279
2020,20925200,13.33526794
2019,20925300,9.772246341
2020,20925300,10.09307645
2019,20925400,21.43379939
2020,20925400,20.53608333
2019,20926100,8.317522975
2020,20926100,7.902827023
2019,20926200,103.8091888
2020,20926200,100.7818801
2019,20926300,37.39298916
2020,20926300,35.37017609
2019,20926400,33.82026185
2020,20926400,33.52174829
2019,20927100,34.55650804
2020,20927100,31.81963114
2019,20927200,26.01220806
2020,20927200,26.56456255
2019,20928100,32.96001872
2020,20928100,32.79294539
2019,20928200,43.13252708
2020,20928200,42.57305798
2019,20928300,28.51650319
2020,20928300,28.4974376
2019,20929100,12.72900514
2020,20929100,12.02228082
2019,20929200,4.489435436
2020,20929200,6.234595985
2019,20929300,10.59488509
2020,20929300,9.575041874
2019,20929400,12.58586198
2020,20929400,11.88658695
2019,20929500,10.61482417
2020,20929500,9.47914892
2019,20930100,18.009474
2020,20930100,17.99849925
2019,20930200,12.88516683
2020,20930200,12.22912275
2019,20930300,20.86293393
2020,20930300,20.8751196
2019,20930400,10.65555323
2020,20930400,10.83710313
2019,20930500,11.84338978
2020,20930500,10.3922748
2019,20930600,15.15585887
2020,20930600,15.07932906
2019,20930700,13.67695323
2020,20930700,13.24178568
2019,20931100,11.77557788
2020,20931100,11.02067721
2019,20931200,22.48641112
2020,20931200,21.52517454
2019,20932100,24.31606386
2020,20932100,23.64460715
2019,20932200,11.05743024
2020,20932200,10.85401783
2019,20933100,31.14818301
2020,20933100,29.63795437
2019,20933200,1.795258815
2020,20933200,1.907012254
2019,20934100,8.693858261
2020,20934100,7.564665118
2019,20934200,7.890249373
2020,20934200,8.447683296
2019,20934300,9.362393803
2020,20934300,8.573708419
2019,20934400,6.841778733
2020,20934400,6.580440409
2019,20935100,31.7877142
2020,20935100,29.15580685
2019,20935200,36.13635239
2020,20935200,33.64452184
2019,20936100,16.08455321
2020,20936100,15.94048276
2019,20936200,8.660007433
2020,20936200,9.564716644
2019,20936300,11.44487754
2020,20936300,12.15945976
2019,20937100,60.76807893
2020,20937100,57.95196914
2019,20937200,18.53478631
2020,20937200,17.64408189
2019,20937300,21.21511317
2020,20937300,20.83941112
2019,20938100,10.07973953
2020,20938100,11.42848239
2019,20938200,16.90477804
2020,20938200,16.38144121
2019,20938300,31.77740985
2020,20938300,29.57847855
2019,20938400,17.11435643
2020,20938400,16.23223425
2019,20939100,54.98926284
2020,20939100,54.6779391
2019,20939200,22.96428441
2020,20939200,21.07013635
2019,20940100,9.729216888
2020,20940100,8.34331108
2019,20940200,19.05059048
2020,20940200,17.58212331
2019,20940300,14.86281594
2020,20940300,14.61754196
2019,20941100,1.853348798
2020,20941100,1.879943049
2019,20941200,8.144490701
2020,20941200,8.125584665
2019,20941300,19.8165338
2020,20941300,19.44112195
2019,20941400,22.88095795
2020,20941400,21.52587112
2019,20942100,27.68679948
2020,20942100,26.49848186
2019,20942200,10.38825835
2020,20942200,10.64178237
2019,20943100,23.45613627
2020,20943100,23.48514097
2019,20943200,6.990005966
2020,20943200,7.195256814
2019,20943300,14.03771551
2020,20943300,13.58576973
2019,20944100,22.37878111
2020,20944100,21.41625373
2019,20945100,4.955125588
2020,20945100,4.360411614
2019,20945200,24.15012429
2020,20945200,23.51282378
2019,20945300,19.49079992
2020,20945300,18.60858448
2019,20945400,17.69367313
2020,20945400,15.76520712
2019,20946100,7.402205139
2020,20946100,7.19625391
2019,20946200,9.463421055
2020,20946200,10.34009729
2019,20946300,6.296556767
2020,20946300,5.697218891
2019,20946400,3.723638495
2020,20946400,4.461676214
2019,20946500,2.84456401
2020,20946500,3.028085116
2019,20946600,10.14815452
2020,20946600,7.243603269
2019,20947100,13.97714872
2020,20947100,14.02337611
2019,20948100,13.12030167
2020,20948100,11.8968187
2019,20948200,9.383702127
2020,20948200,8.305241738
2019,20948300,16.90797766
2020,20948300,15.17804069
2019,20948400,14.28418857
2020,20948400,12.93165459
2019,20949100,7.315508154
2020,20949100,6.853448489
2019,20949200,8.78519976
2020,20949200,8.337645901
2019,20949300,21.0753817
2020,20949300,21.90144132
2019,20949400,14.24419321
2020,20949400,14.68216547
2019,20950100,31.03267718
2020,20950100,29.17705395
2019,20950200,25.53411631
2020,20950200,25.07304207
2019,20950300,23.39516573
2020,20950300,23.24697716
2019,20950400,11.34519131
2020,20950400,10.90528914
2019,20950500,6.358387059
2020,20950500,6.464537537
2019,20951100,14.27081045
2020,20951100,13.72269036
2019,20951200,11.39971542
2020,20951200,10.86911283
2019,20952100,9.781926773
2020,20952100,9.569657094
2019,20952200,30.96705806
2020,20952200,30.8407227
2019,20953100,9.973697041
2020,20953100,9.456507983
2019,20953200,6.760565692
2020,20953200,5.675869306
2019,20953300,10.8775318
2020,20953300,10.26181625
2019,20954100,31.83819488
2020,20954100,30.40839443
2019,20954200,12.87071446
2020,20954200,11.44087108
2019,20955100,32.20754963
2020,20955100,32.48108536
2019,20955200,16.07859292
2020,20955200,16.19869986
2019,20955300,24.64520823
2020,20955300,24.1019753
2019,20956100,9.157092624
2020,20956100,8.162059271
2019,20956200,8.979572754
2020,20956200,6.764600827
2019,20956300,6.121542097
2020,20956300,5.359345337
2019,20956400,5.53706007
2020,20956400,3.859325585
2019,20956500,8.78009833
2020,20956500,8.149380367
2019,20956600,20.73428246
2020,20956600,20.60530435
2019,20957100,20.91345482
2020,20957100,19.81924751
2019,20957200,18.6574214
2020,20957200,18.17222374
2019,20958100,45.85922825
2020,20958100,45.06507419
2019,20958200,28.91839216
2020,20958200,27.75049785
2019,20959100,23.77957072
2020,20959100,23.83631701
2019,20959200,16.09937748
2020,20959200,16.37733578
2019,20960100,8.240080796
2020,20960100,8.034664394
2019,20960200,6.606096773
2020,20960200,5.742776106
2019,20961100,16.89517174
2020,20961100,17.12299219
2019,20961200,22.35639637
2020,20961200,23.06916577
2019,20962100,7.495381827
2020,20962100,6.552930609
2019,20962200,8.157400381
2020,20962200,7.614362987
2019,20962300,7.079116754
2020,20962300,6.335067242
2019,20962400,13.96521387
2020,20962400,13.48034789
2019,20963100,23.81142002
2020,20963100,23.21064508
2019,20963200,26.02661188
2020,20963200,25.80180529
2019,20964100,19.23487899
2020,20964100,19.07160253
2019,20964200,11.80923311
2020,20964200,12.27559742
2019,20965100,15.68767918
2020,20965100,14.04802056
2019,20965200,16.24347516
2020,20965200,15.6059429
2019,20965300,4.444890426
2020,20965300,3.767597735
2019,20966100,5.527510629
2020,20966100,6.346744421
2019,20966200,31.22122286
2020,20966200,30.55660597
2019,20967100,15.00603828
2020,20967100,14.54541193
2019,20967200,8.072881697
2020,20967200,6.745060345
2019,20967300,5.207479457
2020,20967300,4.599290156
2019,20967400,9.087102601
2020,20967400,9.184139735
2019,20968100,16.45944687
2020,20968100,14.59680645
2019,20968200,26.785287
2020,20968200,24.82483288
2019,20969100,31.57133178
2020,20969100,28.26176131
2019,20969200,13.41516402
2020,20969200,12.19676014
2019,20970100,8.87905515
2020,20970100,8.215283299
2019,20970200,22.43180652
2020,20970200,21.53055246
2019,20970300,15.25338095
2020,20970300,13.74170953
2019,20970400,7.37356756
2020,20970400,7.683303319
2019,20971100,27.86510212
2020,20971100,27.50806893
2019,20971200,17.12038771
2020,20971200,15.20576525
2019,20972100,21.90869574
2020,20972100,21.51188105
2019,20972200,11.34462009
2020,20972200,10.38000429
2019,20972300,12.25177336
2020,20972300,12.34473031
2019,20972400,6.307524642
2020,20972400,6.4787286
2019,20973100,16.52345253
2020,20973100,15.57048622
2019,20973200,20.45989384
2020,20973200,18.75672294
2019,20973300,26.89723565
2020,20973300,24.27574961
2019,20973400,5.189066053
2020,20973400,5.026269255
2019,20974100,28.73584345
2020,20974100,28.55357989
2019,20974200,28.89163084
2020,20974200,28.51182553
2019,20975100,19.88217324
2020,20975100,20.08330919
2019,20975200,11.41506206
2020,20975200,11.2963231
2019,20975300,10.01094306
2020,20975300,10.57057044
2019,20976100,27.04330542
2020,20976100,26.39867088
2019,20977100,30.52050484
2020,20977100,30.90197325
2019,20978100,15.41837687
2020,20978100,14.71025914
2019,20978200,10.63481011
2020,20978200,10.883795
2019,20979100,5.364400637
2020,20979100,5.599951825
2019,20979200,14.81916329
2020,20979200,14.4640312
2019,20979300,10.04326874
2020,20979300,9.854581493
2019,20980100,17.05613749
2020,20980100,15.766246
2019,20980200,7.341959046
2020,20980200,6.452320216
2019,20980300,3.776841488
2020,20980300,3.607528964
2019,20980400,9.734923961
2020,20980400,9.695594372
2019,20981100,41.39631478
2020,20981100,42.5424008
2019,20982100,34.45708283
2020,20982100,36.51291358
2019,20982200,33.0471375
2020,20982200,32.14914556
2019,20983100,28.84544708
2020,20983100,27.39786762
2019,20983200,16.4627676
2020,20983200,16.29493505
2019,20984100,15.24916713
2020,20984100,15.98579914
2019,20984200,24.82222378
2020,20984200,24.00539332
2019,20984300,11.14591246
2020,20984300,11.14184676
2019,20984400,19.79419234
2020,20984400,20.36316294
2019,20985100,10.58524962
2020,20985100,9.522476481
2019,20985200,20.72658215
2020,20985200,20.18280526
2019,20986100,10.11364896
2020,20986100,9.381346888
2019,20986200,18.3753847
2020,20986200,18.2543134
2019,20986300,17.88169289
2020,20986300,14.54822867
2019,20987100,11.26414328
2020,20987100,10.73781802
2019,20987200,16.44733081
2020,20987200,16.34914284
2019,20987300,20.3675087
2020,20987300,21.86473679
2019,20988100,34.59886983
2020,20988100,32.8334048
2019,20988200,5.550379246
2020,20988200,5.310875986
2019,20989100,42.10296715
2020,20989100,38.3136118
2019,20989200,11.70515724
2020,20989200,10.92432621
2019,20990100,12.36626029
2020,20990100,12.42360602
2019,20990200,31.62339851
2020,20990200,29.57540706
2019,20991100,15.09711206
2020,20991100,15.79610574
2019,20991200,33.18704408
2020,20991200,33.23599274
2019,20992100,29.31421618
2020,20992100,28.37003494
2019,20992200,25.33337317
2020,20992200,25.69807526
2019,20993100,15.73243884
2020,20993100,15.04568726
2019,20993200,15.26856973
2020,20993200,14.91787319
2019,20993300,16.48748581
2020,20993300,13.7850706
2019,20993400,22.21727372
2020,20993400,21.89546133
2019,20993500,14.86655781
2020,20993500,14.19442312
2019,20994100,13.91360066
2020,20994100,13.02228544
2019,20994200,19.61288428
2020,20994200,18.52699321
2019,20995100,16.57515635
2020,20995100,18.36267303
2019,20995200,31.46692034
2020,20995200,30.86822498
2019,20996100,24.85097753
2020,20996100,24.63109143
2019,20996200,25.56695235
2020,20996200,24.64007241
2019,20997100,28.73548488
2020,20997100,26.12031904
2019,20998100,13.07972526
2020,20998100,11.59324565
2019,20998200,10.64954174
2020,20998200,9.544063419
2019,20998300,13.64602015
2020,20998300,11.00029043
2019,20999100,6.354519885
2020,20999100,6.208997282
2019,20999200,7.23335375
2020,20999200,6.421381284
2019,20999300,15.40486554
2020,20999300,13.40825733
2019,21000100,14.10482485
2020,21000100,14.02113917
2019,21000200,19.98855881
2020,21000200,18.28717725
2019,21000300,12.39875482
2020,21000300,10.80019302
2019,21000400,13.89428125
2020,21000400,13.67368788
2019,21001100,25.91347277
2020,21001100,26.66479062
2019,21001200,18.55419183
2020,21001200,18.71851689
2019,21002100,2.996338739
2020,21002100,3.837897359
2019,21002200,30.92941691
2020,21002200,29.87603529
2019,21002300,9.631468228
2020,21002300,9.820142367
2019,21002400,10.97690816
2020,21002400,11.00345937
2019,21003100,10.30198007
2020,21003100,9.652978246
2019,21003200,9.731821371
2020,21003200,9.34466414
2019,21003300,10.38407112
2020,21003300,9.599093767
2019,21004100,27.98789864
2020,21004100,27.69035836
2019,21004200,23.35647292
2020,21004200,22.95271256
2019,21005100,18.49045086
2020,21005100,16.681866
2019,21005200,10.23199377
2020,21005200,10.53754688
2019,21005300,20.02333024
2020,21005300,19.85879766
2019,21006100,22.47464322
2020,21006100,21.3939262
2019,21006200,42.49895697
2020,21006200,40.9360777
2019,21007100,22.72305213
2020,21007100,21.04536884
2019,21007200,13.56743949
2020,21007200,11.68812465
2019,21007300,22.08378738
2020,21007300,19.30618743
2019,21007400,9.069080337
2020,21007400,9.868824462
2019,21008100,72.01828416
2020,21008100,71.62774339
2019,21008200,31.85120379
2020,21008200,29.47495782
2019,21009100,14.39920659
2020,21009100,13.213485
2019,21009200,27.62854457
2020,21009200,24.05553765
2019,21010100,39.84327657
2020,21010100,37.49089688
2019,21010200,24.83205377
2020,21010200,22.8512114
2019,21011100,19.28426848
2020,21011100,19.10961575
2019,21011200,33.37158663
2020,21011200,33.39178006
2019,21012100,6.72631932
2020,21012100,5.911763028
2019,21012200,16.23146109
2020,21012200,14.04479927
2019,21012300,7.790479985
2020,21012300,6.649636392
2019,21012400,8.910967911
2020,21012400,7.963444592
2019,21012500,10.82706756
2020,21012500,9.140111332
2019,21013100,8.420951757
2020,21013100,6.618877077
2019,21013200,7.83992266
2020,21013200,7.341485817
2019,21013300,17.07264615
2020,21013300,14.6592376
2019,21014100,13.47579313
2020,21014100,14.36448109
2019,21014200,29.07425737
2020,21014200,26.33639656
2019,21014300,16.61867738
2020,21014300,14.30425331
2019,21014400,1.49813542
2020,21014400,1.158609837
2019,21014500,7.076231815
2020,21014500,7.047740859
2019,21015100,40.64989937
2020,21015100,41.19609189
2019,21016100,45.50430813
2020,21016100,47.26047063
2019,21017100,24.04009534
2020,21017100,22.6157208
2019,21017200,56.53474823
2020,21017200,54.25415559
2019,21018100,29.20457901
2020,21018100,29.83732777
2019,21018200,9.081705676
2020,21018200,9.044391787
2019,21018300,17.77491003
2020,21018300,17.98700198
2019,21019100,35.71157773
2020,21019100,36.18561791
2019,21019200,17.57361089
2020,21019200,19.13400892
2019,21020100,14.47430796
2020,21020100,15.124028
2019,21020200,44.33947384
2020,21020200,44.21742159
2019,21021100,26.16980346
2020,21021100,25.49126213
2019,21021200,46.28257012
2020,21021200,45.08766785
2019,21022100,58.72548814
2020,21022100,56.76962174
2019,21022200,51.47635987
2020,21022200,49.40013003
2019,21023100,40.25549051
2020,21023100,41.41925367
2019,21024100,20.74473017
2020,21024100,20.11910835
2019,21024200,20.3429133
2020,21024200,19.67865055
2019,21024300,12.78223748
2020,21024300,12.76983076
2019,21025100,30.13582924
2020,21025100,29.60770887
2019,21025200,25.54971884
2020,21025200,25.01505861
2019,21026100,29.7342952
2020,21026100,27.29379031
2019,21026200,16.59352013
2020,21026200,14.29069257
2019,21027100,16.4006748
2020,21027100,15.7117393
2019,21027200,6.786356004
2020,21027200,6.548917292
2019,21028100,73.13012875
2020,21028100,68.14779282
2019,21029100,14.18427088
2020,21029100,11.84100678
2019,21029200,24.06175305
2020,21029200,21.70538749
2019,21030100,22.72404604
2020,21030100,19.96153681
2019,21031100,19.1445314
2020,21031100,19.09884943
2019,21031200,19.84536598
2020,21031200,20.28290206
2019,21032100,36.69852667
2020,21032100,36.97174222
2019,21033100,30.54244131
2020,21033100,31.0766449
2019,21033200,13.8602128
2020,21033200,15.42647619
2019,21034100,46.07442125
2020,21034100,46.07471846
2019,21035100,34.28373802
2020,21035100,35.34125411
2019,21035200,21.65803405
2020,21035200,22.35951613
2019,21036100,38.31087896
2020,21036100,38.38932877
2019,21037100,21.54651105
2020,21037100,20.42516341
2019,21037200,32.10198997
2020,21037200,31.3639743
2019,21038100,24.81365968
2020,21038100,21.44641607
2019,21038200,9.404377108
2020,21038200,8.266971651
2019,21038300,10.95911716
2020,21038300,10.42978311
2019,21039100,11.0038862
2020,21039100,11.683087
2019,21039200,19.27826705
2020,21039200,18.26678942
2019,21039300,10.84631605
2020,21039300,9.006534758
2019,21040100,19.62695832
2020,21040100,19.50859077
2019,21040200,24.53179026
2020,21040200,23.2744686
2019,21040300,16.57120992
2020,21040300,15.42558015
2019,21040400,11.95060941
2020,21040400,11.14658658
2019,21040500,11.69057435
2020,21040500,11.26414716
2019,21041100,23.93877871
2020,21041100,22.73227191
2019,21041200,45.4455693
2020,21041200,40.5926667
2019,21042100,18.42692508
2020,21042100,17.11605318
2019,21042200,25.25959211
2020,21042200,26.2398093
2019,21043100,7.484556256
2020,21043100,9.032306527
2019,21043200,23.77021766
2020,21043200,21.97399332
2019,21044100,23.24400475
2020,21044100,23.18769585
2019,21044200,13.05555695
2020,21044200,12.25739464
2019,21044300,14.65263171
2020,21044300,12.72697714
2019,21044400,15.97708433
2020,21044400,13.88194972
2019,21045100,40.89267395
2020,21045100,40.67337961
2019,21046100,50.70266991
2020,21046100,49.12055782
2019,21046200,18.77487133
2020,21046200,18.1767089
2019,21047100,53.22733002
2020,21047100,52.50320487
2019,21048100,35.49522787
2020,21048100,35.01525205
2019,21049100,40.45214486
2020,21049100,42.01692298
2019,21050100,21.80636503
2020,21050100,20.98948709
2019,21051100,21.69768396
2020,21051100,20.62213128
2019,21052100,14.34561162
2020,21052100,14.08030442
2019,21052200,22.96726829
2020,21052200,22.61465439
2019,21053100,25.13004754
2020,21053100,22.50604453
2019,21053200,32.14808005
2020,21053200,32.41102905
2019,21054100,41.58458535
2020,21054100,42.58289127
2019,21054200,16.90190004
2020,21054200,16.44592892
2019,21055100,65.42890997
2020,21055100,64.91351602
2019,21055200,31.26211177
2020,21055200,30.16072937
2019,21056100,43.15570534
2020,21056100,42.24572446
2019,21056200,26.41595734
2020,21056200,26.69686729
2019,21057100,27.72217953
2020,21057100,27.44510351
2019,21057200,19.24708944
2020,21057200,18.37231231
2019,21058100,28.61403765
2020,21058100,29.94500758
2019,21058200,27.20582937
2020,21058200,26.97507765
2019,21059100,4.232236655
2020,21059100,5.154131853
2019,21059200,10.07722724
2020,21059200,10.70797893
2019,21059300,45.7117271
2020,21059300,45.29795876
2019,21060100,3.15089066
2020,21060100,3.232199925
2019,21060200,15.76200267
2020,21060200,14.80898771
2019,21060300,15.17343747
2020,21060300,14.26206179
2019,21061100,16.27329904
2020,21061100,15.4929326
2019,21061200,15.48602731
2020,21061200,14.44909461
2019,21061300,40.7730089
2020,21061300,38.72508762
2019,21062100,40.50730254
2020,21062100,40.37430323
2019,21063100,35.79453587
2020,21063100,35.79123894
2019,21063200,50.2732503
2020,21063200,49.66201366
2019,21064100,12.44626316
2020,21064100,12.51268853
2019,21064200,26.71156376
2020,21064200,25.81978724
2019,21065100,15.7033663
2020,21065100,16.48889942
2019,21065200,11.40724153
2020,21065200,11.08964788
2019,21066100,57.45201948
2020,21066100,56.98165329
2019,21067100,30.37736385
2020,21067100,28.40208248
2019,21068100,30.79322496
2020,21068100,29.05007341
2019,21069100,42.88218475
2020,21069100,39.64040574
2019,21070100,35.88390419
2020,21070100,34.23183732
2019,21071100,25.93147772
2020,21071100,24.99025178
2019,21071200,9.660175863
2020,21071200,10.46557879
2019,21072100,38.51536449
2020,21072100,38.23546696
2019,21073100,29.90126544
2020,21073100,27.25303367
2019,21073200,21.33450649
2020,21073200,20.17132427
2019,21074100,30.08059643
2020,21074100,32.26047773
2019,21074200,9.213115181
2020,21074200,10.240226
2019,21074300,6.218764455
2020,21074300,5.353933838
2019,21075100,19.95794135
2020,21075100,20.9698092
2019,21075200,37.99456607
2020,21075200,37.54300333
2019,21076100,14.22169109
2020,21076100,13.61325576
2019,21076200,15.77336432
2020,21076200,13.85608624
2019,21077100,14.33853018
2020,21077100,14.42197695
2019,21077200,15.58957011
2020,21077200,15.22453661
2019,21077300,20.25309539
2020,21077300,19.79501857
2019,21078100,31.36552216
2020,21078100,30.17124551
2019,21078200,15.15866311
2020,21078200,14.44026177
2019,21078300,19.20967044
2020,21078300,16.98830718
2019,21079100,23.54918994
2020,21079100,22.58063511
2019,21079200,26.21392846
2020,21079200,25.37672016
2019,21079300,24.95231292
2020,21079300,23.02295464
2019,21080100,11.97738203
2020,21080100,12.26643463
2019,21080200,20.10562162
2020,21080200,20.93879118
2019,21080300,20.18976708
2020,21080300,17.97152786
2019,21080400,14.85918733
2020,21080400,15.94558899
2019,21081100,30.34871929
2020,21081100,27.11788068
2019,21081200,23.79854949
2020,21081200,24.69544992
2019,21082100,36.42262561
2020,21082100,34.10680162
2019,21083100,38.48003099
2020,21083100,37.39311607
2019,21084100,0
2020,21084100,0.099999689
2019,21084200,0.236940651
2020,21084200,0.809641684
2019,21085100,13.41093924
2020,21085100,13.09671589
2019,21085200,51.68340744
2020,21085200,50.35270239
2019,21086100,48.81877058
2020,21086100,47.23972474
2019,21087100,29.87774348
2020,21087100,28.45014559
2019,21087200,9.707118172
2020,21087200,11.43655168
2019,21088100,29.793942
2020,21088100,30.98625086
2019,21088200,12.67738834
2020,21088200,12.38439553
2019,21089100,17.41320746
2020,21089100,17.4004926
2019,21089200,29.34323011
2020,21089200,27.97245381
2019,21090100,17.81741639
2020,21090100,17.62892515
2019,21090200,16.02316633
2020,21090200,15.70919631
2019,21090300,12.62770588
2020,21090300,11.64050116
2019,21090400,11.38952283
2020,21090400,11.91996036
2019,21090500,29.68713913
2020,21090500,29.55046633
2019,21091100,66.74637465
2020,21091100,68.12040284
2019,21092100,15.32205136
2020,21092100,16.02889817
2019,21092200,27.99766754
2020,21092200,26.59808415
2019,21092300,36.0643778
2020,21092300,35.28698241
2019,21093100,33.54909666
2020,21093100,32.83523129
2019,21094100,20.61930881
2020,21094100,19.31217171
2019,21094200,27.09483365
2020,21094200,25.48348982
2019,21095100,29.00190633
2020,21095100,26.11814935
2019,21095200,38.60808193
2020,21095200,38.11732993
2019,21096100,7.436909007
2020,21096100,7.524673116
2019,21096200,30.35599304
2020,21096200,27.91041819
2019,21096300,6.261726756
2020,21096300,6.536132549
2019,21097100,37.98841509
2020,21097100,36.96137202
2019,21098100,56.14844882
2020,21098100,51.20179351
2019,21099100,42.52969039
2020,21099100,39.9314155
2019,21100100,16.53173912
2020,21100100,15.85487698
2019,21100200,21.14020267
2020,21100200,22.35932774
2019,21100300,6.595898161
2020,21100300,7.056744276
2019,21101100,28.78420875
2020,21101100,25.8757805
2019,21101200,15.79176808
2020,21101200,17.78825547
2019,21102100,6.21143791
2020,21102100,6.713184977
2019,21102200,24.43615004
2020,21102200,23.48232954
2019,21102300,6.598464257
2020,21102300,6.268800158
2019,21102400,18.40193119
2020,21102400,17.94544414
2019,21103100,40.89137245
2020,21103100,38.87368691
2019,21104100,18.4660086
2020,21104100,18.42288601
2019,21104200,21.5398493
2020,21104200,20.27026392
2019,21104300,21.60414152
2020,21104300,20.96593345
2019,21104400,10.35499431
2020,21104400,10.55392877
2019,21105100,2.187813224
2020,21105100,2.293293862
2019,21106100,15.47916537
2020,21106100,16.08000774
2019,21106200,32.65317319
2020,21106200,31.26015584
2019,21107100,26.48319148
2020,21107100,25.05187556
2019,21107200,46.27728902
2020,21107200,42.96564469
2019,21108100,32.52999741
2020,21108100,30.56028557
2019,21108200,10.22170137
2020,21108200,10.15081475
2019,21108300,20.39347732
2020,21108300,19.18551121
2019,21109100,4.027697781
2020,21109100,4.071969049
2019,21109200,8.855397424
2020,21109200,8.541859965
2019,21110100,11.8673844
2020,21110100,10.90020557
2019,21111100,11.1340295
2020,21111100,10.61430008
2019,21111200,4.749400152
2020,21111200,4.350316938
2019,21112100,44.63781949
2020,21112100,40.20004119
2019,21112200,106.7380974
2020,21112200,100.9606933
2019,21113100,15.61041572
2020,21113100,16.30372631
2019,21113200,39.24399952
2020,21113200,38.90307309
2019,21114100,16.51823259
2020,21114100,15.26658734
2019,21115100,10.51526615
2020,21115100,10.18869897
2019,21115200,9.628385249
2020,21115200,9.263391677
2019,21115300,23.47987802
2020,21115300,23.12058212
2019,21116100,14.61651238
2020,21116100,11.74285817
2019,21116200,4.980936029
2020,21116200,5.523223003
2019,21117100,8.703019848
2020,21117100,9.050351961
2019,21117200,5.766517857
2020,21117200,6.171290187
2019,21117300,3.176843778
2020,21117300,3.467535685
2019,21117400,11.23961167
2020,21117400,11.0382676
2019,21117500,19.07009716
2020,21117500,18.16783383
2019,21117600,8.951503446
2020,21117600,9.211607353
2019,21117700,2.165250013
2020,21117700,1.98892669
2019,21118100,0
2020,21118100,0
2019,21119100,0.122062654
2020,21119100,0.07747298
2019,21119200,0
2020,21119200,0
2019,21120100,6.530704176
2020,21120100,6.317338381
2019,21120200,8.7943143
2020,21120200,8.041938683
2019,21120300,7.847734833
2020,21120300,8.430006122
2019,21120400,15.47390198
2020,21120400,14.686094
2019,21121100,4.522661488
2020,21121100,4.46357621
2019,21121200,7.122011324
2020,21121200,7.4313937
2019,21121300,2.049637387
2020,21121300,1.754076947
2019,21121400,9.930033169
2020,21121400,10.39291788
2019,21122100,9.913827369
2020,21122100,8.150002132
2019,21122200,0.057418611
2020,21122200,0.067691191
2019,21122300,11.61911021
2020,21122300,11.18065379
2019,21123100,10.378733
2020,21123100,10.50538809
2019,21123200,14.07902155
2020,21123200,14.37023417
2019,21123300,8.162774497
2020,21123300,8.787969485
2019,21124100,8.703093319
2020,21124100,8.929942373
2019,21124200,27.58618259
2020,21124200,27.22408876
2019,21125100,13.70801059
2020,21125100,14.4128839
2019,21125200,9.25518028
2020,21125200,9.705689714
2019,21125300,18.12624742
2020,21125300,17.77152482
2019,21126100,8.96370868
2020,21126100,9.624430212
2019,21126200,12.6986877
2020,21126200,12.69441641
2019,21126300,16.86854495
2020,21126300,18.23300191
2019,21127100,9.752771255
2020,21127100,9.018898122
2019,21127200,8.946692596
2020,21127200,8.868713385
2019,21127300,6.301122912
2020,21127300,6.681389953
2019,21127400,7.578061742
2020,21127400,6.799194998
2019,21127500,12.21601013
2020,21127500,13.05596157
2019,21127600,7.481108161
2020,21127600,7.267628036
2019,21127700,0
2020,21127700,0
2019,21128100,15.37935737
2020,21128100,14.23172205
2019,21128200,2.513017408
2020,21128200,3.179015765
2019,21129100,10.03351045
2020,21129100,9.138324523
2019,21129200,12.66294698
2020,21129200,11.66585727
2019,21129300,11.80050946
2020,21129300,9.437604101
2019,21130100,6.372301017
2020,21130100,6.091210909
2019,21130200,11.86258954
2020,21130200,13.54374705
2019,21131100,25.83069289
2020,21131100,25.07249116
2019,21131200,31.19319874
2020,21131200,29.05333258
2019,21131300,20.2049373
2020,21131300,19.32807089
2019,21131400,6.337273404
2020,21131400,7.254481625
2019,21132100,32.38450778
2020,21132100,31.62850165
2019,21132200,4.251117277
2020,21132200,4.281549954
2019,21133100,30.65433654
2020,21133100,30.66178439
2019,21133200,11.01108031
2020,21133200,10.82955031
2019,21134100,0
2020,21134100,0
2019,21134200,14.23730806
2020,21134200,13.47555734
2019,21135100,12.37877669
2020,21135100,12.85907092
2019,21135200,34.79992781
2020,21135200,33.43484289
2019,21136100,28.32214613
2020,21136100,28.50983371
2019,21136200,11.37636383
2020,21136200,10.6698454
2019,21137100,27.94651632
2020,21137100,27.93729826
2019,21138100,0.157508183
2020,21138100,0.375881418
2019,21138200,0
2020,21138200,0
2019,21139100,10.52781283
2020,21139100,10.62594683
2019,21139200,8.946182838
2020,21139200,9.091562743
2019,21139300,6.6169725
2020,21139300,7.227025507
2019,21139400,8.825565563
2020,21139400,9.599967741
2019,21139500,3.767654807
2020,21139500,4.843163472
2019,21139600,3.555586642
2020,21139600,3.635084098
2019,21139700,10.95913287
2020,21139700,11.37171321
2019,21140100,10.64171311
2020,21140100,11.32302992
2019,21140200,8.319761642
2020,21140200,7.825259552
2019,21140300,7.354538343
2020,21140300,7.578047432
2019,21140400,4.446353874
2020,21140400,4.847694022
2019,21141100,8.85614853
2020,21141100,7.949670752
2019,21142100,20.21699244
2020,21142100,14.25634344
2019,21142200,13.26821326
2020,21142200,13.18006543
2019,21142300,14.06512714
2020,21142300,13.22038804
2019,21142400,9.54669217
2020,21142400,7.916584846
2019,21142500,8.845752496
2020,21142500,7.631445877
2019,21142600,9.273274717
2020,21142600,9.996138882
2019,21143100,31.17808154
2020,21143100,28.80970055
2019,21143200,21.3510301
2020,21143200,22.5386393
2019,21143300,22.13593382
2020,21143300,21.91172282
2019,21144100,13.31791009
2020,21144100,13.42194948
2019,21145100,28.01244081
2020,21145100,27.65742426
2019,21145200,23.26068331
2020,21145200,24.47318633
2019,21145300,25.46559924
2020,21145300,25.84844694
2019,21146100,0.10961692
2020,21146100,0.166345533
2019,21146200,0
2020,21146200,0
2019,21147100,26.54304474
2020,21147100,26.71095025
2019,21147200,0.021931328
2020,21147200,0.150361092
2019,21148100,12.91785664
2020,21148100,13.78494631
2019,21148200,12.5450614
2020,21148200,12.2914283
2019,21148300,15.16828075
2020,21148300,15.96400628
2019,21149100,31.79306353
2020,21149100,31.62975047
2019,21149200,27.22349061
2020,21149200,25.14883263
2019,21149300,17.05645281
2020,21149300,17.47637558
2019,21150100,20.08295145
2020,21150100,21.25824099
2019,21150200,12.06739472
2020,21150200,12.01779248
2019,21150300,32.20546534
2020,21150300,33.94235867
2019,21150400,10.43226791
2020,21150400,11.19262474
2019,21151100,0.070399018
2020,21151100,0
2019,21152100,7.346780542
2020,21152100,7.314162098
2019,21152200,21.12039652
2020,21152200,21.16043486
2019,21153100,21.68688843
2020,21153100,22.57826556
2019,21153200,18.27017858
2020,21153200,19.39993611
2019,21153300,16.74305944
2020,21153300,16.81357632
2019,21154100,0.044090224
2020,21154100,0.044090224
2019,21155100,14.87434514
2020,21155100,14.20994479
2019,21155200,10.76026229
2020,21155200,12.55575377
2019,21155300,11.46396764
2020,21155300,10.16483654
2019,21156100,3.687271049
2020,21156100,3.56007437
2019,21156200,78.52835752
2020,21156200,77.22931321
2019,21156300,7.25052343
2020,21156300,5.362660189
2019,21157100,3.355054073
2020,21157100,3.254120081
2019,21157200,8.355916773
2020,21157200,8.240086761
2019,21157300,6.314461041
2020,21157300,7.051514506
2019,21157400,12.35521471
2020,21157400,12.47648734
2019,21157500,14.96447411
2020,21157500,15.4504403
2019,21157600,13.65107889
2020,21157600,13.69739334
2019,21158100,32.90329807
2020,21158100,31.80562984
2019,21158200,7.882943298
2020,21158200,6.494846115
2019,21158300,3.748853345
2020,21158300,3.658304709
2019,21158400,5.049934197
2020,21158400,4.877381477
2019,21158500,4.695929679
2020,21158500,4.407502597
2019,21158600,9.13990523
2020,21158600,9.077356965
2019,21158700,14.24377831
2020,21158700,13.74816475
2019,21158800,3.966948519
2020,21158800,3.716656917
2019,21159100,25.01596654
2020,21159100,23.70814857
2019,21159200,19.62547323
2020,21159200,21.77986899
2019,21159300,0.353456947
2020,21159300,0.811216401
2019,21159400,4.006630396
2020,21159400,4.034862646
2019,21160100,17.6303466
2020,21160100,19.34468821
2019,21160200,18.0547198
2020,21160200,16.72335252
2019,21160300,13.86215989
2020,21160300,14.04211386
2019,21161100,15.83752291
2020,21161100,14.51248996
2019,21161200,22.47304015
2020,21161200,21.39772917
2019,21161300,7.618829802
2020,21161300,7.224650847
2019,21161400,12.54346276
2020,21161400,11.62032495
2019,21162100,14.95862542
2020,21162100,14.67427396
2019,21162200,16.75317676
2020,21162200,18.38812929
2019,21162300,11.01441821
2020,21162300,10.21066214
2019,21163100,14.33200193
2020,21163100,15.44527883
2019,21163200,7.802558691
2020,21163200,8.75777042
2019,21163300,13.25946718
2020,21163300,14.15931353
2019,21163400,10.74324049
2020,21163400,11.79995808
2019,21164100,9.226428616
2020,21164100,10.17562036
2019,21164200,17.1092046
2020,21164200,16.98528288
2019,21164300,35.97193135
2020,21164300,37.41946259
2019,21165100,30.81052603
2020,21165100,28.32203379
2019,21165200,18.93290116
2020,21165200,17.54614181
2019,21166100,37.93326166
2020,21166100,36.67789984
2019,21167100,16.65244901
2020,21167100,16.63624792
2019,21167200,22.02365763
2020,21167200,21.58570181
2019,21168100,11.77733143
2020,21168100,10.7969601
2019,21168200,2.646415261
2020,21168200,2.907980203
2019,21169100,35.7562828
2020,21169100,34.37607543
2019,21169200,7.367910923
2020,21169200,8.050913622
2019,21169300,27.97300682
2020,21169300,26.95403672
2019,21170100,6.820974048
2020,21170100,5.914839658
2019,21170200,6.534930391
2020,21170200,7.215246281
2019,21170300,15.65558358
2020,21170300,17.49367761
2019,21170400,15.98227809
2020,21170400,15.98490154
2019,21170500,25.7053522
2020,21170500,24.03816313
2019,21171100,20.67397687
2020,21171100,19.9622217
2019,21171200,27.27340744
2020,21171200,25.3176001
2019,21172100,37.64756194
2020,21172100,36.18709601
2019,21172200,25.04936874
2020,21172200,26.2538846
2019,21173100,24.54945996
2020,21173100,23.34850938
2019,21173200,20.228382
2020,21173200,20.26263617
2019,21173300,9.589377336
2020,21173300,10.15526927
2019,21173400,23.46243057
2020,21173400,22.48221228
2019,21173500,20.16890764
2020,21173500,20.00108712
2019,21174100,11.68890751
2020,21174100,10.94408231
2019,21174200,13.30276262
2020,21174200,17.51728721
2019,21174300,13.31058416
2020,21174300,12.72565606
2019,21174400,12.63260275
2020,21174400,12.87544591
2019,21174500,11.77920181
2020,21174500,11.16753354
2019,21175100,21.34184192
2020,21175100,20.48810111
2019,21175200,18.07204567
2020,21175200,15.80919858
2019,21175300,33.48115837
2020,21175300,33.61300629
2019,21176100,11.59449608
2020,21176100,13.09440726
2019,21176200,10.77867923
2020,21176200,11.76681009
2019,21177100,13.79477739
2020,21177100,13.56909978
2019,21177200,19.49909852
2020,21177200,20.08614052
2019,21178100,30.36175681
2020,21178100,31.23311512
2019,21178200,25.1623439
2020,21178200,21.58241634
2019,21179100,7.525196745
2020,21179100,7.532167195
2019,21179200,10.50347572
2020,21179200,10.76529879
2019,21179300,29.35333849
2020,21179300,30.74380288
2019,21179400,18.51938016
2020,21179400,19.29455094
2019,21180100,25.92064594
2020,21180100,24.94238383
2019,21181100,34.97706285
2020,21181100,34.1295833
2019,21181200,9.673631472
2020,21181200,10.05244782
2019,21181300,24.99323262
2020,21181300,23.30533658
2019,21182100,20.87997025
2020,21182100,22.31915732
2019,21182200,16.78666229
2020,21182200,17.01981588
2019,21182300,16.53333138
2020,21182300,17.80953039
2019,21183100,30.22751569
2020,21183100,29.68248114
2019,21183200,14.62954997
2020,21183200,14.40190455
2019,21184100,32.54252995
2020,21184100,31.47704401
2019,21185100,15.73871718
2020,21185100,15.24935635
2019,21185200,12.54366835
2020,21185200,12.99522318
2019,21185300,11.96134991
2020,21185300,11.49607681
2019,21185400,15.66254863
2020,21185400,15.37864413
2019,21185500,17.7714496
2020,21185500,17.14102731
2019,21186100,26.66080501
2020,21186100,26.14055349
2019,21186200,21.2851711
2020,21186200,20.46247754
2019,21186300,26.28541693
2020,21186300,24.95382151
2019,21186400,13.09517546
2020,21186400,13.47138229
2019,21187100,35.55550125
2020,21187100,34.81774181
2019,21187200,28.94310429
2020,21187200,27.26250446
2019,21188100,39.84178718
2020,21188100,37.55094646
2019,21188200,19.52975158
2020,21188200,20.18222909
2019,21189100,19.66204268
2020,21189100,18.85397251
2019,21189200,25.44212442
2020,21189200,25.52774205
2019,21190100,32.74065039
2020,21190100,32.3359362
2019,21190200,28.32817413
2020,21190200,27.64605511
2019,21191100,9.515902921
2020,21191100,9.244051112
2019,21192100,45.12945136
2020,21192100,44.17667488
2019,21192200,22.81693382
2020,21192200,24.63964023
2019,21193100,7.065205786
2020,21193100,7.960970471
2019,21194100,17.32257969
2020,21194100,16.54265272
2019,21194200,33.61217108
2020,21194200,32.86871239
2019,21195100,20.4135383
2020,21195100,19.9410137
2019,21195200,26.79779227
2020,21195200,27.18302164
2019,21196100,8.776762925
2020,21196100,8.848029328
2019,21196200,13.83193811
2020,21196200,13.15048897
2019,21197100,1.793161877
2020,21197100,2.376075651
2019,21197200,9.632449673
2020,21197200,9.097038068
2019,21197300,3.106908134
2020,21197300,3.084981182
2019,21197400,10.84033481
2020,21197400,11.86316235
2019,21197500,6.852030891
2020,21197500,7.196196627
2019,21197600,15.54679783
2020,21197600,16.8583788
2019,21198100,105.930353
2020,21198100,101.8851556
2019,21199100,33.2536367
2020,21199100,32.88378074
2019,21200100,42.25375809
2020,21200100,43.41164907
2019,21201100,31.02340963
2020,21201100,30.24202825
2019,21201200,20.55196074
2020,21201200,22.20834619
2019,21202100,12.20971743
2020,21202100,12.55473542
2019,21202200,18.65797557
2020,21202200,19.62361509
2019,21202300,33.26448343
2020,21202300,26.96029156
2019,21202400,26.06650288
2020,21202400,24.97462692
2019,21203100,16.62190462
2020,21203100,16.64848493
2019,21204100,14.50985975
2020,21204100,12.34955315
2019,21204200,0
2020,21204200,0.13435073
2019,21204300,18.61530732
2020,21204300,17.42625117
2019,21204400,10.39788692
2020,21204400,9.934962015
2019,21205100,19.67885605
2020,21205100,20.10686422
2019,21205200,12.21255645
2020,21205200,12.26599687
2019,21205300,16.09000878
2020,21205300,16.5931183
2019,21205400,37.09437352
2020,21205400,36.93172202
2019,21205500,40.21342724
2020,21205500,38.4087363
2019,21206100,0.045734901
2020,21206100,0.043362301
2019,21207100,13.88465955
2020,21207100,13.84656913
2019,21207200,2.240289975
2020,21207200,1.990601036
2019,21208100,10.52724198
2020,21208100,10.53979596
2019,21208200,9.339831608
2020,21208200,8.049691054
2019,21209100,12.30629326
2020,21209100,11.40816403
2019,21209200,28.56082142
2020,21209200,28.24718001
2019,21209300,24.48677873
2020,21209300,23.02492925
2019,21210100,102.8530162
2020,21210100,95.92711
2019,21211100,34.85641125
2020,21211100,33.47735988
2019,21212100,25.05609597
2020,21212100,25.36633766
2019,21213100,13.20763849
2020,21213100,11.60241096
2019,21213200,16.19582222
2020,21213200,15.6143795
2019,21214100,10.11755669
2020,21214100,10.00231679
2019,21214200,9.741726244
2020,21214200,10.0294139
2019,21215100,20.54819133
2020,21215100,19.4830029
2019,21216100,21.23779193
2020,21216100,21.403072
2019,21216200,13.41637186
2020,21216200,14.10257767
2019,21217100,18.42104253
2020,21217100,17.16261099
2019,21218100,8.078398782
2020,21218100,7.323856618
2019,21218200,7.834019186
2020,21218200,7.188181392
2019,21219100,9.583189044
2020,21219100,11.1875778
2019,21219200,4.615227371
2020,21219200,4.655997543
2019,21219300,10.66028931
2020,21219300,10.36207233
2019,21220100,11.71163563
2020,21220100,11.82288029
2019,21220200,24.32863397
2020,21220200,23.98640514
2019,21220300,18.85788075
2020,21220300,19.65883999
2019,21220400,7.155310961
2020,21220400,6.525386726
2019,21221100,16.64069857
2020,21221100,15.97885096
2019,21221200,10.09299317
2020,21221200,9.370832858
2019,21222100,37.33685078
2020,21222100,35.08291018
2019,21222200,21.74672111
2020,21222200,21.9539742
2019,21222300,7.984566312
2020,21222300,8.54563908
2019,21223100,7.013151774
2020,21223100,6.290656707
2019,21223200,3.789849963
2020,21223200,3.937947205
2019,21223300,7.72461071
2020,21223300,6.522045917
2019,21223400,9.124976552
2020,21223400,7.623122803
2019,21223500,6.476367247
2020,21223500,5.242761741
2019,21223600,12.66893507
2020,21223600,12.09909637
2019,21223700,12.17460042
2020,21223700,10.32563621
2019,21224100,6.479255335
2020,21224100,6.599791934
2019,21224200,16.38669615
2020,21224200,13.50700471
2019,21224300,8.634966855
2020,21224300,7.865422083
2019,21225100,27.10091733
2020,21225100,26.25218789
2019,21225200,11.37080001
2020,21225200,11.38528718
2019,21226100,12.45932498
2020,21226100,11.03972985
2019,21226200,10.74156919
2020,21226200,9.695103571
2019,21226300,4.222187367
2020,21226300,3.750278691
2019,21226400,5.858368513
2020,21226400,5.300873573
2019,21227100,4.71469389
2020,21227100,4.45106058
2019,21227200,3.339221916
2020,21227200,3.33892602
2019,21227300,2.663304312
2020,21227300,3.019977448
2019,21228100,14.74695107
2020,21228100,14.70016338
2019,21228200,13.84092182
2020,21228200,14.70677122
2019,21228300,5.516668804
2020,21228300,5.751614958
2019,21229100,26.70760843
2020,21229100,27.61320928
2019,21229200,10.94944255
2020,21229200,10.81885
2019,21230100,22.12330582
2020,21230100,21.21084452
2019,21230200,26.60783322
2020,21230200,25.91485386
2019,21230300,12.43129749
2020,21230300,12.77623573
2019,21230400,16.22770489
2020,21230400,15.4791792
2019,21231100,13.23838825
2020,21231100,11.99125386
2019,21231200,13.18415372
2020,21231200,11.97095368
2019,21232100,19.33538314
2020,21232100,15.13557729
2019,21232200,11.58566787
2020,21232200,10.94637468
2019,21233100,40.22905584
2020,21233100,37.09638017
2019,21233200,20.38510734
2020,21233200,19.75114399
2019,21233300,11.34946004
2020,21233300,9.95079934
2019,21233400,9.884975394
2020,21233400,8.461090264
2019,21234100,22.78146434
2020,21234100,21.02812379
2019,21234200,48.98326543
2020,21234200,44.59889048
2019,21235100,19.36936047
2020,21235100,18.72252949
2019,21235200,30.37123906
2020,21235200,28.29280906
2019,21236100,19.02408026
2020,21236100,18.41951529
2019,21237100,17.78992408
2020,21237100,16.78476591
2019,21237200,27.39992514
2020,21237200,24.65528414
2019,21237300,27.14281073
2020,21237300,26.42243144
2019,21238100,17.9964144
2020,21238100,18.29464585
2019,21238200,12.20931816
2020,21238200,14.11451661
2019,21239100,11.23631378
2020,21239100,10.59118944
2019,21239200,31.60959459
2020,21239200,32.38593262
2019,21240100,8.984602471
2020,21240100,10.96674672
2019,21240200,19.60753902
2020,21240200,18.34187694
2019,21241100,25.9791732
2020,21241100,24.80060526
2019,21241200,20.32933808
2020,21241200,18.86880426
2019,21241300,24.06674931
2020,21241300,22.0151496
2019,21241400,16.73396559
2020,21241400,15.80685766
2019,21242100,31.61424465
2020,21242100,29.23719227
2019,21242200,41.8331098
2020,21242200,38.41574339
2019,21243100,24.4377743
2020,21243100,22.51550016
2019,21243200,10.90292116
2020,21243200,9.831730252
2019,21243300,17.81071796
2020,21243300,17.84972572
2019,21244100,6.744471333
2020,21244100,6.941624752
2019,21244200,12.2069276
2020,21244200,11.77499319
2019,21245100,23.18072703
2020,21245100,22.36789049
2019,21245200,6.784906022
2020,21245200,7.184151583
2019,21246100,27.28178757
2020,21246100,24.51038417
2019,21246200,4.335909474
2020,21246200,4.430699267
2019,21247100,23.66152109
2020,21247100,22.11079257
2019,21248100,41.89071101
2020,21248100,38.70841329
2019,21249100,10.87471661
2020,21249100,11.38971528
2019,21249200,6.246699153
2020,21249200,6.793772749
2019,21250100,39.85369384
2020,21250100,43.0725977
2019,21251100,5.366545571
2020,21251100,6.391604028
2019,21251200,9.102207509
2020,21251200,9.149655864
2019,21252100,27.04891785
2020,21252100,26.66209354
2019,21253100,11.80524618
2020,21253100,10.86980091
2019,21254100,23.83573572
2020,21254100,23.34104099
2019,21254200,29.45615705
2020,21254200,27.79417783
2019,21255100,7.982045286
2020,21255100,8.263858278
2019,21255200,3.694878255
2020,21255200,3.692303479
2019,21255300,10.79170856
2020,21255300,10.41694021
2019,21255400,5.810764904
2020,21255400,5.46478971
2019,21255500,5.582647678
2020,21255500,5.600632229
2019,21256100,21.03595535
2020,21256100,22.10386325
2019,21257100,10.93989135
2020,21257100,10.62053183
2019,21257200,5.724454666
2020,21257200,5.839146568
2019,21257300,5.426784469
2020,21257300,5.195229513
2019,21258100,16.780644
2020,21258100,15.91069394
2019,21259100,9.562424712
2020,21259100,10.68686429
2019,21259200,9.784136381
2020,21259200,10.19029391
2019,21259300,11.14045323
2020,21259300,10.51006575
2019,21259400,1.102464541
2020,21259400,1.412720198
2019,21260100,11.00579104
2020,21260100,11.35303318
2019,21260200,14.50752633
2020,21260200,13.95972099
2019,21260300,2.596343392
2020,21260300,2.687122728
2019,21260400,3.732385526
2020,21260400,4.500682478
2019,21260500,3.41304009
2020,21260500,3.460099964
2019,21260600,2.094496391
2020,21260600,2.115019632
2019,21261100,12.01047628
2020,21261100,12.20781424
2019,21262100,11.98400566
2020,21262100,13.39633551
2019,21262200,20.34118447
2020,21262200,21.13603622
2019,21263100,18.19186644
2020,21263100,18.56191672
2019,21263200,11.05285737
2020,21263200,11.96644126
2019,21264100,6.700595442
2020,21264100,6.28567144
2019,21264200,7.338179486
2020,21264200,8.035379475
2019,21264300,15.80008531
2020,21264300,16.67985623
2019,21264400,9.273566085
2020,21264400,11.00590994
2019,21265100,9.013651188
2020,21265100,9.007509664
2019,21265200,9.35657864
2020,21265200,10.0398621
2019,21265300,8.87686278
2020,21265300,9.016050821
2019,21265400,6.507655108
2020,21265400,6.489780766
2019,21266100,53.39979768
2020,21266100,59.26139674
2019,21266200,23.69708406
2020,21266200,26.68681184
2019,21267100,56.92691513
2020,21267100,60.45561971
2019,21267200,8.097784073
2020,21267200,9.725325037
2019,21268100,7.340304722
2020,21268100,7.835418275
2019,21268200,5.846295074
2020,21268200,5.799658451
2019,21268300,4.995965678
2020,21268300,4.671599188
2019,21268400,6.733180962
2020,21268400,7.02090595
2019,21269100,12.23509107
2020,21269100,12.30011968
2019,21270100,2.092601177
2020,21270100,2.118699169
2019,21270200,3.559395838
2020,21270200,4.430391248
2019,21270300,4.540182853
2020,21270300,4.920936955
2019,21271100,7.808357434
2020,21271100,9.121964341
2019,21272100,32.0774118
2020,21272100,34.13998453
2019,21273100,4.740379129
2020,21273100,4.76751782
2019,21274100,92.64777014
2020,21274100,99.79190245
2019,21275100,3.016424826
2020,21275100,4.599586932
2019,21276100,0
2020,21276100,0.276473116
2019,21277100,23.35626721
2020,21277100,26.8510576
2019,21278100,8.230290871
2020,21278100,7.929072014
2019,21278200,10.7532094
2020,21278200,10.47693551
2019,21278300,17.95969322
2020,21278300,18.04105935
2019,21278400,17.48360375
2020,21278400,16.93976978
2019,21278500,17.63915299
2020,21278500,17.52999195
2019,21279100,22.17779434
2020,21279100,21.58281572
2019,21280100,0.019951361
2020,21280100,0.00578613
2019,21280200,0
2020,21280200,0
2019,21281100,0.043169727
2020,21281100,0.043169727
2019,21281200,0.258651521
2020,21281200,0.297232258
2019,21282100,11.48385436
2020,21282100,11.52569967
2019,21283100,144.7330067
2020,21283100,131.7307451
2019,21284100,7.925471254
2020,21284100,7.977875228
2019,21284200,13.12178495
2020,21284200,13.28649307
2019,21284300,9.00081414
2020,21284300,9.961677765
2019,21284400,8.270694614
2020,21284400,9.082068276
2019,21285100,16.81928833
2020,21285100,17.57800755
2019,21285200,15.8701695
2020,21285200,20.81625011
2019,21286100,9.306242607
2020,21286100,9.697308441
2019,21286200,5.300115726
2020,21286200,5.14140274
2019,21286300,10.2921245
2020,21286300,10.81123282
2019,21287100,10.63217382
2020,21287100,11.22236487
2019,21287200,8.187061886
2020,21287200,8.395770769
2019,21287300,25.19291239
2020,21287300,25.96040255
2019,21288100,7.991316685
2020,21288100,7.318127234
2019,21288200,7.828523987
2020,21288200,7.385941053
2019,21289100,24.69164498
2020,21289100,25.78186629
2019,21289200,13.43541485
2020,21289200,12.37825778
2019,21289300,22.90905442
2020,21289300,21.85140243
2019,21290100,13.34711873
2020,21290100,12.66743884
2019,21290200,17.41796404
2020,21290200,17.86938542
2019,21291100,15.000803
2020,21291100,16.1451624
2019,21291200,34.22224626
2020,21291200,37.09767834
2019,21291300,33.49062043
2020,21291300,35.33264201
2019,21292100,14.52484925
2020,21292100,14.95150398
2019,21292200,12.65139606
2020,21292200,13.46207039
2019,21292300,11.94422367
2020,21292300,16.87139798
2019,21292400,7.116802807
2020,21292400,9.091336208
2019,21292500,9.509240448
2020,21292500,10.08961199
2019,21293100,1.882801773
2020,21293100,2.799515745
2019,21293200,1.244423362
2020,21293200,1.501958886
2019,21293300,2.857455438
2020,21293300,2.996654698
2019,21294100,17.62463846
2020,21294100,17.77529374
2019,21294200,12.50116509
2020,21294200,12.21446476
2019,21294300,15.87374653
2020,21294300,14.51980635
2019,21295100,9.669495939
2020,21295100,9.795133236
2019,21295200,10.34148185
2020,21295200,10.4121267
2019,21295300,30.44629369
2020,21295300,30.06765939
2019,21296100,7.48983832
2020,21296100,7.945427951
2019,21296200,14.98276432
2020,21296200,14.93208958
2019,21296300,47.3587934
2020,21296300,47.40417764
2019,21297100,14.5851403
2020,21297100,14.53815708
2019,21297200,15.76079978
2020,21297200,14.78361239
2019,21298100,37.30644105
2020,21298100,37.63978764
2019,21299100,7.513982446
2020,21299100,7.088862446
2019,21299200,3.880161398
2020,21299200,3.831129262
2019,21299300,10.35201471
2020,21299300,10.6295507
2019,21299400,21.66121522
2020,21299400,20.190772
2019,21300100,9.586606779
2020,21300100,8.085290505
2019,21300200,22.28306289
2020,21300200,20.7059366
2019,21300300,16.97586628
2020,21300300,15.79891919
2019,21301100,46.11999498
2020,21301100,43.27763396
2019,21302100,10.03890402
2020,21302100,9.926685672
2019,21302200,27.85208439
2020,21302200,26.95442454
2019,21303100,24.63895368
2020,21303100,22.42579698
2019,21303200,27.71869643
2020,21303200,26.34642237
2019,21304100,9.018599049
2020,21304100,7.840987466
2019,21304200,4.219147254
2020,21304200,4.247011679
2019,21305100,12.6350708
2020,21305100,10.94008115
2019,21305200,30.79084523
2020,21305200,29.43443709
2019,21305300,39.29078753
2020,21305300,36.29177907
2019,21306100,45.1139027
2020,21306100,40.96826154
2019,21306200,24.66146936
2020,21306200,24.07549594
2019,21307100,27.20300311
2020,21307100,25.13596088
2019,21308100,16.11829324
2020,21308100,14.09902501
2019,21308200,40.06093897
2020,21308200,37.86356184
2019,21308300,15.22375404
2020,21308300,14.23138593
2019,21309100,13.77543316
2020,21309100,12.48976568
2019,21309200,10.50644997
2020,21309200,10.09872228
2019,21310100,12.45502014
2020,21310100,11.9748201
2019,21310200,29.73419232
2020,21310200,27.38184701
2019,21311100,36.94140049
2020,21311100,32.86941155
2019,21311200,11.47386063
2020,21311200,12.06055925
2019,21311300,11.47055157
2020,21311300,11.48731111
2019,21311400,12.32944351
2020,21311400,12.13002883
2019,21312100,0.109482939
2020,21312100,0.109482939
2019,21312200,3.712935047
2020,21312200,3.173063964
2019,21313100,15.03614756
2020,21313100,13.93549729
2019,21313200,21.25972213
2020,21313200,19.85541671
2019,21313300,16.60842666
2020,21313300,14.22371536
2019,21313400,26.79663597
2020,21313400,25.49484947
2019,21314100,2.84551266
2020,21314100,3.024110021
2019,21314200,40.69234944
2020,21314200,35.64729794
2019,21314300,2.643898933
2020,21314300,4.08125084
2019,21315100,12.98194653
2020,21315100,12.85947467
2019,21315200,24.66831396
2020,21315200,22.97600474
2019,21316100,42.18624267
2020,21316100,49.21250109
2019,21317100,24.79630372
2020,21317100,23.39440681
2019,21317200,13.23036394
2020,21317200,12.24139182
2019,21317300,8.917429061
2020,21317300,7.594613882
2019,21318100,42.1262229
2020,21318100,39.39643481
2019,21318200,70.98047667
2020,21318200,62.53066232
2019,21319100,22.61703681
2020,21319100,31.32913513
2019,21319200,34.51728178
2020,21319200,26.76415896
2019,21320100,19.51842934
2020,21320100,19.74361809
2019,21320200,28.78750943
2020,21320200,26.43338092
2019,21321100,10.23710349
2020,21321100,10.17270576
2019,21321200,31.50140881
2020,21321200,31.78632652
2019,21322100,56.52732813
2020,21322100,52.8451235
2019,21323100,14.86813565
2020,21323100,13.96734464
2019,21323200,11.80592138
2020,21323200,10.76759991
2019,21323300,9.29518075
2020,21323300,8.456738073
2019,21323400,6.066527479
2020,21323400,5.954606287
2019,21323500,13.8072832
2020,21323500,11.03303308
2019,21324100,16.76682892
2020,21324100,15.59627737
2019,21324200,20.73467047
2020,21324200,18.06170566
2019,21325100,33.19389558
2020,21325100,29.46787796
2019,21325200,11.31258126
2020,21325200,10.61880057
2019,21326100,8.58499966
2020,21326100,8.585686795
2019,21326200,25.87573859
2020,21326200,26.29582408
2019,21326300,23.14570566
2020,21326300,22.90213824
2019,21326400,21.27924326
2020,21326400,21.23951206
2019,21327100,39.16181796
2020,21327100,33.70868293
2019,21327200,16.90183545
2020,21327200,17.17493318
2019,21328100,47.68183068
2020,21328100,45.88805202
2019,21329100,30.38678441
2020,21329100,30.40046874
2019,21329200,20.20853986
2020,21329200,18.06786405
2019,21329300,24.26231893
2020,21329300,22.83113437
2019,21330100,8.732585814
2020,21330100,8.75437235
2019,21330200,1.650436331
2020,21330200,1.717357738
2019,21330300,15.60360717
2020,21330300,15.43071229
2019,21331100,0.308728581
2020,21331100,0.399978451
2019,21331200,32.20484459
2020,21331200,28.22325129
2019,21332100,13.79697225
2020,21332100,13.08407403
2019,21332200,18.44449353
2020,21332200,16.79529096
2019,21332300,5.419411179
2020,21332300,5.157617492
2019,21333100,50.63253407
2020,21333100,47.55521812
2019,21334100,46.62441933
2020,21334100,43.3870063
2019,21335100,26.23511869
2020,21335100,16.75667048
2019,21335200,22.17440548
2020,21335200,22.91743963
2019,21336100,17.39426052
2020,21336100,15.04535693
2019,21336200,26.34353014
2020,21336200,26.02659885
2019,21336300,28.57375403
2020,21336300,32.10835051
2019,21336400,21.13399337
2020,21336400,21.80614968
2019,21337100,14.86967671
2020,21337100,14.49925558
2019,21337200,23.05871242
2020,21337200,26.95543258
2019,21338100,32.6141478
2020,21338100,33.92540921
2019,21339100,31.26358644
2020,21339100,28.21331891
2019,21339200,9.657163169
2020,21339200,9.842632046
2019,21339300,14.21422899
2020,21339300,13.43064424
2019,21339400,20.5555643
2020,21339400,19.64105143
2019,21340100,27.18765641
2020,21340100,28.88384605
2019,21341100,34.59921074
2020,21341100,31.63850366
2019,21341200,16.19639782
2020,21341200,15.81430484
2019,21342100,32.1405603
2020,21342100,29.67471724
2019,21342200,11.60388986
2020,21342200,10.5350941
2019,21343100,43.55151379
2020,21343100,40.29243547
2019,21344100,26.0738554
2020,21344100,23.83380581
2019,21344200,15.28033674
2020,21344200,14.6944481
2019,21345100,20.71958849
2020,21345100,17.85902035
2019,21345200,23.75744413
2020,21345200,24.31918662
2019,21346100,19.36168381
2020,21346100,17.77289798
2019,21346200,24.50505933
2020,21346200,22.39682139
2019,21347100,0.06151218
2020,21347100,0.145615006
2019,21347200,0.325363637
2020,21347200,0.535548108
2019,21347300,0
2020,21347300,0
2019,21348100,44.29894974
2020,21348100,40.61938356
2019,21349100,12.91502617
2020,21349100,9.116557847
2019,21349200,17.69623692
2020,21349200,16.88828398
2019,21349300,10.72641405
2020,21349300,9.933915405
2019,21349400,16.70555258
2020,21349400,16.00403182
2019,21350100,54.93253004
2020,21350100,50.73651813
2019,21351100,56.19376605
2020,21351100,54.62514343
2019,21351200,13.37739808
2020,21351200,15.30982652
2019,21352100,17.52066907
2020,21352100,16.11204511
2019,21352200,28.54501668
2020,21352200,24.94678346
2019,21353100,33.32075816
2020,21353100,37.84393301
2019,21353200,0.144931075
2020,21353200,0.103248409
2019,21353300,13.34143811
2020,21353300,13.76962765
2019,21353400,0
2020,21353400,0
2019,21354100,1.087701553
2020,21354100,0.955819545
2019,21354200,22.4710896
2020,21354200,19.69151046
2019,21354300,2.824148599
2020,21354300,2.782890108
2019,21354400,4.421419172
2020,21354400,5.199434452
2019,21355100,0
2020,21355100,0
2019,21356100,19.88300771
2020,21356100,19.23095992
2019,21356200,18.87654431
2020,21356200,17.49862852
2019,21356300,11.97677674
2020,21356300,10.82794426
2019,21357100,0
2020,21357100,0
2019,21357200,0
2020,21357200,0
2019,21358100,13.06279516
2020,21358100,11.55416557
2019,21359100,13.0346778
2020,21359100,13.52420275
2019,21360100,20.49862872
2020,21360100,20.90465563
2019,21360200,3.602230916
2020,21360200,5.20432335
2019,21361100,13.0946687
2020,21361100,11.73980171
2019,21361200,6.578539959
2020,21361200,6.89170371
2019,21361300,5.874052609
2020,21361300,6.392674077
2019,21362100,6.839881743
2020,21362100,6.966322709
2019,21362200,15.7432785
2020,21362200,14.50207338
2019,21362300,13.05294278
2020,21362300,12.7736338
2019,21362400,20.37618722
2020,21362400,18.43959271
2019,21363100,0.885380911
2020,21363100,1.178533357
2019,21363200,0.057179495
2020,21363200,0.057179495
2019,21364100,0
2020,21364100,0
2019,21365100,0.26022547
2020,21365100,0.478066211
2019,21365200,0.072375108
2020,21365200,0.137767532
2019,21366100,22.97773203
2020,21366100,23.43852528
2019,21366200,22.16553792
2020,21366200,22.45515655
2019,21367100,1.70967144
2020,21367100,1.774428887
2019,21367200,4.838196382
2020,21367200,4.742671358
2019,21368100,45.31750281
2020,21368100,42.27092106
2019,21369100,0.190825469
2020,21369100,0.255386898
2019,21369200,0
2020,21369200,0
2019,21369300,0.202310848
2020,21369300,0.26296062
2019,21369400,0
2020,21369400,0
2019,21370100,13.75267514
2020,21370100,9.4895653
2019,21370200,13.07619586
2020,21370200,14.85996814
2019,21370300,15.62441909
2020,21370300,16.97336955
2019,21371100,17.37024874
2020,21371100,20.07970424
2019,21371200,10.95370912
2020,21371200,12.2156347
2019,21371300,13.42506453
2020,21371300,15.42602719
2019,21372100,24.91888045
2020,21372100,27.88977496
2019,21372200,26.52724659
2020,21372200,25.64135739
2019,21373100,17.90655588
2020,21373100,16.61059603
2019,21373200,19.21691678
2020,21373200,19.75879432
2019,21374100,10.46482336
2020,21374100,10.60150832
2019,21375100,25.66081111
2020,21375100,26.3445249
2019,21376100,15.5666696
2020,21376100,14.25036651
2019,21376200,11.75477145
2020,21376200,10.07290776
2019,21376300,18.75590238
2020,21376300,17.70603466
2019,21377100,10.53218408
2020,21377100,11.61224397
2019,21378100,10.9324688
2020,21378100,10.74869181
2019,21378200,12.00853734
2020,21378200,12.46552908
2019,21378300,27.76004562
2020,21378300,27.28456213
2019,21379100,19.59240561
2020,21379100,21.49358389
2019,21379200,0
2020,21379200,1.157131203
2019,21379300,0
2020,21379300,0
2019,21380100,18.99991776
2020,21380100,20.77312702
2019,21380200,22.34608747
2020,21380200,22.11469327
2019,21380300,39.35443781
2020,21380300,37.24774186
2019,21381100,25.06009897
2020,21381100,26.34664316
2019,21381200,26.32392944
2020,21381200,25.40164567
2019,21381300,21.26745833
2020,21381300,22.70084477
2019,21382100,27.40434688
2020,21382100,27.62683304
2019,21382200,33.64125021
2020,21382200,33.96154825
2019,21383100,50.51089036
2020,21383100,50.98716264
2019,21383200,18.88789975
2020,21383200,18.54569251
2019,21383300,30.54209918
2020,21383300,25.6600794
2019,21384100,21.9125984
2020,21384100,23.66635517
2019,21384200,39.51298185
2020,21384200,40.6617357
2019,21384300,22.10500824
2020,21384300,21.45744869
2019,21385100,27.47234659
2020,21385100,25.7677157
2019,21385200,7.549625931
2020,21385200,7.60918835
2019,21386100,6.269237866
2020,21386100,7.062381912
2019,21386200,4.832672656
2020,21386200,5.654351245
2019,21386300,11.89360848
2020,21386300,12.5655652
2019,21387100,15.89591458
2020,21387100,14.15163637
2019,21387200,4.589815157
2020,21387200,4.027135745
2019,21388100,21.40021764
2020,21388100,24.88693556
2019,21388200,45.33960033
2020,21388200,41.55202533
2019,21389100,12.92268916
2020,21389100,14.6972491
2019,21389200,17.82372833
2020,21389200,17.98631523
2019,21389300,19.91055811
2020,21389300,19.71904321
2019,21389400,8.709814397
2020,21389400,9.668516624
2019,21390100,32.64156779
2020,21390100,33.78945794
2019,21391100,21.20513409
2020,21391100,20.40644119
2019,21391200,36.72826789
2020,21391200,38.09743782
2019,21392100,6.448634472
2020,21392100,5.287556715
2019,21392200,20.06192724
2020,21392200,19.40093433
2019,21392300,11.95316765
2020,21392300,11.81376505
2019,21393100,42.74374504
2020,21393100,46.97180187
2019,21394100,20.79402381
2020,21394100,22.09389
2019,21394200,23.27155968
2020,21394200,24.54789936
2019,21395100,44.18808478
2020,21395100,42.72436388
2019,21396100,63.46225014
2020,21396100,45.14631176
2019,21396200,32.80362903
2020,21396200,31.96867724
2019,21397100,4.95736041
2020,21397100,5.209387767
2019,21398100,19.19764259
2020,21398100,18.57154651
2019,21398200,28.94710996
2020,21398200,26.27672122
2019,21398300,20.96972795
2020,21398300,20.89015392
2019,21398400,13.74203816
2020,21398400,11.8218622
2019,21399100,8.949988977
2020,21399100,8.784479435
2019,21399200,16.40407283
2020,21399200,19.20487525
2019,21399300,9.313579822
2020,21399300,10.92297376
2019,21400100,14.66098725
2020,21400100,14.22672878
2019,21400200,25.71488454
2020,21400200,20.68160219
2019,21400300,18.31715482
2020,21400300,16.58334735
2019,21400400,3.088549831
2020,21400400,5.626258899
2019,21400500,7.201872353
2020,21400500,7.53516093
2019,21401100,17.65358278
2020,21401100,19.02629025
2019,21401200,15.7206263
2020,21401200,15.4011555
2019,21401300,25.90049534
2020,21401300,25.54478835
2019,21401400,12.46244602
2020,21401400,10.54461206
2019,21401500,16.59569629
2020,21401500,19.40668514
2019,21401600,9.49846589
2020,21401600,7.510555899
2019,21402100,24.5947128
2020,21402100,27.85787267
2019,21402200,22.55853007
2020,21402200,25.50481717
2019,21403100,21.7634919
2020,21403100,23.91179016
2019,21403200,38.30566651
2020,21403200,42.44068645
2019,21404100,20.92790009
2020,21404100,23.34019662
2019,21404200,28.88764824
2020,21404200,27.50183534
2019,21405100,37.59413656
2020,21405100,34.93772001
2019,21405200,11.64286071
2020,21405200,11.55558009
2019,21405300,17.682374
2020,21405300,18.65174011
2019,21406100,15.67556719
2020,21406100,15.81536112
2019,21407100,18.82489929
2020,21407100,24.28963146
2019,21408100,33.13599801
2020,21408100,33.81654226
2019,21408200,24.6867203
2020,21408200,26.28589512
2019,21409100,30.1242568
2020,21409100,28.69079901
2019,21409200,29.54581545
2020,21409200,28.87820019
2019,21410100,43.51512877
2020,21410100,42.23188026
2019,21411100,21.4956912
2020,21411100,21.00339275
2019,21411200,28.32049614
2020,21411200,27.45105806
2019,21412100,34.37724535
2020,21412100,35.37559929
2019,21412200,22.30841111
2020,21412200,22.28909216
2019,21412300,35.10733152
2020,21412300,36.21117536
2019,21413100,0
2020,21413100,0
2019,21414100,8.924718421
2020,21414100,9.083818226
2019,21414200,16.75134656
2020,21414200,18.46262102
2019,21414300,19.33394136
2020,21414300,19.16321827
2019,21414400,23.80800694
2020,21414400,23.30537855
2019,21415100,33.5535293
2020,21415100,34.97749049
2019,21415200,22.59993646
2020,21415200,21.70511608
2019,21416100,6.7288985
2020,21416100,6.208709191
2019,21416200,12.17147343
2020,21416200,11.87260326
2019,21416300,7.725473074
2020,21416300,8.662769737
2019,21416400,15.92069018
2020,21416400,15.16108769
2019,21416500,12.79574905
2020,21416500,13.17076288
2019,21417100,16.24468086
2020,21417100,15.91075105
2019,21417200,22.41199667
2020,21417200,20.6675427
2019,21417300,10.88807649
2020,21417300,11.33338383
2019,21418100,26.76025172
2020,21418100,26.57455372
2019,21418200,26.6833233
2020,21418200,26.23707139
2019,21419100,33.8337183
2020,21419100,33.71427198
2019,21419200,15.79246765
2020,21419200,16.92831509
2019,21420100,29.22378202
2020,21420100,29.16258174
2019,21420200,24.56954016
2020,21420200,23.3118179
2019,21421100,21.53288421
2020,21421100,23.68544511
2019,21421200,21.90400954
2020,21421200,22.1527404
2019,21421300,14.25581122
2020,21421300,15.49157741
2019,21421400,12.57374166
2020,21421400,13.64867154
2019,21422100,20.9535295
2020,21422100,20.32907557
2019,21422200,17.73656693
2020,21422200,16.04906527
2019,21422300,11.69551411
2020,21422300,11.09865221
2019,21423100,21.27594444
2020,21423100,20.1355675
2019,21423200,29.98570777
2020,21423200,30.52076449
2019,21424100,22.18171678
2020,21424100,20.69444974
2019,21424200,21.5423239
2020,21424200,20.13474794
2019,21425100,26.82290622
2020,21425100,25.67542202
2019,21425200,30.00078457
2020,21425200,30.05189774
2019,21426100,33.89359788
2020,21426100,34.52262834
2019,21426200,34.82546118
2020,21426200,35.44016033
2019,21426300,11.66201195
2020,21426300,8.21669956
2019,21426400,9.432898171
2020,21426400,9.311680998
2019,21427100,22.83600857
2020,21427100,22.96886712
2019,21427200,13.49777497
2020,21427200,13.07828727
2019,21427300,44.25272877
2020,21427300,43.05149266
2019,21427400,0.180081595
2020,21427400,0.214559486
2019,21428100,15.9420334
2020,21428100,16.13637542
2019,21428200,23.39159735
2020,21428200,23.38754802
2019,21428300,34.68339645
2020,21428300,36.21656626
2019,21429100,43.41899781
2020,21429100,43.12307341
2019,21429200,18.9711762
2020,21429200,18.42959205
2019,21430100,29.96385099
2020,21430100,17.54889129
2019,21430200,26.42962292
2020,21430200,24.35126768
2019,21431100,27.30111616
2020,21431100,25.98709229
2019,21431200,23.7131881
2020,21431200,24.70715116
2019,21432100,29.54546202
2020,21432100,28.66155915
2019,21432200,23.54787401
2020,21432200,23.84521489
2019,21433100,13.40448331
2020,21433100,15.32566772
2019,21433200,40.98681658
2020,21433200,41.59528958
2019,21434100,21.16005734
2020,21434100,19.77557209
2019,21434200,20.12622797
2020,21434200,18.86919183
2019,21435100,47.51374451
2020,21435100,43.50421312
2019,21436100,32.0276754
2020,21436100,32.43079352
2019,21436200,14.60075639
2020,21436200,14.24060344
2019,21437100,23.43478727
2020,21437100,22.54977441
2019,21438100,48.36974612
2020,21438100,46.45134418
2019,21439100,13.82527851
2020,21439100,14.68190826
2019,21439200,7.049767523
2020,21439200,7.699793775
2019,21439300,15.27537848
2020,21439300,14.24335737
2019,21439400,8.417211991
2020,21439400,8.752221906
2019,21439500,0
2020,21439500,0
2019,21440100,23.16246951
2020,21440100,21.88595061
2019,21440200,35.68887092
2020,21440200,33.74408968
2019,21440300,23.88016546
2020,21440300,24.07775266
2019,21441100,0
2020,21441100,0
2019,21442100,41.36198126
2020,21442100,40.45560546
2019,21443100,0
2020,21443100,0
2019,21443200,0
2020,21443200,0.120082714
2019,21443300,0
2020,21443300,0
2019,21443400,0
2020,21443400,0
2019,21444100,37.1211428
2020,21444100,36.96821948
2019,21444200,22.71841461
2020,21444200,21.60769223
2019,21445100,9.788906203
2020,21445100,10.31684663
2019,21445200,13.96727558
2020,21445200,13.50025263
2019,21446100,10.32408388
2020,21446100,9.486307014
2019,21446200,35.13078846
2020,21446200,35.45960041
2019,21446300,13.18030284
2020,21446300,13.08144336
2019,21446400,27.08540345
2020,21446400,29.63073352
2019,21447100,13.74025162
2020,21447100,11.9587832
2019,21447200,31.76660372
2020,21447200,31.53452491
2019,21447300,29.50028558
2020,21447300,27.9753062
2019,21448100,20.45676743
2020,21448100,18.6536186
2019,21448200,5.579350545
2020,21448200,5.922229585
2019,21448300,10.6505254
2020,21448300,10.33755252
2019,21449100,17.38202574
2020,21449100,16.80491799
2019,21449200,28.82212645
2020,21449200,26.94102968
2019,21449300,25.19618698
2020,21449300,23.20589813
2019,21449400,20.62831561
2020,21449400,19.49007184
2019,21450100,64.86057177
2020,21450100,59.49310576
2019,21451100,10.5487099
2020,21451100,9.051014983
2019,21451200,0.950309636
2020,21451200,0.95659694
2019,21451300,5.882152826
2020,21451300,6.229475995
2019,21452100,20.11268919
2020,21452100,17.73760194
2019,21452200,18.13534504
2020,21452200,19.66354831
2019,21452300,15.76376489
2020,21452300,14.20985978
2019,21453100,8.00452485
2020,21453100,7.736306499
2019,21453200,9.325765597
2020,21453200,9.437873766
2019,21453300,9.957578468
2020,21453300,9.358350713
2019,21453400,15.729682
2020,21453400,16.22036566
2019,21454100,8.704876746
2020,21454100,8.624189496
2019,21454200,20.0614015
2020,21454200,20.61248088
2019,21454300,11.2948221
2020,21454300,11.04104598
2019,21454400,14.80051297
2020,21454400,14.00679417
2019,21454500,9.527421128
2020,21454500,8.661784725
2019,21455100,7.983521096
2020,21455100,6.826184112
2019,21455200,45.90182554
2020,21455200,46.13885262
2019,21456100,26.79077166
2020,21456100,26.38034008
2019,21456200,28.36982694
2020,21456200,25.79563053
2019,21456300,21.77178376
2020,21456300,20.5142926
2019,21456400,6.327281636
2020,21456400,5.594870922
2019,21456500,12.66940111
2020,21456500,12.28210694
2019,21457100,14.65457529
2020,21457100,13.42702085
2019,21457200,9.828321581
2020,21457200,9.339590698
2019,21457300,11.09921176
2020,21457300,10.83648917
2019,21458100,22.9238532
2020,21458100,21.89728921
2019,21458200,14.72358895
2020,21458200,14.04862629
2019,21458300,9.612009561
2020,21458300,11.10790927
2019,21458400,11.74922687
2020,21458400,9.88845571
2019,21458500,9.486001272
2020,21458500,8.674205708
2019,21458600,18.89678842
2020,21458600,17.85185111
2019,21459100,12.49506117
2020,21459100,12.33197617
2019,21459200,11.69785356
2020,21459200,11.1120998
2019,21459300,15.00589988
2020,21459300,15.54646902
2019,21459400,14.66323975
2020,21459400,14.48899196
2019,21459500,0
2020,21459500,0
2019,21459600,0
2020,21459600,0
2019,21460100,13.10840267
2020,21460100,13.33739376
2019,21460200,11.58153862
2020,21460200,12.33493173
2019,21460300,7.870121922
2020,21460300,6.812238421
2019,21461100,19.79812681
2020,21461100,18.26707998
2019,21461200,27.57604234
2020,21461200,26.21598732
2019,21461300,40.74364544
2020,21461300,38.27185881
2019,21462100,15.04706581
2020,21462100,13.73967007
2019,21462200,10.18745244
2020,21462200,11.33103738
2019,21463100,16.73505517
2020,21463100,15.90207081
2019,21463200,13.13688158
2020,21463200,12.10263072
2019,21464100,17.58369688
2020,21464100,15.51284192
2019,21464200,7.377984055
2020,21464200,8.053203742
2019,21464300,14.77546351
2020,21464300,13.8510896
2019,21465100,12.55147555
2020,21465100,12.38820706
2019,21466100,5.242688361
2020,21466100,5.448717614
2019,21466200,5.594104381
2020,21466200,5.400686163
2019,21466300,6.95941004
2020,21466300,7.020569966
2019,21466400,5.412496809
2020,21466400,5.654410626
2019,21466500,13.74107998
2020,21466500,12.99475462
2019,21466600,19.01274937
2020,21466600,16.24283121
2019,21467100,12.7650036
2020,21467100,11.2553439
2019,21467200,17.6506924
2020,21467200,17.13901166
2019,21468100,6.54644229
2020,21468100,6.971674153
2019,21468200,8.097275751
2020,21468200,8.308066553
2019,21468300,7.191980458
2020,21468300,6.963437626
2019,21468400,20.37775165
2020,21468400,19.44942599
2019,21469100,10.69958181
2020,21469100,9.358379704
2019,21469200,29.67828279
2020,21469200,26.72954453
2019,21470100,0
2020,21470100,0
2019,21471100,11.55753072
2020,21471100,12.07535691
2019,21471200,9.946241887
2020,21471200,9.432821618
2019,21471300,3.03603255
2020,21471300,3.019933354
2019,21471400,5.916109873
2020,21471400,5.903447315
2019,21471500,6.970797517
2020,21471500,6.500004679
2019,21471600,6.613308264
2020,21471600,6.322850763
2019,21472100,12.21063013
2020,21472100,12.00330763
2019,21472200,15.16902739
2020,21472200,15.36617133
2019,21472300,10.39301483
2020,21472300,11.6432976
2019,21473100,13.07252284
2020,21473100,12.60080495
2019,21473200,7.37919969
2020,21473200,8.369093396
2019,21473300,6.308438122
2020,21473300,6.227575449
2019,21473400,3.848395366
2020,21473400,3.973536677
2019,21474100,12.24904429
2020,21474100,11.12469491
2019,21474200,11.19899606
2020,21474200,12.21772264
2019,21474300,11.28502813
2020,21474300,11.35497414
2019,21474400,4.645762776
2020,21474400,4.665104956
2019,21475100,0.444958296
2020,21475100,0.369868572
2019,21476100,38.84155789
2020,21476100,38.97675112
2019,21477100,7.143600534
2020,21477100,7.171450224
2019,21478100,9.091976573
2020,21478100,8.238333073
2019,21478200,10.87590073
2020,21478200,10.43851224
2019,21478300,7.987433021
2020,21478300,8.435282991
2019,21478400,8.149033135
2020,21478400,8.512023503
2019,21478500,9.57608334
2020,21478500,9.609116923
2019,21479100,11.18903695
2020,21479100,9.33867924
2019,21479200,10.40634434
2020,21479200,7.779624708
2019,21479300,8.156983612
2020,21479300,6.829557885
2019,21479400,3.728486767
2020,21479400,4.0831237
2019,21479500,5.457419627
2020,21479500,5.219913379
2019,21480100,20.18314171
2020,21480100,20.58451654
2019,21481100,9.895539925
2020,21481100,9.129635685
2019,21481200,5.535668043
2020,21481200,5.425584438
2019,21481300,6.732067899
2020,21481300,6.615683072
2019,21481400,3.863073722
2020,21481400,3.567421879
2019,21481500,6.430748896
2020,21481500,6.862522545
2019,21481600,8.132253904
2020,21481600,8.101762932
2019,21482100,5.629758294
2020,21482100,5.240168601
2019,21482200,7.786845037
2020,21482200,7.757407754
2019,21482300,8.3938427
2020,21482300,8.100272586
2019,21482400,3.747935082
2020,21482400,3.643710132
2019,21482500,10.81282406
2020,21482500,10.8179329
2019,21482600,5.293489047
2020,21482600,5.546014349
2019,21483100,8.880269089
2020,21483100,9.347268117
2019,21483200,11.34255278
2020,21483200,10.97199481
2019,21483300,19.99836283
2020,21483300,19.88250289
2019,21484100,8.247874789
2020,21484100,8.277683187
2019,21484200,5.563444614
2020,21484200,5.243197973
2019,21484300,11.5110733
2020,21484300,12.04350195
2019,21484400,6.449952061
2020,21484400,6.48215121
2019,21484500,5.451486641
2020,21484500,5.029986102
2019,21484600,12.62005403
2020,21484600,11.6058057
2019,21485100,16.50709026
2020,21485100,16.53808501
2019,21485200,14.48244485
2020,21485200,15.44350644
2019,21485300,18.10129163
2020,21485300,18.8784259
2019,21486100,0
2020,21486100,0
2019,21487100,18.79213265
2020,21487100,20.09402158
2019,21488100,30.08554799
2020,21488100,30.24431164
2019,21489100,30.11015062
2020,21489100,28.60624019
2019,21489200,32.47608701
2020,21489200,31.1332026
2019,21489300,19.551868
2020,21489300,18.22631179
2019,21490100,23.99446881
2020,21490100,23.0000246
2019,21490200,30.27791211
2020,21490200,28.2948345
2019,21490300,19.76003765
2020,21490300,18.9671432
2019,21491100,23.72403871
2020,21491100,22.85976058
2019,21491200,16.98645752
2020,21491200,14.36761259
2019,21491300,12.70381167
2020,21491300,13.40008521
2019,21492100,12.40824976
2020,21492100,11.33228037
2019,21492200,40.18003357
2020,21492200,37.03265945
2019,21492300,16.73676946
2020,21492300,15.83291516
2019,21493100,32.04790392
2020,21493100,31.75967934
2019,21494100,28.5790855
2020,21494100,26.58472274
2019,21495100,9.244714862
2020,21495100,9.435912571
2019,21495200,0.07762308
2020,21495200,0.007311608
2019,21496100,3.412292659
2020,21496100,4.029081461
2019,21496200,10.7725364
2020,21496200,10.46292305
2019,21496300,8.623820421
2020,21496300,8.887050208
2019,21497100,13.24430564
2020,21497100,12.01355991
2019,21497200,11.81558729
2020,21497200,10.95473404
2019,21497300,15.39038887
2020,21497300,13.46299711
2019,21497400,0.103799882
2020,21497400,0.007022348
2019,21498100,10.88798755
2020,21498100,10.21777255
2019,21498200,17.94259426
2020,21498200,18.52424109
2019,21498300,17.25982276
2020,21498300,17.89832627
2019,21499100,30.74619223
2020,21499100,29.26388452
2019,21499200,27.05393872
2020,21499200,26.23034255
2019,21499300,20.02087163
2020,21499300,18.01508775
2019,21500100,34.79625642
2020,21500100,33.38092565
2019,21500200,29.19272194
2020,21500200,28.63521077
2019,21501100,21.62043436
2020,21501100,21.01276114
2019,21501200,16.75521761
2020,21501200,16.54112046
2019,21502100,33.40266476
2020,21502100,31.77197087
2019,21503100,32.34520115
2020,21503100,30.91576959
2019,21504100,24.60254263
2020,21504100,24.0086974
2019,21504200,32.3806213
2020,21504200,32.08011569
2019,21505100,26.07185233
2020,21505100,25.81363055
2019,21505200,31.54221949
2020,21505200,30.45018966
2019,21506100,16.20892347
2020,21506100,16.93480578
2019,21506200,14.02406905
2020,21506200,14.66323594
2019,21506300,16.60887818
2020,21506300,16.45407063
2019,21507100,13.49782123
2020,21507100,13.35348804
2019,21507200,11.25571178
2020,21507200,11.26719191
2019,21507300,15.31269623
2020,21507300,15.11768861
2019,21507400,16.54128104
2020,21507400,16.54050655
2019,21508100,27.99835195
2020,21508100,27.43259004
2019,21508200,31.25992083
2020,21508200,28.85848297
2019,21508300,14.09423206
2020,21508300,12.41292159
2019,21508400,12.8032759
2020,21508400,13.30567279
2019,21509100,23.77068591
2020,21509100,21.67621499
2019,21509200,31.41900695
2020,21509200,29.57701435
2019,21510100,11.06837428
2020,21510100,12.0628745
2019,21510200,32.32346288
2020,21510200,31.26092701
2019,21511100,21.38859241
2020,21511100,20.59322401
2019,21511200,31.15631401
2020,21511200,30.1768923
2019,21511300,17.0085872
2020,21511300,16.30312178
2019,21511400,17.32492914
2020,21511400,15.50836524
2019,21511500,15.92284908
2020,21511500,15.23427796
2019,21512100,5.880058173
2020,21512100,7.096352817
2019,21512200,24.36391445
2020,21512200,23.52528275
2019,21513100,30.81084531
2020,21513100,29.74769077
2019,21513200,14.24593148
2020,21513200,13.54012649
2019,21513300,18.56582065
2020,21513300,17.45849329
2019,21513400,19.75520957
2020,21513400,18.75932498
2019,21514100,8.682622008
2020,21514100,10.0451033
2019,21514200,25.19440143
2020,21514200,23.81456681
2019,21515100,10.93783984
2020,21515100,11.6122761
2019,21515200,25.55168137
2020,21515200,23.9352806
2019,21515300,29.41750758
2020,21515300,27.45863349
2019,21516100,12.51076506
2020,21516100,11.40945171
2019,21516200,33.5711441
2020,21516200,31.70617816
2019,21517100,16.80484522
2020,21517100,18.34933835
2019,21517200,15.3893557
2020,21517200,14.66503159
2019,21517300,3.040125404
2020,21517300,2.896958777
2019,21517400,9.337362246
2020,21517400,10.24669665
2019,21518100,14.26209945
2020,21518100,13.47981836
2019,21518200,10.53237756
2020,21518200,11.3469751
2019,21518300,13.53699442
2020,21518300,13.51739807
2019,21518400,14.34071289
2020,21518400,12.88799744
2019,21518500,15.89902266
2020,21518500,16.73997575
2019,21519100,18.99117511
2020,21519100,18.94897625
2019,21519200,21.10234393
2020,21519200,20.41747504
2019,21519300,13.35337835
2020,21519300,13.25533854
2019,21520100,20.37052179
2020,21520100,19.88101204
2019,21520200,14.07184061
2020,21520200,14.41506721
2019,21521100,24.03381965
2020,21521100,22.23827227
2019,21521200,10.70022522
2020,21521200,6.89853872
2019,21522100,19.7294849
2020,21522100,18.38428226
2019,21522200,7.917822242
2020,21522200,6.097150913
2019,21522300,12.48023185
2020,21522300,12.47722684
2019,21522400,15.26510025
2020,21522400,14.74297033
2019,21523100,23.53121802
2020,21523100,23.05070415
2019,21523200,23.88666127
2020,21523200,23.9378662
2019,21524100,46.8336821
2020,21524100,43.4555846
2019,21525100,31.13951212
2020,21525100,30.17091138
2019,21525200,22.66206238
2020,21525200,21.45549526
2019,21526100,8.248941066
2020,21526100,8.963747444
2019,21526200,23.08580787
2020,21526200,21.49870863
2019,21526300,5.090139045
2020,21526300,5.230842255
2019,21527100,12.92166226
2020,21527100,11.91264324
2019,21527200,17.49476381
2020,21527200,18.03048229
2019,21527300,12.75140715
2020,21527300,12.73402042
2019,21527400,18.96309441
2020,21527400,17.3312691
2019,21528100,16.15388249
2020,21528100,14.95452454
2019,21528200,33.58890489
2020,21528200,32.97935638
2019,21529100,4.662336629
2020,21529100,5.033982594
2019,21529200,13.32290417
2020,21529200,12.02602888
2019,21529300,7.444811608
2020,21529300,8.445204035
2019,21529400,9.466285847
2020,21529400,8.75492962
2019,21529500,10.64655837
2020,21529500,8.57593426
2019,21530100,11.12421729
2020,21530100,11.05108037
2019,21530200,17.66346566
2020,21530200,17.62954436
2019,21530300,10.2511513
2020,21530300,10.98898318
2019,21530400,4.978361306
2020,21530400,4.187521908
2019,21530500,7.889283839
2020,21530500,8.102985482
2019,21530600,4.291325381
2020,21530600,4.742755834
2019,21531100,26.65423374
2020,21531100,26.39880106
2019,21531200,13.35178315
2020,21531200,15.04453768
2019,21532100,38.70198826
2020,21532100,37.05629833
2019,21533100,18.19891142
2020,21533100,17.55761538
2019,21533200,31.82391577
2020,21533200,29.67705005
2019,21533300,19.90076219
2020,21533300,18.60002048
2019,21534100,25.99749982
2020,21534100,24.6352919
2019,21534200,22.73920407
2020,21534200,22.74341376
2019,21535100,47.77808818
2020,21535100,46.04567129
2019,21536100,30.06060073
2020,21536100,27.63358399
2019,21536200,19.11795297
2020,21536200,20.09631003
2019,21537100,20.05470922
2020,21537100,20.03413036
2019,21537200,14.51201996
2020,21537200,13.78660818
2019,21538100,24.67350415
2020,21538100,28.30881242
2019,21538200,16.01222894
2020,21538200,30.75559853
2019,21539100,26.09207194
2020,21539100,25.32884046
2019,21539200,21.95414712
2020,21539200,20.75890036
2019,21540100,22.84078218
2020,21540100,23.75482865
2019,21540200,2.672062382
2020,21540200,2.778393195
2019,21541100,26.07114996
2020,21541100,24.4142332
2019,21541200,14.16911027
2020,21541200,14.08131049
2019,21541300,19.01078233
2020,21541300,18.37392638
2019,21541400,22.08376828
2020,21541400,21.24119044
2019,21542100,21.26718027
2020,21542100,20.49039461
2019,21542200,50.78591838
2020,21542200,41.18089323
2019,21543100,24.5631606
2020,21543100,24.99827673
2019,21543200,26.18320712
2020,21543200,25.62147169
2019,21544100,25.95530874
2020,21544100,30.60891468
2019,21544200,9.421504374
2020,21544200,7.7285194
2019,21544300,0.993129687
2020,21544300,2.309752528
2019,21544400,1.192780479
2020,21544400,1.936173366
2019,21545100,28.44019274
2020,21545100,27.77899467
2019,21545200,16.77220453
2020,21545200,16.03476244
2019,21546100,12.55667516
2020,21546100,10.69779162
2019,21546200,16.84436589
2020,21546200,16.12259571
2019,21547100,16.21722041
2020,21547100,15.98653989
2019,21547200,21.94192632
2020,21547200,21.21664053
2019,21547300,22.41637287
2020,21547300,21.26632753
2019,21547400,18.75205937
2020,21547400,18.09965012
2019,21548100,7.482168209
2020,21548100,6.989737018
2019,21548200,7.914453115
2020,21548200,7.683850677
2019,21548300,8.936996929
2020,21548300,11.9777287
2019,21548400,9.535334422
2020,21548400,10.96108121
2019,21549100,33.44137643
2020,21549100,33.7269621
2019,21549200,16.90300417
2020,21549200,14.68949432
2019,21550100,32.00671126
2020,21550100,31.14831798
2019,21550200,15.44628954
2020,21550200,15.8702849
2019,21551100,29.30524119
2020,21551100,27.43694611
2019,21552100,2.182464511
2020,21552100,2.918351686
2019,21552200,22.59633308
2020,21552200,22.14276169
2019,21552300,22.0049741
2020,21552300,21.49022391
2019,21553100,0
2020,21553100,0.392845354
2019,21553200,0.933831127
2020,21553200,1.067348981
2019,21553300,2.605010504
2020,21553300,1.015321457
2019,21554100,15.81382547
2020,21554100,15.18752774
2019,21554200,12.69479395
2020,21554200,13.10609763
2019,21554300,17.02210099
2020,21554300,18.02107594
2019,21554400,7.876189155
2020,21554400,8.589537967
2019,21555100,2.311324422
2020,21555100,7.245980839
2019,21555200,13.1657892
2020,21555200,18.93751822
2019,21555300,15.75897623
2020,21555300,13.14162869
2019,21556100,29.48746379
2020,21556100,27.46387015
2019,21556200,4.757121155
2020,21556200,4.815477037
2019,21556300,11.99950439
2020,21556300,11.12497852
2019,21556400,13.86307801
2020,21556400,13.01694406
2019,21557100,2.172365541
2020,21557100,5.645416558
2019,21557200,26.74031283
2020,21557200,26.6299049
2019,21557300,24.01098288
2020,21557300,22.76238829
2019,21558100,12.48134903
2020,21558100,11.502756
2019,21558200,15.1430785
2020,21558200,14.36677357
2019,21559100,3.899590854
2020,21559100,2.557272988
2019,21559200,28.30889638
2020,21559200,29.60303029
2019,21559300,21.3719373
2020,21559300,18.02816597
2019,21560100,0.249021596
2020,21560100,1.077863771
2019,21560200,0
2020,21560200,0
2019,21560300,0.062123253
2020,21560300,1.103707551
2019,21561100,4.738625112
2020,21561100,5.086879012
2019,21561200,10.47226903
2020,21561200,10.2471309
2019,21561300,13.08631368
2020,21561300,13.06267798
2019,21562100,28.50891776
2020,21562100,26.850801
2019,21562200,36.58883564
2020,21562200,34.74001189
2019,21562300,14.9919768
2020,21562300,14.91953696
2019,21563100,14.895919
2020,21563100,14.63826261
2019,21563200,8.633508638
2020,21563200,9.977588922
2019,21563300,16.7785101
2020,21563300,16.87995173
2019,21563400,22.95095093
2020,21563400,22.02306346
2019,21564100,21.97235627
2020,21564100,20.8033503
2019,21564200,37.8470287
2020,21564200,35.22033748
2019,21564300,16.16622908
2020,21564300,14.80546828
2019,21565100,42.86315195
2020,21565100,41.60912214
2019,21566100,9.88170281
2020,21566100,15.41902145
2019,21566200,25.4041701
2020,21566200,23.60029371
2019,21566300,33.89700015
2020,21566300,31.47547747
2019,21567100,7.724367258
2020,21567100,7.70210597
2019,21567200,17.60176133
2020,21567200,19.38365795
2019,21567300,21.68783588
2020,21567300,19.97709891
2019,21567400,27.36722917
2020,21567400,28.27175461
2019,21568100,16.59013808
2020,21568100,16.16183061
2019,21569100,36.03112726
2020,21569100,35.45369302
2019,21570100,24.24129056
2020,21570100,24.44349298
2019,21570200,37.44628561
2020,21570200,36.14019758
2019,21571100,0.080326111
2020,21571100,0.080326111
2019,21571200,0.067592893
2020,21571200,0.067592893
2019,21572100,20.76621229
2020,21572100,28.36309502
2019,21572200,28.08160305
2020,21572200,27.64177713
2019,21573100,18.76799225
2020,21573100,16.88787078
2019,21573200,31.75613995
2020,21573200,30.77122898
2019,21573300,18.80612475
2020,21573300,16.76451556
2019,21574100,21.61402352
2020,21574100,19.91586305
2019,21574200,23.45983293
2020,21574200,22.63885665
2019,21574300,7.771677282
2020,21574300,7.482431334
2019,21574400,26.17266525
2020,21574400,25.23586287
2019,21575100,14.1361132
2020,21575100,13.38966427
2019,21575200,17.0358827
2020,21575200,15.48284862
2019,21575300,0.447579737
2020,21575300,0.369419564
2019,21576100,21.8751458
2020,21576100,22.75904032
2019,21576200,20.20900931
2020,21576200,21.29673642
2019,21577100,21.11429345
2020,21577100,20.5043265
2019,21577200,17.45257763
2020,21577200,16.18559132
2019,21578100,32.87143571
2020,21578100,29.7106793
2019,21579100,23.22069521
2020,21579100,20.60231745
2019,21579200,20.74960662
2020,21579200,25.44120667
2019,21579300,19.7301316
2020,21579300,20.26441331
2019,21580100,20.63238948
2020,21580100,23.04283078
2019,21581100,12.68407344
2020,21581100,12.41597838
2019,21581200,7.458606348
2020,21581200,7.599009431
2019,21581300,24.50217923
2020,21581300,25.38913686
2019,21582100,2.510654952
2020,21582100,3.066187845
2019,21582200,6.159896687
2020,21582200,4.997578034
2019,21582300,0.237011202
2020,21582300,0.160896099
2019,21583100,9.426257846
2020,21583100,9.448895574
2019,21583200,22.41243078
2020,21583200,22.86763824
2019,21584100,36.58363995
2020,21584100,36.87539841
2019,21584200,14.64991613
2020,21584200,12.6452633
2019,21585100,39.65017723
2020,21585100,56.95130442
2019,21586100,19.51791101
2020,21586100,21.77106614
2019,21586200,41.66729282
2020,21586200,40.55792874
2019,21587100,29.18171637
2020,21587100,44.44163839
2019,21587200,13.14600837
2020,21587200,14.3529772
2019,21588100,20.29041789
2020,21588100,19.99153998
2019,21589100,39.22151517
2020,21589100,39.7035714
2019,21590100,73.97338065
2020,21590100,84.0514333
2019,21590200,7.587043092
2020,21590200,7.715850549
2019,21590300,16.02039372
2020,21590300,16.14682642
2019,21591100,5.747145622
2020,21591100,4.597697114
2019,21591200,0.343743753
2020,21591200,0.225892279
2019,21592100,17.7610209
2020,21592100,16.90311032
2019,21592200,17.67030599
2020,21592200,16.97669878
2019,21593100,19.60307374
2020,21593100,18.31941193
2019,21593200,24.89311664
2020,21593200,24.20203752
2019,21594100,18.14432568
2020,21594100,17.01219715
2019,21594200,23.65582203
2020,21594200,23.31191883
2019,21595100,11.31199984
2020,21595100,12.53361478
2019,21595200,17.37951539
2020,21595200,19.67171442
2019,21595300,23.86195799
2020,21595300,14.0503273
2019,21595400,8.332194877
2020,21595400,7.544993334
2019,21596100,11.6970268
2020,21596100,10.49782676
2019,21596200,26.49750695
2020,21596200,29.54030577
2019,21597100,11.9859241
2020,21597100,12.65486043
2019,21597200,15.2664457
2020,21597200,15.19331453
2019,21598100,20.64517212
2020,21598100,19.17246341
2019,21598200,23.52669745
2020,21598200,23.01822957
2019,21599100,12.70006115
2020,21599100,11.58977121
2019,21599200,24.21206076
2020,21599200,22.19666266
2019,21599300,10.31012407
2020,21599300,10.24877356
2019,21600100,27.04515371
2020,21600100,26.25752178
2019,21601100,8.411375936
2020,21601100,8.109167489
2019,21601200,16.86294098
2020,21601200,15.2905221
2019,21601300,15.47115461
2020,21601300,18.61984784
2019,21602100,33.93729037
2020,21602100,32.90366576
2019,21602200,14.07111699
2020,21602200,11.72051723
2019,21603100,13.20538529
2020,21603100,12.14687976
2019,21603200,23.84802021
2020,21603200,23.11228577
2019,21603300,22.16219898
2020,21603300,22.86588256
2019,21604100,21.10584258
2020,21604100,20.5971312
2019,21604200,19.54980733
2020,21604200,18.07857323
2019,21604300,10.52035058
2020,21604300,9.911578955
2019,21605100,27.13927615
2020,21605100,26.64873281
2019,21606100,14.75771007
2020,21606100,13.77363987
2019,21607100,0
2020,21607100,0
2019,21607200,0
2020,21607200,0
2019,21608100,0
2020,21608100,0
2019,21608200,0
2020,21608200,0
2019,21608300,0.519681988
2020,21608300,0.493244746
2019,21609100,20.48355466
2020,21609100,18.5129823
2019,21609200,23.14426657
2020,21609200,21.51574321
2019,21610100,26.66753241
2020,21610100,24.25091427
2019,21611100,5.713342012
2020,21611100,6.696466841
2019,21611200,9.926294496
2020,21611200,10.80966524
2019,21611300,11.6787884
2020,21611300,12.14280235
2019,21611400,10.82388616
2020,21611400,10.83939076
2019,21612100,23.20663425
2020,21612100,20.99745115
2019,21612200,27.07392823
2020,21612200,25.43035774
2019,21613100,40.24042964
2020,21613100,37.05070554
2019,21614100,15.07799784
2020,21614100,15.76153213
2019,21614200,24.18275925
2020,21614200,24.2734072
2019,21615100,39.92807059
2020,21615100,36.5982829
2019,21616100,26.34227557
2020,21616100,23.41406465
2019,21617100,39.1043385
2020,21617100,37.81874098
2019,21617200,31.90537236
2020,21617200,31.74252794
2019,21618100,11.09658329
2020,21618100,10.83253517
2019,21618200,10.53597522
2020,21618200,10.44590194
2019,21619100,25.29628434
2020,21619100,24.47543074
2019,21620100,43.91069673
2020,21620100,43.98223647
2019,21621100,15.21263223
2020,21621100,15.90451223
2019,21621200,13.33843396
2020,21621200,13.1325782
2019,21622100,47.07293052
2020,21622100,45.21522189
2019,21622200,21.34067811
2020,21622200,21.92336123
2019,21623100,9.43834047
2020,21623100,9.877222171
2019,21623200,22.59872099
2020,21623200,21.94194931
2019,21623300,22.62057769
2020,21623300,21.69544718
2019,21624100,26.62317799
2020,21624100,25.64501262
2019,21624200,24.28365148
2020,21624200,23.74565771
2019,21625100,14.44691185
2020,21625100,14.64630631
2019,21625200,35.24613525
2020,21625200,35.81143348
2019,21626100,23.19282426
2020,21626100,22.62519668
2019,21626200,10.36913346
2020,21626200,10.75777609
2019,21627100,36.50073261
2020,21627100,34.45466553
2019,21627200,13.31743117
2020,21627200,12.10655298
2019,21628100,40.03915998
2020,21628100,38.64698752
2019,21628200,17.21788326
2020,21628200,17.59507271
2019,21629100,9.67879303
2020,21629100,8.57602697
2019,21629200,6.459028455
2020,21629200,6.111988586
2019,21629300,8.493325399
2020,21629300,8.743301046
2019,21630100,17.80499274
2020,21630100,15.03892218
2019,21630200,25.00559033
2020,21630200,23.13779003
2019,21630300,25.60084985
2020,21630300,23.77526148
2019,21631100,21.05980562
2020,21631100,20.32061318
2019,21632100,28.03819337
2020,21632100,27.24446238
2019,21633100,26.48721152
2020,21633100,24.28240969
2019,21633200,28.08902076
2020,21633200,25.59113434
2019,21634100,19.80317845
2020,21634100,21.7603037
2019,21634200,15.34962693
2020,21634200,14.03838588
2019,21634300,25.36800125
2020,21634300,25.15600966
2019,21635100,18.58047694
2020,21635100,19.48974902
2019,21635200,9.4722158
2020,21635200,10.03644406
2019,21635300,12.25810894
2020,21635300,11.33623633
2019,21636100,0.613279599
2020,21636100,0.616277484
2019,21636200,2.599564754
2020,21636200,3.38312374
2019,21637100,32.82084757
2020,21637100,30.49038265
2019,21637200,18.49361934
2020,21637200,16.50452056
2019,21637300,13.31182213
2020,21637300,13.86495429
2019,21638100,31.70704287
2020,21638100,31.03993321
2019,21638200,5.619963565
2020,21638200,5.955296975
2019,21638300,20.71397409
2020,21638300,19.32806753
2019,21639100,19.81579409
2020,21639100,19.90726529
2019,21640100,28.70596593
2020,21640100,28.60455784
2019,21640200,10.96807208
2020,21640200,10.80084478
2019,21640300,15.0101937
2020,21640300,13.7410401
2019,21641100,40.82433278
2020,21641100,38.75948862
2019,21641200,21.752159
2020,21641200,20.21001693
2019,21642100,44.77598697
2020,21642100,43.82954568
2019,21643100,36.21137376
2020,21643100,36.056153
2019,21643200,25.15904861
2020,21643200,23.77773849
2019,21644100,26.63018028
2020,21644100,25.70581995
2019,21644200,32.92398902
2020,21644200,29.92086163
2019,21645100,4.673859886
2020,21645100,5.882617182
2019,21645200,0.144931075
2020,21645200,0
2019,21646100,22.59429484
2020,21646100,21.85556097
2019,21646200,6.325740001
2020,21646200,6.010966547
2019,21646300,17.18787774
2020,21646300,16.40406931
2019,21646400,13.57964994
2020,21646400,14.38728753
2019,21646500,9.289409595
2020,21646500,10.87020273
2019,21647100,32.1381322
2020,21647100,33.94841953
2019,21647200,14.97671612
2020,21647200,15.3167548
2019,21647300,12.43004082
2020,21647300,12.41593164
2019,21648100,36.67871262
2020,21648100,35.20443931
2019,21649100,22.07591773
2020,21649100,21.90791672
2019,21649200,19.01239624
2020,21649200,20.66734588
2019,21650100,25.3752873
2020,21650100,26.13993512
2019,21651100,32.82884723
2020,21651100,32.35905617
2019,21652100,32.12584771
2020,21652100,32.87389712
2019,21653100,21.77352881
2020,21653100,21.33360472
2019,21653200,20.8536606
2020,21653200,19.89800792
2019,21654100,45.51321166
2020,21654100,43.65076475
2019,21654200,32.86412316
2020,21654200,33.3572476
2019,21655100,30.29843587
2020,21655100,29.35356781
2019,21656100,10.62083792
2020,21656100,9.633304022
2019,21656200,17.34938064
2020,21656200,17.59983108
2019,21657100,5.976971915
2020,21657100,6.277878523
2019,21657200,13.42453382
2020,21657200,13.20800141
2019,21657300,25.84000379
2020,21657300,25.41932346
2019,21658100,20.69214591
2020,21658100,20.39511061
2019,21658200,47.65724047
2020,21658200,44.2874421
2019,21659100,18.2810695
2020,21659100,19.03948987
2019,21659200,6.707618455
2020,21659200,6.572365698
2019,21660100,17.9093651
2020,21660100,16.70357484
2019,21660200,36.91833321
2020,21660200,34.81509792
2019,21661100,7.286390082
2020,21661100,7.997297963
2019,21661200,19.87185531
2020,21661200,18.44257599
2019,21661300,30.72344306
2020,21661300,33.00057067
2019,21662100,15.23073255
2020,21662100,13.79773043
2019,21662200,27.12067824
2020,21662200,24.64457913
2019,21662300,21.26902403
2020,21662300,20.7105546
2019,21663100,34.99825552
2020,21663100,35.68542213
2019,21664100,14.59972641
2020,21664100,16.21761428
2019,21664200,42.4816885
2020,21664200,41.44862501
2019,21665100,19.94123323
2020,21665100,19.42265478
2019,21665200,17.18401421
2020,21665200,17.369074
2019,21665300,10.52522054
2020,21665300,12.02519004
2019,21666100,26.60272508
2020,21666100,24.90840377
2019,21666200,17.26329094
2020,21666200,15.77658496
2019,21666300,15.16232522
2020,21666300,16.01990084
2019,21667100,43.039036
2020,21667100,41.97247228
2019,21668100,21.69570106
2020,21668100,22.02302178
2019,21668200,17.20709297
2020,21668200,17.62356028
2019,21668300,31.34420435
2020,21668300,30.36102305
2019,21669100,24.11260053
2020,21669100,22.49160173
2019,21670100,10.9858873
2020,21670100,10.40021884
2019,21670200,17.63243078
2020,21670200,18.50852173
2019,21671100,14.48663468
2020,21671100,15.40265828
2019,21671200,32.95574265
2020,21671200,31.68275116
2019,21672100,68.57166961
2020,21672100,52.55850601
2019,21672200,33.01786286
2020,21672200,36.52450062
2019,21673100,48.32962316
2020,21673100,52.77763655
2019,21673200,34.80957605
2020,21673200,33.65028984
2019,21673300,33.23954933
2020,21673300,27.36331479
2019,21674100,37.51246422
2020,21674100,36.36057513
2019,21674200,13.83376244
2020,21674200,13.20679914
2019,21675100,9.145877694
2020,21675100,8.832362486
2019,21675200,28.23347543
2020,21675200,25.86529246
2019,21676100,26.34008062
2020,21676100,26.238673
2019,21676200,16.253995
2020,21676200,15.54749303
2019,21676300,21.35901408
2020,21676300,19.74210102
2019,21677100,19.12585535
2020,21677100,16.84919659
2019,21678100,32.3835225
2020,21678100,31.98526718
2019,21679100,0
2020,21679100,0
2019,21679200,0
2020,21679200,0
2019,21680100,16.66533759
2020,21680100,15.53228778
2019,21680200,14.05747383
2020,21680200,13.89378854
2019,21680300,18.64659746
2020,21680300,17.35516875
2019,21681100,10.2335679
2020,21681100,10.11643498
2019,21681200,15.70695738
2020,21681200,15.59073927
2019,21681300,12.1826141
2020,21681300,12.49034615
2019,21682100,34.58636056
2020,21682100,32.01488507
2019,21682200,6.12221342
2020,21682200,6.913474995
2019,21682300,17.72425967
2020,21682300,18.99998932
2019,21683100,18.81685856
2020,21683100,19.37814279
2019,21683200,23.32707216
2020,21683200,23.64833576
2019,21684100,14.5708466
2020,21684100,15.03564591
2019,21684200,13.13235055
2020,21684200,13.34122963
2019,21684300,21.51848771
2020,21684300,19.0243352
2019,21684400,13.75085229
2020,21684400,13.36038324
2019,21685100,15.5488256
2020,21685100,13.50181029
2019,21685200,5.771555965
2020,21685200,7.824116684
2019,21686100,31.27713309
2020,21686100,30.63688798
2019,21686200,19.87301314
2020,21686200,19.38226676
2019,21687100,29.51748294
2020,21687100,29.53823731
2019,21687200,26.30430292
2020,21687200,26.19246727
2019,21688100,6.950293509
2020,21688100,7.611657815
2019,21688200,17.40417843
2020,21688200,17.4066229
2019,21688300,9.963346917
2020,21688300,10.98589105
2019,21688400,25.89396731
2020,21688400,24.90243872
2019,21688500,8.542521847
2020,21688500,8.926971173
2019,21689100,33.55654924
2020,21689100,32.70608674
2019,21689200,9.559189671
2020,21689200,7.598644761
2019,21690100,30.94622462
2020,21690100,31.92510744
2019,21690200,16.94378451
2020,21690200,18.97447105
2019,21690300,20.75127368
2020,21690300,20.14707233
2019,21691100,24.52658747
2020,21691100,23.81522719
2019,21691200,12.56063788
2020,21691200,12.50623898
2019,21691300,19.32263306
2020,21691300,18.93288302
2019,21692100,16.46066908
2020,21692100,17.26152643
2019,21692200,39.50903322
2020,21692200,39.2830578
2019,21693100,38.13408605
2020,21693100,37.62472879
2019,21694100,35.56097339
2020,21694100,34.84855754
2019,21695100,9.62570238
2020,21695100,9.758111053
2019,21695200,23.64007786
2020,21695200,21.8330581
2019,21695300,20.35074974
2020,21695300,19.64955072
2019,21695400,23.18748375
2020,21695400,21.38612086
2019,21695500,24.56332509
2020,21695500,23.9898985
2019,21696100,5.9111125
2020,21696100,5.621581121
2019,21696200,27.30138235
2020,21696200,25.82028947
2019,21697100,19.5190352
2020,21697100,18.35130845
2019,21697200,17.69552138
2020,21697200,17.25002381
2019,21698100,25.46398624
2020,21698100,24.52314822
2019,21698200,8.180908672
2020,21698200,6.943573678
2019,21699100,2.047378596
2020,21699100,1.848467111
2019,21699200,21.46664392
2020,21699200,20.84466261
2019,21700100,43.42278033
2020,21700100,41.76687603
2019,21701100,37.80521062
2020,21701100,38.10273014
2019,21702100,14.60262169
2020,21702100,16.21170641
2019,21702200,7.263605647
2020,21702200,7.156041561
2019,21702300,15.01772134
2020,21702300,15.42084708
2019,21702400,2.70534965
2020,21702400,3.337837143
2019,21703100,45.73310674
2020,21703100,43.19267895
2019,21704100,9.985167761
2020,21704100,10.08010736
2019,21704200,21.5444775
2020,21704200,20.06839102
2019,21705100,44.72407236
2020,21705100,42.97152656
2019,21706100,3.96489523
2020,21706100,4.406291896
2019,21706200,4.029184307
2020,21706200,3.935270798
2019,21706300,3.852363794
2020,21706300,4.152032965
2019,21706400,9.89934451
2020,21706400,10.25008482
2019,21706500,8.555354613
2020,21706500,8.696835069
2019,21706600,10.19581897
2020,21706600,9.857866061
2019,21706700,7.048315839
2020,21706700,7.170918086
2019,21707100,23.81347004
2020,21707100,22.77020191
2019,21707200,20.77716737
2020,21707200,20.15698897
2019,21707300,33.07460506
2020,21707300,33.46793543
2019,21708100,0.488424843
2020,21708100,0.250774611
2019,21709100,1.102109016
2020,21709100,1.703504439
2019,21709200,12.92647959
2020,21709200,12.14019475
2019,21710100,10.47178298
2020,21710100,9.873400112
2019,21710200,16.77056932
2020,21710200,15.9898942
2019,21710300,9.505491783
2020,21710300,8.910733845
2019,21711100,30.93346815
2020,21711100,27.38069217
2019,21711200,22.93983334
2020,21711200,21.84318506
2019,21711300,5.90044508
2020,21711300,7.029033901
2019,21711400,12.83159069
2020,21711400,12.63782685
2019,21712100,42.86187075
2020,21712100,41.69806755
2019,21713100,20.36774625
2020,21713100,18.93899664
2019,21713200,15.85344719
2020,21713200,15.94787634
2019,21713300,24.66495675
2020,21713300,22.95451834
2019,21713400,9.635325681
2020,21713400,8.901769551
2019,21714100,21.7595085
2020,21714100,18.45861744
2019,21714200,7.925319633
2020,21714200,7.825024278
2019,21715100,21.5558398
2020,21715100,21.58352058
2019,21715200,2.261561715
2020,21715200,2.715589081
2019,21716100,14.63467678
2020,21716100,13.3567299
2019,21716200,7.80157672
2020,21716200,7.373239888
2019,21716300,9.504814038
2020,21716300,8.126075425
2019,21716400,2.273939698
2020,21716400,2.44059289
2019,21716500,6.745999773
2020,21716500,7.128274993
2019,21717100,12.00137467
2020,21717100,10.83791021
2019,21717200,30.90152398
2020,21717200,28.73536925
2019,21718100,37.67447393
2020,21718100,37.38864427
2019,21719100,32.69772304
2020,21719100,31.98690555
2019,21719200,17.95308536
2020,21719200,17.91395758
2019,21719300,14.45747708
2020,21719300,13.54081815
2019,21720100,36.23319413
2020,21720100,34.56307207
2019,21721100,25.29820328
2020,21721100,25.43450015
2019,21721200,36.2751409
2020,21721200,34.97249803
2019,21722100,21.53786297
2020,21722100,20.72808923
2019,21722200,17.18616463
2020,21722200,17.28672546
2019,21722300,9.594104205
2020,21722300,9.303273687
2019,21723100,11.05985779
2020,21723100,12.99964727
2019,21723200,15.55536665
2020,21723200,15.37006405
2019,21723300,34.84121834
2020,21723300,33.59508146
2019,21724100,18.61453976
2020,21724100,18.36826654
2019,21724200,8.484363608
2020,21724200,8.113602628
2019,21725100,23.40590594
2020,21725100,21.28291509
2019,21725200,16.33589774
2020,21725200,16.73847273
2019,21726100,27.50438551
2020,21726100,25.49430668
2019,21727100,20.53317141
2020,21727100,18.5796529
2019,21728100,0.676631729
2020,21728100,1.362700683
2019,21729100,19.13351042
2020,21729100,18.04571278
2019,21729200,5.329603632
2020,21729200,4.941529988
2019,21729300,9.358173509
2020,21729300,9.254542604
2019,21730100,31.87358514
2020,21730100,30.35952299
2019,21730200,25.07828375
2020,21730200,25.29275661
2019,21731100,0
2020,21731100,0
2019,21731200,1.129343172
2020,21731200,1.122134903
2019,21732100,11.11973673
2020,21732100,10.19734405
2019,21732200,41.0935123
2020,21732200,39.13400482
2019,21732300,12.80304297
2020,21732300,12.33120509
2019,21733100,42.92157556
2020,21733100,42.05696156
2019,21733200,12.97678216
2020,21733200,14.09044253
2019,21734100,2.393453564
2020,21734100,2.947560656
2019,21734200,3.262112914
2020,21734200,3.140931105
2019,21735100,17.98588928
2020,21735100,16.51912108
2019,21735200,14.64391606
2020,21735200,14.98448188
2019,21735300,33.55143239
2020,21735300,32.10947721
2019,21736100,24.86875727
2020,21736100,25.44675906
2019,21736200,15.15101604
2020,21736200,14.30284049
2019,21737100,18.25607055
2020,21737100,17.28391619
2019,21737200,32.34001675
2020,21737200,30.79406201
2019,21738100,2.054112414
2020,21738100,2.08816754
2019,21738200,7.904706503
2020,21738200,6.436535828
2019,21738300,26.57441055
2020,21738300,24.94762539
2019,21739100,0
2020,21739100,0
2019,21740100,33.75805409
2020,21740100,32.06597451
2019,21740200,0.123500944
2020,21740200,0.131816485
2019,21741100,7.718693281
2020,21741100,6.719227738
2019,21741200,33.64031962
2020,21741200,32.63230903
2019,21742100,12.92505534
2020,21742100,12.1557612
2019,21742200,23.41450978
2020,21742200,21.75468435
2019,21743100,34.82144565
2020,21743100,32.62428596
2019,21744100,2.87458936
2020,21744100,2.228893072
2019,21744200,11.202946
2020,21744200,10.49742911
2019,21744300,16.48522662
2020,21744300,14.95304755
2019,21745100,19.97976643
2020,21745100,18.86945718
2019,21745200,27.16191634
2020,21745200,28.2319993
2019,21745300,21.80540294
2020,21745300,21.38223552
2019,21746100,29.83746451
2020,21746100,30.60252389
2019,21747100,17.9741846
2020,21747100,15.71194328
2019,21747200,13.24835158
2020,21747200,13.02784829
2019,21748100,10.7694727
2020,21748100,10.7153497
2019,21748200,11.11938251
2020,21748200,10.50492187
2019,21748300,7.777567369
2020,21748300,5.685285164
2019,21748400,9.576262577
2020,21748400,8.461668124
2019,21749100,43.62062315
2020,21749100,41.81828746
2019,21749200,11.69027469
2020,21749200,11.17279087
2019,21750100,38.03207942
2020,21750100,35.26803182
2019,21751100,26.24392686
2020,21751100,24.57827952
2019,21751200,34.43831591
2020,21751200,33.01863002
2019,21751300,14.84018123
2020,21751300,13.95335971
2019,21752100,17.37096143
2020,21752100,16.28751219
2019,21752200,20.39675593
2020,21752200,19.09466967
2019,21752300,10.41322184
2020,21752300,9.612161328
2019,21753100,22.69462328
2020,21753100,19.52261535
2019,21754100,31.22284512
2020,21754100,29.97680553
2019,21755100,27.91786564
2020,21755100,28.81585827
2019,21755200,24.64185017
2020,21755200,24.11057683
2019,21756100,19.44999292
2020,21756100,18.1319717
2019,21756200,32.56687473
2020,21756200,31.63799566
2019,21757100,11.97236186
2020,21757100,11.2645719
2019,21757200,41.39694023
2020,21757200,42.85735547
2019,21757300,27.66698965
2020,21757300,28.15352321
2019,21758100,7.098565261
2020,21758100,6.62719408
2019,21758200,8.946482685
2020,21758200,8.663030989
2019,21758300,25.69218514
2020,21758300,26.16194213
2019,21759100,38.00695061
2020,21759100,37.48046704
2019,21759200,16.94314067
2020,21759200,16.37818194
2019,21759300,0.295390206
2020,21759300,0.390440911
2019,21760100,43.63078786
2020,21760100,42.02797489
2019,21760200,12.74451903
2020,21760200,13.31076895
2019,21761100,0
2020,21761100,0
2019,21762100,24.9960928
2020,21762100,17.00351936
2019,21762200,51.76455976
2020,21762200,51.16336397
2019,21762300,24.52605329
2020,21762300,23.87706625
2019,21762400,8.44722473
2020,21762400,9.035176618
2019,21763100,20.51811846
2020,21763100,21.05542009
2019,21763200,47.62928413
2020,21763200,44.98330635
2019,21764100,22.02394826
2020,21764100,23.52512758
2019,21764200,34.8469579
2020,21764200,33.87326932
2019,21764300,30.28233668
2020,21764300,30.26231431
2019,21765100,17.26961348
2020,21765100,16.67580682
2019,21765200,17.71002998
2020,21765200,17.0454241
2019,21765300,30.74242807
2020,21765300,28.50251184
2019,21766100,17.25691236
2020,21766100,16.59942061
2019,21766200,25.67430529
2020,21766200,25.87834869
2019,21767100,21.48543255
2020,21767100,21.38082724
2019,21767200,23.2384238
2020,21767200,22.76362981
2019,21767300,20.09736422
2020,21767300,20.74453201
2019,21767400,27.1954674
2020,21767400,25.81765191
2019,21768100,16.90986157
2020,21768100,20.93206678
2019,21768200,23.51530489
2020,21768200,22.48383403
2019,21769100,25.73872486
2020,21769100,27.88998011
2019,21769200,32.77006401
2020,21769200,30.09430058
2019,21769300,29.60511959
2020,21769300,29.13078144
2019,21770100,19.21020923
2020,21770100,18.80925771
2019,21770200,15.97993005
2020,21770200,17.76234428
2019,21770300,16.46470328
2020,21770300,16.79683751
2019,21770400,11.3734507
2020,21770400,10.57160117
2019,21771100,33.11717393
2020,21771100,32.80532696
2019,21772100,7.998727076
2020,21772100,8.250081028
2019,21772200,11.8538997
2020,21772200,12.42558437
2019,21772300,12.28228886
2020,21772300,11.34270535
2019,21772400,8.209732944
2020,21772400,7.336196407
2019,21772500,17.40714183
2020,21772500,16.57789098
2019,21772600,11.42557402
2020,21772600,11.2526136
2019,21773100,32.2127162
2020,21773100,31.0766184
2019,21773200,30.51987503
2020,21773200,29.23040875
2019,21774100,16.92541077
2020,21774100,15.94201301
2019,21774200,24.42561287
2020,21774200,21.90707164
2019,21775100,9.950401841
2020,21775100,11.38327193
2019,21775200,23.1151455
2020,21775200,25.78618812
2019,21776100,16.52001277
2020,21776100,15.59264855
2019,21776200,38.98623864
2020,21776200,36.96573084
2019,21776300,27.3790716
2020,21776300,27.06884044
2019,21777100,28.02818538
2020,21777100,28.68015122
2019,21777200,36.05428248
2020,21777200,34.93174975
2019,21778100,16.69686362
2020,21778100,16.39779162
2019,21778200,11.80170212
2020,21778200,11.30211526
2019,21778300,24.46277009
2020,21778300,24.2175727
2019,21779100,10.89356624
2020,21779100,10.21438049
2019,21779200,22.93588371
2020,21779200,22.98741369
2019,21779300,7.204359416
2020,21779300,6.332149114
2019,21780100,11.64913919
2020,21780100,11.99222276
2019,21780200,14.24640351
2020,21780200,13.4689399
2019,21780300,10.45401176
2020,21780300,7.923264599
2019,21780400,21.37498109
2020,21780400,18.63261389
2019,21780500,7.334270008
2020,21780500,7.559539559
2019,21780600,7.893589964
2020,21780600,7.358713556
2019,21781100,17.433214
2020,21781100,17.00839894
2019,21781200,30.87576291
2020,21781200,28.88103611
2019,21782100,14.99789188
2020,21782100,14.02603767
2019,21782200,15.32715409
2020,21782200,16.13435697
2019,21782300,24.85903607
2020,21782300,23.9886359
2019,21782400,46.42968458
2020,21782400,45.73080959
2019,21783100,24.26789958
2020,21783100,24.64933863
2019,21784100,25.80801978
2020,21784100,25.3723777
2019,21784200,6.757227521
2020,21784200,7.184540849
2019,21784300,5.742240889
2020,21784300,5.797076271
2019,21784400,14.0259187
2020,21784400,13.92551183
2019,21784500,9.489466286
2020,21784500,8.569072482
2019,21784600,7.795920405
2020,21784600,7.141576978
2019,21784700,24.65140737
2020,21784700,14.87546682
2019,21785100,8.316688222
2020,21785100,7.236889307
2019,21785200,14.39163458
2020,21785200,12.67620068
2019,21785300,20.85568479
2020,21785300,19.75347458
2019,21785400,31.30729015
2020,21785400,29.24216372
2019,21786100,50.90628704
2020,21786100,51.47237902
2019,21787100,14.08800623
2020,21787100,14.3574382
2019,21787200,8.464323217
2020,21787200,7.9365468
2019,21788100,9.429394789
2020,21788100,10.80087528
2019,21788200,11.85593915
2020,21788200,10.85245288
2019,21788300,14.19358019
2020,21788300,13.31719651
2019,21788400,13.35575529
2020,21788400,13.07559334
2019,21788500,9.674503611
2020,21788500,10.19161947
2019,21788600,11.16369106
2020,21788600,11.96507574
2019,21789100,25.8049965
2020,21789100,23.61958639
2019,21789200,24.13018027
2020,21789200,22.7845457
2019,21789300,56.92149766
2020,21789300,57.05116192
2019,21790100,37.92956339
2020,21790100,37.0309769
2019,21790200,8.278073666
2020,21790200,7.430703455
2019,21790300,20.57543612
2020,21790300,18.1691822
2019,21790400,8.057112577
2020,21790400,8.106762466
2019,21790500,12.70048853
2020,21790500,12.42418525
2019,21790600,13.99166027
2020,21790600,12.48260161
2019,21791100,12.56740467
2020,21791100,12.51797459
2019,21791200,35.98744223
2020,21791200,36.2366461
2019,21791300,22.2911967
2020,21791300,21.56626977
2019,21791400,20.76463045
2020,21791400,21.2309538
2019,21792100,17.90991472
2020,21792100,16.5937387
2019,21792200,30.76068868
2020,21792200,27.91805606
2019,21792300,23.61740698
2020,21792300,22.80980153
2019,21792400,5.509764877
2020,21792400,4.935567242
2019,21793100,42.18741539
2020,21793100,40.40551623
2019,21793200,8.552121083
2020,21793200,8.999218655
2019,21793300,21.60892106
2020,21793300,21.18003435
2019,21794100,20.17284263
2020,21794100,19.2625017
2019,21794200,10.53938833
2020,21794200,10.56920591
2019,21794300,18.47339164
2020,21794300,16.78059313
2019,21794400,14.39880983
2020,21794400,12.83546022
2019,21794500,7.863469431
2020,21794500,7.582911286
2019,21795100,19.04786261
2020,21795100,17.53389287
2019,21795200,18.49743674
2020,21795200,17.27570142
2019,21795300,5.06800369
2020,21795300,5.36506176
2019,21795400,0
2020,21795400,0
2019,21796100,0
2020,21796100,0
2019,21797100,5.633377909
2020,21797100,5.809985776
2019,21797200,12.86513979
2020,21797200,12.60350885
2019,21797300,9.294350929
2020,21797300,9.400135371
2019,21797400,6.515610416
2020,21797400,6.673138433
2019,21797500,8.310851355
2020,21797500,7.00919608
2019,21797600,14.48910741
2020,21797600,14.43533288
2019,21798100,41.62189951
2020,21798100,34.03501948
2019,21798200,11.44456884
2020,21798200,11.99987394
2019,21798300,10.24162917
2020,21798300,9.862766933
2019,21798400,16.14969392
2020,21798400,16.24525783
2019,21798500,7.378980163
2020,21798500,8.10102719
2019,21799100,18.82241307
2020,21799100,20.48285361
2019,21799200,8.82665399
2020,21799200,9.31244229
2019,21799300,7.320019414
2020,21799300,8.275417669
2019,21799400,18.55792122
2020,21799400,17.63263297
2019,21800100,5.442740713
2020,21800100,6.487583157
2019,21800200,14.39553138
2020,21800200,14.03865046
2019,21801100,15.6501608
2020,21801100,15.66650406
2019,21801200,27.29875791
2020,21801200,27.05642449
2019,21802100,11.01586188
2020,21802100,11.77015504
2019,21802200,14.81543679
2020,21802200,15.25158712
2019,21802300,11.03452294
2020,21802300,11.40263224
2019,21802400,10.65999708
2020,21802400,9.151730783
2019,21802500,11.18887857
2020,21802500,10.69172996
2019,21802600,26.00369538
2020,21802600,25.67927735
2019,21803100,15.0430546
2020,21803100,14.16354689
2019,21804100,11.304778
2020,21804100,11.60039136
2019,21804200,9.910007997
2020,21804200,8.827886276
2019,21804300,10.5499941
2020,21804300,9.603454452
2019,21804400,21.93686227
2020,21804400,21.18679889
2019,21804500,7.653205324
2020,21804500,6.454303076
2019,21805100,22.39285004
2020,21805100,21.00550198
2019,21806100,27.56677225
2020,21806100,24.29321349
2019,21806200,19.81631538
2020,21806200,18.68892731
2019,21807100,8.397148242
2020,21807100,8.890842723
2019,21807200,0
2020,21807200,0
2019,21808100,24.20288215
2020,21808100,23.86929524
2019,21808200,24.92246097
2020,21808200,22.59748249
2019,21808300,11.53332352
2020,21808300,12.4801942
2019,21808400,11.80372767
2020,21808400,12.68303115
2019,21809100,2.904371218
2020,21809100,3.083368421
2019,21809200,43.04911626
2020,21809200,41.85014775
2019,21810100,43.19890916
2020,21810100,42.40570897
2019,21810200,8.976549933
2020,21810200,9.072892539
2019,21810300,9.872689946
2020,21810300,11.30195867
2019,21811100,7.513364888
2020,21811100,7.309354423
2019,21811200,15.15690041
2020,21811200,15.21161097
2019,21811300,36.17610363
2020,21811300,30.23413076
2019,21811400,13.76091123
2020,21811400,13.89959475
2019,21812100,11.50950136
2020,21812100,11.52233101
2019,21812200,32.90202458
2020,21812200,33.16537456
2019,21812300,25.21249868
2020,21812300,23.58006472
2019,21813100,23.68718091
2020,21813100,21.85864488
2019,21813200,27.89127682
2020,21813200,26.60560492
2019,21813300,14.88348614
2020,21813300,17.17643028
2019,21813400,13.70296958
2020,21813400,15.36369055
2019,21814100,21.06884933
2020,21814100,20.5422728
2019,21814200,16.57577287
2020,21814200,15.77272675
2019,21814300,14.8704017
2020,21814300,15.45048978
2019,21814400,15.47807442
2020,21814400,16.73245159
2019,21814500,6.630251484
2020,21814500,5.535272664
2019,21814600,16.3682206
2020,21814600,16.54022006
2019,21815100,44.2978438
2020,21815100,44.62967077
2019,21816100,49.74043495
2020,21816100,48.7481547
2019,21817100,19.44069506
2020,21817100,18.51844668
2019,21817200,18.53643394
2020,21817200,17.7735817
2019,21818100,7.628381774
2020,21818100,8.559414987
2019,21818200,10.69181948
2020,21818200,9.219505108
2019,21818300,22.0160484
2020,21818300,22.99276415
2019,21818400,13.72920247
2020,21818400,12.83787762
2019,21819100,8.442188816
2020,21819100,8.85331793
2019,21819200,16.39324771
2020,21819200,15.79897776
2019,21819300,25.76922307
2020,21819300,23.68511842
2019,21819400,8.565901335
2020,21819400,8.296522724
2019,21820100,11.38293177
2020,21820100,11.66899289
2019,21820200,14.22202458
2020,21820200,14.46985543
2019,21820300,14.04007891
2020,21820300,12.83297957
2019,21820400,19.52356473
2020,21820400,19.26451871
2019,21821100,20.85395045
2020,21821100,20.37005664
2019,21821200,10.91126716
2020,21821200,11.13572421
2019,21821300,24.39280422
2020,21821300,22.16133514
2019,21822100,32.32344094
2020,21822100,29.73501146
2019,21822200,10.22106342
2020,21822200,10.25537104
2019,21823100,29.07064473
2020,21823100,27.23555511
2019,21824100,22.22555863
2020,21824100,21.58022623
2019,21824200,12.72460183
2020,21824200,12.2981297
2019,21824300,26.64400995
2020,21824300,24.97958248
2019,21825100,14.21716904
2020,21825100,12.93335807
2019,21825200,15.1958743
2020,21825200,13.87602659
2019,21825300,19.43008067
2020,21825300,18.49848399
2019,21825400,10.97532685
2020,21825400,12.81774109
2019,21825500,13.70351597
2020,21825500,13.96018647
2019,21826100,24.75997129
2020,21826100,24.07136186
2019,21826200,18.14151714
2020,21826200,15.30378659
2019,21826300,11.4237237
2020,21826300,11.43119363
2019,21827100,14.35316577
2020,21827100,13.81025571
2019,21827200,17.61672285
2020,21827200,17.94881186
2019,21827300,16.46187898
2020,21827300,15.13383263
2019,21827400,9.309582597
2020,21827400,7.950110391
2019,21828100,41.21235659
2020,21828100,35.78570004
2019,21828200,37.46572538
2020,21828200,35.80613093
2019,21829100,32.66041889
2020,21829100,31.91465429
2019,21830100,55.79408112
2020,21830100,56.62393732
2019,21830200,10.5559121
2020,21830200,11.23356532
2019,21830300,22.05341251
2020,21830300,22.08918153
2019,21831100,28.92867993
2020,21831100,30.34357691
2019,21831200,16.49503086
2020,21831200,14.98391721
2019,21831300,16.21414964
2020,21831300,16.47547218
2019,21832100,0
2020,21832100,0
2019,21832200,15.52464654
2020,21832200,15.24057609
2019,21832300,13.16053798
2020,21832300,13.0268086
2019,21832400,13.81234856
2020,21832400,12.95607327
2019,21832500,9.178610058
2020,21832500,8.216316991
2019,21832600,14.43349053
2020,21832600,13.93376892
2019,21833100,17.74788119
2020,21833100,18.31137334
2019,21833200,34.22165369
2020,21833200,35.31121962
2019,21834100,20.04991732
2020,21834100,20.14584384
2019,21834200,11.24471909
2020,21834200,10.52843135
2019,21834300,13.79410186
2020,21834300,12.78211674
2019,21834400,10.77984516
2020,21834400,11.58673742
2019,21834500,19.68996338
2020,21834500,20.05788824
2019,21835100,15.04973756
2020,21835100,14.29824981
2019,21835200,36.01564007
2020,21835200,34.7346919
2019,21836100,20.01685382
2020,21836100,20.10575351
2019,21836200,10.61009398
2020,21836200,11.23119628
2019,21836300,24.01392134
2020,21836300,23.58734906
2019,21836400,16.88535798
2020,21836400,16.81321775
2019,21837100,17.08542715
2020,21837100,18.0670261
2019,21837200,12.57958002
2020,21837200,13.3398659
2019,21837300,13.6913317
2020,21837300,13.74535769
2019,21838100,35.40798628
2020,21838100,35.09625971
2019,21838200,20.8879912
2020,21838200,19.90950969
2019,21838300,17.52641952
2020,21838300,17.83467856
2019,21839100,27.7972743
2020,21839100,25.84085574
2019,21839200,8.388255368
2020,21839200,8.393091013
2019,21839300,11.20696157
2020,21839300,11.12865315
2019,21839400,22.49037495
2020,21839400,22.99082592
2019,21840100,44.73028754
2020,21840100,45.22413654
2019,21841100,19.53319456
2020,21841100,17.67189352
2019,21841200,16.60269297
2020,21841200,15.80578585
2019,21842100,26.73171193
2020,21842100,25.92665585
2019,21843100,13.17711002
2020,21843100,12.08030664
2019,21843200,0.043449825
2020,21843200,0.045613986
2019,21843300,15.24674284
2020,21843300,18.28198851
2019,21843400,0
2020,21843400,0
2019,21844100,31.11664258
2020,21844100,31.08298375
2019,21845100,3.049809561
2020,21845100,2.11415804
2019,21846100,53.76509521
2020,21846100,53.5917384
2019,21847100,30.02515299
2020,21847100,30.39142779
2019,21847200,23.48861264
2020,21847200,22.06997116
2019,21848100,31.19188525
2020,21848100,28.66284064
2019,21848200,14.84959661
2020,21848200,13.78880363
2019,21848300,26.98149463
2020,21848300,25.21431403
2019,21848400,14.13406841
2020,21848400,13.20224049
2019,21849100,14.31503436
2020,21849100,14.9876011
2019,21849200,30.19664897
2020,21849200,28.73642342
2019,21850100,17.76800456
2020,21850100,16.62296116
2019,21850200,17.64688566
2020,21850200,17.48329031
2019,21850300,16.27076522
2020,21850300,18.02271204
2019,21850400,13.81971667
2020,21850400,13.9718932
2019,21850500,7.104465473
2020,21850500,7.313875976
2019,21850600,9.296318794
2020,21850600,8.592033062
2019,21851100,26.68999107
2020,21851100,26.33946663
2019,21851200,26.56021847
2020,21851200,24.96250225
2019,21852100,0.636273563
2020,21852100,0.509989943
2019,21852200,0
2020,21852200,0.109066921
2019,21852300,0
2020,21852300,0
2019,21853100,44.31296842
2020,21853100,41.03622245
2019,21853200,14.23456216
2020,21853200,12.41050027
2019,21853300,9.461205186
2020,21853300,8.416898782
2019,21853400,19.48846662
2020,21853400,17.74837239
2019,21854100,31.42107137
2020,21854100,29.68865213
2019,21855100,34.65231184
2020,21855100,33.1758614
2019,21855200,23.78525396
2020,21855200,22.24307471
2019,21856100,39.29850311
2020,21856100,36.35480617
2019,21856200,21.43700193
2020,21856200,20.8923809
2019,21857100,12.32282012
2020,21857100,11.03391823
2019,21857200,23.4175494
2020,21857200,21.83819957
2019,21857300,11.26759973
2020,21857300,11.95099297
2019,21857400,12.60209847
2020,21857400,13.70556666
2019,21857500,17.05614494
2020,21857500,16.35111087
2019,21858100,7.567982705
2020,21858100,6.491966438
2019,21858200,21.33156661
2020,21858200,20.80139609
2019,21859100,12.49108986
2020,21859100,11.48873052
2019,21859200,10.68822347
2020,21859200,9.194977859
2019,21859300,14.15276189
2020,21859300,12.08519108
2019,21859400,10.15084993
2020,21859400,9.897289632
2019,21860100,12.14286296
2020,21860100,11.94026115
2019,21860200,0.113506396
2020,21860200,0
2019,21861100,9.520913175
2020,21861100,9.61371656
2019,21861200,14.39600246
2020,21861200,13.86883739
2019,21862100,34.9075244
2020,21862100,33.25813524
2019,21862200,31.59484437
2020,21862200,30.16271867
2019,21863100,14.95450832
2020,21863100,15.58413606
2019,21863200,14.55332506
2020,21863200,15.14260051
2019,21863300,10.57472278
2020,21863300,10.99606366
2019,21864100,0.093585629
2020,21864100,0
2019,21865100,35.07205238
2020,21865100,34.52428951
2019,21865200,28.769325
2020,21865200,29.52263102
2019,21865300,13.00569559
2020,21865300,12.66098669
2019,21866100,30.02188341
2020,21866100,28.66027641
2019,21866200,19.58663391
2020,21866200,19.94498512
2019,21866300,25.72302122
2020,21866300,25.08490931
2019,21867100,29.17440104
2020,21867100,28.6742358
2019,21867200,7.233817838
2020,21867200,7.334337416
2019,21867300,16.16030247
2020,21867300,16.56294353
2019,21867400,23.71734331
2020,21867400,25.7638962
2019,21868100,27.06430468
2020,21868100,25.9357368
2019,21868200,26.79213498
2020,21868200,24.93519075
2019,21869100,13.59970233
2020,21869100,13.94533443
2019,21869200,40.66039335
2020,21869200,40.31781873
2019,21870100,28.23431662
2020,21870100,29.01101444
2019,21870200,13.49133485
2020,21870200,13.58951157
2019,21871100,1.392295533
2020,21871100,1.2463847
2019,21871200,24.89094674
2020,21871200,23.73052668
2019,21872100,0
2020,21872100,0
2019,21872200,0
2020,21872200,0
2019,21872300,0
2020,21872300,0
2019,21873100,5.754904545
2020,21873100,6.060035625
2019,21873200,18.85608767
2020,21873200,20.03205516
2019,21873300,8.606210015
2020,21873300,8.180297469
2019,21874100,16.96946132
2020,21874100,16.38054598
2019,21874200,17.55793744
2020,21874200,17.42672736
2019,21874300,23.39199949
2020,21874300,23.3860088
2019,21875100,19.59212714
2020,21875100,18.13773242
2019,21875200,23.13415325
2020,21875200,22.03984924
2019,21876100,26.95311443
2020,21876100,27.6269751
2019,21876200,22.50761138
2020,21876200,21.14741694
2019,21877100,11.8415431
2020,21877100,11.90847227
2019,21877200,29.55021504
2020,21877200,28.19321307
2019,21878100,19.0221971
2020,21878100,18.21180554
2019,21879100,17.97638688
2020,21879100,17.60829847
2019,21879200,14.14461928
2020,21879200,12.93182824
2019,21880100,14.73330395
2020,21880100,11.88550361
2019,21880200,21.65648357
2020,21880200,19.86259373
2019,21881100,12.19286143
2020,21881100,12.37618342
2019,21881200,20.0450183
2020,21881200,18.98474816
2019,21881300,5.973975154
2020,21881300,7.342509327
2019,21882100,33.52465089
2020,21882100,31.6776718
2019,21882200,29.447689
2020,21882200,27.15071807
2019,21882300,14.28742067
2020,21882300,13.31568921
2019,21883100,10.092043
2020,21883100,9.246952821
2019,21883200,5.89161527
2020,21883200,5.807236015
2019,21883300,18.88952729
2020,21883300,19.45451935
2019,21883400,12.20055294
2020,21883400,11.57710804
2019,21884100,28.19497241
2020,21884100,26.76829247
2019,21884200,41.40210223
2020,21884200,37.57593189
2019,21885100,6.333740749
2020,21885100,5.514744103
2019,21885200,11.36560872
2020,21885200,10.89761105
2019,21885300,18.77986334
2020,21885300,17.97377226
2019,21886100,12.92282915
2020,21886100,12.82608627
2019,21886200,27.49381563
2020,21886200,27.60225653
2019,21886300,4.154803383
2020,21886300,3.239180617
2019,21886400,0.001352259
2020,21886400,0
2019,21886500,0
2020,21886500,0
2019,21887100,10.34914733
2020,21887100,9.541517549
2019,21887200,8.674307106
2020,21887200,9.502921735
2019,21887300,6.284227441
2020,21887300,5.65975254
2019,21888100,16.12099187
2020,21888100,15.34964541
2019,21888200,6.912404686
2020,21888200,7.183052096
2019,21888300,9.737300115
2020,21888300,8.621826783
2019,21889100,17.20923488
2020,21889100,16.36046804
2019,21889200,15.07799585
2020,21889200,13.70814001
2019,21890100,35.51117192
2020,21890100,35.25466552
2019,21890200,35.29670067
2020,21890200,33.95856488
2019,21891100,61.17690498
2020,21891100,55.39797503
2019,21892100,7.778578029
2020,21892100,7.958032822
2019,21892200,13.42293345
2020,21892200,12.52494368
2019,21893100,25.18528371
2020,21893100,22.47227339
2019,21893200,33.69242766
2020,21893200,32.94773026
2019,21894100,13.66888272
2020,21894100,14.2294423
2019,21894200,17.12998863
2020,21894200,16.38422869
2019,21895100,16.94374303
2020,21895100,16.51737254
2019,21895200,25.19154273
2020,21895200,23.76145678
2019,21896100,6.8310691
2020,21896100,6.422048989
2019,21896200,7.226700838
2020,21896200,6.920432757
2019,21896300,14.01957577
2020,21896300,12.4094352
2019,21896400,10.20233794
2020,21896400,10.79305605
2019,21897100,10.64203031
2020,21897100,9.588285503
2019,21897200,14.47767219
2020,21897200,14.45175835
2019,21897300,13.72942403
2020,21897300,13.02972599
2019,21898100,4.577120085
2020,21898100,4.600303982
2019,21898200,6.288987109
2020,21898200,6.890978387
2019,21898300,7.797074378
2020,21898300,7.295156894
2019,21898400,16.65452542
2020,21898400,16.31556671
2019,21899100,17.75697787
2020,21899100,15.31680321
2019,21899200,42.02561898
2020,21899200,37.94380683
2019,21900100,70.12164562
2020,21900100,63.05442075
2019,21901100,17.27140636
2020,21901100,16.58287904
2019,21901200,27.90493446
2020,21901200,25.37034427
2019,21902100,13.05446035
2020,21902100,15.22926021
2019,21902200,12.50539166
2020,21902200,12.69607279
2019,21902300,20.75114653
2020,21902300,20.29413629
2019,21902400,14.616214
2020,21902400,14.61609253
2019,21903100,31.88062389
2020,21903100,31.18009189
2019,21903200,17.51032675
2020,21903200,16.06696083
2019,21904100,7.778677645
2020,21904100,6.85775476
2019,21904200,6.07245743
2020,21904200,5.312787206
2019,21904300,9.102138848
2020,21904300,8.231631421
2019,21905100,20.15983492
2020,21905100,21.22396908
2019,21906100,24.75400653
2020,21906100,23.13904639
2019,21907100,64.41294063
2020,21907100,65.45415742
2019,21908100,34.07049697
2020,21908100,33.21125949
2019,21909100,28.71327415
2020,21909100,28.69584863
2019,21909200,12.90075745
2020,21909200,11.31698332
2019,21910100,22.12682121
2020,21910100,21.68929494
2019,21910200,16.78365028
2020,21910200,16.18600284
2019,21911100,20.28607142
2020,21911100,21.47300852
2019,21911200,29.17419927
2020,21911200,29.04691799
2019,21912100,19.82616786
2020,21912100,19.05536232
2019,21912200,12.07553657
2020,21912200,13.06930397
2019,21913100,33.70200061
2020,21913100,32.60762581
2019,21914100,15.15679091
2020,21914100,14.352596
2019,21914200,20.76394043
2020,21914200,20.53092329
2019,21915100,29.76560591
2020,21915100,30.692802
2019,21916100,19.41870438
2020,21916100,18.09369729
2019,21917100,13.65779757
2020,21917100,14.43493448
2019,21917200,41.25863411
2020,21917200,40.67389725
2019,21918100,18.08914223
2020,21918100,16.93388538
2019,21918200,10.8869687
2020,21918200,10.60401068
2019,21918300,33.9680905
2020,21918300,32.40150049
2019,21919100,40.62617723
2020,21919100,41.18299932
2019,21920100,17.7555187
2020,21920100,18.74039858
2019,21920200,11.20064608
2020,21920200,11.71720205
2019,21921100,0.54764444
2020,21921100,0.566221419
2019,21921200,8.140074598
2020,21921200,7.173816451
2019,21921300,19.22767823
2020,21921300,20.79997778
2019,21922100,33.16084338
2020,21922100,33.08731583
2019,21923100,27.85210255
2020,21923100,29.10399808
2019,21923200,15.14879341
2020,21923200,13.20564031
2019,21924100,26.59712386
2020,21924100,25.43755648
2019,21924200,2.192185083
2020,21924200,1.966995003
2019,21924300,6.427149228
2020,21924300,6.575047871
2019,21925100,33.64701933
2020,21925100,34.65234663
2019,21925200,26.00480254
2020,21925200,25.05486705
2019,21925300,21.50776222
2020,21925300,22.5790771
2019,21926100,31.04845438
2020,21926100,30.26324617
2019,21927100,8.729134249
2020,21927100,8.700039852
2019,21927200,5.068359665
2020,21927200,4.249998129
2019,21927300,14.46890147
2020,21927300,13.3166384
2019,21928100,47.54138443
2020,21928100,46.59054321
2019,21929100,17.64452939
2020,21929100,14.00626652
2019,21929200,16.48985582
2020,21929200,16.59259137
2019,21930100,5.17149534
2020,21930100,13.83526467
2019,21931100,38.86215077
2020,21931100,39.26049608
2019,21931200,22.41739942
2020,21931200,22.91988499
2019,21932100,27.64463036
2020,21932100,28.25621598
2019,21932200,40.10523617
2020,21932200,39.95018101
2019,21933100,21.22175359
2020,21933100,20.31562654
2019,21933200,10.26391233
2020,21933200,10.35229353
2019,21933300,28.77781661
2020,21933300,28.9913158
2019,21934100,0
2020,21934100,0.350104619
2019,21934200,23.20785736
2020,21934200,14.02936315
2019,21934300,15.3755975
2020,21934300,14.98246474
2019,21935100,34.38027909
2020,21935100,34.6191651
2019,21935200,25.60819089
2020,21935200,24.70999114
2019,21936100,5.296383246
2020,21936100,5.550523036
2019,21936200,2.577041257
2020,21936200,3.686195077
2019,21937100,120.6162011
2020,21937100,108.7079597
2019,21938100,48.35180947
2020,21938100,47.72268552
2019,21939100,1.591770853
2020,21939100,2.678898287
2019,21939200,2.595704522
2020,21939200,2.670598991
2019,21940100,18.0845655
2020,21940100,17.72875388
2019,21940200,28.80170977
2020,21940200,29.5293413
2019,21940300,47.56406759
2020,21940300,47.83488747
2019,21941100,0.20492518
2020,21941100,0.138419261
2019,21941200,15.59606841
2020,21941200,15.48151498
2019,21942100,0.011515962
2020,21942100,0.199009315
2019,21942200,0.144931075
2020,21942200,0.996511202
2019,21943100,61.53987259
2020,21943100,58.20770478
2019,21944100,18.56223093
2020,21944100,20.76448651
2019,21945100,9.863264125
2020,21945100,10.52958775
2019,21945200,7.587350998
2020,21945200,7.404004944
2019,21945300,34.07065318
2020,21945300,34.09942327
2019,21946100,14.10720353
2020,21946100,15.78597329
2019,21947100,14.68940389
2020,21947100,14.27499666
2019,21948100,31.63567281
2020,21948100,27.10676028
2019,21949100,49.81598103
2020,21949100,47.36893448
2019,21950100,52.42681375
2020,21950100,50.9390608
2019,21951100,16.97517765
2020,21951100,15.77137359
2019,21952100,24.61618049
2020,21952100,26.16048446
2019,21953100,32.0507461
2020,21953100,26.72364237
2019,21954100,0
2020,21954100,0.070636888
2019,21955100,0
2020,21955100,0
2019,21955200,0
2020,21955200,0
2019,21956100,7.772243495
2020,21956100,6.234452236
2019,21956200,37.64747273
2020,21956200,37.0555862
2019,21957100,88.24364428
2020,21957100,88.90485028
2019,21958100,6.660420932
2020,21958100,5.968455192
2019,21958200,45.00895749
2020,21958200,44.24514985
2019,21959100,36.8754007
2020,21959100,35.52443311
2019,21959200,30.0241082
2020,21959200,27.39649036
2019,21960100,0.809986681
2020,21960100,0.799859064
2019,21960200,1.221394305
2020,21960200,1.325041107
2019,21960300,0
2020,21960300,0
2019,21961100,14.11231778
2020,21961100,13.11520177
2019,21962100,19.69002994
2020,21962100,18.61531034
2019,21962200,23.73631854
2020,21962200,22.08542541
2019,21963100,27.75510165
2020,21963100,27.31247391
2019,21964100,35.64119364
2020,21964100,34.36698416
2019,21964200,11.52678057
2020,21964200,12.30694069
2019,21964300,28.25493974
2020,21964300,26.96321179
2019,21965100,30.2392355
2020,21965100,29.40567928
2019,21966100,29.16573151
2020,21966100,28.28938818
2019,21966200,6.594649784
2020,21966200,6.217244627
2019,21966300,18.5879637
2020,21966300,17.64694134
2019,21966400,20.18035907
2020,21966400,18.93567335
2019,21966500,9.86205401
2020,21966500,10.03489153
2019,21967100,28.02889932
2020,21967100,27.09902569
2019,21967200,17.4657862
2020,21967200,16.71291693
2019,21967300,19.25504871
2020,21967300,18.80989448
2019,21968100,22.72783229
2020,21968100,22.24908807
2019,21968200,12.58105355
2020,21968200,12.08255675
2019,21968300,12.03339424
2020,21968300,11.52775448
2019,21969100,6.265706636
2020,21969100,5.917722406
2019,21969200,16.1597766
2020,21969200,16.17516616
2019,21970100,7.474430557
2020,21970100,7.796682973
2019,21970200,14.33430764
2020,21970200,13.97918424
2019,21970300,40.08483882
2020,21970300,39.40494199
2019,21971100,26.45133109
2020,21971100,26.59792582
2019,21971200,11.71890014
2020,21971200,12.46816522
2019,21971300,10.76009385
2020,21971300,10.79360362
2019,21972100,19.89248872
2020,21972100,19.12899135
2019,21972200,16.86064789
2020,21972200,16.10073366
2019,21972300,2.780812251
2020,21972300,2.563567556
2019,21972400,4.688296394
2020,21972400,4.631239552
2019,21972500,13.73717139
2020,21972500,12.52766173
2019,21973100,13.90155318
2020,21973100,13.72863846
2019,21974100,29.62348018
2020,21974100,29.98801874
2019,21974200,12.74486705
2020,21974200,12.27894346
2019,21975100,15.46410971
2020,21975100,14.74146309
2019,21975200,4.123408996
2020,21975200,4.958289904
2019,21975300,28.15171236
2020,21975300,27.60171243
2019,21976100,11.70146244
2020,21976100,13.29228203
2019,21976200,10.08053999
2020,21976200,8.871610345
2019,21976300,10.21892297
2020,21976300,10.40235218
2019,21977100,10.67984137
2020,21977100,9.125379728
2019,21977200,20.522567
2020,21977200,19.25579837
2019,21977300,29.61816075
2020,21977300,27.02172739
2019,21978100,18.11565141
2020,21978100,18.84718386
2019,21978200,10.37202005
2020,21978200,11.18101056
2019,21979100,12.06899955
2020,21979100,13.4559224
2019,21979200,25.08930956
2020,21979200,24.39534672
2019,21980100,10.69463843
2020,21980100,10.26956042
2019,21980200,21.80915732
2020,21980200,19.71795767
2019,21980300,4.389860979
2020,21980300,5.515236529
2019,21980400,0
2020,21980400,0
2019,21980500,7.733342425
2020,21980500,6.753851825
2019,21981100,4.683542884
2020,21981100,5.205429381
2019,21981200,11.16930376
2020,21981200,11.7428318
2019,21981300,14.6408565
2020,21981300,14.47829385
2019,21981400,14.45940535
2020,21981400,14.3075434
2019,21981500,8.701194572
2020,21981500,7.080991878
2019,21981600,6.725865441
2020,21981600,7.051427142
2019,21982100,11.29354948
2020,21982100,11.17025846
2019,21982200,10.71104646
2020,21982200,10.60982878
2019,21982300,13.82547408
2020,21982300,12.85385349
2019,21983100,4.300160828
2020,21983100,5.328728892
2019,21983200,4.505778819
2020,21983200,4.799423079
2019,21983300,18.59692799
2020,21983300,18.815177
2019,21983400,0.701185553
2020,21983400,0.67000471
2019,21983500,11.64038263
2020,21983500,11.35470722
2019,21984100,45.2398408
2020,21984100,43.12290891
2019,21985100,10.855286
2020,21985100,10.8455802
2019,21985200,2.899112999
2020,21985200,3.458426328
2019,21985300,5.026258101
2020,21985300,5.136842611
2019,21985400,16.61954713
2020,21985400,15.27359633
2019,21985500,38.63235373
2020,21985500,38.3876218
2019,21985600,0
2020,21985600,0
2019,21985700,1.128867613
2020,21985700,7.393167771
2019,21986100,2.17631495
2020,21986100,2.862182232
2019,21986200,7.737950947
2020,21986200,7.238199639
2019,21986300,0
2020,21986300,0
2019,21986400,11.24836321
2020,21986400,11.18354936
2019,21986500,15.75458954
2020,21986500,18.52607721
2019,21986600,6.891960355
2020,21986600,6.41039839
2019,21986700,8.434533959
2020,21986700,7.68093344
2019,21986800,10.5462591
2020,21986800,10.09169909
2019,21986900,15.64512713
2020,21986900,1.850668327
2019,21987100,13.69986774
2020,21987100,11.8328653
2019,21987200,21.75056149
2020,21987200,21.07128833
2019,21987300,21.59248491
2020,21987300,19.74577559
2019,21987400,4.48655406
2020,21987400,3.939690379
2019,21988100,8.898358412
2020,21988100,8.467993583
2019,21988200,4.2177138
2020,21988200,4.864291706
2019,21988300,14.10703398
2020,21988300,14.52535254
2019,21988400,18.34173719
2020,21988400,17.69810171
2019,21989100,17.78345004
2020,21989100,17.25300764
2019,21989200,31.47710822
2020,21989200,30.65755492
2019,21990100,0
2020,21990100,0
2019,21990200,5.620638651
2020,21990200,4.511430253
2019,21990300,11.06718224
2020,21990300,11.05267182
2019,21990400,13.1419054
2020,21990400,14.16142944
2019,21990500,8.373291525
2020,21990500,9.484891532
2019,21991100,21.14780102
2020,21991100,20.4873798
2019,21991200,21.75800148
2020,21991200,20.71437796
2019,21992100,12.86504726
2020,21992100,12.2715397
2019,21992200,15.55344874
2020,21992200,14.694633
2019,21992300,15.43757725
2020,21992300,14.40893952
2019,21993100,5.124909727
2020,21993100,4.778541969
2019,21993200,24.87350287
2020,21993200,23.85481402
2019,21993300,15.57110756
2020,21993300,15.62261861
2019,21993400,0.964175747
2020,21993400,1.08894626
2019,21994100,31.91317088
2020,21994100,29.54356388
2019,21995100,19.85132221
2020,21995100,19.25492839
2019,21995200,10.10195996
2020,21995200,10.57243778
2019,21996100,27.38448705
2020,21996100,26.86041227
2019,21996200,17.87676593
2020,21996200,17.5384841
2019,21997100,18.40202073
2020,21997100,18.1617476
2019,21997200,25.53714366
2020,21997200,24.60253343
2019,21998100,0
2020,21998100,0
2019,21998200,0
2020,21998200,0
2019,21998300,12.47382991
2020,21998300,10.72713727
2019,21998400,3.225387482
2020,21998400,3.809983714
2019,21998500,13.10086499
2020,21998500,12.48672901
2019,21998600,7.266378918
2020,21998600,6.919767131
2019,21998700,2.901607194
2020,21998700,2.947901203
2019,21998800,1.544982213
2020,21998800,1.460310742
2019,21998900,2.364684578
2020,21998900,3.781916512
2019,21999100,37.15952904
2020,21999100,35.57761031
2019,21999200,32.34280192
2020,21999200,31.242838
2019,21999300,11.09958321
2020,21999300,11.24313836
2019,22000100,2.375098415
2020,22000100,2.432586313
2019,22000200,35.93259866
2020,22000200,35.10058547
2019,22000300,12.16349611
2020,22000300,12.72016803
2019,22001100,22.3498823
2020,22001100,21.00087719
2019,22001200,3.426047274
2020,22001200,3.339307045
2019,22001300,1.304229782
2020,22001300,1.009788681
2019,22001400,3.635489622
2020,22001400,2.888957496
2019,22001500,7.356643213
2020,22001500,5.3899663
2019,22002100,13.90957082
2020,22002100,13.88789545
2019,22002200,16.79974078
2020,22002200,16.69836596
2019,22002300,31.47249609
2020,22002300,29.9459831
2019,22002400,7.575558568
2020,22002400,6.581528946
2019,22003100,34.77049163
2020,22003100,35.13690949
2019,22003200,29.47970826
2020,22003200,30.68041333
2019,22004100,11.29951478
2020,22004100,11.49563854
2019,22004200,14.62067819
2020,22004200,14.94622571
2019,22005100,19.30888096
2020,22005100,18.76797194
2019,22005200,6.798329853
2020,22005200,5.986284588
2019,22005300,3.160887214
2020,22005300,3.691371436
2019,22005400,3.717679593
2020,22005400,4.107821588
2019,22005500,11.37376875
2020,22005500,9.408483699
2019,22005600,5.078314053
2020,22005600,4.63215645
2019,22005700,2.577153671
2020,22005700,2.019862848
2019,22005800,22.55874566
2020,22005800,21.00262603
2019,22005900,6.063708335
2020,22005900,5.681569883
2019,22006100,16.60789096
2020,22006100,14.95970182
2019,22006200,37.24234916
2020,22006200,34.58984285
2019,22006300,2.616303917
2020,22006300,2.694759496
2019,22007100,19.15061234
2020,22007100,18.80384142
2019,22007200,12.70018165
2020,22007200,12.80510679
2019,22007300,16.86096851
2020,22007300,17.40786342
2019,22007400,18.89298815
2020,22007400,18.85622342
2019,22007500,10.27439163
2020,22007500,9.771028506
2019,22008100,8.86655842
2020,22008100,8.574625776
2019,22008200,8.969196624
2020,22008200,9.085455311
2019,22008300,6.107137239
2020,22008300,6.169196847
2019,22008400,19.43448329
2020,22008400,17.43004927
2019,22008500,25.20335334
2020,22008500,24.26653623
2019,22009100,36.22623323
2020,22009100,46.93467887
2019,22009200,29.99794673
2020,22009200,30.20417443
2019,22009300,14.5920938
2020,22009300,18.54892725
2019,22009400,1.044620442
2020,22009400,9.587482049
2019,22010100,14.2801117
2020,22010100,17.44561812
2019,22010200,10.31190747
2020,22010200,10.71860288
2019,22011100,35.81915668
2020,22011100,34.76356066
2019,22011200,23.21848106
2020,22011200,21.98490469
2019,22011300,22.73520795
2020,22011300,22.20761963
2019,22012100,6.673814469
2020,22012100,7.752478307
2019,22012200,12.31176526
2020,22012200,12.58384397
2019,22012300,12.56764901
2020,22012300,12.15219227
2019,22012400,9.423762037
2020,22012400,9.772175533
2019,22013100,34.16488069
2020,22013100,32.1056583
2019,22013200,21.09106274
2020,22013200,19.51016191
2019,22014100,31.37347118
2020,22014100,28.80114702
2019,22014200,24.22432426
2020,22014200,22.85214265
2019,22015100,14.14694388
2020,22015100,14.31441651
2019,22015200,25.0198834
2020,22015200,25.38491004
2019,22016100,3.494698264
2020,22016100,4.107566333
2019,22016200,1.062308583
2020,22016200,0.94200171
2019,22017100,27.12512802
2020,22017100,26.33115723
2019,22017200,27.21677424
2020,22017200,26.97165373
2019,22018100,7.094988815
2020,22018100,7.008505877
2019,22018200,5.168919044
2020,22018200,5.238002369
2019,22018300,14.25993233
2020,22018300,13.65670213
2019,22018400,13.39044865
2020,22018400,13.17750183
2019,22019100,7.35637307
2020,22019100,6.859988031
2019,22019200,18.73911461
2020,22019200,17.00703067
2019,22019300,38.13370015
2020,22019300,35.74072082
2019,22019400,15.0815036
2020,22019400,14.93176435
2019,22020100,10.6541779
2020,22020100,9.535040213
2019,22020200,16.16986419
2020,22020200,15.04810826
2019,22020300,15.97870686
2020,22020300,15.00792674
2019,22021100,11.06538365
2020,22021100,10.61372018
2019,22021200,14.57988805
2020,22021200,14.30345046
2019,22021300,8.459585727
2020,22021300,8.002466913
2019,22021400,12.67518212
2020,22021400,11.94184099
2019,22022100,18.45625098
2020,22022100,17.78356861
2019,22022200,14.5405879
2020,22022200,14.86701515
2019,22023100,23.04222335
2020,22023100,22.27184739
2019,22023200,23.96788415
2020,22023200,21.57231199
2019,22024100,9.15394163
2020,22024100,10.09842069
2019,22024200,21.81691919
2020,22024200,20.21303774
2019,22024300,31.4913959
2020,22024300,30.69487728
2019,22025100,12.26609697
2020,22025100,13.23163017
2019,22025200,12.39047817
2020,22025200,11.35438166
2019,22025300,5.57906833
2020,22025300,7.164765212
2019,22025400,9.667603181
2020,22025400,10.49198939
2019,22025500,14.03798621
2020,22025500,12.80597105
2019,22026100,22.67723277
2020,22026100,21.28504041
2019,22026200,25.01609517
2020,22026200,23.5734378
2019,22027100,16.34253601
2020,22027100,17.70457503
2019,22027200,11.51869996
2020,22027200,11.34838337
2019,22028100,58.90236247
2020,22028100,52.3809547
2019,22029100,22.1214111
2020,22029100,20.87735845
2019,22029200,13.53445224
2020,22029200,13.39486931
2019,22030100,12.81048924
2020,22030100,12.87804951
2019,22030200,17.27658766
2020,22030200,16.76569256
2019,22031100,22.29802233
2020,22031100,23.05365062
2019,22031200,9.084635617
2020,22031200,10.85967591
2019,22031300,8.685700961
2020,22031300,6.991088005
2019,22032100,10.45574543
2020,22032100,10.96631729
2019,22032200,26.26781648
2020,22032200,27.30756503
2019,22032300,33.8239074
2020,22032300,32.33410474
2019,22032400,2.849573564
2020,22032400,3.448987589
2019,22033100,3.881703208
2020,22033100,3.814320385
2019,22033200,16.17180896
2020,22033200,15.50965799
2019,22033300,8.229981355
2020,22033300,8.300953738
2019,22033400,9.049399205
2020,22033400,8.700245678
2019,22033500,16.02172968
2020,22033500,15.40197898
2019,22033600,9.306286125
2020,22033600,8.801431783
2019,22033700,4.443989828
2020,22033700,4.215653997
2019,22033800,0
2020,22033800,0
2019,22034100,10.95712921
2020,22034100,11.88801273
2019,22034200,22.10371715
2020,22034200,21.34759738
2019,22035100,36.99680753
2020,22035100,33.82039409
2019,22035200,13.35980495
2020,22035200,13.59566645
2019,22035300,23.11088514
2020,22035300,21.86523719
2019,22035400,17.57344456
2020,22035400,16.03319815
2019,22036100,10.90921241
2020,22036100,10.26837166
2019,22036200,29.90115008
2020,22036200,28.27558802
2019,22037100,27.61379244
2020,22037100,25.785018
2019,22037200,35.11075008
2020,22037200,32.55524072
2019,22038100,8.653912185
2020,22038100,8.01272989
2019,22038200,29.8342425
2020,22038200,26.16458068
2019,22039100,11.25563157
2020,22039100,11.38110204
2019,22039200,19.30700677
2020,22039200,19.37544092
2019,22040100,25.33287452
2020,22040100,27.25162824
2019,22040200,14.65304609
2020,22040200,15.43593395
2019,22040300,15.88282821
2020,22040300,15.93990546
2019,22041100,13.80029641
2020,22041100,12.83951718
2019,22041200,16.72310697
2020,22041200,16.61131103
2019,22041300,14.68646005
2020,22041300,14.05907088
2019,22042100,23.37495193
2020,22042100,23.23670089
2019,22042200,20.08171203
2020,22042200,18.62186452
2019,22043100,29.83081758
2020,22043100,28.16985624
2019,22043200,22.89212359
2020,22043200,24.26361457
2019,22044100,3.381351454
2020,22044100,3.737589866
2019,22044200,4.397380108
2020,22044200,5.078553688
2019,22044300,6.116451216
2020,22044300,6.415738281
2019,22044400,16.58899647
2020,22044400,14.56351246
2019,22044500,7.390723885
2020,22044500,7.751373028
2019,22044600,18.32602904
2020,22044600,19.25002796
2019,22045100,17.32742352
2020,22045100,16.56010227
2019,22045200,18.84454791
2020,22045200,17.3178142
2019,22045300,13.65990479
2020,22045300,11.99572871
2019,22045400,9.485946606
2020,22045400,8.152045588
2019,22046100,32.6368789
2020,22046100,31.47423682
2019,22047100,13.38695621
2020,22047100,13.81618572
2019,22048100,13.88304969
2020,22048100,13.08379527
2019,22048200,10.38916087
2020,22048200,10.96633366
2019,22049100,39.56895474
2020,22049100,38.1855538
2019,22050100,36.38034825
2020,22050100,35.20706874
2019,22051100,15.3783174
2020,22051100,15.54139298
2019,22051200,19.86611413
2020,22051200,18.62256961
2019,22052100,27.73585448
2020,22052100,25.08123864
2019,22052200,13.86135676
2020,22052200,13.40489983
2019,22053100,23.88525538
2020,22053100,22.74791679
2019,22053200,24.65486182
2020,22053200,23.64904198
2019,22054100,26.64183411
2020,22054100,25.82241418
2019,22055100,20.4176623
2020,22055100,18.16214494
2019,22055200,20.35496409
2020,22055200,19.68899029
2019,22056100,30.59392649
2020,22056100,28.95333728
2019,22057100,25.20286958
2020,22057100,22.00218261
2019,22057200,27.03896404
2020,22057200,25.62493323
2019,22058100,25.25602855
2020,22058100,23.26709338
2019,22058200,13.70524916
2020,22058200,13.13938494
2019,22059100,17.70190814
2020,22059100,17.89888437
2019,22059200,12.74639729
2020,22059200,12.79830895
2019,22059300,8.067532574
2020,22059300,8.166861085
2019,22060100,33.21758362
2020,22060100,30.39945842
2019,22061100,14.71145397
2020,22061100,14.34271095
2019,22061200,20.37897361
2020,22061200,19.08608758
2019,22062100,22.92776837
2020,22062100,21.94350087
2019,22062200,12.7711635
2020,22062200,12.32077023
2019,22063100,33.01929178
2020,22063100,31.38829688
2019,22063200,18.6801646
2020,22063200,18.55008701
2019,22064100,32.26293704
2020,22064100,30.34290488
2019,22064200,15.51076311
2020,22064200,16.22128641
2019,22064300,14.61746258
2020,22064300,13.62133897
2019,22064400,12.01093442
2020,22064400,12.57406672
2019,22065100,9.609845848
2020,22065100,8.568977374
2019,22065200,14.31741228
2020,22065200,13.03761874
2019,22065300,26.42254328
2020,22065300,25.14026826
2019,22066100,7.939668605
2020,22066100,9.126081364
2019,22066200,14.82744276
2020,22066200,13.6050254
2019,22066300,13.92701362
2020,22066300,14.59208383
2019,22067100,27.23749472
2020,22067100,26.33385817
2019,22068100,16.3853868
2020,22068100,16.46550289
2019,22069100,17.57092691
2020,22069100,19.83413639
2019,22070100,33.47282989
2020,22070100,32.04503451
2019,22071100,22.32277756
2020,22071100,21.56775179
2019,22071200,37.00595551
2020,22071200,34.4474464
2019,22072100,25.42099017
2020,22072100,26.29856082
2019,22073100,11.88269215
2020,22073100,11.78453983
2019,22073200,6.860864354
2020,22073200,6.85623269
2019,22073300,29.78813591
2020,22073300,29.40155895
2019,22074100,14.76260926
2020,22074100,14.81621588
2019,22074200,9.936076383
2020,22074200,9.23081817
2019,22075100,20.74716359
2020,22075100,20.37940863
2019,22075200,31.9817217
2020,22075200,31.34819403
2019,22076100,35.51858374
2020,22076100,33.1258145
2019,22076200,22.33173466
2020,22076200,22.58892022
2019,22077100,16.4468413
2020,22077100,16.50093581
2019,22078100,11.52481551
2020,22078100,10.46623726
2019,22079100,23.96199992
2020,22079100,24.73596493
2019,22080100,23.07984249
2020,22080100,21.97763911
2019,22081100,33.1648464
2020,22081100,31.8517199
2019,22082100,9.121099705
2020,22082100,8.674121628
2019,22082200,13.03609597
2020,22082200,12.3297399
2019,22083100,10.2647919
2020,22083100,9.467673522
2019,22083200,17.21847784
2020,22083200,16.67653852
2019,22084100,8.056012628
2020,22084100,8.010178299
2019,22085100,39.65836464
2020,22085100,37.7062799
2019,22086100,13.67100525
2020,22086100,12.91692515
2019,22086200,3.201047968
2020,22086200,3.251990197
2019,22087100,11.66672778
2020,22087100,10.98678705
2019,22087200,2.743868356
2020,22087200,3.821504987
2019,22087300,48.75638309
2020,22087300,47.85514268
2019,22088100,27.62547097
2020,22088100,28.19240153
2019,22088200,10.92870018
2020,22088200,10.40009832
2019,22088300,5.389752145
2020,22088300,5.203956864
2019,22088400,8.085030998
2020,22088400,7.492999049
2019,22089100,23.63906075
2020,22089100,22.29999202
2019,22090100,10.93976694
2020,22090100,9.81367742
2019,22090200,6.729339552
2020,22090200,6.767149559
2019,22090300,4.709426876
2020,22090300,3.671439726
2019,22090400,6.907583403
2020,22090400,5.885450495
2019,22091100,6.428479319
2020,22091100,5.648194135
2019,22091200,11.22112556
2020,22091200,10.64179215
2019,22091300,33.25645444
2020,22091300,36.13772068
2019,22091400,1.526405808
2020,22091400,1.793025901
2019,22092100,11.97771061
2020,22092100,11.83556216
2019,22092200,8.723389133
2020,22092200,8.582002943
2019,22092300,0.144931075
2020,22092300,0.144931075
2019,22093100,67.11255013
2020,22093100,62.52639059
2019,22094100,15.19265412
2020,22094100,14.81756396
2019,22094200,8.84614141
2020,22094200,9.447457047
2019,22094300,8.928701298
2020,22094300,9.495592802
2019,22095100,16.09351843
2020,22095100,16.94217561
2019,22095200,22.23463664
2020,22095200,20.72218381
2019,22095300,21.20988653
2020,22095300,21.52728978
2019,22096100,15.29664255
2020,22096100,14.19256559
2019,22096200,13.91915559
2020,22096200,13.67527881
2019,22096300,21.20831832
2020,22096300,19.98710101
2019,22097100,6.405074019
2020,22097100,6.463793885
2019,22097200,12.65095677
2020,22097200,12.70723194
2019,22097300,15.11101757
2020,22097300,13.11844117
2019,22098100,32.98223846
2020,22098100,30.60372222
2019,22099100,53.90286125
2020,22099100,53.02500948
2019,22100100,16.80057987
2020,22100100,16.79834018
2019,22100200,5.210916373
2020,22100200,4.971192534
2019,22100300,11.22959586
2020,22100300,11.43908986
2019,22101100,0
2020,22101100,0
2019,22101200,13.80717793
2020,22101200,12.31119366
2019,22102100,13.46330677
2020,22102100,12.78752481
2019,22103100,27.82867496
2020,22103100,24.03346122
2019,22103200,7.559273529
2020,22103200,7.042665844
2019,22103300,10.50201043
2020,22103300,10.47800636
2019,22103400,35.89971004
2020,22103400,35.6782627
2019,22104100,38.00950915
2020,22104100,34.75751206
2019,22104200,29.71901876
2020,22104200,28.58445113
2019,22105100,24.43420767
2020,22105100,24.52271995
2019,22105200,7.550542947
2020,22105200,7.877932278
2019,22105300,18.68363428
2020,22105300,18.80950488
2019,22106100,3.310262408
2020,22106100,4.055262414
2019,22106200,2.287657312
2020,22106200,2.682087266
2019,22106300,2.298747607
2020,22106300,2.812241468
2019,22106400,14.49761538
2020,22106400,15.21373925
2019,22106500,2.505482834
2020,22106500,2.554014053
2019,22107100,18.87625443
2020,22107100,21.20766553
2019,22107200,3.182968903
2020,22107200,3.956965942
2019,22107300,26.11140871
2020,22107300,23.69530659
2019,22107400,35.20631438
2020,22107400,34.32085158
2019,22108100,18.78932512
2020,22108100,18.84725716
2019,22108200,23.67719648
2020,22108200,24.26201562
2019,22108300,34.14331102
2020,22108300,35.10428031
2019,22109100,37.40901458
2020,22109100,35.02939476
2019,22110100,6.316586348
2020,22110100,5.808149962
2019,22110200,8.904264667
2020,22110200,8.318370179
2019,22110300,6.46724008
2020,22110300,7.248821966
2019,22110400,10.5399029
2020,22110400,10.7152315
2019,22110500,3.734999401
2020,22110500,4.056303094
2019,22111100,10.85665702
2020,22111100,9.950766345
2019,22111200,4.314155319
2020,22111200,4.661136875
2019,22111300,4.847534706
2020,22111300,4.740445549
2019,22112100,49.41350495
2020,22112100,47.69073866
2019,22113100,13.70363911
2020,22113100,14.82261098
2019,22113200,21.92040395
2020,22113200,20.73161352
2019,22113300,6.43255638
2020,22113300,6.974383095
2019,22113400,8.482431516
2020,22113400,7.983693917
2019,22113500,17.38792321
2020,22113500,17.40858758
2019,22114100,45.05305035
2020,22114100,42.43131497
2019,22114200,19.88355233
2020,22114200,18.47437626
2019,22115100,5.00158797
2020,22115100,4.947776033
2019,22115200,10.50273159
2020,22115200,11.22493005
2019,22115300,20.93581764
2020,22115300,19.06450309
2019,22116100,34.89155917
2020,22116100,30.44958625
2019,22117100,14.52514138
2020,22117100,12.72630602
2019,22117200,31.70163276
2020,22117200,29.48782333
2019,22117300,18.90551378
2020,22117300,18.91330434
2019,22117400,5.723132483
2020,22117400,5.525509581
2019,22118100,17.90852182
2020,22118100,17.09933989
2019,22118200,19.01436859
2020,22118200,20.79538801
2019,22118300,11.52320124
2020,22118300,12.14990794
2019,22119100,55.04436736
2020,22119100,54.3967182
2019,22120100,25.70843493
2020,22120100,24.30965302
2019,22120200,17.14939201
2020,22120200,16.87912522
2019,22121100,18.36504672
2020,22121100,13.35147823
2019,22121200,14.31091326
2020,22121200,13.35839222
2019,22121300,12.73048691
2020,22121300,12.51180885
2019,22121400,32.2545418
2020,22121400,30.148709
2019,22121500,9.918467954
2020,22121500,9.395981937
2019,22121600,17.95167304
2020,22121600,17.15992852
2019,22122100,14.811486
2020,22122100,14.41700374
2019,22122200,16.69929783
2020,22122200,16.39208335
2019,22122300,23.8612333
2020,22122300,23.53639896
2019,22123100,2.250211066
2020,22123100,3.090661649
2019,22123200,11.65661771
2020,22123200,11.22307084
2019,22123300,5.118450209
2020,22123300,4.758533872
2019,22123400,10.00460667
2020,22123400,9.742626151
2019,22123500,8.116811192
2020,22123500,8.641153149
2019,22124100,38.42462448
2020,22124100,38.32235395
2019,22124200,37.37696328
2020,22124200,33.92922862
2019,22124300,35.45640444
2020,22124300,35.27685465
2019,22125100,21.92723603
2020,22125100,20.44635832
2019,22126100,18.34840659
2020,22126100,16.89852165
2019,22127100,39.90119584
2020,22127100,36.67140769
2019,22127200,20.05053243
2020,22127200,16.57548224
2019,22128100,18.78258973
2020,22128100,16.24189665
2019,22128200,10.11375736
2020,22128200,9.749478102
2019,22129100,18.12064156
2020,22129100,17.620482
2019,22129200,10.53393336
2020,22129200,12.90293742
2019,22130100,5.465081503
2020,22130100,4.471015944
2019,22130200,17.33605448
2020,22130200,17.58290301
2019,22130300,19.58367741
2020,22130300,20.44903912
2019,22131100,10.81257433
2020,22131100,8.994492732
2019,22131200,39.42579915
2020,22131200,38.81428147
2019,22132100,7.286847041
2020,22132100,7.706404759
2019,22133100,35.09408694
2020,22133100,33.90467706
2019,22133200,7.369839291
2020,22133200,6.929354754
2019,22133300,5.410345357
2020,22133300,5.078945087
2019,22133400,17.93987774
2020,22133400,18.32585406
2019,22134100,25.28008297
2020,22134100,24.27002644
2019,22134200,2.453208687
2020,22134200,3.305750701
2019,22134300,17.98470304
2020,22134300,17.00668304
2019,22134400,29.7562735
2020,22134400,29.85250982
2019,22134500,19.29909395
2020,22134500,21.39243341
2019,22135100,27.13658468
2020,22135100,27.71179108
2019,22135200,24.93947641
2020,22135200,22.98847495
2019,22135300,18.98390792
2020,22135300,17.30708715
2019,22135400,30.16292999
2020,22135400,28.69164435
2019,22136100,22.24148159
2020,22136100,21.74880816
2019,22136200,16.90933056
2020,22136200,16.67680181
2019,22137100,23.31334343
2020,22137100,22.22399648
2019,22138100,15.10640557
2020,22138100,15.42302849
2019,22138200,26.84654178
2020,22138200,26.04332164
2019,22139100,4.186027067
2020,22139100,4.044700985
2019,22139200,4.525003486
2020,22139200,4.392013937
2019,22139300,5.578898404
2020,22139300,4.825911659
2019,22139400,7.958892089
2020,22139400,7.293274306
2019,22139500,6.379315774
2020,22139500,4.996612277
2019,22139600,6.498589659
2020,22139600,6.628234657
2019,22139700,5.605650717
2020,22139700,5.384245626
2019,22140100,26.41366823
2020,22140100,25.38794006
2019,22140200,20.3062345
2020,22140200,20.24984559
2019,22141100,47.43593239
2020,22141100,45.44293707
2019,22142100,36.70034822
2020,22142100,36.41748852
2019,22142200,13.3229452
2020,22142200,14.1997424
2019,22143100,18.26799633
2020,22143100,16.2785328
2019,22143200,61.47894357
2020,22143200,57.33246218
2019,22144100,14.04265634
2020,22144100,12.67795628
2019,22145100,18.5175591
2020,22145100,18.22368502
2019,22145200,21.55769591
2020,22145200,19.38288439
2019,22145300,31.94504084
2020,22145300,28.70672384
2019,22146100,16.3775791
2020,22146100,14.04284682
2019,22146200,11.05897651
2020,22146200,9.569907582
2019,22146300,11.50075513
2020,22146300,11.14354953
2019,22147100,11.74300652
2020,22147100,11.74639865
2019,22147200,35.53790008
2020,22147200,34.35162187
2019,22147300,18.8570638
2020,22147300,17.83416842
2019,22148100,35.07725671
2020,22148100,34.65915679
2019,22148200,45.18256702
2020,22148200,35.56883587
2019,22149100,11.35443687
2020,22149100,10.07908706
2019,22149200,4.891218344
2020,22149200,4.852847148
2019,22149300,6.984622155
2020,22149300,6.414947658
2019,22150100,2.660088469
2020,22150100,4.733024106
2019,22150200,10.4570038
2020,22150200,9.696618698
2019,22150300,17.71573609
2020,22150300,17.17660072
2019,22150400,6.492026278
2020,22150400,6.616250674
2019,22151100,7.803712479
2020,22151100,7.807830427
2019,22151200,3.939723737
2020,22151200,3.983865576
2019,22151300,10.23750846
2020,22151300,9.87142301
2019,22151400,9.741659409
2020,22151400,9.014118527
2019,22151500,15.94727057
2020,22151500,14.11220478
2019,22152100,31.82371497
2020,22152100,31.60119942
2019,22152200,23.54677434
2020,22152200,22.06744487
2019,22153100,8.003489676
2020,22153100,8.04076188
2019,22153200,11.72752376
2020,22153200,9.69051747
2019,22153300,9.82608894
2020,22153300,9.220392795
2019,22154100,23.23167832
2020,22154100,22.03938572
2019,22155100,6.141812724
2020,22155100,5.811156556
2019,22155200,3.264526159
2020,22155200,3.47120005
2019,22155300,8.877000075
2020,22155300,8.644298906
2019,22155400,8.434558773
2020,22155400,7.914162382
2019,22155500,5.197791003
2020,22155500,4.78922187
2019,22156100,26.86667171
2020,22156100,25.1139288
2019,22156200,18.10085395
2020,22156200,18.43123612
2019,22157100,38.29551557
2020,22157100,36.47688337
2019,22158100,34.97314528
2020,22158100,35.77170472
2019,22158200,16.87353293
2020,22158200,16.74534522
2019,22158300,13.99863911
2020,22158300,15.39073136
2019,22159100,32.97494198
2020,22159100,32.72374656
2019,22159200,25.84545548
2020,22159200,24.27974275
2019,22160100,16.28428532
2020,22160100,14.66281092
2019,22160200,19.15265083
2020,22160200,20.16621079
2019,22161100,23.91064969
2020,22161100,22.32173893
2019,22162100,48.80541864
2020,22162100,49.11547498
2019,22163100,12.03687784
2020,22163100,10.77447822
2019,22163200,11.61037538
2020,22163200,10.61669105
2019,22163300,29.42031113
2020,22163300,29.10428947
2019,22164100,20.09595614
2020,22164100,19.23872094
2019,22164200,31.05442316
2020,22164200,29.00324297
2019,22164300,16.43668695
2020,22164300,17.79076428
2019,22165100,34.76302594
2020,22165100,33.22007239
2019,22166100,15.19984647
2020,22166100,14.94842785
2019,22166200,20.8633849
2020,22166200,20.69556486
2019,22166300,16.63885061
2020,22166300,16.35235844
2019,22166400,8.986266608
2020,22166400,9.966582617
2019,22167100,5.513189063
2020,22167100,4.894488343
2019,22167200,9.081547108
2020,22167200,8.938394963
2019,22167300,10.44960081
2020,22167300,9.521141774
2019,22167400,5.037470314
2020,22167400,6.034871715
2019,22167500,7.981001808
2020,22167500,7.735608179
2019,22168100,15.26647808
2020,22168100,14.81225091
2019,22168200,21.65928891
2020,22168200,20.30343744
2019,22168300,12.63655964
2020,22168300,13.37275725
2019,22168400,11.16035917
2020,22168400,12.75192044
2019,22169100,9.728608101
2020,22169100,9.112292621
2019,22169200,5.777204617
2020,22169200,5.840122979
2019,22170100,19.23159038
2020,22170100,18.5536597
2019,22170200,27.65445889
2020,22170200,26.74839484
2019,22171100,42.60144264
2020,22171100,36.83259363
2019,22171200,4.856522824
2020,22171200,5.111358944
2019,22172100,39.39059011
2020,22172100,40.15416758
2019,22172200,11.95105076
2020,22172200,11.81642858
2019,22173100,8.94111209
2020,22173100,9.030815288
2019,22173200,10.33652685
2020,22173200,12.16606625
2019,22173300,12.17638266
2020,22173300,13.68705091
2019,22173400,24.34700594
2020,22173400,22.71596213
2019,22173500,22.55665471
2020,22173500,22.70200735
2019,22174100,15.62868891
2020,22174100,15.20204332
2019,22174200,13.6553266
2020,22174200,13.34750024
2019,22174300,1.55244162
2020,22174300,2.721827325
2019,22174400,0
2020,22174400,0
2019,22175100,22.53469438
2020,22175100,23.12723506
2019,22175200,14.18295024
2020,22175200,14.25089262
2019,22176100,17.27278196
2020,22176100,17.80671341
2019,22176200,19.51072409
2020,22176200,18.50860389
2019,22177100,4.629881268
2020,22177100,4.42593009
2019,22177200,7.098910968
2020,22177200,6.148289584
2019,22177300,6.569635248
2020,22177300,5.287971501
2019,22178100,14.9958015
2020,22178100,16.77880738
2019,22178200,20.7332521
2020,22178200,22.3628666
2019,22178300,10.05986306
2020,22178300,9.145370219
2019,22179100,15.03668703
2020,22179100,15.45673033
2019,22179200,7.800204327
2020,22179200,7.596120731
2019,22179300,9.560210641
2020,22179300,9.112135373
2019,22179400,0.196605387
2020,22179400,0.282526849
2019,22180100,17.13299192
2020,22180100,15.79746961
2019,22180200,27.33034393
2020,22180200,26.5548476
2019,22181100,27.85071327
2020,22181100,26.37066602
2019,22182100,8.03743537
2020,22182100,7.826283442
2019,22182200,1.416605856
2020,22182200,1.570174321
2019,22182300,22.08724058
2020,22182300,22.13007535
2019,22182400,1.634106095
2020,22182400,2.081556009
2019,22183100,46.45696874
2020,22183100,46.45665806
2019,22183200,21.9783651
2020,22183200,22.02990242
2019,22183300,10.67038126
2020,22183300,10.30358471
2019,22184100,37.39577986
2020,22184100,35.97378359
2019,22184200,30.17491902
2020,22184200,28.8529108
2019,22185100,28.76713322
2020,22185100,27.94900143
2019,22186100,10.37343537
2020,22186100,8.956574582
2019,22186200,40.98977978
2020,22186200,37.93125184
2019,22187100,23.60516181
2020,22187100,24.34412606
2019,22187200,30.84934728
2020,22187200,29.92159038
2019,22188100,25.77044812
2020,22188100,25.32488551
2019,22188200,3.786503925
2020,22188200,3.6497407
2019,22189100,23.12996959
2020,22189100,23.69184867
2019,22189200,7.93882233
2020,22189200,7.40907555
2019,22189300,19.34834356
2020,22189300,18.34290737
2019,22190100,20.6912921
2020,22190100,20.08253548
2019,22190200,16.23883873
2020,22190200,15.32635762
2019,22191100,22.88455931
2020,22191100,21.87495133
2019,22191200,23.80646639
2020,22191200,22.6159807
2019,22192100,34.54464738
2020,22192100,33.68563893
2019,22192200,6.595686984
2020,22192200,6.413672541
2019,22193100,29.89021456
2020,22193100,28.96239812
2019,22193200,15.49055135
2020,22193200,15.29683743
2019,22194100,6.061800469
2020,22194100,5.976698398
2019,22194200,15.92822235
2020,22194200,14.97838884
2019,22195100,18.04646511
2020,22195100,17.07578263
2019,22196100,0.397912394
2020,22196100,0.374680815
2019,22197100,25.83402681
2020,22197100,24.96725642
2019,22198100,15.00293619
2020,22198100,14.78192034
2019,22198200,16.19028732
2020,22198200,13.94291118
2019,22198300,16.58170757
2020,22198300,14.67536611
2019,22199100,23.43195563
2020,22199100,23.71374418
2019,22199200,14.058891
2020,22199200,13.91828252
2019,22200100,5.878583933
2020,22200100,5.053455747
2019,22200200,25.2237019
2020,22200200,24.35024962
2019,22201100,11.31950939
2020,22201100,11.59935135
2019,22201200,9.454932327
2020,22201200,9.259609694
2019,22201300,10.37737121
2020,22201300,9.683557093
2019,22202100,19.14979618
2020,22202100,24.06665963
2019,22202200,13.31382154
2020,22202200,11.75910047
2019,22202300,14.02082049
2020,22202300,12.75439183
2019,22202400,16.90704816
2020,22202400,15.93818792
2019,22203100,33.93827116
2020,22203100,35.57406948
2019,22203200,22.06052088
2020,22203200,22.1900774
2019,22204100,68.83503813
2020,22204100,59.74884889
2019,22204200,31.16506723
2020,22204200,28.55056667
2019,22205100,47.54454673
2020,22205100,49.03069326
2019,22206100,17.24004686
2020,22206100,17.08652203
2019,22206200,8.585454459
2020,22206200,7.509082157
2019,22206300,11.77207106
2020,22206300,11.42669043
2019,22207100,25.29731404
2020,22207100,24.15027268
2019,22207200,23.2069196
2020,22207200,20.09509899
2019,22207300,22.43117274
2020,22207300,25.78106881
2019,22208100,17.98629249
2020,22208100,17.17691354
2019,22208200,11.21609545
2020,22208200,10.18294707
2019,22208300,5.699020899
2020,22208300,5.715508406
2019,22208400,7.972234628
2020,22208400,8.178260875
2019,22208500,11.50653266
2020,22208500,10.88403081
2019,22209100,13.39473283
2020,22209100,12.77518926
2019,22209200,23.63002301
2020,22209200,22.59736554
2019,22209300,9.468586632
2020,22209300,10.38777542
2019,22209400,9.991053589
2020,22209400,10.81842958
2019,22209500,13.21284091
2020,22209500,11.42928331
2019,22210100,38.8386885
2020,22210100,36.59663433
2019,22210200,5.785650467
2020,22210200,6.068200356
2019,22210300,19.01016392
2020,22210300,19.59662181
2019,22210400,25.75087059
2020,22210400,25.09981301
2019,22211100,9.457727575
2020,22211100,9.542465761
2019,22211200,16.42008303
2020,22211200,15.69566298
2019,22211300,3.387607174
2020,22211300,2.907044549
2019,22212100,12.38952897
2020,22212100,12.07598595
2019,22212200,12.60583003
2020,22212200,11.84791232
2019,22213100,30.55356118
2020,22213100,27.73671662
2019,22214100,11.5477818
2020,22214100,10.85735723
2019,22214200,12.53555496
2020,22214200,11.90612723
2019,22214300,8.555221805
2020,22214300,7.655535981
2019,22214400,3.302267733
2020,22214400,5.466448706
2019,22215100,47.09752483
2020,22215100,41.47261466
2019,22216100,15.61699845
2020,22216100,16.04812738
2019,22216200,26.71517287
2020,22216200,25.46599057
2019,22217100,17.15279211
2020,22217100,23.77235169
2019,22217200,7.8078871
2020,22217200,7.299373584
2019,22217300,19.27694953
2020,22217300,18.44490439
2019,22217400,17.07251176
2020,22217400,16.22882914
2019,22218100,18.84020807
2020,22218100,19.0154477
2019,22218200,0.233137007
2020,22218200,0.996245379
2019,22218300,0
2020,22218300,0
2019,22219100,6.043062849
2020,22219100,6.320701432
2019,22219200,7.679090452
2020,22219200,6.693827779
2019,22219300,13.98016395
2020,22219300,13.51564788
2019,22220100,11.57605417
2020,22220100,12.74360555
2019,22221100,9.766978574
2020,22221100,9.153894204
2019,22221200,13.1727737
2020,22221200,12.60486045
2019,22221300,14.16433042
2020,22221300,13.17734769
2019,22221400,16.82381294
2020,22221400,16.50397454
2019,22222100,12.30417733
2020,22222100,11.47499874
2019,22222200,11.21578343
2020,22222200,9.742135998
2019,22222300,10.65470587
2020,22222300,10.54823112
2019,22222400,27.96288933
2020,22222400,27.43826212
2019,22223100,25.87015959
2020,22223100,25.33754203
2019,22223200,8.312259089
2020,22223200,7.463830384
2019,22223300,9.479968773
2020,22223300,8.259264458
2019,22223400,2.021366003
2020,22223400,2.264797492
2019,22224100,23.91342994
2020,22224100,22.39008184
2019,22224200,28.85165847
2020,22224200,26.97790627
2019,22225100,39.49494194
2020,22225100,37.68280555
2019,22225200,15.06564043
2020,22225200,15.42071999
2019,22225300,12.9272618
2020,22225300,12.51513167
2019,22226100,28.24731744
2020,22226100,27.68437757
2019,22226200,12.4603561
2020,22226200,11.80099569
2019,22226300,19.65340837
2020,22226300,19.58466222
2019,22227100,14.61433863
2020,22227100,14.40393056
2019,22227200,21.02459455
2020,22227200,20.15333114
2019,22228100,24.95878985
2020,22228100,22.33230207
2019,22228200,30.11716804
2020,22228200,29.13781077
2019,22229100,5.733663669
2020,22229100,6.268243793
2019,22229200,31.19162434
2020,22229200,30.89719912
2019,22229300,41.92531795
2020,22229300,44.56213421
2019,22230100,20.65556179
2020,22230100,19.18641065
2019,22230200,7.337994977
2020,22230200,8.956853926
2019,22230300,8.743068823
2020,22230300,8.558389533
2019,22231100,7.867359901
2020,22231100,7.972705792
2019,22231200,19.43404627
2020,22231200,18.1008074
2019,22231300,6.655909079
2020,22231300,7.190750057
2019,22231400,13.70167493
2020,22231400,12.338263
2019,22231500,15.69321746
2020,22231500,15.40062559
2019,22232100,13.04208736
2020,22232100,11.95410315
2019,22232200,24.97534195
2020,22232200,23.52561525
2019,22233100,6.998819466
2020,22233100,5.7771623
2019,22233200,13.51800097
2020,22233200,14.56009771
2019,22233300,10.95765559
2020,22233300,9.913227962
2019,22233400,9.99546102
2020,22233400,9.887263574
2019,22234100,32.25891123
2020,22234100,30.57049068
2019,22234200,12.76154791
2020,22234200,12.05542957
2019,22234300,10.5494264
2020,22234300,11.48486547
2019,22235100,19.16357481
2020,22235100,17.34861947
2019,22235200,8.116628892
2020,22235200,7.506387961
2019,22235300,13.21337655
2020,22235300,13.38100078
2019,22236100,18.16213863
2020,22236100,18.30248556
2019,22236200,31.76003684
2020,22236200,29.6796494
2019,22236300,31.50149152
2020,22236300,29.97487614
2019,22236400,22.34230489
2020,22236400,20.17791676
2019,22237100,20.58495915
2020,22237100,18.53633583
2019,22238100,36.91539723
2020,22238100,34.54776307
2019,22238200,14.04636947
2020,22238200,13.63649321
2019,22238300,17.6431651
2020,22238300,17.57043741
2019,22239100,18.24837834
2020,22239100,17.81313245
2019,22239200,31.67170591
2020,22239200,26.70101766
2019,22240100,28.17852195
2020,22240100,28.95024162
2019,22240200,21.36847502
2020,22240200,20.99313866
2019,22240300,52.14152633
2020,22240300,51.37200689
2019,22241100,14.02551025
2020,22241100,17.49759986
2019,22241200,7.795875423
2020,22241200,8.240777992
2019,22241300,7.056385351
2020,22241300,7.239908539
2019,22242100,15.84365759
2020,22242100,16.62383684
2019,22242200,19.89819101
2020,22242200,18.40331103
2019,22242300,17.19049224
2020,22242300,16.41993429
2019,22242400,16.92520296
2020,22242400,15.62376034
2019,22243100,16.65171116
2020,22243100,16.67358245
2019,22243200,23.48613937
2020,22243200,21.40011839
2019,22243300,24.11436048
2020,22243300,21.17500319
2019,22243400,21.07626471
2020,22243400,16.04815921
2019,22244100,22.25752451
2020,22244100,21.40511578
2019,22245100,34.91226415
2020,22245100,32.8130734
2019,22245200,12.46047432
2020,22245200,12.07285651
2019,22246100,9.836175703
2020,22246100,8.993361543
2019,22246200,11.31628565
2020,22246200,10.19911222
2019,22246300,7.795562654
2020,22246300,7.758481138
2019,22246400,5.711639404
2020,22246400,5.586611235
2019,22247100,19.10364066
2020,22247100,18.32575943
2019,22247200,19.41708398
2020,22247200,18.49887706
2019,22247300,43.46424132
2020,22247300,42.57688822
2019,22248100,11.76253654
2020,22248100,10.93497221
2019,22248200,13.39737077
2020,22248200,13.12488435
2019,22249100,18.36492552
2020,22249100,17.31800555
2019,22249200,24.25724052
2020,22249200,25.41198209
2019,22249300,13.83878396
2020,22249300,12.52111576
2019,22249400,15.86081095
2020,22249400,17.88110885
2019,22249500,6.284009814
2020,22249500,5.463666437
2019,22250100,22.08980463
2020,22250100,22.28654616
2019,22250200,14.34162053
2020,22250200,13.83305572
2019,22250300,18.57751739
2020,22250300,17.41740762
2019,22250400,15.5980442
2020,22250400,15.48910367
2019,22251100,25.72480716
2020,22251100,26.06324077
2019,22252100,25.41821943
2020,22252100,24.94670283
2019,22252200,18.22136653
2020,22252200,17.95343471
2019,22253100,15.59738566
2020,22253100,14.98636839
2019,22253200,16.27695983
2020,22253200,17.11809022
2019,22253300,4.889159539
2020,22253300,4.760500055
2019,22254100,5.76768556
2020,22254100,5.897042878
2019,22255100,19.28272462
2020,22255100,19.76100287
2019,22255200,13.02763608
2020,22255200,11.99657768
2019,22255300,34.45888699
2020,22255300,32.58748701
2019,22255400,17.46692181
2020,22255400,18.25252311
2019,22255500,0
2020,22255500,0
2019,22256100,22.94320452
2020,22256100,23.35934307
2019,22256200,8.333610297
2020,22256200,7.690639952
2019,22257100,34.99286853
2020,22257100,31.4233729
2019,22258100,36.52276043
2020,22258100,32.9886308
2019,22259100,20.4416033
2020,22259100,19.02157234
2019,22259200,30.99433379
2020,22259200,28.90711468
2019,22260100,6.201868696
2020,22260100,6.962875409
2019,22260200,41.7551506
2020,22260200,40.47186054
2019,22261100,28.62005482
2020,22261100,30.56640041
2019,22261200,11.8302021
2020,22261200,11.48090612
2019,22261300,33.02037784
2020,22261300,32.05517447
2019,22262100,17.74593316
2020,22262100,17.2338236
2019,22262200,0
2020,22262200,0
2019,22262300,23.6237412
2020,22262300,24.13258124
2019,22263100,0.215424097
2020,22263100,0.215424097
2019,22264100,4.643522199
2020,22264100,4.750164087
2019,22264200,25.5526629
2020,22264200,24.33525025
2019,22265100,13.61197873
2020,22265100,12.06576021
2019,22265200,6.968609433
2020,22265200,6.681341548
2019,22265300,30.80409276
2020,22265300,29.53954153
2019,22266100,11.0649485
2020,22266100,10.63047409
2019,22266200,2.67467832
2020,22266200,3.433358475
2019,22267100,27.70940098
2020,22267100,26.89368591
2019,22267200,49.74974757
2020,22267200,57.77539579
2019,22268100,20.71035843
2020,22268100,21.21703566
2019,22268200,21.37540383
2020,22268200,21.68697715
2019,22269100,39.30375792
2020,22269100,40.10529475
2019,22270100,29.79416775
2020,22270100,28.64548915
2019,22270200,17.39367152
2020,22270200,20.50235163
2019,22270300,17.73346489
2020,22270300,18.22651464
2019,22271100,12.73409519
2020,22271100,11.83272407
2019,22271200,26.61801362
2020,22271200,25.93536672
2019,22271300,24.05239186
2020,22271300,24.49872573
2019,22272100,17.32300576
2020,22272100,17.74057012
2019,22272200,24.06816826
2020,22272200,18.59195376
2019,22272300,37.76986613
2020,22272300,35.03373258
2019,22272400,16.98768542
2020,22272400,16.67576923
2019,22273100,14.012931
2020,22273100,14.55816296
2019,22273200,21.94757663
2020,22273200,21.44557743
2019,22273300,21.63146469
2020,22273300,21.46527241
2019,22274100,41.92426544
2020,22274100,41.05661963
2019,22274200,13.8163128
2020,22274200,13.05734883
2019,22275100,0.502994285
2020,22275100,0.577563179
2019,22275200,1.211741198
2020,22275200,1.401595081
2019,22275300,1.380390349
2020,22275300,1.556027623
2019,22276100,12.28134732
2020,22276100,16.30975424
2019,22276200,18.45247528
2020,22276200,19.12253009
2019,22276300,17.80863548
2020,22276300,17.76831983
2019,22277100,28.12938504
2020,22277100,27.58262591
2019,22278100,34.40198134
2020,22278100,32.96174435
2019,22279100,11.89607687
2020,22279100,11.94971278
2019,22279200,13.2090101
2020,22279200,12.37594345
2019,22279300,13.15255074
2020,22279300,12.13215677
2019,22279400,34.18620595
2020,22279400,32.86889082
2019,22280100,22.90609043
2020,22280100,23.18401704
2019,22280200,17.00572176
2020,22280200,18.02476641
2019,22281100,1.655421855
2020,22281100,1.779015901
2019,22282100,39.40223769
2020,22282100,39.75801174
2019,22282200,20.77961394
2020,22282200,21.07577729
2019,22282300,9.826446857
2020,22282300,9.891692711
2019,22283100,26.44061415
2020,22283100,26.345563
2019,22284100,13.86421642
2020,22284100,11.94988767
2019,22284200,13.74971675
2020,22284200,13.29579052
2019,22284300,8.190179394
2020,22284300,8.18356847
2019,22285100,0.266829187
2020,22285100,0.041119137
2019,22285200,0.153261748
2020,22285200,0.190236778
2019,22286100,15.63708686
2020,22286100,15.01396726
2019,22286200,33.85029408
2020,22286200,33.45745496
2019,22287100,29.28897706
2020,22287100,27.23070424
2019,22288100,39.76050892
2020,22288100,28.96180877
2019,22288200,18.73006577
2020,22288200,18.71156221
2019,22289100,16.70923331
2020,22289100,16.38456941
2019,22289200,15.96139565
2020,22289200,15.51583885
2019,22289300,15.41448169
2020,22289300,15.43673349
2019,22289400,20.28743969
2020,22289400,20.2180579
2019,22290100,22.02351726
2020,22290100,22.92205348
2019,22290200,33.45062888
2020,22290200,32.45315927
2019,22291100,10.55819365
2020,22291100,10.34873058
2019,22291200,23.05040516
2020,22291200,21.08695458
2019,22292100,21.59220817
2020,22292100,21.66518678
2019,22292200,18.31922329
2020,22292200,17.1150448
2019,22292300,11.81460596
2020,22292300,11.37868635
2019,22293100,19.22168408
2020,22293100,18.21550368
2019,22293200,33.4175174
2020,22293200,32.15880968
2019,22293300,19.57980064
2020,22293300,18.88506884
2019,22294100,22.57664307
2020,22294100,20.82840345
2019,22295100,31.55538667
2020,22295100,31.62522825
2019,22296100,24.47442856
2020,22296100,23.17079666
2019,22296200,22.63148921
2020,22296200,22.15895069
2019,22297100,16.97786469
2020,22297100,17.1209757
2019,22297200,22.79888518
2020,22297200,21.42632908
2019,22297300,16.83835636
2020,22297300,17.15780856
2019,22298100,25.8707422
2020,22298100,24.81047597
2019,22298200,7.321745884
2020,22298200,6.398373052
2019,22299100,26.13797954
2020,22299100,29.00908968
2019,22299200,16.52384118
2020,22299200,15.63953512
2019,22300100,27.19197467
2020,22300100,24.83458207
2019,22300200,18.44569551
2020,22300200,17.86542903
2019,22300300,12.76478714
2020,22300300,12.34363637
2019,22301100,19.89010346
2020,22301100,19.76550306
2019,22301200,23.48317322
2020,22301200,23.07481533
2019,22301300,20.69942682
2020,22301300,19.99587954
2019,22301400,17.7742061
2020,22301400,17.67703951
2019,22302100,14.45012038
2020,22302100,14.24219046
2019,22302200,17.49725745
2020,22302200,15.77902815
2019,22302300,31.69031926
2020,22302300,30.75862238
2019,22302400,22.86634204
2020,22302400,22.25618147
2019,22303100,0.107193862
2020,22303100,0.029570782
2019,22304100,0.578598564
2020,22304100,0.857447917
2019,22305100,18.33884576
2020,22305100,17.02191016
2019,22305200,14.00869485
2020,22305200,13.14462133
2019,22305300,21.67052851
2020,22305300,19.88436796
2019,22306100,33.8314871
2020,22306100,30.63232229
2019,22306200,17.30787207
2020,22306200,17.12784287
2019,22306300,11.86111397
2020,22306300,12.33308079
2019,22306400,29.0131046
2020,22306400,27.71682244
2019,22306500,13.24583241
2020,22306500,13.52911647
2019,22307100,4.955363186
2020,22307100,4.230656687
2019,22307200,0.067594965
2020,22307200,0.067594965
2019,22307300,0.514054036
2020,22307300,0.279466197
2019,22307400,1.627519701
2020,22307400,2.61491028
2019,22308100,38.37183065
2020,22308100,40.98853439
2019,22309100,9.642701446
2020,22309100,13.26359739
2019,22309200,27.0454804
2020,22309200,25.17996141
2019,22309300,8.153558342
2020,22309300,6.625400588
2019,22309400,26.50921067
2020,22309400,24.88209796
2019,22309500,11.32611264
2020,22309500,11.65304428
2019,22309600,9.40344782
2020,22309600,8.676003445
2019,22309700,5.978297825
2020,22309700,4.815908298
2019,22309800,20.50576822
2020,22309800,18.73896545
2019,22310100,10.14202997
2020,22310100,9.620076511
2019,22310200,18.27607065
2020,22310200,16.63243515
2019,22310300,26.85977693
2020,22310300,25.92668241
2019,22311100,14.42346626
2020,22311100,13.99987201
2019,22311200,22.2125555
2020,22311200,23.45888453
2019,22311300,10.31940407
2020,22311300,10.15963611
2019,22312100,21.81282495
2020,22312100,19.90215095
2019,22312200,27.23994546
2020,22312200,26.26770203
2019,22312300,14.85334147
2020,22312300,14.98667079
2019,22312400,21.41397796
2020,22312400,21.2580323
2019,22313100,26.64384013
2020,22313100,26.27975048
2019,22313200,30.54421577
2020,22313200,30.6393677
2019,22314100,3.410951165
2020,22314100,4.004146163
2019,22314200,14.80723088
2020,22314200,15.46620422
2019,22314300,10.31473058
2020,22314300,10.13358839
2019,22314400,13.26876807
2020,22314400,11.86312489
2019,22314500,7.614638637
2020,22314500,7.357585996
2019,22314600,13.80144957
2020,22314600,13.96203505
2019,22315100,49.7688373
2020,22315100,48.26179384
2019,22315200,9.070329692
2020,22315200,9.187785145
2019,22316100,25.06207962
2020,22316100,23.18914045
2019,22317100,21.69155476
2020,22317100,21.30386057
2019,22317200,21.90452821
2020,22317200,21.01200531
2019,22317300,5.104325407
2020,22317300,6.123542285
2019,22318100,26.3351316
2020,22318100,27.69336852
2019,22319100,15.03652995
2020,22319100,13.87057875
2019,22319200,43.41415392
2020,22319200,39.65150019
2019,22320100,32.31477662
2020,22320100,34.93661232
2019,22320200,18.84840924
2020,22320200,18.7870271
2019,22320300,4.814762906
2020,22320300,5.223909819
2019,22320400,20.82551684
2020,22320400,19.65226744
2019,22321100,12.6387184
2020,22321100,11.79366291
2019,22322100,0
2020,22322100,0
2019,22322200,1.821673093
2020,22322200,2.175869274
2019,22323100,66.00120727
2020,22323100,66.86268253
2019,22323200,35.78438507
2020,22323200,28.84053431
2019,22324100,71.52505753
2020,22324100,71.95799612
2019,22325100,16.94805925
2020,22325100,15.53915235
2019,22325200,32.47969703
2020,22325200,30.47126674
2019,22326100,10.4104979
2020,22326100,9.267036973
2019,22326200,12.42293545
2020,22326200,9.975657901
2019,22326300,19.18568922
2020,22326300,18.3105018
2019,22326400,11.47366191
2020,22326400,10.44694234
2019,22327100,23.4963078
2020,22327100,21.09824394
2019,22327200,43.79604465
2020,22327200,38.37868149
2019,22327300,11.46023253
2020,22327300,10.97059793
2019,22327400,19.87419551
2020,22327400,19.12446708
2019,22328100,74.24879508
2020,22328100,65.29025534
2019,22328200,51.33538148
2020,22328200,49.68650262
2019,22329100,24.45072101
2020,22329100,24.29494053
2019,22329200,14.31185542
2020,22329200,14.47454939
2019,22330100,19.1955241
2020,22330100,20.5413525
2019,22330200,15.42242396
2020,22330200,15.12233928
2019,22330300,21.11995813
2020,22330300,19.68870741
2019,22331100,11.53145955
2020,22331100,11.33886159
2019,22331200,17.91179989
2020,22331200,17.14786487
2019,22331300,15.53798195
2020,22331300,14.91692336
2019,22332100,28.15513022
2020,22332100,29.38610609
2019,22332200,31.09150615
2020,22332200,29.90821291
2019,22333100,25.84100524
2020,22333100,25.45980976
2019,22333200,31.42704812
2020,22333200,32.06677563
2019,22333300,31.12710773
2020,22333300,30.14790036
2019,22334100,42.01225942
2020,22334100,40.25140336
2019,22335100,14.76461503
2020,22335100,14.87593835
2019,22335200,23.18986522
2020,22335200,22.65840986
2019,22335300,16.85953227
2020,22335300,16.96036389
2019,22336100,31.18910798
2020,22336100,29.11820353
2019,22336200,6.764720844
2020,22336200,6.336592615
2019,22336300,7.160855749
2020,22336300,8.165346383
2019,22337100,24.91036051
2020,22337100,23.61996166
2019,22338100,100.8279171
2020,22338100,99.44777597
2019,22339100,0.108773821
2020,22339100,0.108773821
2019,22339200,0
2020,22339200,0
2019,22340100,49.27370408
2020,22340100,50.91408785
2019,22341100,9.781624118
2020,22341100,9.915893812
2019,22341200,5.612956186
2020,22341200,5.029169472
2019,22342100,10.04695572
2020,22342100,9.863404557
2019,22342200,7.222367298
2020,22342200,7.601792832
2019,22343100,19.12600454
2020,22343100,18.37506605
2019,22344100,40.87446634
2020,22344100,43.65041573
2019,22345100,73.74849352
2020,22345100,69.65927965
2019,22345200,27.49386002
2020,22345200,30.28880171
2019,22345300,40.88655963
2020,22345300,35.43872019
2019,22346100,123.1977642
2020,22346100,125.9272356
2019,22347100,64.89162117
2020,22347100,61.51658237
2019,22347200,20.03408555
2020,22347200,22.171964
2019,22348100,40.04174432
2020,22348100,41.26830057
2019,22349100,36.44131199
2020,22349100,30.40698018
2019,22350100,9.25016312
2020,22350100,9.490668268
2019,22350200,43.34297669
2020,22350200,44.19686697
2019,22351100,31.04432924
2020,22351100,26.02259199
2019,22351200,23.4393289
2020,22351200,22.39129035
2019,22351300,19.44340241
2020,22351300,20.24297423
2019,22352100,35.8114178
2020,22352100,33.82916942
2019,22352200,22.43685085
2020,22352200,21.69349444
2019,22353100,41.7053303
2020,22353100,43.28684458
2019,22353200,7.435732157
2020,22353200,7.028887565
2019,22353300,18.11772244
2020,22353300,16.51860414
2019,22354100,13.47290325
2020,22354100,14.06054034
2019,22354200,32.82229998
2020,22354200,31.14015091
2019,22354300,26.01816198
2020,22354300,24.76890131
2019,22355100,43.87348002
2020,22355100,43.18694092
2019,22355200,18.8740043
2020,22355200,17.13475643
2019,22356100,6.821983498
2020,22356100,6.565817797
2019,22356200,7.099230243
2020,22356200,6.757907964
2019,22356300,17.38595097
2020,22356300,16.24375565
2019,22357100,22.81266409
2020,22357100,19.64254497
2019,22358100,10.6872217
2020,22358100,11.35719361
2019,22358200,13.3188477
2020,22358200,13.2513608
2019,22358300,19.48618746
2020,22358300,19.40046614
2019,22359100,20.22316708
2020,22359100,19.59817586
2019,22359200,17.58844986
2020,22359200,17.19427334
2019,22359300,5.915363279
2020,22359300,6.527859464
2019,22359400,16.44539467
2020,22359400,15.54633908
2019,22360100,0
2020,22360100,0
2019,22360200,24.89777188
2020,22360200,24.46291418
2019,22360300,21.16038262
2020,22360300,19.84690902
2019,22361100,14.43110818
2020,22361100,13.6091743
2019,22361200,25.26814726
2020,22361200,22.81149356
2019,22361300,15.20606078
2020,22361300,14.62381553
2019,22362100,80.9211291
2020,22362100,75.96199945
2019,22362200,34.04963443
2020,22362200,32.12867318
2019,22363100,17.9948591
2020,22363100,19.54441849
2019,22363200,16.3091948
2020,22363200,17.56633151
2019,22363300,24.31769849
2020,22363300,24.54005132
2019,22364100,15.46181263
2020,22364100,15.22314839
2019,22364200,38.36156766
2020,22364200,36.42585838
2019,22365100,5.755654411
2020,22365100,5.322843501
2019,22365200,15.59126947
2020,22365200,15.00390388
2019,22365300,16.93523437
2020,22365300,16.21548884
2019,22366100,21.36053415
2020,22366100,20.08040639
2019,22367100,4.91426278
2020,22367100,5.397363291
2019,22367200,26.60378452
2020,22367200,26.77229345
2019,22367300,24.48047568
2020,22367300,25.08596079
2019,22368100,24.6555793
2020,22368100,23.93048865
2019,22368200,23.0613517
2020,22368200,22.25687525
2019,22369100,9.328828665
2020,22369100,9.07726095
2019,22369200,11.28687277
2020,22369200,10.19444387
2019,22369300,12.87362672
2020,22369300,11.92876932
2019,22370100,14.85710992
2020,22370100,13.10273326
2019,22371100,19.6389876
2020,22371100,15.18480889
2019,22371200,5.339753103
2020,22371200,5.650060426
2019,22371300,46.71220318
2020,22371300,47.81088451
2019,22372100,21.84692305
2020,22372100,21.14445463
2019,22372200,13.06482085
2020,22372200,12.39162943
2019,22372300,15.56202223
2020,22372300,14.79297041
2019,22373100,14.16057739
2020,22373100,13.9432313
2019,22373200,13.22694498
2020,22373200,18.72768846
2019,22373300,11.45906305
2020,22373300,16.4144771
2019,22374100,19.67562758
2020,22374100,19.71828356
2019,22374200,11.78369337
2020,22374200,11.9401053
2019,22375100,12.02992534
2020,22375100,11.18179778
2019,22376100,10.09364209
2020,22376100,10.03500851
2019,22377100,4.725930716
2020,22377100,3.50232065
2019,22377200,11.72394811
2020,22377200,11.80388636
2019,22377300,17.1852449
2020,22377300,16.88544023
2019,22377400,25.82879417
2020,22377400,25.71069891
2019,22378100,19.62593103
2020,22378100,20.35552849
2019,22378200,12.99676053
2020,22378200,12.05229968
2019,22379100,23.72402665
2020,22379100,21.69538296
2019,22379200,27.30501984
2020,22379200,24.54839919
2019,22380100,18.83400593
2020,22380100,17.28169781
2019,22380200,12.79796702
2020,22380200,12.73594095
2019,22381100,0.111697351
2020,22381100,0.111697351
2019,22381200,15.36133299
2020,22381200,18.18810424
2019,22382100,22.86930144
2020,22382100,24.02516042
2019,22383100,45.28379737
2020,22383100,44.41485737
2019,22384100,17.02943726
2020,22384100,16.21578869
2019,22384200,29.0903667
2020,22384200,24.85496673
2019,22385100,18.94685679
2020,22385100,17.79554491
2019,22386100,12.20351987
2020,22386100,11.55380825
2019,22386200,5.286912087
2020,22386200,5.116460417
2019,22387100,12.76361934
2020,22387100,11.91833821
2019,22388100,20.75933397
2020,22388100,18.92215685
2019,22389100,59.6257381
2020,22389100,59.53802957
2019,22389200,9.968649115
2020,22389200,14.87514544
2019,22390100,14.71166196
2020,22390100,16.19947917
2019,22390200,20.59013353
2020,22390200,22.37239025
2019,22391100,15.00148588
2020,22391100,15.73362289
2019,22392100,10.60201757
2020,22392100,10.83845223
2019,22392200,19.22363474
2020,22392200,20.28482043
2019,22392300,13.42693922
2020,22392300,13.02567893
2019,22393100,17.72211846
2020,22393100,15.53085753
2019,22393200,14.67528078
2020,22393200,13.82298233
2019,22394100,17.67387917
2020,22394100,16.85593399
2019,22394200,13.20087708
2020,22394200,13.30295471
2019,22395100,13.76246972
2020,22395100,13.03038892
2019,22395200,13.54950265
2020,22395200,13.66717476
2019,22395300,8.989415772
2020,22395300,9.193409365
2019,22396100,13.59404946
2020,22396100,13.1570746
2019,22396200,13.86710419
2020,22396200,12.79073662
2019,22397100,28.23847971
2020,22397100,24.45998466
2019,22397200,21.88464346
2020,22397200,21.21864734
2019,22398100,22.39932319
2020,22398100,20.0682108
2019,22398200,12.59454436
2020,22398200,11.43298089
2019,22398300,19.85545037
2020,22398300,17.86966369
2019,22399100,14.49969127
2020,22399100,12.68563377
2019,22399200,26.28748978
2020,22399200,25.00217743
2019,22400100,0.268404851
2020,22400100,0.260877956
2019,22401100,19.57486525
2020,22401100,18.51446145
2019,22401200,20.40314093
2020,22401200,19.24173798
2019,22401300,33.79635212
2020,22401300,29.51277588
2019,22402100,12.50835774
2020,22402100,12.48533912
2019,22402200,26.39659292
2020,22402200,38.99929235
2019,22403100,50.11129343
2020,22403100,44.95502666
2019,22404100,16.89585497
2020,22404100,13.22334948
2019,22404200,33.43716182
2020,22404200,28.62617156
2019,22404300,13.80409217
2020,22404300,13.50582306
2019,22405100,33.60404801
2020,22405100,28.12764843
2019,22405200,26.09349313
2020,22405200,24.58303098
2019,22406100,21.05036163
2020,22406100,20.29419062
2019,22406200,22.36521769
2020,22406200,19.11797335
2019,22406300,15.04410288
2020,22406300,12.69775808
2019,22407100,22.0504972
2020,22407100,20.76327171
2019,22407200,23.19077583
2020,22407200,21.71008599
2019,22408100,20.55087792
2020,22408100,19.66230368
2019,22408200,19.92592628
2020,22408200,19.86243603
2019,22408300,25.46573329
2020,22408300,22.03940472
2019,22409100,60.87354002
2020,22409100,63.46947254
2019,22410100,13.49922018
2020,22410100,14.42521128
2019,22410200,35.16400728
2020,22410200,28.03491792
2019,22410300,9.808972048
2020,22410300,10.22909472
2019,22411100,0
2020,22411100,0
2019,22412100,9.20076342
2020,22412100,8.978500819
2019,22413100,19.05698852
2020,22413100,18.77541235
2019,22413200,17.76592406
2020,22413200,17.08741035
2019,22413300,6.701591857
2020,22413300,7.312042667
2019,22413400,10.7152507
2020,22413400,10.20966723
2019,22414100,16.45722771
2020,22414100,15.75024642
2019,22414200,26.02818229
2020,22414200,27.65802434
2019,22415100,22.51451278
2020,22415100,21.89369023
2019,22415200,58.63996892
2020,22415200,56.22446795
2019,22415300,11.60477659
2020,22415300,11.56671916
2019,22416100,37.43685146
2020,22416100,48.04502333
2019,22416200,20.591711
2020,22416200,21.19801948
2019,22416300,27.19051375
2020,22416300,26.79099302
2019,22417100,13.91702709
2020,22417100,13.5187916
2019,22417200,17.35055509
2020,22417200,17.95537718
2019,22418100,10.41111052
2020,22418100,10.42092912
2019,22418200,37.62515314
2020,22418200,33.83152022
2019,22419100,26.72569852
2020,22419100,26.27653047
2019,22420100,25.67375301
2020,22420100,23.7175906
2019,22420200,21.20638723
2020,22420200,21.4188735
2019,22421100,18.8901668
2020,22421100,18.73530366
2019,22421200,16.81583939
2020,22421200,16.18268703
2019,22421300,8.533850757
2020,22421300,8.318494198
2019,22422100,11.38763574
2020,22422100,10.49508795
2019,22423100,8.702688353
2020,22423100,9.027534012
2019,22423200,24.74655291
2020,22423200,24.83024041
2019,22424100,34.19002529
2020,22424100,33.20056659
2019,22424200,23.05117188
2020,22424200,18.67071191
2019,22425100,28.23331783
2020,22425100,29.20207081
2019,22425200,32.41258596
2020,22425200,33.05271203
2019,22426100,16.68661365
2020,22426100,19.83550013
2019,22426200,13.11956842
2020,22426200,12.52886608
2019,22426300,27.10433764
2020,22426300,28.06720435
2019,22427100,21.43780017
2020,22427100,20.35823021
2019,22427200,45.07322244
2020,22427200,50.1327414
2019,22428100,28.61870409
2020,22428100,28.68561767
2019,22428200,22.62459479
2020,22428200,21.88261495
2019,22429100,34.10803788
2020,22429100,34.02087361
2019,22429200,15.2480209
2020,22429200,14.73876258
2019,22429300,25.8257465
2020,22429300,23.4018797
2019,22430100,15.67244475
2020,22430100,16.44625284
2019,22430200,54.93518594
2020,22430200,54.48438817
2019,22431100,30.05041925
2020,22431100,29.65596002
2019,22431200,9.45844542
2020,22431200,9.526385038
2019,22432100,12.93993335
2020,22432100,12.36040654
2019,22432200,14.03060083
2020,22432200,14.00207337
2019,22432300,6.959554879
2020,22432300,7.521503337
2019,22432400,23.78153137
2020,22432400,24.22760541
2019,22432500,28.41004451
2020,22432500,28.09780216
2019,22433100,35.9022315
2020,22433100,33.82940933
2019,22433200,19.33690261
2020,22433200,19.33554685
2019,22434100,12.81220484
2020,22434100,14.10171542
2019,22434200,9.223473753
2020,22434200,6.496174085
2019,22434300,13.59152565
2020,22434300,13.04904988
2019,22434400,9.399069394
2020,22434400,9.837609279
2019,22434500,6.526624696
2020,22434500,6.389629883
2019,22434600,1.302629173
2020,22434600,1.472124005
2019,22435100,30.8297737
2020,22435100,31.46898267
2019,22435200,37.74014892
2020,22435200,38.73225188
2019,22436100,23.80600856
2020,22436100,24.40903312
2019,22436200,19.70282506
2020,22436200,19.88602529
2019,22436300,5.645773957
2020,22436300,6.707677608
2019,22437100,21.31204619
2020,22437100,23.56331591
2019,22437200,19.84782297
2020,22437200,19.9852547
2019,22437300,18.07265393
2020,22437300,16.94560536
2019,22437400,12.66722827
2020,22437400,14.16358255
2019,22437500,12.7141322
2020,22437500,13.06381388
2019,22438100,12.4796892
2020,22438100,11.1146334
2019,22438200,19.60653244
2020,22438200,16.3740623
2019,22439100,17.62141133
2020,22439100,16.99446313
2019,22439200,17.03129237
2020,22439200,16.62151695
2019,22439300,54.54160186
2020,22439300,45.18365404
2019,22440100,44.3957707
2020,22440100,45.23127682
2019,22440200,15.95797912
2020,22440200,16.00513806
2019,22440300,21.61061779
2020,22440300,21.12763577
2019,22441100,31.10761817
2020,22441100,30.68123591
2019,22441200,39.00681
2020,22441200,39.16492418
2019,22441300,13.90440464
2020,22441300,14.83911802
2019,22442100,18.05688079
2020,22442100,17.37911728
2019,22442200,30.84051685
2020,22442200,30.79609221
2019,22443100,23.19942804
2020,22443100,22.66064515
2019,22443200,14.14747642
2020,22443200,14.8571362
2019,22443300,15.68829211
2020,22443300,16.65548459
2019,22444100,23.91274589
2020,22444100,24.50655795
2019,22444200,11.81884714
2020,22444200,12.52233859
2019,22444300,24.03152868
2020,22444300,22.54743372
2019,22444400,13.8468044
2020,22444400,13.29589174
2019,22445100,5.514702577
2020,22445100,5.417257696
2019,22445200,21.93360368
2020,22445200,20.16553312
2019,22445300,6.945488538
2020,22445300,7.728500261
2019,22445400,6.054925132
2020,22445400,7.084341141
2019,22446100,18.30382633
2020,22446100,18.48237136
2019,22446200,12.14900039
2020,22446200,11.30477994
2019,22446300,21.44732098
2020,22446300,20.58548322
2019,22446400,20.76638207
2020,22446400,20.5439463
2019,22447100,28.38173215
2020,22447100,28.09660485
2019,22447200,24.93154411
2020,22447200,24.54481435
2019,22448100,4.436186757
2020,22448100,4.167871294
2019,22449100,22.59692326
2020,22449100,22.82937406
2019,22449200,10.79761786
2020,22449200,10.22350561
2019,22449300,21.5246412
2020,22449300,17.40764426
2019,22449400,15.73739481
2020,22449400,16.22771597
2019,22450100,14.7867655
2020,22450100,14.20620199
2019,22450200,16.97572585
2020,22450200,15.99336339
2019,22451100,18.77290389
2020,22451100,17.99702049
2019,22452100,14.66103788
2020,22452100,14.37945524
2019,22452200,19.06879342
2020,22452200,18.48745214
2019,22452300,39.45278869
2020,22452300,32.77017198
2019,22453100,1.534238147
2020,22453100,1.720223229
2019,22453200,1.035891786
2020,22453200,1.217218859
2019,32454100,24.32620943
2020,32454100,24.32758783
2019,32454200,4.037997399
2020,32454200,4.158782326
2019,32455100,30.52756898
2020,32455100,31.68076115
2019,32456100,18.20704377
2020,32456100,18.07390709
2019,32457100,4.892122896
2020,32457100,5.45420241
2019,32457200,0.072255976
2020,32457200,0.128968217
2019,32457300,13.31192444
2020,32457300,12.24010317
2019,32457400,1.841702345
2020,32457400,1.565846553
2019,32458100,31.48187534
2020,32458100,33.0274333
2019,32458200,32.67472617
2020,32458200,30.43323276
2019,32459100,49.83925836
2020,32459100,51.31770028
2019,32459200,24.27071231
2020,32459200,25.77638793
2019,32460100,29.02718746
2020,32460100,30.54150224
2019,32461100,29.00101196
2020,32461100,27.62070126
2019,32462100,13.12798708
2020,32462100,14.86487495
2019,32462200,23.46280698
2020,32462200,24.63679275
2019,32462300,18.04272796
2020,32462300,20.69636001
2019,32463100,0
2020,32463100,0
2019,32463200,10.95256396
2020,32463200,9.91554543
2019,32463300,1.656860251
2020,32463300,1.622195692
2019,32463400,10.38776129
2020,32463400,10.5875921
2019,32464100,5.163799501
2020,32464100,1.830726554
2019,32464200,0
2020,32464200,0
2019,32464300,0.192770455
2020,32464300,0.191356468
2019,32465100,22.73939238
2020,32465100,23.32089334
2019,32466100,19.80614974
2020,32466100,23.43591888
2019,32466200,12.93012666
2020,32466200,15.15028403
2019,32466300,19.25076018
2020,32466300,19.36703175
2019,32467100,15.32761563
2020,32467100,14.65547113
2019,32467200,11.77581951
2020,32467200,12.67954634
2019,32467300,15.42755545
2020,32467300,15.3118987
2019,32468100,14.17063605
2020,32468100,14.42733847
2019,32468200,13.06018121
2020,32468200,16.04670254
2019,32468300,20.96071879
2020,32468300,22.0085003
2019,32469100,12.08940429
2020,32469100,12.22373494
2019,32469200,24.58380126
2020,32469200,23.87184483
2019,32469300,17.22985242
2020,32469300,17.56028541
2019,32470100,0.744568599
2020,32470100,0.83679816
2019,32470200,31.89148745
2020,32470200,31.15503476
2019,32471100,27.00846474
2020,32471100,28.03440678
2019,32471200,16.23506391
2020,32471200,17.53127164
2019,32471300,23.76291159
2020,32471300,23.28782048
2019,32472100,15.8993137
2020,32472100,16.66342601
2019,32472200,23.7425129
2020,32472200,24.02301323
2019,32473100,36.94425543
2020,32473100,38.4575674
2019,32473200,5.065116822
2020,32473200,5.820014255
2019,32473300,26.08828932
2020,32473300,28.45405267
2019,32474100,20.32761912
2020,32474100,23.60313231
2019,32474200,25.350181
2020,32474200,25.87708659
2019,32475100,0.856915399
2020,32475100,0.856915399
2019,32475200,3.607445174
2020,32475200,4.2444001
2019,32475300,8.857586906
2020,32475300,8.944540177
2019,32475400,0
2020,32475400,0
2019,32475500,0.058116106
2020,32475500,0.058116106
2019,32475600,2.005853984
2020,32475600,2.571068841
2019,32476100,18.64710953
2020,32476100,17.78778334
2019,32476200,15.14646185
2020,32476200,15.4244825
2019,32477100,0
2020,32477100,0
2019,32477200,0
2020,32477200,0
2019,32477300,6.636566765
2020,32477300,7.517174208
2019,32477400,11.66103367
2020,32477400,13.95615994
2019,32478100,20.65343685
2020,32478100,21.5142223
2019,32478200,31.50335132
2020,32478200,33.35502832
2019,32479100,0
2020,32479100,0
2019,32479200,4.487313861
2020,32479200,5.304384528
2019,32480100,38.15052587
2020,32480100,39.16382874
2019,32480200,17.15318919
2020,32480200,17.07525772
2019,32480300,31.21354786
2020,32480300,31.16248143
2019,32481100,31.40353038
2020,32481100,31.62533406
2019,32481200,18.70460955
2020,32481200,25.06226897
2019,32481300,26.13636733
2020,32481300,28.00438396
2019,32482100,22.74953426
2020,32482100,23.41241758
2019,32482200,26.41260832
2020,32482200,27.19624616
2019,32483100,0
2020,32483100,0
2019,32483200,2.472189288
2020,32483200,3.26629013
2019,32483300,26.44704132
2020,32483300,25.32236539
2019,32483400,32.14299812
2020,32483400,33.64872949
2019,32484100,56.31067788
2020,32484100,58.33152068
2019,32484200,34.12169545
2020,32484200,34.27738888
2019,32484300,6.14711808
2020,32484300,6.038183037
2019,32485100,65.45721216
2020,32485100,69.34352455
2019,32486100,6.56485078
2020,32486100,6.408020372
2019,32486200,29.20571188
2020,32486200,28.2788476
2019,32486300,45.25159158
2020,32486300,51.63727915
2019,32486400,25.05392685
2020,32486400,23.84012615
2019,32487100,9.186124765
2020,32487100,10.34490337
2019,32487200,20.77066255
2020,32487200,20.09716498
2019,32487300,20.55868349
2020,32487300,23.16223806
2019,32488100,0
2020,32488100,0
2019,32488200,0
2020,32488200,0
2019,32488300,13.16131166
2020,32488300,15.50080351
2019,32488400,51.14712492
2020,32488400,50.15801659
2019,32489100,0.161235831
2020,32489100,0.122510013
2019,32489200,13.86646077
2020,32489200,13.59479167
2019,32489300,28.49024683
2020,32489300,29.95213964
2019,32489400,7.656930263
2020,32489400,8.24731857
2019,32489500,11.03287203
2020,32489500,11.04474661
2019,32490100,31.84110278
2020,32490100,41.97528451
2019,32490200,34.37517844
2020,32490200,37.32092811
2019,32491100,31.32934918
2020,32491100,29.44264599
2019,32491200,41.11580753
2020,32491200,39.7362882
2019,32492100,85.65361904
2020,32492100,78.86942706
2019,32493100,18.08888537
2020,32493100,16.6327805
2019,32493200,12.78236344
2020,32493200,10.32503831
2019,32494100,18.95934124
2020,32494100,19.12456205
2019,32494200,45.87554779
2020,32494200,44.55374274
2019,32494300,0
2020,32494300,0
2019,32495100,27.82299705
2020,32495100,31.00551603
2019,32495200,12.8983689
2020,32495200,13.41276799
2019,32496100,12.00998301
2020,32496100,11.8072326
2019,32496200,16.18820495
2020,32496200,16.66775277
2019,32496300,15.90274015
2020,32496300,14.8782294
2019,32496400,36.50380777
2020,32496400,34.48452908
2019,32496500,0
2020,32496500,0
2019,32497100,19.95460233
2020,32497100,20.37358554
2019,32498100,25.91220822
2020,32498100,27.01649734
2019,32499100,23.76928063
2020,32499100,23.96206621
2019,32499200,56.41305145
2020,32499200,53.40608272
2019,32499300,16.1764311
2020,32499300,13.42629251
2019,32500100,18.23033932
2020,32500100,16.88104642
2019,32500200,23.29258613
2020,32500200,22.83629841
2019,32501100,21.62010982
2020,32501100,22.38236497
2019,32501200,15.91492184
2020,32501200,17.31725138
2019,32502100,13.1111878
2020,32502100,12.66511539
2019,32502200,9.747289657
2020,32502200,9.397697288
2019,32502300,15.65005524
2020,32502300,14.29620669
2019,32502400,25.27343799
2020,32502400,24.52594974
2019,32503100,28.95589842
2020,32503100,28.05120043
2019,32504100,20.08422713
2020,32504100,18.99878724
2019,32504200,6.612866108
2020,32504200,6.830823417
2019,32504300,50.02883899
2020,32504300,52.47437023
2019,32505100,17.05967349
2020,32505100,16.14308479
2019,32506100,30.87247327
2020,32506100,31.47302786
2019,32507100,50.05755052
2020,32507100,48.14757944
2019,32507200,20.78904759
2020,32507200,21.09903243
2019,32508100,8.921855995
2020,32508100,9.675448716
2019,32509100,28.01909538
2020,32509100,27.97019072
2019,32509200,20.46739513
2020,32509200,18.46836184
2019,32510100,55.16397385
2020,32510100,48.90866205
2019,32511100,16.30406553
2020,32511100,14.62059016
2019,32511200,15.68552036
2020,32511200,17.09282984
2019,32512100,14.73614041
2020,32512100,12.92016507
2019,32512200,10.39606642
2020,32512200,10.04084832
2019,32512300,2.621817894
2020,32512300,2.464148275
2019,32513100,33.47862154
2020,32513100,33.62125927
2019,32513200,10.16780506
2020,32513200,9.369617271
2019,32514100,32.4792651
2020,32514100,32.70680426
2019,32515100,25.95885538
2020,32515100,26.25948626
2019,32515200,19.18921177
2020,32515200,22.11211139
2019,32516100,11.49942851
2020,32516100,12.433343
2019,32516200,33.81695374
2020,32516200,31.7699324
2019,32517100,23.71996803
2020,32517100,23.39860859
2019,32517200,17.6102097
2020,32517200,18.33644204
2019,32518100,20.25274267
2020,32518100,19.4433299
2019,32518200,38.13627526
2020,32518200,35.8973581
2019,32518300,37.40330935
2020,32518300,36.34900348
2019,32519100,10.96095737
2020,32519100,10.77914317
2019,32519200,46.18545068
2020,32519200,46.48125364
2019,32520100,0
2020,32520100,0
2019,32520200,0.833677688
2020,32520200,0.61946824
2019,32520300,0
2020,32520300,0
2019,32521100,17.0568838
2020,32521100,15.28823766
2019,32521200,41.4624691
2020,32521200,30.19139738
2019,32522100,24.83797345
2020,32522100,22.06726177
2019,32522200,10.85492564
2020,32522200,9.763294916
2019,32522300,10.47761905
2020,32522300,10.28495008
2019,32522400,19.52526968
2020,32522400,18.4309738
2019,32523100,7.369487423
2020,32523100,7.404588203
2019,32523200,15.29024315
2020,32523200,14.52958288
2019,32524100,5.222311869
2020,32524100,5.62496987
2019,32524200,7.157155822
2020,32524200,7.231134416
2019,32524300,4.442305418
2020,32524300,5.046431421
2019,32525100,15.67657238
2020,32525100,18.1553201
2019,32525200,15.74848113
2020,32525200,16.44104211
2019,32525300,9.062700007
2020,32525300,8.563853336
2019,32525400,0
2020,32525400,0
2019,32526100,13.0698802
2020,32526100,13.33444558
2019,32526200,0.017647174
2020,32526200,0.017647174
2019,32527100,5.302342098
2020,32527100,4.883829937
2019,32527200,6.612787556
2020,32527200,6.311525863
2019,32527300,6.434427062
2020,32527300,6.047359105
2019,32528100,11.29966732
2020,32528100,12.14659394
2019,32528200,21.76661608
2020,32528200,22.507898
2019,32529100,8.731632694
2020,32529100,9.10124194
2019,32529200,27.57526352
2020,32529200,27.04404096
2019,32529300,24.29462257
2020,32529300,22.82611494
2019,32530100,0
2020,32530100,0
2019,32530200,4.717053981
2020,32530200,4.055716086
2019,32530300,0.014208941
2020,32530300,0.126644137
2019,32531100,0
2020,32531100,0
2019,32531200,1.845122013
2020,32531200,1.836040064
2019,32531300,5.949395283
2020,32531300,5.776833455
2019,32531400,0.114396707
2020,32531400,0.10256128
2019,32531500,6.742469277
2020,32531500,7.551738633
2019,32531600,29.4656433
2020,32531600,30.13816423
2019,32532100,6.363044001
2020,32532100,5.934915156
2019,32532200,21.90003941
2020,32532200,20.38987686
2019,32532300,5.472562744
2020,32532300,5.606364776
2019,32533100,35.84562543
2020,32533100,29.89536913
2019,32534100,19.1060267
2020,32534100,18.06580356
2019,32535100,37.59170234
2020,32535100,37.1333058
2019,32535200,8.620546089
2020,32535200,7.043048078
2019,32535300,21.33642577
2020,32535300,21.72048047
2019,32536100,12.59120814
2020,32536100,11.77603136
2019,32537100,26.67883811
2020,32537100,26.53267673
2019,32537200,17.7735058
2020,32537200,15.8186636
2019,32537300,14.63258436
2020,32537300,13.54200798
2019,32538100,0.025007287
2020,32538100,0.017647174
2019,32538200,0.025007287
2020,32538200,0.017647174
2019,32538300,19.04251372
2020,32538300,16.34081339
2019,32538400,0
2020,32538400,0.053870594
2019,32539100,30.3485954
2020,32539100,30.43250434
2019,32539200,19.2232569
2020,32539200,19.29752421
2019,32540100,18.25551636
2020,32540100,18.0107977
2019,32541100,25.73619257
2020,32541100,26.77202505
2019,32541200,41.26487241
2020,32541200,42.45545293
2019,32542100,15.4851127
2020,32542100,15.23436912
2019,32543100,37.23251618
2020,32543100,38.13794698
2019,32543200,24.61552587
2020,32543200,23.42155737
2019,32544100,14.50252721
2020,32544100,12.00509357
2019,32544200,14.20014803
2020,32544200,13.76968744
2019,32544300,28.76878561
2020,32544300,28.58668135
2019,32545100,19.79597261
2020,32545100,19.27539797
2019,32546100,38.77599551
2020,32546100,38.66903807
2019,32547100,15.13933483
2020,32547100,13.93233378
2019,32547200,18.61373233
2020,32547200,17.26098737
2019,32548100,12.53263504
2020,32548100,11.88471645
2019,32548200,10.24081223
2020,32548200,10.2951339
2019,32549100,7.475747549
2020,32549100,6.48627071
2019,32549200,12.18386374
2020,32549200,11.43630888
2019,32549300,26.22855352
2020,32549300,25.92466965
2019,32549400,6.402458605
2020,32549400,7.092273239
2019,32550100,69.28191126
2020,32550100,68.16202551
2019,32550200,19.44901895
2020,32550200,17.91977805
2019,32551100,0
2020,32551100,0
2019,32551200,0
2020,32551200,0
2019,32552100,19.62978791
2020,32552100,19.95760208
2019,32552200,2.196815985
2020,32552200,2.004396301
2019,32552300,0
2020,32552300,0
2019,32553100,41.21625297
2020,32553100,44.27117326
2019,32553200,27.25762201
2020,32553200,29.66986518
2019,32553300,14.95316523
2020,32553300,16.04563133
2019,32554100,24.85960849
2020,32554100,26.48249468
2019,32554200,23.95145961
2020,32554200,22.48268922
2019,32555100,18.58144082
2020,32555100,18.19968738
2019,32555200,12.75367969
2020,32555200,14.16647968
2019,32556100,28.4519013
2020,32556100,28.53002198
2019,32556200,21.75846351
2020,32556200,21.85501909
2019,32557100,22.54273749
2020,32557100,22.92087463
2019,32557200,38.52186113
2020,32557200,40.16607228
2019,32558100,21.92650714
2020,32558100,23.0390068
2019,32558200,32.73276625
2020,32558200,24.49813633
2019,32558300,11.22645945
2020,32558300,10.94628351
2019,32559100,55.21822909
2020,32559100,56.73042099
2019,32559200,5.739077083
2020,32559200,6.592293206
2019,32559300,0.759949753
2020,32559300,0.759949753
2019,32560100,36.82522665
2020,32560100,36.09230406
2019,32560200,11.23110812
2020,32560200,11.34156866
2019,32560300,37.42458606
2020,32560300,36.68280484
2019,32561100,29.22598529
2020,32561100,27.20691318
2019,32561200,35.44839206
2020,32561200,33.9011733
2019,32561300,32.04705568
2020,32561300,30.74585956
2019,32562100,22.20354505
2020,32562100,22.81733202
2019,32562200,44.65778752
2020,32562200,44.2056411
2019,32562300,28.7332658
2020,32562300,27.16844062
2019,32563100,44.35928328
2020,32563100,44.09003668
2019,32563200,16.06359468
2020,32563200,16.13119444
2019,32563300,21.5121356
2020,32563300,23.26585989
2019,32564100,13.12327799
2020,32564100,13.12515636
2019,32564200,26.38749626
2020,32564200,26.81238608
2019,32564300,20.01067794
2020,32564300,20.26883275
2019,32565100,13.71023139
2020,32565100,14.59901001
2019,32565200,21.14477745
2020,32565200,19.95512255
2019,32565300,18.03465942
2020,32565300,17.29563425
2019,32566100,11.5530228
2020,32566100,11.36836685
2019,32566200,24.08531538
2020,32566200,23.87266231
2019,32567100,14.24237946
2020,32567100,16.10143933
2019,32567200,47.09958607
2020,32567200,46.76257316
2019,32568100,44.27648496
2020,32568100,41.84795939
2019,32568200,23.10568914
2020,32568200,23.00868612
2019,32569100,25.34053667
2020,32569100,23.56991976
2019,32569200,15.42617184
2020,32569200,14.1783691
2019,32570100,29.94898689
2020,32570100,29.82581489
2019,32570200,22.98129796
2020,32570200,21.22139752
2019,32570300,19.95893395
2020,32570300,19.85477815
2019,32571100,14.51325234
2020,32571100,13.0158936
2019,32571200,8.23378286
2020,32571200,8.22949593
2019,32571300,14.78411663
2020,32571300,12.89267103
2019,32572100,23.90762189
2020,32572100,23.7236947
2019,32572200,8.05319419
2020,32572200,8.892091277
2019,32572300,52.94442389
2020,32572300,53.69789193
2019,32573100,0.080588078
2020,32573100,0.030243093
2019,32573200,34.80690266
2020,32573200,32.9216912
2019,32573300,28.19635092
2020,32573300,28.63694069
2019,32574100,14.03031658
2020,32574100,13.24481744
2019,32574200,20.04511978
2020,32574200,19.66990334
2019,32574300,15.36392091
2020,32574300,16.07494723
2019,32574400,19.53244558
2020,32574400,18.77691206
2019,32575100,28.28279959
2020,32575100,27.19719217
2019,32575200,14.83854217
2020,32575200,14.2600935
2019,32576100,39.29660774
2020,32576100,39.03765592
2019,32576200,11.38282653
2020,32576200,11.66222434
2019,32576300,16.15158813
2020,32576300,15.92858981
2019,32577100,12.27040379
2020,32577100,11.17700964
2019,32577200,34.40785539
2020,32577200,35.29517247
2019,32577300,7.249998453
2020,32577300,8.463311814
2019,32578100,24.97737016
2020,32578100,23.42631569
2019,32578200,23.87789282
2020,32578200,22.85223346
2019,32579100,30.47009082
2020,32579100,30.52487731
2019,32579200,24.36784682
2020,32579200,25.92848699
2019,32580100,34.43863445
2020,32580100,31.51025837
2019,32580200,38.5016138
2020,32580200,37.40924597
2019,32581100,35.80143725
2020,32581100,35.0599757
2019,32581200,31.11252655
2020,32581200,29.15523806
2019,32582100,37.97090812
2020,32582100,33.47185856
2019,32582200,53.69329058
2020,32582200,51.20416734
2019,32583100,11.9391003
2020,32583100,12.60586367
2019,32583200,15.65257676
2020,32583200,14.54774798
2019,32584100,26.26697954
2020,32584100,24.73546877
2019,32584200,8.914992865
2020,32584200,9.568190212
2019,32584300,12.44388552
2020,32584300,12.4308672
2019,32585100,87.61387775
2020,32585100,85.49284707
2019,32586100,27.15176463
2020,32586100,27.267869
2019,32586200,21.08258158
2020,32586200,21.36891843
2019,32586300,39.78466737
2020,32586300,38.80197355
2019,32587100,86.96942306
2020,32587100,87.63786385
2019,32588100,36.53612934
2020,32588100,33.22076809
2019,32588200,28.74464046
2020,32588200,27.3018073
2019,32589100,49.11093516
2020,32589100,46.57768008
2019,32590100,33.98581218
2020,32590100,32.21019836
2019,32590200,43.69106843
2020,32590200,40.93068491
2019,32591100,27.07419704
2020,32591100,26.09215604
2019,32591200,32.46180786
2020,32591200,29.92038809
2019,32591300,35.20866485
2020,32591300,34.34315526
2019,32592100,10.04691738
2020,32592100,11.31330928
2019,32592200,37.18784073
2020,32592200,38.38004657
2019,32593100,25.12176064
2020,32593100,24.19549149
2019,32593200,16.89358277
2020,32593200,15.95194897
2019,32593300,17.15055478
2020,32593300,16.71073291
2019,32594100,10.98020477
2020,32594100,11.18339053
2019,32594200,13.10431873
2020,32594200,14.70783794
2019,32594300,12.47667259
2020,32594300,12.01850595
2019,32594400,28.92734647
2020,32594400,27.38258759
2019,32594500,16.57813491
2020,32594500,16.27954723
2019,32595100,33.06278779
2020,32595100,33.58360784
2019,32596100,24.26465381
2020,32596100,22.01908346
2019,32596200,25.11680603
2020,32596200,22.26684729
2019,32597100,8.697142909
2020,32597100,8.676244556
2019,32597200,28.57454805
2020,32597200,31.38321437
2019,32598100,110.4801559
2020,32598100,105.9080722
2019,32599100,46.72427982
2020,32599100,45.60149566
2019,32599200,19.97032202
2020,32599200,20.59162642
2019,32600100,48.95663535
2020,32600100,49.44773532
2019,32600200,0
2020,32600200,0.05913456
2019,32601100,10.36238962
2020,32601100,8.729110801
2019,32601200,26.69881851
2020,32601200,25.18827151
2019,32601300,33.66107991
2020,32601300,32.39871265
2019,32602100,11.21156263
2020,32602100,9.997204952
2019,32603100,18.5313274
2020,32603100,20.02395307
2019,32603200,36.1219012
2020,32603200,37.06200983
2019,32603300,0
2020,32603300,0
2019,32603400,0
2020,32603400,0
2019,32604100,30.46296771
2020,32604100,28.09773689
2019,32604200,26.85967278
2020,32604200,24.44931043
2019,32605100,38.55186205
2020,32605100,35.62025536
2019,32605200,43.20415
2020,32605200,41.42440801
2019,32606100,18.32732925
2020,32606100,17.99108734
2019,32607100,22.5080699
2020,32607100,22.40671386
2019,32607200,0
2020,32607200,0
2019,32607300,44.28516965
2020,32607300,45.62579738
2019,32607400,6.521187555
2020,32607400,7.041558924
2019,32608100,28.34300127
2020,32608100,27.27320095
2019,32608200,23.47389494
2020,32608200,23.85974486
2019,32609100,3.048362327
2020,32609100,3.016788227
2019,32609200,45.4939143
2020,32609200,43.42434718
2019,32610100,26.95489457
2020,32610100,27.69430124
2019,32610200,27.54506414
2020,32610200,26.30777389
2019,32611100,29.01516814
2020,32611100,28.4657641
2019,32611200,20.94916069
2020,32611200,20.23375655
2019,32612100,36.95194471
2020,32612100,33.66143586
2019,32613100,0
2020,32613100,0.002500729
2019,32613200,0.002500729
2020,32613200,0
2019,32613300,0.031493218
2020,32613300,0.137002605
2019,32614100,34.40146502
2020,32614100,33.89984975
2019,32615100,48.75788905
2020,32615100,49.34840004
2019,32615200,16.35798548
2020,32615200,16.87749847
2019,32616100,46.92413938
2020,32616100,50.78711716
2019,32616200,71.31152574
2020,32616200,71.63462073
2019,32617100,45.45293466
2020,32617100,41.85023265
2019,32617200,31.5100839
2020,32617200,30.87655872
2019,32618100,23.24861299
2020,32618100,22.13004901
2019,32618200,48.68048226
2020,32618200,47.73342222
2019,32619100,31.44524202
2020,32619100,30.29430765
2019,32619200,13.08653608
2020,32619200,13.35609525
2019,32620100,60.53024955
2020,32620100,57.59425215
2019,32620200,18.2128921
2020,32620200,15.91384169
2019,32621100,26.17177097
2020,32621100,25.01344113
2019,32621200,37.36103984
2020,32621200,36.40258264
2019,32622100,77.14017377
2020,32622100,80.33331706
2019,32622200,42.40369368
2020,32622200,40.20477459
2019,32623100,83.47583282
2020,32623100,86.31998653
2019,32624100,29.00255941
2020,32624100,27.28005314
2019,32624200,0
2020,32624200,0
2019,32624300,0
2020,32624300,0.053870594
2019,32624400,0.243003608
2020,32624400,0.173304741
2019,32625100,41.1586449
2020,32625100,40.56039251
2019,32625200,32.26605569
2020,32625200,29.58994724
2019,32626100,0
2020,32626100,0
2019,32626200,0
2020,32626200,0
2019,32626300,0
2020,32626300,0
2019,32626400,67.04589227
2020,32626400,55.54293431
2019,32626500,0.004463601
2020,32626500,0
2019,32626600,66.39026329
2020,32626600,77.26229735
2019,32627100,81.12722737
2020,32627100,78.83106841
2019,32628100,32.85510575
2020,32628100,33.40015102
2019,32628200,45.33562154
2020,32628200,43.91703767
2019,32629100,32.58617787
2020,32629100,34.21990558
2019,32629200,24.48958629
2020,32629200,24.9397375
2019,32630100,25.19936518
2020,32630100,25.65336496
2019,32630200,0.040294039
2020,32630200,0.143363583
2019,32630300,0.053066453
2020,32630300,0
2019,32630400,0
2020,32630400,0
2019,32631100,15.39022062
2020,32631100,14.33715172
2019,32631200,6.80641804
2020,32631200,7.242476249
2019,32631300,10.13237315
2020,32631300,9.673625453
2019,32632100,4.215911073
2020,32632100,4.703357139
2019,32632200,24.43087215
2020,32632200,21.96576745
2019,32632300,7.243672783
2020,32632300,7.667911854
2019,32633100,23.80918867
2020,32633100,23.4597186
2019,32633200,10.23338639
2020,32633200,10.66453165
2019,32633300,22.45310527
2020,32633300,21.08829824
2019,32634100,27.09490044
2020,32634100,27.50277121
2019,32634200,24.84234614
2020,32634200,24.60958541
2019,32635100,0
2020,32635100,0
2019,32635200,52.20814325
2020,32635200,50.77075088
2019,32635300,20.80282381
2020,32635300,20.15753132
2019,32636100,30.68661459
2020,32636100,28.72307384
2019,32637100,17.22467986
2020,32637100,14.45852877
2019,32637200,17.09527589
2020,32637200,17.63873172
2019,32638100,1.248137579
2020,32638100,1.351810252
2019,32638200,10.58779959
2020,32638200,10.18700655
2019,32638300,3.208461244
2020,32638300,2.373563394
2019,32639100,11.52851635
2020,32639100,13.11917278
2019,32640100,14.74290954
2020,32640100,16.38375678
2019,32641100,5.708070686
2020,32641100,5.408984821
2019,32642100,13.04503229
2020,32642100,12.47323767
2019,32643100,0.058116106
2020,32643100,0.058116106
2019,32643200,8.277314761
2020,32643200,7.013326866
2019,32644100,14.12766386
2020,32644100,13.17016073
2019,32644200,16.71768665
2020,32644200,16.0381272
2019,32645100,36.62529913
2020,32645100,34.29309229
2019,32645200,9.545199672
2020,32645200,8.380370773
2019,32646100,17.2709819
2020,32646100,16.0398079
2019,32646200,14.67170489
2020,32646200,13.84540244
2019,32646300,2.051139835
2020,32646300,1.946275367
2019,32646400,6.966396187
2020,32646400,8.57282881
2019,32646500,0
2020,32646500,0
2019,32646600,0
2020,32646600,0
2019,32646700,0
2020,32646700,0.1037008
2019,32647100,57.22790403
2020,32647100,54.36045351
2019,32648100,6.281049347
2020,32648100,6.883870233
2019,32648200,4.915180083
2020,32648200,3.151517743
2019,32648300,20.55141316
2020,32648300,22.04001094
2019,32649100,5.950322447
2020,32649100,4.934049946
2019,32649200,3.601313922
2020,32649200,3.80949395
2019,32649300,12.31222279
2020,32649300,11.3098045
2019,32649400,0.073977437
2020,32649400,0.514555606
2019,32649500,1.172397867
2020,32649500,1.678333829
2019,32649600,4.595933748
2020,32649600,4.58038198
2019,32649700,1.099289088
2020,32649700,1.761626112
2019,32650100,36.97473787
2020,32650100,37.55720541
2019,32651100,5.732987028
2020,32651100,5.661325648
2019,32651200,22.59333565
2020,32651200,18.43349348
2019,32651300,11.25091255
2020,32651300,11.38122519
2019,32651400,0.610381875
2020,32651400,0.430977211
2019,32652100,1.377224416
2020,32652100,1.694744493
2019,32652200,0.108169378
2020,32652200,0
2019,32652300,7.523796588
2020,32652300,9.141385517
2019,32652400,2.07670174
2020,32652400,1.983235405
2019,32653100,38.95433818
2020,32653100,39.65882685
2019,32654100,11.26096175
2020,32654100,9.231941136
2019,32654200,4.041403907
2020,32654200,4.529421514
2019,32655100,22.81939457
2020,32655100,24.15710758
2019,32655200,21.87283726
2020,32655200,21.53524888
2019,32656100,13.31703554
2020,32656100,12.66103763
2019,32656200,15.01027257
2020,32656200,13.49554496
2019,32657100,18.60495021
2020,32657100,15.97675513
2019,32657200,13.93523435
2020,32657200,13.07554684
2019,32658100,21.00276041
2020,32658100,21.50816916
2019,32658200,12.32929093
2020,32658200,11.33486809
2019,32659100,13.15054371
2020,32659100,12.40284065
2019,32659200,12.55607712
2020,32659200,11.43690876
2019,32659300,14.31253715
2020,32659300,12.20218767
2019,32659400,1.852049154
2020,32659400,1.457216445
2019,32660100,7.797573823
2020,32660100,6.762441689
2019,32660200,10.85171807
2020,32660200,10.30908577
2019,32660300,10.82387701
2020,32660300,13.90799664
2019,32660400,6.976578493
2020,32660400,6.332037139
2019,32661100,25.5723734
2020,32661100,21.32208427
2019,32661200,12.63184238
2020,32661200,11.79262758
2019,32662100,39.24166655
2020,32662100,35.92975267
2019,32663100,30.11933139
2020,32663100,31.25536693
2019,32663200,23.52550976
2020,32663200,23.93673742
2019,32664100,15.87181182
2020,32664100,14.94672797
2019,32664200,12.7830649
2020,32664200,11.19670418
2019,32664300,16.22797004
2020,32664300,17.67896432
2019,32665100,30.69416321
2020,32665100,27.85886234
2019,32665200,8.306502153
2020,32665200,8.821266156
2019,32666100,0.952249102
2020,32666100,0.865469221
2019,32666200,7.151482142
2020,32666200,6.81387388
2019,32666300,6.181490368
2020,32666300,6.126660454
2019,32667100,21.13079046
2020,32667100,21.14485298
2019,32667200,33.10393861
2020,32667200,32.42064879
2019,32667300,5.328838769
2020,32667300,6.20539345
2019,32667400,0
2020,32667400,0
2019,32668100,0
2020,32668100,0
2019,32668200,6.596694529
2020,32668200,6.58318516
2019,32669100,10.55546754
2020,32669100,11.13410894
2019,32669200,9.069730354
2020,32669200,8.814884889
2019,32669300,10.51946938
2020,32669300,13.25477105
2019,32669400,5.108561168
2020,32669400,4.394747784
2019,32670100,0.576725886
2020,32670100,0.581662832
2019,32670200,29.3707073
2020,32670200,28.30880569
2019,32671100,24.06475663
2020,32671100,22.05127448
2019,32671200,45.54049873
2020,32671200,45.09126053
2019,32672100,10.79884472
2020,32672100,10.30609924
2019,32672200,38.62027298
2020,32672200,37.57847876
2019,32673100,19.12657288
2020,32673100,20.30700684
2019,32673200,4.440409909
2020,32673200,4.714179066
2019,32673300,31.41885348
2020,32673300,30.23877998
2019,32673400,3.554238435
2020,32673400,4.727136435
2019,32674100,3.252731762
2020,32674100,3.203526273
2019,32674200,54.88238925
2020,32674200,53.09455184
2019,32674300,0.06944356
2020,32674300,0.06899214
2019,32674400,29.97577371
2020,32674400,29.78658168
2019,32675100,15.99855565
2020,32675100,15.34725772
2019,32675200,20.22614848
2020,32675200,21.0562774
2019,32675300,11.1077642
2020,32675300,9.083387556
2019,32675400,6.775652514
2020,32675400,7.931221144
2019,32676100,12.0003312
2020,32676100,11.82816353
2019,32676200,4.450519032
2020,32676200,4.325985173
2019,32676300,8.432790569
2020,32676300,9.276797991
2019,32676400,0
2020,32676400,0
2019,32677100,25.4441428
2020,32677100,27.17877849
2019,32677200,16.86732881
2020,32677200,16.41905015
2019,32677300,22.62201518
2020,32677300,19.30409853
2019,32678100,13.87196981
2020,32678100,14.96456648
2019,32678200,20.2292509
2020,32678200,19.07145881
2019,32678300,24.86265981
2020,32678300,24.37232164
2019,32678400,27.32487157
2020,32678400,25.50047872
2019,32679100,14.26867248
2020,32679100,15.13309137
2019,32679200,17.01675512
2020,32679200,17.39856531
2019,32679300,27.81084438
2020,32679300,27.77727301
2019,32680100,12.15270953
2020,32680100,12.28414173
2019,32680200,40.37181555
2020,32680200,40.13832226
2019,32681100,17.32625491
2020,32681100,17.53194821
2019,32681200,36.41111952
2020,32681200,36.39681396
2019,32681300,23.83767014
2020,32681300,23.73576391
2019,32682100,3.172050677
2020,32682100,2.82627955
2019,32682200,14.52135742
2020,32682200,13.29608165
2019,32682300,23.01341037
2020,32682300,22.12875186
2019,32682400,16.87327197
2020,32682400,15.78941944
2019,32683100,0
2020,32683100,0
2019,32683200,35.34309598
2020,32683200,35.18862517
2019,32683300,30.20000215
2020,32683300,28.13347413
2019,32684100,16.76175867
2020,32684100,17.10557224
2019,32684200,39.66810861
2020,32684200,36.62075418
2019,32685100,18.20231211
2020,32685100,20.85038902
2019,32685200,33.19086941
2020,32685200,32.36002505
2019,32686100,13.40829098
2020,32686100,10.11191816
2019,32686200,8.760932468
2020,32686200,7.401781454
2019,32687100,23.99952636
2020,32687100,22.31477038
2019,32687200,13.76511691
2020,32687200,12.8416733
2019,32688100,18.02907483
2020,32688100,18.04788429
2019,32688200,21.23661697
2020,32688200,22.86026489
2019,32688300,6.003995248
2020,32688300,6.651759286
2019,32688400,17.31577934
2020,32688400,15.98815441
2019,32689100,29.29064884
2020,32689100,28.70313361
2019,32689200,23.41408455
2020,32689200,22.65563232
2019,32690100,18.05165594
2020,32690100,17.23847361
2019,32690200,12.86311364
2020,32690200,11.39320987
2019,32691100,29.30802363
2020,32691100,30.6887887
2019,32691200,6.496281027
2020,32691200,6.348314011
2019,32691300,5.39791271
2020,32691300,5.768962433
2019,32691400,0.143363583
2020,32691400,0
2019,32691500,0
2020,32691500,0
2019,32692100,10.90251435
2020,32692100,10.64881761
2019,32692200,14.06611356
2020,32692200,14.8632046
2019,32693100,16.56339147
2020,32693100,16.17832164
2019,32693200,5.455906605
2020,32693200,5.100726154
2019,32694100,12.52916348
2020,32694100,12.23006141
2019,32694200,11.03492062
2020,32694200,10.57813775
2019,32695100,11.39414731
2020,32695100,12.33909024
2019,32695200,11.87956062
2020,32695200,12.31031762
2019,32695300,7.88671001
2020,32695300,8.19636612
2019,32695400,8.598105564
2020,32695400,8.565916801
2019,32696100,11.11069198
2020,32696100,11.27451959
2019,32696200,13.28327686
2020,32696200,13.2403784
2019,32696300,26.70186157
2020,32696300,26.05154132
2019,32697100,13.78869491
2020,32697100,12.78549512
2019,32697200,8.171552064
2020,32697200,7.905071327
2019,32697300,6.060925567
2020,32697300,4.732154557
2019,32698100,16.40638481
2020,32698100,15.99407971
2019,32698200,15.26183315
2020,32698200,13.07612003
2019,32699100,31.91583798
2020,32699100,30.2521228
2019,32699200,21.4174245
2020,32699200,21.63599725
2019,32700100,6.239505959
2020,32700100,6.423160032
2019,32700200,6.973099939
2020,32700200,7.08844781
2019,32700300,5.634439732
2020,32700300,6.22487849
2019,32700400,4.076834798
2020,32700400,4.586117068
2019,32701100,1.196308366
2020,32701100,1.026216808
2019,32701200,5.237681975
2020,32701200,6.031841236
2019,32701300,4.083856404
2020,32701300,3.578946364
2019,32701400,4.112078733
2020,32701400,2.920112411
2019,32701500,3.067020226
2020,32701500,3.608356127
2019,32701600,2.9281751
2020,32701600,3.448474098
2019,32701700,0
2020,32701700,0
2019,32702100,8.765850857
2020,32702100,7.869365737
2019,32702200,7.064713381
2020,32702200,7.777032802
2019,32702300,21.05441034
2020,32702300,20.20178157
2019,32703100,5.783496051
2020,32703100,6.324942128
2019,32703200,6.430699764
2020,32703200,6.142329688
2019,32703300,36.80887094
2020,32703300,35.35036673
2019,32704100,9.989350189
2020,32704100,8.001955085
2019,32704200,17.55246136
2020,32704200,12.89607537
2019,32704300,9.358310131
2020,32704300,7.797118208
2019,32704400,9.230681603
2020,32704400,9.050627619
2019,32705100,13.40427007
2020,32705100,12.68879748
2019,32705200,25.29418828
2020,32705200,25.43037907
2019,32705300,3.090156091
2020,32705300,2.444080113
2019,32706100,13.11542212
2020,32706100,12.10641205
2019,32706200,11.67992699
2020,32706200,12.3413879
2019,32707100,31.30971011
2020,32707100,32.14587995
2019,32707200,4.802254723
2020,32707200,4.748570294
2019,32707300,14.82114351
2020,32707300,14.02360287
2019,32708100,17.1613254
2020,32708100,13.04150916
2019,32708200,12.67591924
2020,32708200,13.56709281
2019,32709100,12.65263419
2020,32709100,11.74747402
2019,32709200,14.21897289
2020,32709200,12.55468697
2019,32710100,28.1112074
2020,32710100,31.86667942
2019,32710200,27.88388559
2020,32710200,27.34100334
2019,32711100,6.98501039
2020,32711100,5.060258999
2019,32711200,8.600080264
2020,32711200,6.681289205
2019,32712100,26.59837711
2020,32712100,27.89362608
2019,32712200,13.43941571
2020,32712200,14.6742885
2019,32713100,46.95768841
2020,32713100,48.17251857
2019,32713200,10.63637693
2020,32713200,10.82517395
2019,32714100,15.7824304
2020,32714100,16.50272901
2019,32714200,22.44213169
2020,32714200,20.73156001
2019,32715100,15.9657304
2020,32715100,16.02083357
2019,32715200,15.356382
2020,32715200,14.60149592
2019,32716100,0.120904236
2020,32716100,0
2019,32717100,14.16529529
2020,32717100,14.43029502
2019,32717200,18.37876093
2020,32717200,18.18391237
2019,32717300,0
2020,32717300,0
2019,32718100,0
2020,32718100,0
2019,32718200,0
2020,32718200,0
2019,32719100,18.11989146
2020,32719100,17.22811134
2019,32719200,9.928154826
2020,32719200,10.11833802
2019,32719300,7.94570576
2020,32719300,6.683343105
2019,32720100,15.17462954
2020,32720100,14.75380935
2019,32720200,13.66881127
2020,32720200,13.43595607
2019,32720300,0.245288949
2020,32720300,0
2019,32720400,0
2020,32720400,0
2019,32721100,23.03685793
2020,32721100,25.07199454
2019,32721200,25.11575611
2020,32721200,25.77579239
2019,32721300,16.9334805
2020,32721300,17.66558073
2019,32722200,0
2020,32722200,0
2019,32722300,12.64024836
2020,32722300,12.25827004
2019,32723100,44.08455607
2020,32723100,42.97219487
2019,32724100,7.440338285
2020,32724100,7.162275788
2019,32724200,39.73119735
2020,32724200,37.47077975
2019,32725100,43.18413639
2020,32725100,33.40433493
2019,32726100,7.828187036
2020,32726100,6.495691846
2019,32726200,30.37666216
2020,32726200,30.25374712
2019,32727100,32.85927506
2020,32727100,32.16280903
2019,32727200,20.10236801
2020,32727200,19.6304991
2019,32728100,13.73614791
2020,32728100,13.85427022
2019,32728200,31.87399001
2020,32728200,32.19970452
2019,32729100,18.32787647
2020,32729100,16.91385217
2019,32730100,38.91370714
2020,32730100,39.78732692
2019,32730200,18.72943451
2020,32730200,19.7905047
2019,32731100,16.19313544
2020,32731100,16.38175575
2019,32731200,8.977903312
2020,32731200,8.621647647
2019,32732100,0
2020,32732100,0
2019,32732200,0.237667211
2020,32732200,0.331264806
2019,32732300,0
2020,32732300,0
2019,32733100,60.94341805
2020,32733100,64.56550616
2019,32734100,67.47722695
2020,32734100,54.44120696
2019,32735100,40.67886382
2020,32735100,44.71709644
2019,32736100,28.95801752
2020,32736100,27.60217014
2019,32736200,12.83152582
2020,32736200,11.60354122
2019,32736300,4.476538522
2020,32736300,3.845029053
2019,32737100,21.28160283
2020,32737100,20.26556995
2019,32738100,30.95707243
2020,32738100,30.87994693
2019,32738200,44.78466894
2020,32738200,44.61719503
2019,32739100,26.78593439
2020,32739100,24.17791609
2019,32739200,9.580370917
2020,32739200,8.799049997
2019,32740100,6.894178054
2020,32740100,6.572284092
2019,32741100,14.08633811
2020,32741100,12.89066798
2019,32741200,28.50533877
2020,32741200,27.13198247
2019,32742100,16.82760644
2020,32742100,17.15388408
2019,32742200,52.43706234
2020,32742200,52.24251747
2019,32743100,15.19820463
2020,32743100,16.49909366
2019,32744100,15.75756069
2020,32744100,15.73557416
2019,32745100,38.73978815
2020,32745100,37.34127267
2019,32746100,35.13506734
2020,32746100,34.60818191
2019,32746200,4.137008208
2020,32746200,3.693441326
2019,32747100,27.83740697
2020,32747100,27.40888097
2019,32747200,44.06578938
2020,32747200,41.64145865
2019,32748100,42.44468905
2020,32748100,34.566007
2019,32749100,28.82697531
2020,32749100,25.67600243
2019,32749200,16.05277782
2020,32749200,16.26414752
2019,32750100,7.672870947
2020,32750100,7.942106684
2019,32750200,16.17236696
2020,32750200,16.75178512
2019,32751100,37.7251903
2020,32751100,39.50351551
2019,32752100,9.703008262
2020,32752100,9.985064935
2019,32752200,5.491610891
2020,32752200,6.516708641
2019,32752300,11.14669115
2020,32752300,10.7940211
2019,32752400,8.21530538
2020,32752400,8.04514662
2019,32753100,0.399252027
2020,32753100,0.958837107
2019,32753200,0
2020,32753200,0
2019,32753300,0
2020,32753300,0
2019,32753400,0.115157198
2020,32753400,0
2019,32754100,44.74347845
2020,32754100,45.48099987
2019,32754200,0
2020,32754200,0
2019,32755100,23.59328001
2020,32755100,22.17998719
2019,32755200,37.59353814
2020,32755200,34.72189076
2019,32755300,18.08268888
2020,32755300,17.34980768
2019,32756100,6.592283706
2020,32756100,5.970517125
2019,32756200,15.20542347
2020,32756200,14.8811223
2019,32757100,2.208552541
2020,32757100,2.165476897
2019,32757200,4.079603737
2020,32757200,3.715777653
2019,32757300,5.995941603
2020,32757300,7.548863611
2019,32758100,8.455744086
2020,32758100,9.671048612
2019,32758200,26.34083535
2020,32758200,25.91435309
2019,32758300,3.431363158
2020,32758300,2.729719772
2019,32758400,2.473915096
2020,32758400,2.390976969
2019,32759100,25.83282614
2020,32759100,26.77216426
2019,32759200,21.85098844
2020,32759200,21.99116905
2019,32759300,31.29387622
2020,32759300,31.53006981
2019,32760100,22.94804518
2020,32760100,22.08238409
2019,32760200,0.11761843
2020,32760200,0.156158535
2019,32760300,7.850410676
2020,32760300,8.77434384
2019,32761100,16.97459638
2020,32761100,14.920012
2019,32762100,0
2020,32762100,0
2019,32762200,26.80166521
2020,32762200,27.26429005
2019,32762300,26.94066347
2020,32762300,28.72264419
2019,32763100,15.9443211
2020,32763100,11.88920914
2019,32763200,5.493166765
2020,32763200,4.84026843
2019,32763300,0
2020,32763300,0
2019,32763400,0.014139871
2020,32763400,0
2019,32763500,0.128219886
2020,32763500,0
2019,32764100,0.620558141
2020,32764100,0.7227638
2019,32764200,1.532947116
2020,32764200,1.11597524
2019,32765100,4.694227837
2020,32765100,4.619467183
2019,32765200,0
2020,32765200,0
2019,32765300,16.29865252
2020,32765300,16.46145816
2019,32765400,7.084318341
2020,32765400,6.62563111
2019,32765500,9.517860505
2020,32765500,10.35083817
2019,32765600,5.570401302
2020,32765600,5.961261529
2019,32766100,33.15961424
2020,32766100,30.84430422
2019,32766200,10.56817123
2020,32766200,9.113491007
2019,32767100,0
2020,32767100,0
2019,32768100,0.393428344
2020,32768100,0.41751703
2019,32768200,0.002500729
2020,32768200,0.070774234
2019,32768300,0
2020,32768300,0
2019,32768400,0
2020,32768400,0
2019,32768500,0.190578606
2020,32768500,0.143363583
2019,32768600,1.189863158
2020,32768600,0.743790079
2019,32769100,5.509700699
2020,32769100,5.162187172
2019,32769200,4.789147588
2020,32769200,5.111368705
2019,32770100,0
2020,32770100,0
2019,32770200,0
2020,32770200,0
2019,32770300,0
2020,32770300,0
2019,32771100,27.48205935
2020,32771100,26.64067224
2019,32771200,29.58957521
2020,32771200,27.66147808
2019,32771300,8.268951372
2020,32771300,8.343219782
2019,32772100,0
2020,32772100,0
2019,32772200,32.36179563
2020,32772200,21.24696436
2019,32772300,9.106397399
2020,32772300,10.3122375
2019,32772400,107.0214626
2020,32772400,91.89333399
2019,32773100,32.38602519
2020,32773100,65.32000991
2019,32773200,1.879417607
2020,32773200,1.771500741
2019,32774100,0.080023317
2020,32774100,3.7494448
2019,32774200,0.017647174
2020,32774200,0.013029917
2019,32774300,31.47844321
2020,32774300,18.71750699
2019,32774400,65.41697857
2020,32774400,50.55218711
2019,32774500,21.43814384
2020,32774500,26.85766852
2019,32774600,16.78936435
2020,32774600,19.40230632
2019,32774700,0
2020,32774700,0
2019,32775100,36.05095043
2020,32775100,30.95442463
2019,32776100,5.955427412
2020,32776100,5.795143793
2019,32776200,5.293076024
2020,32776200,7.103248899
2019,32776300,6.662918096
2020,32776300,6.651919874
2019,32776400,35.2490283
2020,32776400,34.1899777
2019,32777100,44.86790457
2020,32777100,51.04123991
2019,32778100,7.362733131
2020,32778100,5.175836867
2019,32778200,12.79871938
2020,32778200,14.24505743
2019,32778300,11.82064343
2020,32778300,10.16126072
2019,32779100,27.14534039
2020,32779100,25.81298478
2019,32779200,10.95676341
2020,32779200,10.26924989
2019,32780100,1.77467463
2020,32780100,1.508917572
2019,32780200,1.180576108
2020,32780200,1.544095606
2019,32780300,0
2020,32780300,0
2019,32780400,0.595692017
2020,32780400,1.082331443
2019,32780500,0
2020,32780500,0
2019,32780600,2.541485077
2020,32780600,2.845640039
2019,32780700,0.053870594
2020,32780700,0.002231801
2019,32781100,20.59972319
2020,32781100,22.18911342
2019,32782100,29.69759985
2020,32782100,31.0522401
2019,32783100,43.03713392
2020,32783100,43.86066864
2019,32783200,29.84188263
2020,32783200,34.78670629
2019,32784100,27.81703746
2020,32784100,24.18074255
2019,32785100,10.20034376
2020,32785100,10.85059219
2019,32786100,0.250424217
2020,32786100,0
2019,32786200,16.29649791
2020,32786200,15.75582916
2019,32787100,30.92077416
2020,32787100,30.2833517
2019,32787200,55.57568141
2020,32787200,57.09535108
2019,32787300,0
2020,32787300,0
2019,32787400,7.558832714
2020,32787400,9.601101772
2019,32787500,0
2020,32787500,0
2019,32787600,2.917834626
2020,32787600,3.836591717
2019,32787700,0
2020,32787700,0
2019,32788100,16.79139056
2020,32788100,16.47243988
2019,32788200,35.83760374
2020,32788200,34.17961018
2019,32788300,0
2020,32788300,0
2019,32788400,0
2020,32788400,0
2019,32788500,7.995223978
2020,32788500,8.107200602
2019,32788600,0
2020,32788600,0
2019,32788700,0
2020,32788700,0
2019,32788800,0
2020,32788800,0
2019,32788900,0
2020,32788900,0
2019,32789100,8.571925609
2020,32789100,6.823582436
2019,32789200,0
2020,32789200,0
2019,32789300,1.791849058
2020,32789300,1.869330652
2019,32789400,3.648318781
2020,32789400,3.24920605
2019,32789500,3.039644798
2020,32789500,4.277423789
2019,32789600,5.773075698
2020,32789600,5.576881476
2019,32790100,0.001420894
2020,32790100,0
2019,32790200,9.356318491
2020,32790200,9.050962858
2019,32790300,1.652373845
2020,32790300,2.00066844
2019,32790400,7.387400761
2020,32790400,6.534442156
2019,32790500,1.872540502
2020,32790500,2.784641112
2019,32790600,4.281804517
2020,32790600,3.605391489
2019,32791100,0
2020,32791100,0
2019,32791200,0
2020,32791200,0
2019,32791300,19.41517311
2020,32791300,21.19214959
2019,32792100,36.28720642
2020,32792100,34.33879074
2019,32793100,24.17369309
2020,32793100,21.15396797
2019,32794100,44.80079571
2020,32794100,40.46902713
2019,32795100,0
2020,32795100,0
2019,32795200,0.980674996
2020,32795200,1.689134798
2019,32795300,6.640224558
2020,32795300,5.435021018
2019,32795400,0.108169378
2020,32795400,0
2019,32795500,4.456556423
2020,32795500,4.34599944
2019,32795600,8.953318223
2020,32795600,7.56757121
2019,32796100,17.6201377
2020,32796100,18.1189182
2019,32796200,0
2020,32796200,0
2019,32797100,13.16840208
2020,32797100,9.996128055
2019,32798100,45.62318935
2020,32798100,43.00741289
2019,32798200,2.58669216
2020,32798200,0.59013033
2019,32798400,0
2020,32798400,0
2019,32799100,26.18805991
2020,32799100,23.42420357
2019,32799200,0.081709405
2020,32799200,0.050014573
2019,32799300,19.17616086
2020,32799300,18.08544012
2019,32799400,0
2020,32799400,0
2019,32800100,13.22243243
2020,32800100,13.16488597
2019,32800200,4.173810554
2020,32800200,3.735082906
2019,32801100,13.52007045
2020,32801100,12.93502073
2019,32801200,0.479135815
2020,32801200,0.850942339
2019,32802100,54.12605074
2020,32802100,51.77305645
2019,32803100,70.11743212
2020,32803100,65.77368182
2019,32804100,7.457335346
2020,32804100,6.927352597
2019,32804200,13.59995911
2020,32804200,13.83212199
2019,32805100,31.86653627
2020,32805100,30.62598711
2019,32805200,21.8835851
2020,32805200,20.69193677
2019,32805300,0
2020,32805300,0
2019,32806100,5.184057839
2020,32806100,4.877431548
2019,32806200,6.075374354
2020,32806200,5.641461064
2019,32806300,6.902512301
2020,32806300,6.743587782
2019,32807100,85.07237215
2020,32807100,74.85302942
2019,32808100,46.98698412
2020,32808100,45.19232153
2019,32809100,46.82805999
2020,32809100,45.96818004
2019,32809200,0
2020,32809200,0
2019,32810100,28.11105367
2020,32810100,28.23038609
2019,32810200,41.4571689
2020,32810200,40.21997695
2019,32811100,31.06525025
2020,32811100,30.87997047
2019,32812100,0
2020,32812100,0.095781521
2019,32812200,4.050103643
2020,32812200,3.934306135
2019,32812300,16.98711817
2020,32812300,16.69501654
2019,32812400,0
2020,32812400,0
2019,32813100,36.23077077
2020,32813100,34.61275521
2019,32813200,17.49531112
2020,32813200,15.71583322
2019,32814100,14.81530343
2020,32814100,15.06305102
2019,32815100,8.072763932
2020,32815100,8.109758281
2019,32815200,8.023104729
2020,32815200,6.891178792
2019,32815300,4.122874617
2020,32815300,3.659855853
2019,32815400,2.04853573
2020,32815400,2.243270449
2019,32816100,6.476393798
2020,32816100,7.032801902
2019,32816200,8.732698035
2020,32816200,7.802463406
2019,32817100,7.336045357
2020,32817100,7.506624472
2019,32817200,6.536831393
2020,32817200,6.067900371
2019,32817300,2.154497953
2020,32817300,1.551404197
2019,32817400,0.181918947
2020,32817400,0.140961328
2019,32818100,45.22826001
2020,32818100,43.06283206
2019,32818200,22.665622
2020,32818200,21.7095101
2019,32818300,5.293868615
2020,32818300,4.831256574
2019,32818400,0
2020,32818400,0
2019,32818500,0
2020,32818500,0
2019,32819100,28.48513211
2020,32819100,28.52994528
2019,32820100,7.772620731
2020,32820100,8.389217248
2019,32820200,12.75669909
2020,32820200,19.69704698
2019,32820300,13.55504692
2020,32820300,9.842916534
2019,32821100,22.46945881
2020,32821100,20.88610951
2019,32821200,10.48805083
2020,32821200,8.636393756
2019,32821300,2.374028247
2020,32821300,2.655802765
2019,32822100,34.58555765
2020,32822100,35.99952866
2019,32822200,5.338587936
2020,32822200,6.121667559
2019,32823100,1.487099361
2020,32823100,1.906353683
2019,32823200,13.07066882
2020,32823200,12.72354377
2019,32823300,10.38274009
2020,32823300,9.734282495
2019,32823400,2.082222278
2020,32823400,3.315858006
2019,32824100,10.43372163
2020,32824100,10.40391413
2019,32824200,10.64515494
2020,32824200,9.752856732
2019,32825100,25.30783143
2020,32825100,22.74631026
2019,32825200,28.65568611
2020,32825200,29.1841434
2019,32825300,1.221499826
2020,32825300,1.1232224
2019,32825400,3.399408845
2020,32825400,2.812096388
2019,32825500,0.053870594
2020,32825500,0.073577684
2019,32826100,32.81043232
2020,32826100,33.86000077
2019,32827100,23.68390488
2020,32827100,23.35056606
2019,32827200,6.952609427
2020,32827200,7.177817231
2019,32827300,0.810343118
2020,32827300,0.781277463
2019,32828100,4.180962952
2020,32828100,4.119989613
2019,32828200,8.733651327
2020,32828200,8.348953844
2019,32828300,14.1931518
2020,32828300,12.87287632
2019,32829100,68.38201495
2020,32829100,67.46427023
2019,32830100,16.3724369
2020,32830100,18.07845388
2019,32830200,36.54927732
2020,32830200,38.78645766
2019,32831100,5.286571157
2020,32831100,5.792715648
2019,32831200,7.472621781
2020,32831200,7.598467393
2019,32831300,25.06150612
2020,32831300,24.16044696
2019,32832100,37.2863921
2020,32832100,33.90855989
2019,32832200,14.18040383
2020,32832200,14.5645426
2019,32832300,10.8415138
2020,32832300,10.90135732
2019,32833100,6.340981253
2020,32833100,6.209111046
2019,32833200,6.888834308
2020,32833200,7.234040472
2019,32833300,5.602285695
2020,32833300,5.327091277
2019,32834100,37.00274406
2020,32834100,34.51245707
2019,32834200,0
2020,32834200,0
2019,32834300,0
2020,32834300,0
2019,32835100,0
2020,32835100,0
2019,32835200,11.61236527
2020,32835200,11.08152425
2019,32836100,30.33014564
2020,32836100,29.53921316
2019,32836200,16.01607637
2020,32836200,14.27374772
2019,32836300,19.11546152
2020,32836300,19.18808047
2019,32836400,9.548499851
2020,32836400,9.635550988
2019,32837100,19.27785892
2020,32837100,18.81400549
2019,32837200,10.81156892
2020,32837200,11.1276324
2019,32837300,2.695831315
2020,32837300,2.879813024
2019,32838100,0.124644828
2020,32838100,0.002500729
2019,32838200,18.35575642
2020,32838200,17.8737247
2019,32838300,5.753607227
2020,32838300,5.345314037
2019,32838400,8.923738951
2020,32838400,8.128306907
2019,32838500,6.287166867
2020,32838500,6.171054889
2019,32838600,0.317259281
2020,32838600,0.430068917
2019,32839100,1.630394433
2020,32839100,1.698186093
2019,32839200,0.516287635
2020,32839200,0.463221182
2019,32839300,8.081114216
2020,32839300,7.690211783
2019,32839400,19.20493081
2020,32839400,18.30912194
2019,32839500,10.67034763
2020,32839500,11.06298286
2019,32840100,17.23805659
2020,32840100,19.88416187
2019,32840200,40.79021737
2020,32840200,52.43035281
2019,32840300,0.899920835
2020,32840300,0.415873702
2019,32841100,3.024910446
2020,32841100,3.442264701
2019,32841200,6.106895939
2020,32841200,6.23745471
2019,32841300,2.194979342
2020,32841300,1.893874683
2019,32842100,21.27764447
2020,32842100,20.87866276
2019,32843100,11.76076146
2020,32843100,12.53232537
2019,32843200,2.276635288
2020,32843200,1.843003522
2019,32843300,13.42208522
2020,32843300,11.95765419
2019,32843400,20.81189013
2020,32843400,21.28867828
2019,32843500,5.040271631
2020,32843500,4.138764624
2019,32844100,0.074998579
2020,32844100,0
2019,32844200,15.15727288
2020,32844200,15.21350995
2019,32844300,13.7445063
2020,32844300,13.18649317
2019,32844400,14.59830871
2020,32844400,12.02774206
2019,32845100,13.85391975
2020,32845100,11.26048337
2019,32846100,0
2020,32846100,0
2019,32846200,4.590122135
2020,32846200,4.245065207
2019,32846300,9.543138202
2020,32846300,8.608969402
2019,32846400,12.89592994
2020,32846400,13.47849726
2019,32847100,19.02435231
2020,32847100,17.77393431
2019,32847200,31.45911665
2020,32847200,30.54480839
2019,32848100,65.35320434
2020,32848100,61.98840038
2019,32849100,11.9560118
2020,32849100,12.54622589
2019,32849200,3.75736263
2020,32849200,3.219746294
2019,32849300,17.89448123
2020,32849300,18.53630356
2019,32849400,11.80711455
2020,32849400,11.07491504
2019,32850100,20.96554007
2020,32850100,21.11184485
2019,32851100,39.32107511
2020,32851100,38.30611135
2019,32851200,6.953559284
2020,32851200,10.07511301
2019,32852100,0
2020,32852100,0
2019,32852200,34.1258126
2020,32852200,32.41770034
2019,32853100,21.43447844
2020,32853100,21.15281893
2019,32854100,10.21402085
2020,32854100,10.32474716
2019,32854200,73.0061696
2020,32854200,67.30742638
2019,32855100,27.59875639
2020,32855100,25.63915339
2019,32855200,20.94819619
2020,32855200,20.09569364
2019,32855300,13.12519602
2020,32855300,11.63367972
2019,32855400,3.855357917
2020,32855400,4.575304573
2019,32856100,74.34020864
2020,32856100,69.52933095
2019,32857100,35.19654726
2020,32857100,32.23162889
2019,32857200,18.60569612
2020,32857200,19.02898922
2019,32858100,94.95017987
2020,32858100,93.13032328
2019,32858200,8.480176002
2020,32858200,7.532199332
2019,32859100,3.38028277
2020,32859100,2.874422194
2019,32859200,21.65717265
2020,32859200,21.07428103
2019,32860100,0.566130013
2020,32860100,0.662867508
2019,32861100,15.74938941
2020,32861100,16.24941477
2019,32861200,10.71077121
2020,32861200,10.4581509
2019,32862100,7.593130938
2020,32862100,6.770670527
2019,32862200,9.127566159
2020,32862200,8.690504138
2019,32862300,13.32655017
2020,32862300,12.52705609
2019,32863100,5.484545815
2020,32863100,5.96845161
2019,32863200,0
2020,32863200,0
2019,32864100,29.33009586
2020,32864100,29.64824111
2019,32864200,22.45092212
2020,32864200,22.55727125
2019,32865100,9.474696355
2020,32865100,9.235286447
2019,32865200,40.50834566
2020,32865200,44.17386677
2019,32865300,5.320189266
2020,32865300,5.266284996
2019,32866100,4.099617765
2020,32866100,3.350758957
2019,32866200,0
2020,32866200,0.06944356
2019,32866300,0.017647174
2020,32866300,0
2019,32866400,0
2020,32866400,0
2019,32866500,6.712547552
2020,32866500,7.067350674
2019,32867100,12.83309536
2020,32867100,12.87683766
2019,32867200,9.961414894
2020,32867200,10.67245542
2019,32868100,19.02407562
2020,32868100,20.11143908
2019,32868200,3.761490533
2020,32868200,3.846760524
2019,32869100,2.765236984
2020,32869100,3.081740551
2019,32869200,23.12529358
2020,32869200,21.65998817
2019,32870100,27.0756628
2020,32870100,26.59478994
2019,32871100,27.35991778
2020,32871100,26.78670766
2019,32871200,7.092020175
2020,32871200,6.853668578
2019,32872100,55.8139901
2020,32872100,52.7853396
2019,32872200,26.02864882
2020,32872200,26.22321659
2019,32872300,3.521169252
2020,32872300,4.058053091
2019,32873100,0.071517768
2020,32873100,0.053870594
2019,32873200,23.7469609
2020,32873200,22.89776949
2019,32873300,2.57377812
2020,32873300,2.21902588
2019,32873400,26.3744718
2020,32873400,22.46522832
2019,32874100,0.060347906
2020,32874100,0.070774234
2019,32874200,18.10376733
2020,32874200,16.47236977
2019,32874300,17.03866501
2020,32874300,17.32710519
2019,32874400,17.50001956
2020,32874400,16.40391015
2019,32875100,10.62024362
2020,32875100,10.9762662
2019,32875200,8.728998829
2020,32875200,7.701932461
2019,32876100,0.044906271
2020,32876100,0.230208877
2019,32876200,0.012906773
2020,32876200,0
2019,32876300,0
2020,32876300,0
2019,32876400,0.088421409
2020,32876400,0
2019,32877100,14.61415857
2020,32877100,13.1128603
2019,32877200,13.72601898
2020,32877200,13.49780961
2019,32878100,4.712489379
2020,32878100,5.069705509
2019,32878200,23.44369668
2020,32878200,24.02758125
2019,32878300,6.85739856
2020,32878300,7.128829759
2019,32879100,26.09569859
2020,32879100,23.98265983
2019,32879200,4.66141332
2020,32879200,4.71505151
2019,32879300,14.25729039
2020,32879300,13.96707069
2019,32880100,16.82084604
2020,32880100,17.39235517
2019,32880200,41.83037704
2020,32880200,38.95717752
2019,32881100,4.671514319
2020,32881100,4.791087222
2019,32881200,26.10444643
2020,32881200,24.97546011
2019,32881300,8.168284924
2020,32881300,7.990941175
2019,32882100,14.7791115
2020,32882100,13.57411721
2019,32882200,11.27999879
2020,32882200,10.66914537
2019,32883100,0.136637682
2020,32883100,0
2019,32883200,4.572084581
2020,32883200,4.538950263
2019,32884100,32.76267066
2020,32884100,31.60044023
2019,32885100,6.235473096
2020,32885100,6.912560315
2019,32885200,0
2020,32885200,0
2019,32885300,0
2020,32885300,0
2019,32885400,13.0133322
2020,32885400,14.18903655
2019,32885500,31.54016527
2020,32885500,31.1095966
2019,32885600,23.40037668
2020,32885600,22.9983891
2019,32885700,15.46659349
2020,32885700,15.9480597
2019,32885800,9.568593136
2020,32885800,10.02726708
2019,32886100,13.21836643
2020,32886100,12.80159966
2019,32886200,11.21156754
2020,32886200,10.82701802
2019,32887100,32.57926429
2020,32887100,32.17539123
2019,32888100,11.01994068
2020,32888100,10.89612674
2019,32888200,11.76055592
2020,32888200,12.64305188
2019,32888300,11.89451078
2020,32888300,12.58747055
2019,32889100,26.27084138
2020,32889100,25.10892606
2019,32889200,17.23031585
2020,32889200,15.45819021
2019,32889300,0.053870594
2020,32889300,0
2019,32890100,16.6498368
2020,32890100,15.71979159
2019,32890200,24.3571817
2020,32890200,23.21240227
2019,32891100,21.57512097
2020,32891100,18.92146227
2019,32891200,34.35753224
2020,32891200,32.26254012
2019,32892100,17.24095828
2020,32892100,19.04049068
2019,32893100,26.27093462
2020,32893100,24.4192428
2019,32893200,4.734079906
2020,32893200,5.175195835
2019,32893300,13.35167541
2020,32893300,13.58985238
2019,32894100,17.11816197
2020,32894100,17.91435423
2019,32895100,2.063622573
2020,32895100,2.849542608
2019,32895200,2.530488797
2020,32895200,2.712277129
2019,32895300,1.254982566
2020,32895300,1.803960608
2019,32895400,0
2020,32895400,0
2019,32896100,7.383755233
2020,32896100,6.737669415
2019,32896200,24.38187937
2020,32896200,23.55857263
2019,32897100,4.921267734
2020,32897100,4.498820417
2019,32897200,14.53294718
2020,32897200,15.09010146
2019,32898100,0
2020,32898100,0
2019,32898200,0
2020,32898200,0
2019,32898300,0
2020,32898300,0
2019,32898400,0
2020,32898400,0
2019,32899100,18.43493965
2020,32899100,18.57528978
2019,32899200,3.990499016
2020,32899200,4.599594078
2019,32899300,28.76208398
2020,32899300,28.41106132
2019,32899400,0
2020,32899400,0
2019,32899500,11.95644412
2020,32899500,12.15062319
2019,32899600,0
2020,32899600,0
2019,32900100,48.93139999
2020,32900100,39.77454471
2019,32901100,2.451069197
2020,32901100,3.084333635
2019,32901200,26.4198422
2020,32901200,26.08791809
2019,32902100,35.40666146
2020,32902100,36.76609798
2019,32903100,0
2020,32903100,0
2019,32903200,0
2020,32903200,0
2019,32903300,0
2020,32903300,0
2019,32903400,39.54931302
2020,32903400,26.83196365
2019,32903500,0
2020,32903500,0
2019,32903600,22.30595924
2020,32903600,160.9213332
2019,32903700,1.556547358
2020,32903700,0.002500729
2019,32904100,30.83602286
2020,32904100,31.26122909
2019,32905100,2.314566041
2020,32905100,1.042666216
2019,32905200,0
2020,32905200,0
2019,32905300,0
2020,32905300,0
2019,32905400,0
2020,32905400,0
2019,32906100,12.0802624
2020,32906100,11.98397975
2019,32906200,23.76625305
2020,32906200,22.84080966
2019,32907100,0
2020,32907100,0
2019,32907200,0.108169378
2020,32907200,0.122309249
2019,32907300,0
2020,32907300,0
2019,32907400,0
2020,32907400,0
2019,32908100,0
2020,32908100,0
2019,32908200,0
2020,32908200,0
2019,32909100,28.69267447
2020,32909100,29.39085208
2019,32909200,27.39440498
2020,32909200,27.74754612
2019,32910100,29.77917027
2020,32910100,28.3199698
2019,32910200,23.22900823
2020,32910200,23.88968253
2019,32910300,14.66786128
2020,32910300,14.29291079
2019,32911100,12.20087555
2020,32911100,13.12527185
2019,32911200,16.60052393
2020,32911200,17.47782897
2019,32912100,35.3275087
2020,32912100,34.91137545
2019,32912200,31.92202394
2020,32912200,31.9277101
2019,32912300,20.11113763
2020,32912300,21.3138093
2019,32913100,38.33609178
2020,32913100,38.26514951
2019,32913200,38.74156259
2020,32913200,38.49818421
2019,32914100,45.48214198
2020,32914100,44.19941847
2019,32915100,51.94217021
2020,32915100,51.23027579
2019,32915200,0.163453959
2020,32915200,0.070774234
2019,32915300,0
2020,32915300,0
2019,32915400,0
2020,32915400,0
2019,32915500,0.886417598
2020,32915500,0.667278743
2019,32916100,42.30379083
2020,32916100,44.72197783
2019,32917100,0.263915721
2020,32917100,0.099552983
2019,32918100,70.06810666
2020,32918100,68.13291449
2019,32919100,0
2020,32919100,0
2019,32919200,26.79522742
2020,32919200,27.00559457
2019,32920100,53.3902306
2020,32920100,53.95255231
2019,32921100,34.65703114
2020,32921100,34.64334031
2019,32921200,28.1227308
2020,32921200,27.86421383
2019,32921300,19.26182927
2020,32921300,20.24382557
2019,32922100,48.12792222
2020,32922100,46.43426421
2019,32923100,57.09391112
2020,32923100,58.93109174
2019,32924100,60.26804787
2020,32924100,60.15607729
2019,32925100,31.58866504
2020,32925100,30.92444761
2019,32926100,5.039778283
2020,32926100,5.366631364
2019,32926200,59.54179929
2020,32926200,58.38035409
2019,32927100,39.05860566
2020,32927100,37.96705979
2019,32928100,50.51186303
2020,32928100,49.42871023
2019,32928200,33.25633968
2020,32928200,33.02326575
2019,32929100,24.27162111
2020,32929100,24.00670487
2019,32929200,20.90576219
2020,32929200,18.87459546
2019,32929300,35.43169674
2020,32929300,34.80260631
2019,32930100,63.52301306
2020,32930100,61.42918072
2019,32930200,24.19842097
2020,32930200,21.89788612
2019,32931100,26.77228165
2020,32931100,28.33016987
2019,32931200,23.39145365
2020,32931200,22.11598451
2019,32932100,62.39467694
2020,32932100,63.14116387
2019,32933100,38.09370864
2020,32933100,37.96058881
2019,32934100,52.34040797
2020,32934100,48.92531109
2019,32935100,42.96231554
2020,32935100,41.97995543
2019,32935200,21.86108992
2020,32935200,22.37806201
2019,32936100,20.19398651
2020,32936100,19.32601107
2019,32936200,39.8358038
2020,32936200,37.60464826
2019,32937100,0.573454332
2020,32937100,0.055567181
2019,32938100,0
2020,32938100,0
2019,32938200,0
2020,32938200,0
2019,32938300,27.44957102
2020,32938300,25.12982943
2019,32938400,69.37934867
2020,32938400,72.66230399
2019,32939100,22.77998089
2020,32939100,22.6653278
2019,32939200,39.43758562
2020,32939200,40.98191339
2019,32940100,59.01625944
2020,32940100,63.10425345
2019,32941100,56.10534996
2020,32941100,54.89269022
2019,32941200,11.98608776
2020,32941200,12.08469692
2019,32942100,48.56917059
2020,32942100,49.17323363
2019,32943100,65.35391431
2020,32943100,65.53127673
2019,32944100,57.8924141
2020,32944100,58.66467146
2019,32945100,47.20790746
2020,32945100,47.38270334
2019,32945200,29.06338109
2020,32945200,22.37943324
2019,32946100,20.8185803
2020,32946100,20.47234895
2019,32946200,50.64940337
2020,32946200,49.45171019
2019,32946300,35.69294773
2020,32946300,35.4261293
2019,32947100,12.30387398
2020,32947100,11.63289237
2019,32947200,15.89550921
2020,32947200,15.12742695
2019,32947300,9.569477651
2020,32947300,8.735048451
2019,32948100,55.25601661
2020,32948100,57.98933091
2019,32948200,19.7338276
2020,32948200,18.72482554
2019,32949100,80.4785834
2020,32949100,80.22479084
2019,32950100,39.66950362
2020,32950100,39.71045954
2019,32950200,34.432681
2020,32950200,35.25068588
2019,32951100,0
2020,32951100,0
2019,32951200,5.756494844
2020,32951200,5.762065883
2019,32951300,33.99826214
2020,32951300,32.7908394
2019,32951400,13.01244686
2020,32951400,12.84246127
2019,32952100,54.0356124
2020,32952100,52.43836578
2019,32952200,30.94193283
2020,32952200,28.59699637
2019,32953100,3.007391387
2020,32953100,3.198014957
2019,32953200,5.440750915
2020,32953200,5.694479554
2019,32954100,61.85255453
2020,32954100,62.00399326
2019,32954200,29.89658484
2020,32954200,30.56591318
2019,32955100,21.72782308
2020,32955100,20.58796251
2019,32955200,22.8738756
2020,32955200,22.64504362
2019,32955300,48.07743204
2020,32955300,48.40800183
2019,32956100,0.404112979
2020,32956100,0.228380337
2019,32956200,22.67903742
2020,32956200,17.03905285
2019,32957100,62.86514232
2020,32957100,63.04211063
2019,32958100,0.183453075
2020,32958100,0.183453075
2019,32958200,0
2020,32958200,0
2019,32958300,11.43273833
2020,32958300,12.37865404
2019,32959100,2.443362181
2020,32959100,2.034527506
2019,32959200,22.89569636
2020,32959200,22.2757836
2019,32959300,24.56175853
2020,32959300,24.22290302
2019,32960100,58.86292991
2020,32960100,58.46869042
2019,32960200,15.23118687
2020,32960200,16.07023541
2019,32961100,0.165304222
2020,32961100,0.330608444
2019,32961200,0.308667805
2020,32961200,0.143363583
2019,32962100,32.26501388
2020,32962100,29.36222402
2019,32963100,0.005683576
2020,32963100,0
2019,32963200,20.71594255
2020,32963200,20.09394446
2019,32963300,3.913966555
2020,32963300,3.737137513
2019,32964100,27.29342394
2020,32964100,27.81817298
2019,32964200,29.10549059
2020,32964200,30.00927664
2019,32965100,40.64077424
2020,32965100,41.05031626
2019,32966100,44.50106644
2020,32966100,43.64381925
2019,32966200,27.21903896
2020,32966200,26.45442987
2019,32966300,0.686093897
2020,32966300,0.339755564
2019,32967100,6.369247442
2020,32967100,5.033616532
2019,32967200,1.487684036
2020,32967200,1.414704773
2019,32968100,51.50888339
2020,32968100,45.20953161
2019,32969100,31.58956478
2020,32969100,30.43718167
2019,32969200,13.98556326
2020,32969200,13.85113795
2019,32970100,22.17820064
2020,32970100,21.62550796
2019,32970200,29.68589779
2020,32970200,28.87533484
2019,32970300,29.52998526
2020,32970300,27.82773339
2019,32971100,46.8854679
2020,32971100,47.36471883
2019,32971200,15.26625002
2020,32971200,13.96855789
2019,32972100,59.39142533
2020,32972100,58.04306509
2019,32972200,7.724366366
2020,32972200,5.865232426
2019,32972300,6.734829668
2020,32972300,6.88719541
2019,32973100,0.218588451
2020,32973100,0.32941787
2019,32973200,37.06318538
2020,32973200,35.4133285
2019,32973300,31.01486622
2020,32973300,29.41433249
2019,32973400,0.137989021
2020,32973400,0.137989021
2019,32973500,0
2020,32973500,0.082244151
2019,32974100,6.631237515
2020,32974100,6.999693416
2019,32974200,16.99852515
2020,32974200,16.92250678
2019,32974300,15.81442457
2020,32974300,16.08481385
2019,32974400,14.10743946
2020,32974400,12.20818427
2019,32975100,10.07796486
2020,32975100,9.162507213
2019,32975200,10.69400157
2020,32975200,10.67042266
2019,32975300,9.219909598
2020,32975300,9.793290217
2019,32975400,12.35082983
2020,32975400,10.56581813
2019,32976100,0.239918267
2020,32976100,0.337069821
2019,32976200,0.062024806
2020,32976200,0.26588614
2019,32977100,12.03993493
2020,32977100,12.23459138
2019,32977200,0.680080941
2020,32977200,0.912027196
2019,32977300,16.94738672
2020,32977300,16.87549924
2019,32977400,17.39203814
2020,32977400,14.90260413
2019,32978100,87.0537156
2020,32978100,85.28754988
2019,32979100,28.47112488
2020,32979100,27.77322621
2019,32980100,2.908612441
2020,32980100,3.263050695
2019,32980200,5.210334562
2020,32980200,5.105632305
2019,32980300,19.52947825
2020,32980300,19.88941459
2019,32980400,17.56549334
2020,32980400,15.77981416
2019,32981100,33.3666423
2020,32981100,33.84344211
2019,32981200,37.74114627
2020,32981200,38.22228026
2019,32981300,9.813391277
2020,32981300,10.69805073
2019,32982100,12.41739772
2020,32982100,11.5083357
2019,32982200,21.62068093
2020,32982200,20.96881222
2019,32983100,36.41763012
2020,32983100,36.45260402
2019,32983200,23.35564324
2020,32983200,23.66935327
2019,32983300,7.99371501
2020,32983300,7.815073036
2019,32984100,21.01558046
2020,32984100,23.35058791
2019,32984200,11.30536007
2020,32984200,11.07283793
2019,32984300,17.55492511
2020,32984300,17.88386115
2019,32985100,63.44198627
2020,32985100,61.78688276
2019,32986100,35.64672707
2020,32986100,36.29830963
2019,32987100,42.04512809
2020,32987100,39.86430045
2019,32988100,7.099950206
2020,32988100,7.650732791
2019,32988200,19.00822694
2020,32988200,18.96925623
2019,32988300,10.37647872
2020,32988300,9.312929531
2019,32989100,15.64657545
2020,32989100,15.29894892
2019,32989200,18.60590252
2020,32989200,17.53050225
2019,32990100,32.58376208
2020,32990100,30.81148502
2019,32990200,38.81789695
2020,32990200,39.2610642
2019,32991100,45.77912437
2020,32991100,40.22735267
2019,32991200,31.83060639
2020,32991200,33.1850848
2019,32992100,23.53532045
2020,32992100,22.73780149
2019,32992200,19.77597864
2020,32992200,20.87790832
2019,32992300,6.49669685
2020,32992300,7.984883524
2019,32992400,14.08915529
2020,32992400,13.06296002
2019,32993100,18.42104794
2020,32993100,16.6690624
2019,32993200,16.56658336
2020,32993200,14.90500721
2019,32993300,13.05013479
2020,32993300,13.39374208
2019,32994100,4.91837361
2020,32994100,4.776835697
2019,32994200,7.94074546
2020,32994200,8.144327019
2019,32994300,9.309050409
2020,32994300,8.382724621
2019,32994400,4.994369221
2020,32994400,3.997224391
2019,32994500,17.12250938
2020,32994500,11.02458382
2019,32995100,49.87674605
2020,32995100,49.74916575
2019,32996100,46.97103585
2020,32996100,46.32593177
2019,32997100,15.26764333
2020,32997100,14.59030535
2019,32997200,12.15190496
2020,32997200,11.46447088
2019,32998100,18.16940689
2020,32998100,18.36591085
2019,32998200,22.43558934
2020,32998200,22.48032519
2019,32999100,13.2497762
2020,32999100,13.28859715
2019,32999200,30.1188722
2020,32999200,32.06006248
2019,33000100,59.21949569
2020,33000100,57.16987632
2019,33001100,27.81680971
2020,33001100,26.22615526
2019,33001200,31.85712302
2020,33001200,31.66629266
2019,33002100,3.959189675
2020,33002100,4.660879408
2019,33002200,9.90828355
2020,33002200,10.15052047
2019,33002300,5.198219256
2020,33002300,4.865176462
2019,33003100,20.79043722
2020,33003100,18.70043615
2019,33003200,26.74169641
2020,33003200,29.32867839
2019,33003300,0.053870594
2020,33003300,0.014139871
2019,33004100,8.707988425
2020,33004100,9.210538013
2019,33004200,10.45455199
2020,33004200,10.46084624
2019,33005100,11.42538644
2020,33005100,12.58186856
2019,33005200,4.463172629
2020,33005200,4.86193994
2019,33006100,7.336318871
2020,33006100,7.993184608
2019,33006200,6.341572044
2020,33006200,6.799540002
2019,33006300,8.939995176
2020,33006300,8.23163433
2019,33006400,5.220301739
2020,33006400,5.329184968
2019,33007100,5.85129223
2020,33007100,5.326047066
2019,33007200,3.065321608
2020,33007200,3.684702531
2019,33007300,2.869427767
2020,33007300,4.067181875
2019,33007400,8.924597015
2020,33007400,8.648030859
2019,33008100,7.245382372
2020,33008100,8.214026645
2019,33008200,83.04429479
2020,33008200,83.62034132
2019,33009100,8.812892351
2020,33009100,9.721256968
2019,33009200,15.93111679
2020,33009200,15.57994818
2019,33009300,6.704229848
2020,33009300,6.812000551
2019,33010100,16.43619996
2020,33010100,16.9082683
2019,33010200,6.289185494
2020,33010200,7.89885866
2019,33011100,35.0081684
2020,33011100,34.69934021
2019,33011200,8.116368414
2020,33011200,7.803324414
2019,33012100,8.322172751
2020,33012100,8.268230547
2019,33012200,12.39552759
2020,33012200,12.90017446
2019,33012300,30.10490608
2020,33012300,28.7903986
2019,33013100,16.92237633
2020,33013100,16.94534004
2019,33013200,10.3565879
2020,33013200,9.961026653
2019,33013300,15.57410208
2020,33013300,15.2068597
2019,33013400,14.0131877
2020,33013400,14.32648297
2019,33014100,6.856354509
2020,33014100,8.123417677
2019,33014200,5.996846324
2020,33014200,5.801259006
2019,33014300,10.07683805
2020,33014300,8.995094247
2019,33014400,18.77571895
2020,33014400,17.52592383
2019,33015100,7.330994577
2020,33015100,7.574019604
2019,33015200,11.95782993
2020,33015200,10.0732139
2019,33015300,6.849735056
2020,33015300,6.813254686
2019,33015400,0.093147432
2020,33015400,0
2019,33016100,25.37772737
2020,33016100,27.16926152
2019,33016200,16.32431024
2020,33016200,15.51477448
2019,33016300,8.576527292
2020,33016300,9.54517507
2019,33016400,4.237863638
2020,33016400,4.605338129
2019,33017100,0
2020,33017100,0
2019,33017200,0.053870594
2020,33017200,0.09104717
2019,33017300,0
2020,33017300,0
2019,33017400,12.83713014
2020,33017400,11.76115441
2019,33017500,6.579603465
2020,33017500,6.418481599
2019,33017600,9.350184511
2020,33017600,7.994135531
2019,33017700,19.13553981
2020,33017700,19.12162906
2019,33018100,17.41928063
2020,33018100,16.70094461
2019,33018200,34.72580954
2020,33018200,33.74035353
2019,33019100,25.62545915
2020,33019100,25.43249777
2019,33019200,0.149463365
2020,33019200,0.131816191
2019,33019300,22.5525323
2020,33019300,23.11901915
2019,33020100,11.80824601
2020,33020100,12.03328776
2019,33020200,12.43315448
2020,33020200,12.02121191
2019,33021100,11.26124714
2020,33021100,11.80191164
2019,33021200,25.46668193
2020,33021200,25.16422217
2019,33022100,9.148372841
2020,33022100,10.62900041
2019,33022200,8.798097342
2020,33022200,8.707951259
2019,33022300,15.69525496
2020,33022300,18.10068895
2019,33023100,14.98715708
2020,33023100,15.86739552
2019,33023200,39.69275627
2020,33023200,39.17382725
2019,33023300,19.58165078
2020,33023300,16.94185941
2019,33023400,0
2020,33023400,0
2019,33024100,12.34686321
2020,33024100,12.5455412
2019,33024200,20.03225002
2020,33024200,20.18564574
2019,33024300,28.9220686
2020,33024300,28.38071893
2019,33024400,0
2020,33024400,0
2019,33024500,7.390017283
2020,33024500,7.484081891
2019,33025100,22.87096113
2020,33025100,25.72010517
2019,33025200,56.17360341
2020,33025200,54.5227797
2019,33025300,0
2020,33025300,0
2019,33025400,0.110572712
2020,33025400,0.110572712
2019,33025500,1.704965915
2020,33025500,1.678152698
2019,33025600,0.183453075
2020,33025600,0.053870594
2019,33025700,0
2020,33025700,0
2019,33025800,20.90516686
2020,33025800,18.9260458
2019,33026100,21.26984964
2020,33026100,22.52863079
2019,33026200,28.51022716
2020,33026200,27.55082226
2019,33027100,7.96544764
2020,33027100,7.84975356
2019,33027200,30.38412918
2020,33027200,33.68227041
2019,33027300,0.091726538
2020,33027300,0.091726538
2019,33028100,8.192172044
2020,33028100,8.554670192
2019,33028200,13.01113295
2020,33028200,13.04842506
2019,33029100,6.330713342
2020,33029100,6.064896118
2019,33029200,14.60898668
2020,33029200,14.90614479
2019,33030100,17.84077248
2020,33030100,20.1596114
2019,33030200,9.554386167
2020,33030200,12.01244131
2019,33030300,9.898263512
2020,33030300,10.15550472
2019,33031100,10.86697244
2020,33031100,10.73754117
2019,33031200,14.64433345
2020,33031200,13.56388441
2019,33031300,10.35864195
2020,33031300,9.883652166
2019,33032100,21.08212601
2020,33032100,20.516516
2019,33032200,6.502694967
2020,33032200,5.845858437
2019,33032300,0
2020,33032300,0
2019,33032400,11.17135924
2020,33032400,10.14248745
2019,33032500,0
2020,33032500,0
2019,33032600,0
2020,33032600,0
2019,33032700,4.427830501
2020,33032700,4.979282606
2019,33032800,15.59746495
2020,33032800,29.77533501
2019,33033100,22.91880601
2020,33033100,23.13927586
2019,33033200,0
2020,33033200,0
2019,33033300,36.10047672
2020,33033300,37.03169782
2019,33033400,8.878574197
2020,33033400,9.310907365
2019,33034100,11.33293546
2020,33034100,13.77143047
2019,33034200,11.8872492
2020,33034200,12.83614396
2019,33034300,17.43978437
2020,33034300,18.21097971
2019,33035100,7.563940695
2020,33035100,7.769041906
2019,33035200,10.97325805
2020,33035200,11.14487796
2019,33036100,0
2020,33036100,0
2019,33037100,5.491616283
2020,33037100,4.796371985
2019,33037200,10.7863859
2020,33037200,10.14311477
2019,33038100,12.91131747
2020,33038100,13.64796498
2019,33038200,7.375039492
2020,33038200,8.318032185
2019,33039100,8.036831273
2020,33039100,7.687075155
2019,33039200,4.755287284
2020,33039200,5.043646434
2019,33040100,3.764625459
2020,33040100,4.797839418
2019,33040200,6.320692814
2020,33040200,4.519301747
2019,33040300,2.806573289
2020,33040300,1.663240201
2019,33041100,0
2020,33041100,0
2019,33041200,48.44924374
2020,33041200,48.00351512
2019,33041300,0
2020,33041300,0
2019,33041400,0
2020,33041400,0
2019,33041500,0
2020,33041500,0
2019,33041600,0.001413987
2020,33041600,0
2019,33041700,0
2020,33041700,0
2019,33042100,22.26312035
2020,33042100,22.17341988
2019,33043100,6.430347857
2020,33043100,6.34100104
2019,33043200,37.79652403
2020,33043200,37.65389799
2019,33043300,9.166994853
2020,33043300,11.30295482
2019,33044100,16.78047787
2020,33044100,17.07344698
2019,33044200,23.20020016
2020,33044200,26.18931993
2019,33044300,4.254595988
2020,33044300,4.669266843
2019,33045100,12.99698407
2020,33045100,13.30952135
2019,33045200,11.61349982
2020,33045200,11.24071825
2019,33045300,7.199827553
2020,33045300,6.254388411
2019,33046100,0
2020,33046100,0
2019,33046200,35.69733137
2020,33046200,25.49796742
2019,33046300,31.09915116
2020,33046300,22.44055683
2019,33046400,9.09886875
2020,33046400,8.748768131
2019,33046500,101.6626845
2020,33046500,122.3345903
2019,33046600,82.80473503
2020,33046600,70.94769201
2019,33046700,0
2020,33046700,0
2019,33046800,16.74180684
2020,33046800,9.29473274
2019,33046900,0.06944356
2020,33046900,0
2019,33047100,8.524545664
2020,33047100,9.170288861
2019,33047200,9.929536027
2020,33047200,10.15189852
2019,33048100,31.59153642
2020,33048100,34.59945682
2019,33049100,16.03846815
2020,33049100,15.90312803
2019,33049200,26.5385985
2020,33049200,25.58638222
2019,33049300,4.418374277
2020,33049300,4.649557032
2019,33049400,10.31639399
2020,33049400,10.22741669
2019,33050100,2.007955975
2020,33050100,2.153645611
2019,33050200,16.41711255
2020,33050200,16.03874007
2019,33050300,9.470954513
2020,33050300,9.14719203
2019,33050400,25.90875555
2020,33050400,25.35315155
2019,33050500,17.8097865
2020,33050500,3.339320603
2019,33051100,0
2020,33051100,0
2019,33051200,0
2020,33051200,0
2019,33051300,7.013322044
2020,33051300,6.606820721
2019,33051400,2.585572208
2020,33051400,2.251798177
2019,33052100,8.536871103
2020,33052100,8.894882098
2019,33052200,1.535625721
2020,33052200,1.078965757
2019,33052300,5.727654517
2020,33052300,5.833563362
2019,33053100,6.610838571
2020,33053100,6.762530376
2019,33053200,16.41250065
2020,33053200,17.25630829
2019,33053300,7.94634795
2020,33053300,7.668941851
2019,33054100,2.66394024
2020,33054100,11.03517802
2019,33054200,24.079495
2020,33054200,22.29304017
2019,33055100,0
2020,33055100,0
2019,33055200,17.48127125
2020,33055200,17.75736222
2019,33055300,0
2020,33055300,0
2019,33055400,7.527372258
2020,33055400,7.367863041
2019,33055500,40.57042471
2020,33055500,39.5334612
2019,33055600,27.0196673
2020,33055600,27.63589079
2019,33056100,5.771374992
2020,33056100,3.772175269
2019,33056200,0
2020,33056200,0
2019,33056300,3.746712483
2020,33056300,3.411853818
2019,33057100,12.70197001
2020,33057100,10.66794753
2019,33057200,7.862430388
2020,33057200,5.564245695
2019,33057300,15.58661626
2020,33057300,12.57168053
2019,33057400,0
2020,33057400,0
2019,33057500,18.71679723
2020,33057500,12.52947273
2019,33057600,0
2020,33057600,0
2019,33058100,6.421493784
2020,33058100,4.707950493
2019,33058200,14.44676461
2020,33058200,12.21553394
2019,33058300,24.008774
2020,33058300,20.50551957
2019,33058400,19.94127598
2020,33058400,17.54868632
2019,33058500,18.41932285
2020,33058500,15.78891239
2019,33059100,0.371169357
2020,33059100,0.179432707
2019,33059200,4.283561224
2020,33059200,4.085807544
2019,33059300,4.265807813
2020,33059300,3.95518281
2019,33060100,4.674300039
2020,33060100,7.524585865
2019,33060200,9.525992371
2020,33060200,9.067933459
2019,33060300,0
2020,33060300,0
2019,33060400,5.252820871
2020,33060400,5.2119052
2019,33061100,22.83344782
2020,33061100,16.72996306
2019,33061200,4.1653543
2020,33061200,3.642088031
2019,33062100,55.30264656
2020,33062100,43.58383604
2019,33063100,28.19302455
2020,33063100,24.7144692
2019,33063200,19.49102252
2020,33063200,14.15733507
2019,33063300,0
2020,33063300,0
2019,33064100,10.86452127
2020,33064100,10.14419928
2019,33064200,0
2020,33064200,0
2019,33064300,1.124899902
2020,33064300,1.475459599
2019,33064400,1.134099933
2020,33064400,1.672087265
2019,33064500,0
2020,33064500,0
2019,33064600,13.36048032
2020,33064600,13.11664163
2019,33064700,1.63718548
2020,33064700,1.589435957
2019,33065100,0
2020,33065100,0
2019,33065200,1.866314869
2020,33065200,1.142929246
2019,33065300,0
2020,33065300,0
2019,33065400,1.040677274
2020,33065400,0.678425667
2019,33065500,0
2020,33065500,0
2019,33065700,0
2020,33065700,0
2019,33066100,40.73897688
2020,33066100,36.10343019
2019,33066200,4.070758374
2020,33066200,4.201512245
2019,33066300,35.93897463
2020,33066300,31.40108633
2019,33066400,6.570058006
2020,33066400,6.296388693
2019,33066500,15.28196086
2020,33066500,11.60961608
2019,33066600,6.502232251
2020,33066600,5.501364009
2019,33066700,0.077194869
2020,33066700,0.061501999
2019,33067100,59.09923521
2020,33067100,43.57248993
2019,33068100,32.09724691
2020,33068100,26.35342915
2019,33069100,28.6553291
2020,33069100,25.13401807
2019,33069200,22.89245882
2020,33069200,17.14920408
2019,33070100,0
2020,33070100,0
2019,33070200,0.114265512
2020,33070200,0.22190748
2019,33070300,0.067275394
2020,33070300,0.053066453
2019,33071100,0
2020,33071100,0
2019,33071200,23.88215311
2020,33071200,20.1223256
2019,33071300,8.460549108
2020,33071300,5.626539467
2019,33072100,19.61405579
2020,33072100,16.65703123
2019,33072200,0
2020,33072200,0
2019,33073100,0
2020,33073100,0
2019,33073200,0
2020,33073200,0
2019,33073300,0
2020,33073300,0
2019,33073500,0
2020,33073500,0
2019,33073600,0
2020,33073600,0
2019,33074100,0.408522409
2020,33074100,0.256188731
2019,33074200,1.388800247
2020,33074200,1.211025671
2019,33074300,0.291995192
2020,33074300,0.308004919
2019,33074400,0.130890141
2020,33074400,0.18759226
2019,33074500,0.927386533
2020,33074500,1.226151294
2019,33074600,2.188328155
2020,33074600,1.756476887
2019,33075100,0
2020,33075100,0
2019,33076100,0.214101978
2020,33076100,0.108169378
2019,33076200,0
2020,33076200,0
2019,33077100,0
2020,33077100,0
2019,33077200,0
2020,33077200,0
2019,33078100,0.017647174
2020,33078100,0.143363583
2019,33078200,0.031944401
2020,33078200,15.78478583
2019,33078300,0
2020,33078300,0
2019,33079100,0
2020,33079100,0
2019,33079200,2.096849838
2020,33079200,2.945461366
2019,33079300,44.63045673
2020,33079300,46.65462207
2019,33079400,0.84150082
2020,33079400,11.28607898
2019,33079500,7.701340518
2020,33079500,10.51808049
2019,33079600,29.16048156
2020,33079600,27.82671387
2019,33079700,37.16955903
2020,33079700,34.40083296
2019,33079800,0.177612938
2020,33079800,0.141964644
2019,33080100,0.600361782
2020,33080100,0.669203124
2019,33080200,0
2020,33080200,0
2019,33081100,18.30574006
2020,33081100,23.9831676
2019,33081200,20.47051242
2020,33081200,19.44281285
2019,33082100,54.15626643
2020,33082100,55.63095334
2019,33082200,29.81832783
2020,33082200,27.91546378
2019,33083100,44.47707027
2020,33083100,42.43784864
2019,33083200,0.360695043
2020,33083200,0.206343441
2019,33083300,0
2020,33083300,0
2019,33083400,19.06969377
2020,33083400,24.30795308
2019,33083500,0
2020,33083500,0
2019,33083600,12.7331062
2020,33083600,12.69699768
2019,33083700,55.08147896
2020,33083700,60.22031901
2019,33083800,0
2020,33083800,0
2019,33083900,1.483052857
2020,33083900,2.395369806
2019,33084100,46.64134801
2020,33084100,47.99347921
2019,33085100,43.4472662
2020,33085100,43.32497435
2019,33086100,4.306800452
2020,33086100,4.829036725
2019,33086200,29.23431653
2020,33086200,29.10014472
2019,33087100,38.47752957
2020,33087100,40.93549547
2019,33087200,21.58661575
2020,33087200,21.81263955
2019,33087300,74.5406233
2020,33087300,77.5755876
2019,33088100,29.2288134
2020,33088100,31.32775666
2019,33088200,22.46094813
2020,33088200,22.52357125
2019,33088300,6.382388794
2020,33088300,9.986054479
2019,33089100,12.86152172
2020,33089100,12.8609849
2019,33089200,53.98526052
2020,33089200,53.02982959
2019,33089300,27.2758163
2020,33089300,25.88085265
2019,33089400,0
2020,33089400,0.108169378
2019,33090100,5.777244283
2020,33090100,5.060116855
2019,33090200,27.61345276
2020,33090200,26.38645188
2019,33090300,22.4700757
2020,33090300,23.7344293
2019,33091100,0
2020,33091100,0
2019,33091200,27.96007381
2020,33091200,29.36350573
2019,33091300,3.892630575
2020,33091300,6.817153097
2019,33091400,22.52320474
2020,33091400,25.4099957
2019,33091500,26.04009591
2020,33091500,24.72685815
2019,33092100,17.24904286
2020,33092100,21.71444973
2019,33092200,15.88276982
2020,33092200,15.02858113
2019,33093100,31.67107621
2020,33093100,38.75631323
2019,33093200,28.08312046
2020,33093200,31.98722644
2019,33093300,1.448896592
2020,33093300,1.298584038
2019,33094100,9.848204031
2020,33094100,6.809056968
2019,33094200,0
2020,33094200,0
2019,33094300,32.17839904
2020,33094300,31.46879935
2019,33095100,43.02481481
2020,33095100,46.44822826
2019,33095200,39.60367641
2020,33095200,41.79770815
2019,33095300,0.017647174
2020,33095300,0.074998579
2019,33095400,47.43475572
2020,33095400,47.92272318
2019,33096100,17.85317798
2020,33096100,18.17105934
2019,33097100,7.519110853
2020,33097100,7.50358848
2019,33097200,35.02949417
2020,33097200,35.55111528
2019,33097300,26.8024955
2020,33097300,28.23908432
2019,33097400,39.69508421
2020,33097400,42.17979697
2019,33097500,25.24082602
2020,33097500,23.66845119
2019,33097600,18.80818996
2020,33097600,19.33511229
2019,33098100,57.91485367
2020,33098100,56.1583554
2019,33098200,22.82330353
2020,33098200,21.16155066
2019,33099100,27.3986587
2020,33099100,32.60496094
2019,33099200,21.65133738
2020,33099200,25.55894036
2019,33100100,26.03792974
2020,33100100,30.25428052
2019,33100200,27.62741643
2020,33100200,28.36549702
2019,33100300,17.81465835
2020,33100300,22.12489177
2019,33101100,0
2020,33101100,0
2019,33101200,0
2020,33101200,0
2019,33101300,0
2020,33101300,0
2019,33101400,0
2020,33101400,0
2019,33102100,28.1891955
2020,33102100,28.25290083
2019,33103100,75.50035349
2020,33103100,73.85256159
2019,33103200,82.04622945
2020,33103200,83.43236928
2019,33103300,57.82224744
2020,33103300,55.05902473
2019,33104100,17.33136528
2020,33104100,14.7048287
2019,33104200,37.43213572
2020,33104200,41.28466689
2019,33105100,85.51223471
2020,33105100,86.55382479
2019,33105200,59.03434584
2020,33105200,63.97302083
2019,33105300,91.47667231
2020,33105300,106.1600158
2019,33105400,43.01808152
2020,33105400,41.83909974
2019,33105500,54.16532659
2020,33105500,62.59889816
2019,33105600,60.45886568
2020,33105600,73.14545299
2019,33105700,10.22214022
2020,33105700,11.05855536
2019,33106100,75.41214531
2020,33106100,127.7210672
2019,33106200,23.16518892
2020,33106200,22.78051277
2019,33107100,0
2020,33107100,0
2019,33107200,0
2020,33107200,0
2019,33107300,0
2020,33107300,0
2019,33107400,0.017647174
2020,33107400,0
2019,33107500,0
2020,33107500,0
2019,33107600,0.017647174
2020,33107600,0
2019,33107700,0
2020,33107700,0
2019,33107800,0
2020,33107800,0
2019,33107900,0
2020,33107900,0
2019,33108100,0
2020,33108100,0
2019,33108200,0
2020,33108200,0
2019,33108300,0
2020,33108300,0
2019,33109100,5.151603942
2020,33109100,2.740135403
2019,33109200,11.143571
2020,33109200,11.52381276
2019,33109300,42.05648203
2020,33109300,40.1666907
2019,33109400,8.61284603
2020,33109400,9.082925829
2019,33109500,15.55388607
2020,33109500,24.76208195
2019,33109600,0
2020,33109600,0
2019,33110100,106.5513436
2020,33110100,100.167349
2019,33111100,0
2020,33111100,0
2019,33111200,0
2020,33111200,0
2019,33111300,0.286727166
2020,33111300,0
2019,33112100,77.58982487
2020,33112100,71.51288248
2019,33112200,53.68817376
2020,33112200,9.787883757
2019,33112300,29.09952676
2020,33112300,4.305395643
2019,33112400,0.393250355
2020,33112400,0
2019,33112500,0.146198464
2020,33112500,0.232034552
2019,33112600,0
2020,33112600,0
2019,33113100,0.211870178
2020,33113100,0
2019,33113200,0.108169378
2020,33113200,0.108169378
2019,33113300,0
2020,33113300,0
2019,33113400,16.48794517
2020,33113400,16.71340513
2019,33113500,71.15561564
2020,33113500,85.17059363
2019,33113600,0
2020,33113600,0
2019,33114100,0.123645754
2020,33114100,0
2019,33114200,0
2020,33114200,0
2019,33114300,1.050782679
2020,33114300,6.577140631
2019,33114400,0.053066453
2020,33114400,0.053066453
2019,33114500,9.804065083
2020,33114500,8.159345124
2019,33114600,58.0508974
2020,33114600,51.0131489
2019,33115100,0
2020,33115100,0
2019,33116100,43.10296887
2020,33116100,41.86759446
2019,33116200,70.18081375
2020,33116200,65.66869554
2019,33117100,151.3757191
2020,33117100,51.1828105
2019,33117200,39.84610269
2020,33117200,24.81059986
2019,33117300,0
2020,33117300,0
2019,33118100,52.23846601
2020,33118100,51.77392686
2019,33119200,0.139153022
2020,33119200,1.023289478
2019,43120100,0
2020,43120100,0.034237408
2019,43120200,0.248231202
2020,43120200,0.11811835
2019,43121100,75.14669993
2020,43121100,73.62814248
2019,43121200,65.48396368
2020,43121200,65.59862184
2019,43121300,70.41384377
2020,43121300,66.8151757
2019,43122100,89.20915883
2020,43122100,90.83982435
2019,43122200,98.99072117
2020,43122200,96.20129362
2019,43122300,44.21580471
2020,43122300,41.30813217
2019,43122400,56.84138821
2020,43122400,56.85230753
2019,43122500,48.60280873
2020,43122500,48.25970205
2019,43122600,60.93353067
2020,43122600,59.57244348
2019,43123100,29.16855311
2020,43123100,28.45732364
2019,43123200,67.61004637
2020,43123200,65.99599986
2019,43123300,60.13320993
2020,43123300,59.78305037
2019,43123400,0.865731988
2020,43123400,0.86073583
2019,43123500,0
2020,43123500,0
2019,43123600,9.444601523
2020,43123600,9.969973425
2019,43123700,0
2020,43123700,0
2019,43123800,0.73780268
2020,43123800,0.831403569
2019,43123900,41.74158644
2020,43123900,37.37510228
2019,43124100,0
2020,43124100,0.099553025
2019,43124200,43.33366888
2020,43124200,41.29383612
2019,43124300,22.0407754
2020,43124300,26.81330802
2019,43124400,34.79491059
2020,43124400,36.31072259
2019,43124500,17.37383196
2020,43124500,17.27219631
2019,43125100,0.099553025
2020,43125100,0.099553025
2019,43125200,0
2020,43125200,0
2019,43126100,65.27419154
2020,43126100,63.70798523
2019,43127100,25.8576285
2020,43127100,26.0327822
2019,43128100,40.35611893
2020,43128100,39.56926588
2019,43129100,39.34703365
2020,43129100,39.27995702
2019,43130100,29.56857166
2020,43130100,27.15116779
2019,43130200,0.881274943
2020,43130200,0.902043945
2019,43131100,24.04135385
2020,43131100,23.73448307
2019,43131200,18.73321475
2020,43131200,20.53226323
2019,43131300,19.41663658
2020,43131300,17.96836393
2019,43132100,19.74098597
2020,43132100,19.01837231
2019,43132200,0.738919209
2020,43132200,0.76394429
2019,43132300,23.55585148
2020,43132300,23.63831329
2019,43133100,25.22407767
2020,43133100,25.46509876
2019,43133200,42.766672
2020,43133200,43.55208821
2019,43134100,25.09942321
2020,43134100,26.06590578
2019,43134200,20.73801198
2020,43134200,21.82181462
2019,43134300,34.51775141
2020,43134300,33.62664514
2019,43135100,50.01175214
2020,43135100,49.25124404
2019,43136100,34.27326733
2020,43136100,34.10005538
2019,43137100,2.813485091
2020,43137100,2.779741966
2019,43137200,39.59032736
2020,43137200,38.24752398
2019,43137300,7.460636427
2020,43137300,6.850790785
2019,43138100,79.44311309
2020,43138100,78.38842914
2019,43139100,31.698158
2020,43139100,30.19491757
2019,43140100,28.92810317
2020,43140100,29.97365326
2019,43141100,33.20198143
2020,43141100,32.01789168
2019,43141200,44.2086194
2020,43141200,44.73174446
2019,43142100,16.67620487
2020,43142100,17.19056239
2019,43142200,51.61868318
2020,43142200,50.9009278
2019,43142300,3.823086553
2020,43142300,3.647347084
2019,43143100,42.05086526
2020,43143100,41.24391677
2019,43144100,27.7662944
2020,43144100,27.16106904
2019,43144200,33.69691263
2020,43144200,35.83997374
2019,43144300,2.454576424
2020,43144300,2.921430584
2019,43144400,4.750741747
2020,43144400,4.465535214
2019,43144500,5.645524539
2020,43144500,6.871067515
2019,43145100,32.66371384
2020,43145100,33.44032398
2019,43145200,17.59270976
2020,43145200,16.50840104
2019,43146100,14.94858235
2020,43146100,15.30332572
2019,43146200,55.79265577
2020,43146200,54.42509243
2019,43146300,45.78611614
2020,43146300,43.45793845
2019,43147100,25.86031566
2020,43147100,25.15117174
2019,43147200,23.4825588
2020,43147200,23.16624889
2019,43148100,0
2020,43148100,0
2019,43148200,0.099553025
2020,43148200,0.095863636
2019,43148300,0
2020,43148300,0
2019,43148400,1.211514159
2020,43148400,1.691110054
2019,43148500,0.249773505
2020,43148500,0
2019,43148600,0
2020,43148600,0
2019,43149100,39.43387927
2020,43149100,39.3611405
2019,43150100,28.99997875
2020,43150100,28.74683647
2019,43151100,41.22211627
2020,43151100,39.80499989
2019,43152100,76.45141076
2020,43152100,73.54751261
2019,43152200,0.090439416
2020,43152200,0.095863636
2019,43153100,91.47262307
2020,43153100,89.44750579
2019,43154100,42.44605231
2020,43154100,43.05127594
2019,43154200,30.70913185
2020,43154200,30.98828759
2019,43155100,32.35964769
2020,43155100,31.5987678
2019,43156100,4.712726051
2020,43156100,3.582432649
2019,43156200,3.974033021
2020,43156200,3.879289957
2019,43157100,22.32414956
2020,43157100,21.48864421
2019,43157200,20.45804522
2020,43157200,19.47919407
2019,43158100,51.790442
2020,43158100,54.07773717
2019,43159100,26.40416604
2020,43159100,27.15916933
2019,43159200,23.77499999
2020,43159200,24.34559605
2019,43160100,22.10756668
2020,43160100,21.04502417
2019,43161100,18.27155656
2020,43161100,17.80847169
2019,43162100,10.70757043
2020,43162100,10.00852167
2019,43162200,3.902004848
2020,43162200,4.475798131
2019,43162300,17.88131082
2020,43162300,18.23849701
2019,43162400,1.285640305
2020,43162400,0.884258516
2019,43163100,34.31877419
2020,43163100,34.15582531
2019,43163200,27.13569979
2020,43163200,28.95072475
2019,43163300,24.02502233
2020,43163300,18.67631387
2019,43164100,51.64370557
2020,43164100,52.92821353
2019,43165100,11.18689053
2020,43165100,8.137852714
2019,43166100,3.267790897
2020,43166100,3.611604377
2019,43166200,28.86214706
2020,43166200,28.38674557
2019,43166300,32.97442977
2020,43166300,32.03559116
2019,43167100,14.8323246
2020,43167100,14.3108549
2019,43167200,17.99379753
2020,43167200,17.98236803
2019,43167300,14.55293755
2020,43167300,14.5687416
2019,43167400,11.16225475
2020,43167400,11.32102059
2019,43168100,21.64901605
2020,43168100,22.17037122
2019,43168200,24.7325355
2020,43168200,23.63942936
2019,43168300,2.282226912
2020,43168300,2.285685511
2019,43168400,0.447724212
2020,43168400,0.472480339
2019,43169100,36.00758843
2020,43169100,36.10431514
2019,43170100,29.13196818
2020,43170100,28.94382126
2019,43170200,6.975305633
2020,43170200,7.052064434
2019,43170300,10.54809025
2020,43170300,10.53124509
2019,43170400,33.06619016
2020,43170400,33.1263534
2019,43170500,13.44493765
2020,43170500,13.95579197
2019,43171100,1.687587026
2020,43171100,1.945943731
2019,43171200,15.07399637
2020,43171200,13.61620773
2019,43171300,23.5265343
2020,43171300,19.70090295
2019,43172100,0.317603458
2020,43172100,0.378588365
2019,43172200,14.44359833
2020,43172200,15.12913812
2019,43173100,81.83523375
2020,43173100,84.55023957
2019,43174100,14.49929583
2020,43174100,14.35431226
2019,43174200,7.374595035
2020,43174200,7.839449818
2019,43174300,0.189640532
2020,43174300,0.163496387
2019,43175100,37.11888832
2020,43175100,36.84439501
2019,43175200,20.09008857
2020,43175200,20.19930032
2019,43176100,31.39085994
2020,43176100,30.640883
2019,43176200,22.66224672
2020,43176200,36.36216308
2019,43177100,17.02957717
2020,43177100,17.34407517
2019,43177200,9.078981985
2020,43177200,9.635685999
2019,43178100,46.79276706
2020,43178100,46.92051443
2019,43178200,2.55649314
2020,43178200,2.641326416
2019,43178300,33.31426994
2020,43178300,34.09776815
2019,43179100,52.96978168
2020,43179100,59.76367604
2019,43180100,9.749573454
2020,43180100,11.05174586
2019,43180200,5.237476659
2020,43180200,5.468799289
2019,43180300,8.45763893
2020,43180300,8.826493312
2019,43181100,0
2020,43181100,0
2019,43181200,0
2020,43181200,0
2019,43181300,30.02730501
2020,43181300,29.53769473
2019,43182100,79.58329148
2020,43182100,77.94774355
2019,43182200,36.16682577
2020,43182200,35.12228471
2019,43182300,25.2595651
2020,43182300,25.85483723
2019,43183100,7.267115451
2020,43183100,7.738751593
2019,43183200,21.17143117
2020,43183200,21.68204572
2019,43183300,3.926029435
2020,43183300,4.063493514
2019,43183400,2.50111607
2020,43183400,2.838573501
2019,43183500,6.638677881
2020,43183500,6.030552649
2019,43184100,24.53225365
2020,43184100,25.62026607
2019,43185100,44.11098752
2020,43185100,41.75115037
2019,43185200,23.72073469
2020,43185200,23.16307882
2019,43186100,38.73865842
2020,43186100,38.69114829
2019,43186200,16.85344112
2020,43186200,17.25359118
2019,43187100,33.8165654
2020,43187100,36.83293414
2019,43187200,3.02561921
2020,43187200,3.118142949
2019,43188100,1.69875093
2020,43188100,1.484749942
2019,43188200,58.6858073
2020,43188200,57.51921977
2019,43188300,72.98300104
2020,43188300,67.49833678
2019,43188400,21.75960927
2020,43188400,25.21916002
2019,43188500,0
2020,43188500,0
2019,43188600,20.46871796
2020,43188600,17.32777323
2019,43188700,26.70393789
2020,43188700,24.95277332
2019,43189100,0.187323634
2020,43189100,0.187323634
2019,43189200,6.185757544
2020,43189200,5.637797919
2019,43189300,3.372678147
2020,43189300,3.178013082
2019,43190100,31.07720326
2020,43190100,29.92077106
2019,43191100,29.71847426
2020,43191100,29.19831027
2019,43191200,14.73584896
2020,43191200,14.85415322
2019,43192100,19.02214281
2020,43192100,18.57168886
2019,43192200,1.142829111
2020,43192200,0.882130108
2019,43192300,31.59563779
2020,43192300,30.9111285
2019,43193100,30.50865708
2020,43193100,30.37145354
2019,43194100,54.40506363
2020,43194100,52.96748949
2019,43194200,27.45577872
2020,43194200,26.81246643
2019,43195100,6.110858887
2020,43195100,6.531779309
2019,43195200,31.33189635
2020,43195200,27.22257604
2019,43195300,14.04876291
2020,43195300,14.51802396
2019,43196100,19.52889123
2020,43196100,19.22080469
2019,43196200,52.49394908
2020,43196200,52.78168564
2019,43196300,23.55707892
2020,43196300,25.87967568
2019,43196400,5.605537333
2020,43196400,6.732291455
2019,43197100,48.62012989
2020,43197100,48.88497983
2019,43197200,8.752469301
2020,43197200,9.710349491
2019,43197300,17.23347384
2020,43197300,19.19012922
2019,43197400,21.16351445
2020,43197400,20.55974728
2019,43198100,21.75789655
2020,43198100,21.88670711
2019,43198200,10.88238442
2020,43198200,10.63201504
2019,43198300,27.18897791
2020,43198300,27.82357183
2019,43198400,60.19958609
2020,43198400,60.72733335
2019,43198500,9.53551152
2020,43198500,9.733108996
2019,43199100,14.49677322
2020,43199100,14.01985222
2019,43199200,40.67019015
2020,43199200,37.56491583
2019,43199300,46.99843743
2020,43199300,48.12354772
2019,43199400,25.68581668
2020,43199400,23.72300492
2019,43199500,3.582001484
2020,43199500,3.934303441
2019,43200100,41.29532368
2020,43200100,41.20682498
2019,43201100,18.69237082
2020,43201100,18.67515786
2019,43201200,45.30684025
2020,43201200,45.89194759
2019,43202100,29.31727499
2020,43202100,32.71942886
2019,43202200,39.83312674
2020,43202200,38.89767196
2019,43203100,0.018091595
2020,43203100,1.560347278
2019,43203200,43.86311197
2020,43203200,42.82517378
2019,43204100,54.8805627
2020,43204100,56.51905779
2019,43205100,38.54780367
2020,43205100,38.65328362
2019,43206100,55.98829842
2020,43206100,54.17244715
2019,43207100,24.3494441
2020,43207100,22.31670206
2019,43207200,26.65828043
2020,43207200,26.71385253
2019,43208100,49.64189501
2020,43208100,49.60221701
2019,43209100,16.67383874
2020,43209100,19.12186213
2019,43209200,55.50092759
2020,43209200,55.41198676
2019,43209300,23.9213687
2020,43209300,24.66892812
2019,43209400,14.5045047
2020,43209400,13.51181577
2019,43209500,0
2020,43209500,0.264195409
2019,43209600,11.71085133
2020,43209600,13.36844659
2019,43210100,0.452026941
2020,43210100,0.358784668
2019,43210200,34.72784659
2020,43210200,33.79577243
2019,43211100,22.80590929
2020,43211100,23.31593952
2019,43211200,22.64870439
2020,43211200,21.82246395
2019,43211300,41.38889914
2020,43211300,39.10647019
2019,43211400,8.114408752
2020,43211400,8.317406554
2019,43212100,6.602289856
2020,43212100,7.283497286
2019,43213100,0.760946724
2020,43213100,0.981261316
2019,43213200,3.099770502
2020,43213200,3.047787545
2019,43213300,17.30466242
2020,43213300,17.42428023
2019,43214100,28.88404781
2020,43214100,28.07252257
2019,43214200,4.539691201
2020,43214200,5.307722795
2019,43214300,19.03877596
2020,43214300,16.33689264
2019,43215100,25.10306687
2020,43215100,25.86017543
2019,43215200,1.994964368
2020,43215200,2.253430409
2019,43215300,0.760341031
2020,43215300,1.322840578
2019,43215400,20.36535499
2020,43215400,20.34741329
2019,43216100,6.586283237
2020,43216100,5.550209079
2019,43216200,8.959841712
2020,43216200,7.643562378
2019,43216300,7.157618157
2020,43216300,7.119721977
2019,43216400,2.566413134
2020,43216400,2.070204501
2019,43217100,39.86579514
2020,43217100,40.09949939
2019,43217200,22.27362791
2020,43217200,23.28377224
2019,43218100,19.78420646
2020,43218100,18.92543252
2019,43218200,33.46536018
2020,43218200,32.99175443
2019,43218300,16.65255747
2020,43218300,16.83529466
2019,43218400,4.731495713
2020,43218400,4.748911055
2019,43219100,51.40933637
2020,43219100,50.14707296
2019,43219200,32.13365449
2020,43219200,31.05061467
2019,43220100,0.061019118
2020,43220100,0.150327224
2019,43220200,36.6930007
2020,43220200,38.87441545
2019,43221100,41.91080644
2020,43221100,40.9139392
2019,43221200,34.83569697
2020,43221200,33.84335058
2019,43222100,26.29243381
2020,43222100,26.35501436
2019,43222200,21.73702936
2020,43222200,20.63438442
2019,43222300,14.57422264
2020,43222300,14.13298017
2019,43223100,0.796078015
2020,43223100,1.073557486
2019,43223200,0.365539317
2020,43223200,0.426780649
2019,43223300,0.891057028
2020,43223300,1.097413201
2019,43223400,6.523279834
2020,43223400,6.44117792
2019,43223500,1.267092564
2020,43223500,1.532740435
2019,43223600,1.062552755
2020,43223600,1.048777391
2019,43223700,0.350004694
2020,43223700,0.522724594
2019,43223800,10.40770349
2020,43223800,9.982300149
2019,43223900,13.2187884
2020,43223900,12.34136628
2019,43224100,28.05117148
2020,43224100,26.62289743
2019,43224200,20.77600789
2020,43224200,21.09211116
2019,43224300,44.13298625
2020,43224300,41.97065971
2019,43225100,0
2020,43225100,0
2019,43225200,20.1662484
2020,43225200,19.73099011
2019,43225300,15.80149958
2020,43225300,15.10839305
2019,43226100,11.47589376
2020,43226100,10.16823064
2019,43226200,3.957501578
2020,43226200,3.067176681
2019,43226300,0.107928615
2020,43226300,0.107928615
2019,43226400,8.420002055
2020,43226400,8.208833099
2019,43226500,2.868828348
2020,43226500,2.119915539
2019,43227100,16.39940873
2020,43227100,15.28967357
2019,43227200,25.90111962
2020,43227200,26.33880385
2019,43227300,3.981302567
2020,43227300,3.180590295
2019,43227400,8.989869022
2020,43227400,9.699124928
2019,43228100,19.77955394
2020,43228100,19.42867546
2019,43228200,8.67410586
2020,43228200,8.827295864
2019,43228300,11.93091852
2020,43228300,11.93893175
2019,43228400,26.8438956
2020,43228400,25.5691937
2019,43229100,34.59926668
2020,43229100,34.01474355
2019,43229200,30.08506431
2020,43229200,27.65174942
2019,43230100,20.61403622
2020,43230100,20.68528102
2019,43230200,4.773281407
2020,43230200,4.585629297
2019,43230300,14.06468722
2020,43230300,14.03738732
2019,43230400,41.14246753
2020,43230400,38.45352883
2019,43231100,4.014840102
2020,43231100,4.489905049
2019,43231200,3.558234902
2020,43231200,4.496585823
2019,43231300,0.228541556
2020,43231300,0.244865953
2019,43231400,0.095863636
2020,43231400,1.204146936
2019,43231500,0.586515647
2020,43231500,1.565398943
2019,43231600,0.009728916
2020,43231600,0.297665294
2019,43231700,0.327284233
2020,43231700,2.413719379
2019,43231800,2.104126895
2020,43231800,2.883956868
2019,43232100,10.13556473
2020,43232100,10.19746825
2019,43232200,5.207162195
2020,43232200,5.621810231
2019,43232300,6.173014588
2020,43232300,6.646857052
2019,43233100,6.566970475
2020,43233100,7.054749076
2019,43233200,10.55684532
2020,43233200,9.321379716
2019,43233300,5.25768431
2020,43233300,5.111986155
2019,43234100,10.77392513
2020,43234100,9.997010423
2019,43234200,17.45056309
2020,43234200,15.74475017
2019,43235100,8.92943379
2020,43235100,8.294867531
2019,43235200,0.04704068
2020,43235200,0.428793173
2019,43235300,12.3113413
2020,43235300,12.02571094
2019,43235400,0
2020,43235400,0
2019,43235500,10.06837422
2020,43235500,10.98366956
2019,43236100,10.65964958
2020,43236100,9.606248925
2019,43236200,15.35710046
2020,43236200,14.23506268
2019,43236300,14.80587839
2020,43236300,13.63323152
2019,43236400,13.09088391
2020,43236400,12.96940482
2019,43236500,14.33739692
2020,43236500,15.08524748
2019,43236600,11.3295013
2020,43236600,10.87160483
2019,43237100,30.59226204
2020,43237100,29.57187922
2019,43237200,12.6236991
2020,43237200,11.78844229
2019,43237300,21.63241731
2020,43237300,22.67400428
2019,43238100,65.0173574
2020,43238100,64.63399527
2019,43238200,3.926451365
2020,43238200,4.686758189
2019,43238300,15.44616954
2020,43238300,14.21753057
2019,43238400,27.00183706
2020,43238400,27.92564727
2019,43238500,20.26821457
2020,43238500,20.35186185
2019,43239100,21.3072979
2020,43239100,20.18757239
2019,43239200,10.62871928
2020,43239200,9.464442544
2019,43239300,5.195862225
2020,43239300,4.678457068
2019,43239400,6.550590508
2020,43239400,6.128481145
2019,43240100,0
2020,43240100,0
2019,43240200,1.493015675
2020,43240200,3.068611369
2019,43240300,16.93051414
2020,43240300,16.4473642
2019,43240400,7.851225876
2020,43240400,7.143342046
2019,43241100,18.06540514
2020,43241100,17.97783938
2019,43241200,45.80078089
2020,43241200,45.66856416
2019,43242100,11.09945466
2020,43242100,10.28248034
2019,43242200,12.87786626
2020,43242200,13.76130838
2019,43242300,17.77718864
2020,43242300,19.12063837
2019,43242400,4.445148403
2020,43242400,4.698465015
2019,43243100,58.0535855
2020,43243100,54.87491513
2019,43244100,23.90797134
2020,43244100,24.00412331
2019,43244200,17.11985829
2020,43244200,18.27146737
2019,43245100,23.24645242
2020,43245100,22.88882539
2019,43246100,0
2020,43246100,0
2019,43246200,30.64216171
2020,43246200,40.67877928
2019,43246300,15.9075639
2020,43246300,15.6071358
2019,43246400,12.41438125
2020,43246400,9.681016356
2019,43246500,3.251025941
2020,43246500,3.290412457
2019,43247100,15.81966041
2020,43247100,17.02481117
2019,43247200,16.88852226
2020,43247200,19.13575617
2019,43247300,4.773161051
2020,43247300,4.663271258
2019,43248100,32.01990673
2020,43248100,28.78999575
2019,43249100,0.305275976
2020,43249100,0.025415306
2019,43249200,3.516811772
2020,43249200,3.10159198
2019,43249300,0
2020,43249300,0.093242274
2019,43249400,0
2020,43249400,0
2019,43250100,50.33968585
2020,43250100,48.0376888
2019,43250200,12.07945871
2020,43250200,11.32493522
2019,43251100,0
2020,43251100,0
2019,43251200,74.66299979
2020,43251200,71.38544168
2019,43252100,0.633162858
2020,43252100,21.7554877
2019,43252200,2.333147156
2020,43252200,2.085745568
2019,43252300,0.269373604
2020,43252300,0.016324397
2019,43253100,44.00730426
2020,43253100,41.54127182
2019,43253200,44.86323956
2020,43253200,43.91494519
2019,43254100,65.11401728
2020,43254100,64.6825905
2019,43255100,46.31443993
2020,43255100,44.92802763
2019,43255200,41.54644652
2020,43255200,40.65702173
2019,43255300,72.14048465
2020,43255300,72.08992884
2019,43255400,65.86684319
2020,43255400,63.31433021
2019,43255500,19.32788411
2020,43255500,18.7739171
2019,43256100,7.189196815
2020,43256100,6.598015223
2019,43256200,11.43134549
2020,43256200,11.36474552
2019,43256300,12.82326605
2020,43256300,13.88601509
2019,43256400,8.333659235
2020,43256400,9.681316967
2019,43256500,11.93797266
2020,43256500,13.33501894
2019,43256600,4.123668397
2020,43256600,5.404113514
2019,43256700,4.898256641
2020,43256700,6.156847298
2019,43256800,1.660092643
2020,43256800,1.590332853
2019,43256900,6.448405925
2020,43256900,6.542072265
2019,43257100,22.42104786
2020,43257100,21.60004164
2019,43257200,27.23317037
2020,43257200,26.65232503
2019,43258100,30.31358551
2020,43258100,26.75369932
2019,43258200,29.76364642
2020,43258200,27.85200436
2019,43258300,17.69789569
2020,43258300,20.30033614
2019,43259100,5.701313971
2020,43259100,5.117299015
2019,43259200,8.054410365
2020,43259200,8.000213989
2019,43260100,54.33203687
2020,43260100,51.39090964
2019,43260200,5.263650364
2020,43260200,4.858214319
2019,43261100,3.213174492
2020,43261100,3.256113727
2019,43261200,0.079225091
2020,43261200,0.156375159
2019,43261300,3.687378456
2020,43261300,3.532310473
2019,43262100,50.72146998
2020,43262100,48.35223159
2019,43262200,24.66539601
2020,43262200,24.90474759
2019,43262300,3.055430193
2020,43262300,2.585442824
2019,43263100,3.121140562
2020,43263100,3.637033928
2019,43263200,16.3891282
2020,43263200,14.95912609
2019,43263300,40.96689718
2020,43263300,40.14013281
2019,43264100,0.545348147
2020,43264100,0.575457536
2019,43264200,50.27528742
2020,43264200,49.00031038
2019,43264300,0.448723484
2020,43264300,2.353518256
2019,43265100,0
2020,43265100,0
2019,43265200,6.696716917
2020,43265200,6.406490235
2019,43265300,8.625296715
2020,43265300,7.685788269
2019,43265400,6.993499986
2020,43265400,6.71895521
2019,43265500,10.15430858
2020,43265500,8.774161079
2019,43265600,14.12898559
2020,43265600,13.24215235
2019,43265700,8.867796178
2020,43265700,8.630574978
2019,43265800,18.07759772
2020,43265800,16.81367905
2019,43265900,4.650948378
2020,43265900,4.382245379
2019,43266100,22.80897409
2020,43266100,22.75202535
2019,43266200,113.5541605
2020,43266200,111.291364
2019,43267100,0.385561511
2020,43267100,0.374716392
2019,43267200,47.35704749
2020,43267200,46.02947024
2019,43268100,0.156531231
2020,43268100,0.16278042
2019,43268200,3.755063985
2020,43268200,4.843941496
2019,43269100,3.207146642
2020,43269100,3.804491652
2019,43269200,15.441523
2020,43269200,14.71497471
2019,43269300,1.590250436
2020,43269300,2.726004415
2019,43270100,0
2020,43270100,0
2019,43270200,36.09379963
2020,43270200,35.24336032
2019,43271100,37.64150588
2020,43271100,37.02182108
2019,43272100,38.07719986
2020,43272100,38.1741609
2019,43273100,94.04598638
2020,43273100,90.35316757
2019,43274100,30.30333917
2020,43274100,30.62882331
2019,43275100,54.21235136
2020,43275100,53.6863223
2019,43276100,43.71907884
2020,43276100,42.20366806
2019,43277100,0
2020,43277100,0
2019,43277200,52.7559987
2020,43277200,55.05333239
2019,43278100,59.53297262
2020,43278100,59.35826231
2019,43279100,61.66014865
2020,43279100,59.82604344
2019,43280100,34.94936844
2020,43280100,32.85044847
2019,43281100,48.06385403
2020,43281100,46.93120129
2019,43282100,59.29937276
2020,43282100,58.37419708
2019,43283100,21.73942554
2020,43283100,20.93219292
2019,43284100,5.252677791
2020,43284100,5.589549419
2019,43284200,22.1429152
2020,43284200,22.32683401
2019,43285100,37.77975699
2020,43285100,38.70949825
2019,43285200,30.07722109
2020,43285200,32.65007576
2019,43286100,36.32803611
2020,43286100,36.33555812
2019,43287100,37.03378443
2020,43287100,37.05319813
2019,43288100,37.6302549
2020,43288100,37.30466744
2019,43288200,23.62113499
2020,43288200,24.70133389
2019,43289100,16.52197462
2020,43289100,16.7708052
2019,43289200,13.5927849
2020,43289200,14.90099278
2019,43290100,42.06310328
2020,43290100,40.90930063
2019,43290200,16.42430715
2020,43290200,15.8835408
2019,43291100,46.04299092
2020,43291100,46.15563629
2019,43292100,25.51978686
2020,43292100,25.25255191
2019,43292200,16.36577332
2020,43292200,16.38071778
2019,43293100,40.12615261
2020,43293100,40.60253948
2019,43294100,18.64756691
2020,43294100,18.75723236
2019,43295100,21.99352501
2020,43295100,21.57929068
2019,43295200,31.43015038
2020,43295200,31.70537693
2019,43296100,8.15814183
2020,43296100,7.21891373
2019,43296200,16.85332755
2020,43296200,17.3648079
2019,43297100,46.89833921
2020,43297100,46.34138131
2019,43298100,2.479210052
2020,43298100,3.90202311
2019,43298200,6.647765175
2020,43298200,7.121637481
2019,43298300,7.278146198
2020,43298300,8.206280277
2019,43299100,6.808361034
2020,43299100,6.794430825
2019,43299200,3.945928542
2020,43299200,3.802002291
2019,43299300,3.611924584
2020,43299300,3.432646145
2019,43299400,7.773971311
2020,43299400,6.836786754
2019,43299500,3.035486828
2020,43299500,2.741848198
2019,43300100,4.811434196
2020,43300100,4.612942629
2019,43300200,0.382376926
2020,43300200,0.382376926
2019,43300300,11.46952261
2020,43300300,11.04903891
2019,43300400,8.506773284
2020,43300400,7.95120585
2019,43301100,16.06871536
2020,43301100,15.03695679
2019,43301200,1.362362191
2020,43301200,1.282723671
2019,43301300,8.901891509
2020,43301300,8.570550353
2019,43301400,9.153975853
2020,43301400,10.11341344
2019,43301500,1.242448206
2020,43301500,2.243746879
2019,43302100,10.69677718
2020,43302100,9.888629277
2019,43302200,21.13964156
2020,43302200,19.30034245
2019,43302300,7.942887537
2020,43302300,7.306801187
2019,43302400,18.28804065
2020,43302400,17.33559558
2019,43302500,3.874748636
2020,43302500,3.781137143
2019,43302600,31.70023434
2020,43302600,29.55749693
2019,43302700,12.07458277
2020,43302700,11.43501164
2019,43302800,1.305301704
2020,43302800,1.29433087
2019,43302900,6.109724322
2020,43302900,6.264495361
2019,43303100,3.420806667
2020,43303100,3.810039942
2019,43303200,4.412531852
2020,43303200,3.282236788
2019,43303300,1.64641646
2020,43303300,1.488641092
2019,43303400,7.983070058
2020,43303400,7.781272542
2019,43303500,7.628885928
2020,43303500,6.588182139
2019,43304100,1.815678385
2020,43304100,1.882006277
2019,43304200,5.857455291
2020,43304200,6.113083589
2019,43304300,0.04704068
2020,43304300,1.334963825
2019,43304400,2.530043886
2020,43304400,2.54262101
2019,43304500,0.672947218
2020,43304500,0.808898401
2019,43305100,20.70150691
2020,43305100,19.51535004
2019,43306100,51.88309871
2020,43306100,50.46649667
2019,43307100,42.12863491
2020,43307100,40.61770777
2019,43307200,12.52909014
2020,43307200,12.29211225
2019,43308100,6.179219264
2020,43308100,5.9765845
2019,43308200,20.31125014
2020,43308200,18.78613023
2019,43308300,25.62153124
2020,43308300,25.36100051
2019,43309100,0.22843353
2020,43309100,0.22843353
2019,43309200,5.29321296
2020,43309200,4.962401832
2019,43310100,0.212535366
2020,43310100,0.394408092
2019,43310200,0.653044548
2020,43310200,1.12952414
2019,43310300,0.099056134
2020,43310300,0.112769583
2019,43311100,13.6998199
2020,43311100,12.16230809
2019,43311200,32.54895769
2020,43311200,37.1269223
2019,43311300,42.65940233
2020,43311300,46.19375955
2019,43311400,30.21525923
2020,43311400,30.98256801
2019,43312100,39.43349805
2020,43312100,38.10652066
2019,43312200,0.922964497
2020,43312200,0.832648222
2019,43312300,78.38745314
2020,43312300,79.02376533
2019,43312400,17.48788473
2020,43312400,17.00137309
2019,43313100,0.973353838
2020,43313100,1.288366776
2019,43313200,1.021451546
2020,43313200,2.603547055
2019,43313300,2.711874939
2020,43313300,3.180504009
2019,43313400,2.836464451
2020,43313400,2.769860451
2019,43313500,3.029064518
2020,43313500,2.868489776
2019,43313600,8.667210889
2020,43313600,13.6889646
2019,43313700,0.231913416
2020,43313700,0.118258567
2019,43313800,0.218574892
2020,43313800,0.230087848
2019,43313900,9.476916118
2020,43313900,8.141113012
2019,43314100,67.69864008
2020,43314100,66.51509613
2019,43315100,0.346114687
2020,43315100,0.441978324
2019,43315200,45.88150573
2020,43315200,48.34451051
2019,43315300,1.129244723
2020,43315300,0.633858413
2019,43315400,19.87539141
2020,43315400,18.27146592
2019,43315500,2.61574748
2020,43315500,2.540837467
2019,43315600,0.207556444
2020,43315600,0.207556444
2019,43315700,1.144396948
2020,43315700,1.411721164
2019,43315800,2.987327998
2020,43315800,3.072484501
2019,43315900,2.724425685
2020,43315900,2.648185308
2019,43316100,72.25459853
2020,43316100,68.9038697
2019,43316200,53.00278734
2020,43316200,50.18920679
2019,43316300,0.043697366
2020,43316300,0.063288957
2019,43317100,13.52388839
2020,43317100,13.7962775
2019,43317200,13.79518886
2020,43317200,16.19904707
2019,43318100,26.47003098
2020,43318100,26.80698605
2019,43318200,54.248696
2020,43318200,52.51628591
2019,43318300,179.5982223
2020,43318300,171.9156592
2019,43319100,77.6464023
2020,43319100,76.19284189
2019,43319200,92.39350395
2020,43319200,91.52895152
2019,43320100,112.1867743
2020,43320100,114.5315717
2019,43321100,0
2020,43321100,0
2019,43321200,0
2020,43321200,0.757319621
2019,43321300,0
2020,43321300,0
2019,43322100,31.21752841
2020,43322100,33.75259126
2019,43322200,42.84621706
2020,43322200,43.16010661
2019,43322300,59.57209637
2020,43322300,62.01441781
2019,43323100,1.698992763
2020,43323100,1.219885079
2019,43323200,2.383796176
2020,43323200,2.614835711
2019,43323300,4.550503929
2020,43323300,4.370985026
2019,43323400,10.3739845
2020,43323400,9.89616322
2019,43324100,56.37706276
2020,43324100,56.08929675
2019,43324200,6.64048837
2020,43324200,9.858525918
2019,43324300,41.02558415
2020,43324300,42.35973237
2019,43325100,5.955331759
2020,43325100,6.164348106
2019,43325200,18.62269806
2020,43325200,17.7971687
2019,43326100,0.627749562
2020,43326100,1.749399672
2019,43326200,13.85664309
2020,43326200,17.11731292
2019,43326300,14.15885369
2020,43326300,14.13824063
2019,43326400,16.4855776
2020,43326400,16.86519622
2019,43326500,11.53101254
2020,43326500,9.616954459
2019,43326600,9.523297808
2020,43326600,8.628001635
2019,43326700,6.509428093
2020,43326700,6.580276546
2019,43326800,48.67717705
2020,43326800,44.08163571
2019,43327100,19.80612299
2020,43327100,18.98329215
2019,43327200,41.16890545
2020,43327200,40.09633788
2019,43328100,77.075438
2020,43328100,75.01373168
2019,43328200,12.39140713
2020,43328200,11.32902365
2019,43328300,3.623385043
2020,43328300,4.151059631
2019,43329100,15.59404406
2020,43329100,14.22966308
2019,43329200,0.245342731
2020,43329200,0.426266906
2019,43329300,1.565744818
2020,43329300,2.01764562
2019,43329400,7.319128989
2020,43329400,6.549087059
2019,43329500,8.713618334
2020,43329500,8.148198127
2019,43329600,5.941076344
2020,43329600,6.797228065
2019,43330100,38.18655947
2020,43330100,38.98216834
2019,43331100,2.363351598
2020,43331100,2.375648839
2019,43331200,194.0797597
2020,43331200,188.0657481
2019,43331300,15.74971085
2020,43331300,22.14024795
2019,43331400,3.445385521
2020,43331400,3.393910775
2019,43331500,23.18552721
2020,43331500,21.76673573
2019,43331600,11.51818278
2020,43331600,10.84295
2019,43331700,7.671385486
2020,43331700,7.180157287
2019,43331800,55.25501307
2020,43331800,59.230998
2019,43331900,0
2020,43331900,0
2019,43332100,2.826812974
2020,43332100,2.400334261
2019,43332200,13.88435703
2020,43332200,13.23514805
2019,43332300,7.892074956
2020,43332300,6.095427892
2019,43332400,5.586183402
2020,43332400,5.852716771
2019,43332500,0.034237408
2020,43332500,0.034237408
2019,43332600,2.430438641
2020,43332600,2.431013253
2019,43332700,10.14907415
2020,43332700,13.06641475
2019,43332800,5.190048276
2020,43332800,6.247617363
2019,43332900,5.981502401
2020,43332900,5.980049467
2019,43333100,14.9649484
2020,43333100,14.8661913
2019,43333200,31.43055778
2020,43333200,29.85510221
2019,43333300,18.96503144
2020,43333300,17.38599636
2019,43333400,28.34618455
2020,43333400,30.38492328
2019,43334100,19.88142392
2020,43334100,20.69987827
2019,43334200,0.279726822
2020,43334200,0.056818579
2019,43334300,0.497875626
2020,43334300,0.460175747
2019,43334400,1.250884139
2020,43334400,1.127459921
2019,43334500,0.100704321
2020,43334500,0.694142147
2019,43334600,5.206545695
2020,43334600,5.346923062
2019,43334700,1.907038571
2020,43334700,1.762957504
2019,43334800,4.789269121
2020,43334800,5.356001231
2019,43334900,0
2020,43334900,0
2019,43335100,0.011512956
2020,43335100,0.004957425
2019,43336100,7.059938098
2020,43336100,8.712923079
2019,43336200,0.615848466
2020,43336200,0.362329194
2019,43337100,0.924822173
2020,43337100,3.046533095
2019,43337200,95.01794871
2020,43337200,74.11818717
2019,43337300,12.87676806
2020,43337300,13.16542406
2019,43337400,48.30561008
2020,43337400,46.3296986
2019,43337500,10.48717238
2020,43337500,10.73473164
2019,43337600,54.91951284
2020,43337600,54.40709819
2019,43338100,6.956002767
2020,43338100,6.357278051
2019,43338200,44.77990543
2020,43338200,47.99218717
2019,43338300,4.156613909
2020,43338300,4.828382773
2019,43338400,17.06888889
2020,43338400,15.93761003
2019,43339100,1.634495108
2020,43339100,1.195356845
2019,43339200,0.196684698
2020,43339200,0.196684698
2019,43339300,3.289227348
2020,43339300,2.818727986
2019,43339400,17.99498693
2020,43339400,16.31871663
2019,43339500,0.99439181
2020,43339500,0.791537627
2019,43340100,5.994152769
2020,43340100,5.719995054
2019,43340200,2.553220743
2020,43340200,2.202836109
2019,43340300,16.058425
2020,43340300,14.58883989
2019,43340400,13.81667402
2020,43340400,12.79463328
2019,43340500,4.038409785
2020,43340500,3.336661145
2019,43340600,4.26858968
2020,43340600,4.253897977
2019,43341100,15.65964657
2020,43341100,14.721279
2019,43341200,24.32820493
2020,43341200,20.78066134
2019,43341300,68.49977888
2020,43341300,46.71819981
2019,43341400,3.465409258
2020,43341400,3.045946591
2019,43341500,3.698415804
2020,43341500,2.772871748
2019,43341600,3.416326301
2020,43341600,2.806109023
2019,43341700,0.099056134
2020,43341700,0.034237408
2019,43341800,1.801348004
2020,43341800,2.581785785
2019,43342100,0.374622293
2020,43342100,0.608380176
2019,43342200,0
2020,43342200,0
2019,43342300,7.170692766
2020,43342300,6.56337842
2019,43342400,17.39685116
2020,43342400,18.40872472
2019,43342500,1.381369648
2020,43342500,1.654586628
2019,43342600,8.313162957
2020,43342600,8.971802418
2019,43342700,0.773739867
2020,43342700,0.12048394
2019,43342800,1.209887135
2020,43342800,1.573170947
2019,43342900,0.165383585
2020,43342900,0.180556686
2019,43343100,25.83174888
2020,43343100,27.40534405
2019,43343200,36.60065199
2020,43343200,35.42798108
2019,43344100,0.060839185
2020,43344100,0.060839185
2019,43344200,0.198112269
2020,43344200,0.198112269
2019,43345100,5.34789729
2020,43345100,5.319003337
2019,43345200,5.842999319
2020,43345200,43.38005525
2019,43345300,8.890979909
2020,43345300,10.52721242
2019,43345400,9.973227783
2020,43345400,10.38543529
2019,43345500,0.306166506
2020,43345500,0.404866967
2019,43345600,0.017118704
2020,43345600,0.017118704
2019,43345700,0.199106051
2020,43345700,0.398212102
2019,43345800,6.193642411
2020,43345800,10.274969
2019,43345900,9.61119068
2020,43345900,9.448222465
2019,43346100,4.688904804
2020,43346100,3.954667556
2019,43346200,23.24783814
2020,43346200,21.31022804
2019,43346300,7.093528504
2020,43346300,6.018215717
2019,43346400,0.982371431
2020,43346400,1.151279333
2019,43347100,0.179319324
2020,43347100,0.17856041
2019,43347200,0.452083541
2020,43347200,0.55887986
2019,43347300,0.297665294
2020,43347300,0.004957425
2019,43347400,0
2020,43347400,0
2019,43347500,8.312713728
2020,43347500,7.861658323
2019,43347600,1.783291303
2020,43347600,2.216281065
2019,43347700,1.402996443
2020,43347700,1.381811969
2019,43348100,1.438493584
2020,43348100,1.29408252
2019,43349100,0.412694847
2020,43349100,0.402965932
2019,43349200,0.948604871
2020,43349200,0.555311504
2019,43350100,0
2020,43350100,0
2019,43350200,0.959594034
2020,43350200,0.591695271
2019,43350300,0
2020,43350300,0
2019,43351100,6.496110205
2020,43351100,5.779666892
2019,43351200,36.03068291
2020,43351200,35.06305321
2019,43351300,0.147907892
2020,43351300,0.320531328
2019,43351400,11.10078553
2020,43351400,11.41166553
2019,43351500,7.886373544
2020,43351500,7.429304184
2019,43351600,10.47888904
2020,43351600,7.127865914
2019,43352100,6.443253868
2020,43352100,6.062112169
2019,43353100,0.111065981
2020,43353100,0.111065981
2019,43353200,0
2020,43353200,0
2019,43353300,0
2020,43353300,0
2019,43353400,18.79714813
2020,43353400,16.73498665
2019,43353500,0.017118704
2020,43353500,0.017118704
2019,43353600,1.67485773
2020,43353600,1.431915985
2019,43353700,0.216558957
2020,43353700,0.211773003
2019,43354100,45.03546017
2020,43354100,43.15529374
2019,43355100,0
2020,43355100,0
2019,43355200,51.73968817
2020,43355200,46.45355356
2019,43355300,9.007025105
2020,43355300,9.331817622
2019,43355400,31.81252087
2020,43355400,29.15451524
2019,43355500,25.51536618
2020,43355500,24.32546558
2019,43356100,9.900370109
2020,43356100,8.713520328
2019,43356200,20.06472098
2020,43356200,18.14547381
2019,43356300,3.120008396
2020,43356300,2.187498868
2019,43357100,7.475272686
2020,43357100,6.571089651
2019,43357200,0.745010933
2020,43357200,0.727118179
2019,43357300,8.186162098
2020,43357300,7.35305243
2019,43357400,6.263333797
2020,43357400,5.877887564
2019,43357500,19.49365824
2020,43357500,20.26309798
2019,43357600,13.4589814
2020,43357600,13.04125162
2019,43357700,18.07636236
2020,43357700,17.40597525
2019,43357800,3.505608332
2020,43357800,2.898342695
2019,43358100,12.41859298
2020,43358100,11.81120894
2019,43358200,8.067782851
2020,43358200,8.349904493
2019,43359100,21.78631149
2020,43359100,23.1171533
2019,43359200,5.961062806
2020,43359200,5.448898891
2019,43359300,8.439519966
2020,43359300,8.430789993
2019,43359400,11.65647337
2020,43359400,11.69397024
2019,43359500,31.06025236
2020,43359500,31.97677467
2019,43359600,10.32913231
2020,43359600,12.33187258
2019,43359700,6.036768971
2020,43359700,7.055943217
2019,43359800,10.20852031
2020,43359800,9.373027815
2019,43359900,0.274340279
2020,43359900,0.259668861
2019,43360100,10.25608778
2020,43360100,8.875120498
2019,43360200,27.84918912
2020,43360200,26.93097167
2019,43360300,3.569255968
2020,43360300,3.61156009
2019,43361100,8.202621127
2020,43361100,11.00765939
2019,43362100,0.343912548
2020,43362100,0.216700755
2019,43362200,0.127573138
2020,43362200,0.127573138
2019,43362300,0.100704321
2020,43362300,0.099553025
2019,43362400,8.841463924
2020,43362400,11.87716848
2019,43363100,15.03577329
2020,43363100,14.67444598
2019,43363200,45.80789781
2020,43363200,47.43464816
2019,43363300,5.745409514
2020,43363300,5.226396515
2019,43363400,2.839479721
2020,43363400,2.066136099
2019,43364100,9.957602066
2020,43364100,9.602251607
2019,43364200,33.5224503
2020,43364200,31.99243589
2019,43364300,15.54917659
2020,43364300,16.84599201
2019,43364400,2.221067113
2020,43364400,2.321577969
2019,43364500,22.75162361
2020,43364500,21.71541546
2019,43364600,9.95872772
2020,43364600,8.796058183
2019,43365100,11.12929794
2020,43365100,11.23108062
2019,43365200,2.933222565
2020,43365200,2.571674771
2019,43365300,9.264466588
2020,43365300,7.558831943
2019,43365400,8.216908507
2020,43365400,8.276047121
2019,43366100,21.25393236
2020,43366100,20.82395342
2019,43366200,23.86356498
2020,43366200,22.60415878
2019,43367100,24.05691862
2020,43367100,20.61916312
2019,43368100,16.53738927
2020,43368100,16.00590506
2019,43368200,13.76698355
2020,43368200,12.69904453
2019,43368300,17.88827444
2020,43368300,16.91727992
2019,43369100,25.40165395
2020,43369100,25.62463609
2019,43369200,11.99755351
2020,43369200,11.24840169
2019,43369300,18.93627448
2020,43369300,17.83549559
2019,43369400,20.76456381
2020,43369400,20.50554169
2019,43369500,7.493056049
2020,43369500,7.783632794
2019,43369600,8.454302575
2020,43369600,8.099912904
2019,43370100,0
2020,43370100,0
2019,43370200,4.372996524
2020,43370200,4.490345747
2019,43370300,4.731653188
2020,43370300,4.772449385
2019,43370400,1.615775249
2020,43370400,1.808969859
2019,43370500,0.206171007
2020,43370500,0.396344944
2019,43370600,26.15914978
2020,43370600,26.13877922
2019,43370700,6.106883717
2020,43370700,6.730551779
2019,43371100,23.0355369
2020,43371100,22.30250044
2019,43371200,10.06038287
2020,43371200,9.342711632
2019,43372100,10.58174752
2020,43372100,9.628483502
2019,43372200,33.94798571
2020,43372200,33.61589396
2019,43373100,20.48913046
2020,43373100,18.70998566
2019,43373200,16.28087782
2020,43373200,16.81284155
2019,43374100,21.80501338
2020,43374100,20.47759406
2019,43374200,5.439345392
2020,43374200,5.078138172
2019,43374300,19.22040737
2020,43374300,18.11055218
2019,43374400,5.085670222
2020,43374400,4.831953295
2019,43374500,12.00170491
2020,43374500,13.41380662
2019,43374600,5.696635447
2020,43374600,5.478249099
2019,43374700,5.232202198
2020,43374700,5.915443046
2019,43374800,0.397581444
2020,43374800,0.351622818
2019,43375100,15.36270491
2020,43375100,14.45378837
2019,43375200,24.12562029
2020,43375200,22.32472669
2019,43376100,4.606945217
2020,43376100,4.413608742
2019,43376200,34.74374473
2020,43376200,31.55100076
2019,43377100,7.678062869
2020,43377100,8.552540693
2019,43377200,8.664161751
2020,43377200,8.753671596
2019,43377300,4.654349119
2020,43377300,5.491515057
2019,43377400,25.93087332
2020,43377400,25.95425989
2019,43377500,17.5403359
2020,43377500,24.46860838
2019,43377600,6.230428739
2020,43377600,6.335587905
2019,43377700,7.758586434
2020,43377700,9.541546864
2019,43378100,0.1231729
2020,43378100,0.214890255
2019,43378200,3.343607895
2020,43378200,3.704558872
2019,43378300,0
2020,43378300,0
2019,43378400,2.689531501
2020,43378400,4.22234627
2019,43379100,23.61004654
2020,43379100,22.18504476
2019,43380100,12.72615388
2020,43380100,11.77772117
2019,43380200,11.13139319
2020,43380200,11.26535056
2019,43381100,7.486603342
2020,43381100,6.88129935
2019,43381200,20.26307665
2020,43381200,18.33656489
2019,43381300,1.237537257
2020,43381300,0.951974966
2019,43381400,13.39985581
2020,43381400,12.86311442
2019,43382100,17.45227431
2020,43382100,16.47517273
2019,43382200,8.315128155
2020,43382200,7.541562128
2019,43382300,1.631511633
2020,43382300,1.509526891
2019,43382400,0
2020,43382400,0
2019,43382500,1.117172407
2020,43382500,1.303938505
2019,43382600,3.049477895
2020,43382600,2.615306867
2019,43382700,8.57319961
2020,43382700,9.102909252
2019,43382800,6.477658973
2020,43382800,5.905855055
2019,43383100,1.638010832
2020,43383100,1.411284085
2019,43383200,4.865784563
2020,43383200,4.454324342
2019,43383300,6.925181697
2020,43383300,6.640666621
2019,43384100,24.24599257
2020,43384100,22.94397206
2019,43385100,4.044887283
2020,43385100,4.33585139
2019,43385200,0.746076375
2020,43385200,0.735126554
2019,43385300,18.04319847
2020,43385300,18.19659908
2019,43385400,19.30053509
2020,43385400,20.01208034
2019,43386100,8.085162627
2020,43386100,7.076902977
2019,43386200,16.78352496
2020,43386200,14.97791635
2019,43386300,8.935817508
2020,43386300,8.082218382
2019,43387100,9.352104684
2020,43387100,8.895592476
2019,43387200,13.28104397
2020,43387200,16.09071916
2019,43387300,19.86770973
2020,43387300,19.51790664
2019,43387400,18.75849892
2020,43387400,18.78097495
2019,43387500,62.24016448
2020,43387500,62.65026402
2019,43388100,2.686325313
2020,43388100,2.663949572
2019,43388200,0.150864888
2020,43388200,0.003453887
2019,43388300,1.795111317
2020,43388300,1.904246271
2019,43388400,1.456870137
2020,43388400,1.253575063
2019,43388500,13.54390451
2020,43388500,13.45050135
2019,43388600,18.65777686
2020,43388600,16.50453161
2019,43388700,5.591453445
2020,43388700,4.680724735
2019,43389100,14.38584111
2020,43389100,16.56400567
2019,43389200,38.94852377
2020,43389200,36.44852092
2019,43389300,8.1671693
2020,43389300,4.793977517
2019,43389400,27.64317642
2020,43389400,27.37447896
2019,43389500,9.251010219
2020,43389500,8.684477458
2019,43389600,13.85164964
2020,43389600,14.53435942
2019,43390100,51.02265457
2020,43390100,52.64969222
2019,43390200,29.58482893
2020,43390200,28.85337768
2019,43391100,0
2020,43391100,0.474326929
2019,43391200,40.64237843
2020,43391200,37.74297863
2019,43391300,0.099056134
2020,43391300,0.099056134
2019,43391400,9.268682851
2020,43391400,9.356105537
2019,43392100,17.18654681
2020,43392100,16.66491047
2019,43392200,35.8392628
2020,43392200,34.60430694
2019,43393100,49.39330203
2020,43393100,46.16065763
2019,43393200,5.243343832
2020,43393200,5.982221373
2019,43393300,0.367565189
2020,43393300,0.257235552
2019,43393400,7.405383341
2020,43393400,7.317377321
2019,43393500,0.722483903
2020,43393500,1.327609473
2019,43394100,27.12398264
2020,43394100,27.38826929
2019,43395100,8.849344703
2020,43395100,7.998297504
2019,43395200,0.391589923
2020,43395200,0.161963653
2019,43396100,37.85637952
2020,43396100,37.76242285
2019,43397100,46.14688937
2020,43397100,41.82460054
2019,43397200,0.513102932
2020,43397200,0.508302118
2019,43398100,36.58621195
2020,43398100,35.60188841
2019,43398200,16.04648537
2020,43398200,16.33488565
2019,43398300,12.11294704
2020,43398300,12.20532421
2019,43398400,18.22427264
2020,43398400,17.84434917
2019,43399100,4.982233307
2020,43399100,5.084041629
2019,43399200,74.01433363
2020,43399200,72.33877004
2019,43399300,7.738966062
2020,43399300,10.03430996
2019,43399400,77.84266046
2020,43399400,77.20639852
2019,43399500,48.93868704
2020,43399500,44.7208727
2019,43399600,2.857968111
2020,43399600,2.782022317
2019,43399700,2.206584058
2020,43399700,2.30524582
2019,43399800,4.760207872
2020,43399800,4.382289709
2019,43400100,1.770324818
2020,43400100,1.632819405
2019,43400200,1.614398172
2020,43400200,1.462794469
2019,43400300,11.06564748
2020,43400300,9.22398129
2019,43400400,0.218119058
2020,43400400,0.325588797
2019,43400500,20.04366865
2020,43400500,19.23559522
2019,43401100,0.011512956
2020,43401100,0.279726822
2019,43401200,24.65862997
2020,43401200,24.98122534
2019,43401300,2.539342415
2020,43401300,3.701230249
2019,43401400,10.74608145
2020,43401400,10.27612074
2019,43401500,23.11454355
2020,43401500,21.54926492
2019,43402100,57.49430123
2020,43402100,58.62819611
2019,43402200,13.42725269
2020,43402200,13.99694182
2019,43402300,16.05159462
2020,43402300,15.80706527
2019,43402400,19.2863092
2020,43402400,16.93610658
2019,43403100,16.58262356
2020,43403100,16.84769296
2019,43403200,7.245467992
2020,43403200,7.298329528
2019,43403300,22.63687747
2020,43403300,21.17809717
2019,43404100,9.824037206
2020,43404100,15.26821138
2019,43404200,1.32248187
2020,43404200,1.671115074
2019,43404300,9.633209437
2020,43404300,9.287396535
2019,43404400,22.61939563
2020,43404400,20.73419349
2019,43404500,39.37908927
2020,43404500,37.68930455
2019,43405100,43.17064373
2020,43405100,43.21788034
2019,43405200,10.39242191
2020,43405200,10.77523543
2019,43405300,27.16690666
2020,43405300,26.77706972
2019,43405400,7.46697811
2020,43405400,7.415531377
2019,43405500,22.21331803
2020,43405500,21.57803531
2019,43405600,5.172514816
2020,43405600,5.01172477
2019,43406100,64.80311732
2020,43406100,63.03226125
2019,43406200,3.632348817
2020,43406200,4.230194816
2019,43407100,31.02119559
2020,43407100,30.64109278
2019,43407200,30.29637364
2020,43407200,30.57596429
2019,43407300,28.06914248
2020,43407300,28.5563089
2019,43408100,2.65485239
2020,43408100,3.287979639
2019,43408200,4.095401827
2020,43408200,3.282588529
2019,43408300,0.71744557
2020,43408300,0.877600556
2019,43408400,1.304261523
2020,43408400,1.616714156
2019,43408500,3.151615169
2020,43408500,3.613890157
2019,43408600,1.84951554
2020,43408600,1.766290414
2019,43408700,1.235433288
2020,43408700,1.410129169
2019,43409100,5.508954841
2020,43409100,4.773822645
2019,43409200,11.70734805
2020,43409200,10.98882067
2019,43409300,36.01502485
2020,43409300,35.61835001
2019,43409400,3.652706068
2020,43409400,5.14419644
2019,43410100,10.67895047
2020,43410100,12.24151751
2019,43410200,1.51857905
2020,43410200,1.389567433
2019,43410300,0.903404054
2020,43410300,0.797622603
2019,43410400,1.130065988
2020,43410400,1.679504919
2019,43410500,8.426889464
2020,43410500,7.915523894
2019,43410600,1.200169087
2020,43410600,0.955550494
2019,43410700,6.961550733
2020,43410700,11.35373467
2019,43410800,13.99386153
2020,43410800,13.22784837
2019,43411100,4.298362116
2020,43411100,4.151715584
2019,43411200,30.09708478
2020,43411200,29.13903148
2019,43411300,27.17648679
2020,43411300,25.73469797
2019,43411400,4.052464362
2020,43411400,4.692274841
2019,43411500,3.617723079
2020,43411500,3.663857747
2019,43412100,3.201247148
2020,43412100,3.393551838
2019,43412200,0
2020,43412200,0.048354867
2019,43413100,0
2020,43413100,0
2019,43413200,32.70761207
2020,43413200,32.14177264
2019,43413300,19.28476337
2020,43413300,18.86397437
2019,43413400,22.42740929
2020,43413400,22.70663728
2019,43414100,104.8340883
2020,43414100,103.5127967
2019,43415100,2.322446099
2020,43415100,2.094044819
2019,43415200,0
2020,43415200,0.011512956
2019,43415300,0.259866407
2020,43415300,0.310503114
2019,43415400,0.119132873
2020,43415400,0.139578952
2019,43415500,0.620670399
2020,43415500,4.155353012
2019,43415600,0
2020,43415600,3.482128093
2019,43416100,28.80906753
2020,43416100,28.64160542
2019,43416200,27.66027958
2020,43416200,27.50936708
2019,43417100,53.40045635
2020,43417100,51.98307965
2019,43417200,34.67943346
2020,43417200,33.5903051
2019,43417300,28.28185352
2020,43417300,27.30728287
2019,43417400,30.2120386
2020,43417400,30.54244452
2019,43418100,20.79221526
2020,43418100,29.0872023
2019,43418200,2.181272934
2020,43418200,2.345011567
2019,43419100,0
2020,43419100,0
2019,43419200,0
2020,43419200,0
2019,43420100,18.30326078
2020,43420100,18.86174697
2019,43420200,33.97719998
2020,43420200,35.65505076
2019,43420300,42.51495512
2020,43420300,42.50220906
2019,43421100,33.05275361
2020,43421100,32.08753395
2019,43421200,24.67475486
2020,43421200,24.56954513
2019,43421300,4.454089556
2020,43421300,3.860210949
2019,43422100,18.63864741
2020,43422100,16.13889482
2019,43422200,23.56575829
2020,43422200,22.89711318
2019,43422300,69.56527978
2020,43422300,71.70687932
2019,43422400,5.9897997
2020,43422400,5.716497512
2019,43422500,1.005098813
2020,43422500,1.025095308
2019,43423100,22.30570432
2020,43423100,22.13482956
2019,43423200,17.44551734
2020,43423200,16.07474718
2019,43423300,60.00522237
2020,43423300,57.7400965
2019,43423400,28.98021658
2020,43423400,28.08087543
2019,43423500,18.82702477
2020,43423500,19.56414678
2019,43423600,1.446728381
2020,43423600,5.12907994
2019,43423700,13.32216964
2020,43423700,13.27385359
2019,43424100,0
2020,43424100,0.157225375
2019,43424200,40.61164646
2020,43424200,40.17722962
2019,43425100,27.39902909
2020,43425100,26.68763558
2019,43425200,23.87094598
2020,43425200,23.71737769
2019,43426100,29.66713561
2020,43426100,27.8575645
2019,43427100,63.41061095
2020,43427100,67.52944613
2019,43428100,2.119539543
2020,43428100,2.184003421
2019,43428200,0.996380567
2020,43428200,0.921945013
2019,43428300,6.869932762
2020,43428300,5.39631877
2019,43428400,16.45543365
2020,43428400,13.61931018
2019,43428500,6.337328415
2020,43428500,6.737468022
2019,43428600,9.136530456
2020,43428600,7.987308493
2019,43429100,61.20134177
2020,43429100,58.77322823
2019,43429200,4.280740674
2020,43429200,4.89173203
2019,43429300,83.32298637
2020,43429300,85.61378556
2019,43429400,16.74109737
2020,43429400,17.09527704
2019,43429500,18.7208619
2020,43429500,18.43730932
2019,43430100,42.85014044
2020,43430100,41.77979681
2019,43431100,0.389666042
2020,43431100,0.400292387
2019,43431200,1.554284602
2020,43431200,1.480911486
2019,43431300,0
2020,43431300,0
2019,43431400,33.58396446
2020,43431400,32.50329242
2019,43431500,11.50413555
2020,43431500,10.92279328
2019,43432100,22.22722777
2020,43432100,21.34666126
2019,43432200,11.86959951
2020,43432200,12.34237758
2019,43432300,11.62163142
2020,43432300,10.70884943
2019,43432400,62.88077268
2020,43432400,63.27029063
2019,43433100,42.84302338
2020,43433100,46.35229948
2019,43433200,1.880947749
2020,43433200,1.842610848
2019,43433300,60.03611895
2020,43433300,63.02048366
2019,43434100,4.990986335
2020,43434100,4.569859798
2019,43434200,14.08006363
2020,43434200,13.54895126
2019,43434300,20.77339289
2020,43434300,20.55442829
2019,43435100,19.67711842
2020,43435100,19.33271361
2019,43435200,16.79666157
2020,43435200,16.12861066
2019,43435300,19.86492872
2020,43435300,20.12090639
2019,43435400,46.1094016
2020,43435400,44.79575761
2019,43435500,125.3584113
2020,43435500,122.8500986
2019,43435600,0.187136983
2020,43435600,0.308537962
2019,43436100,74.14680716
2020,43436100,67.72702707
2019,43436200,67.58304199
2020,43436200,62.42599349
2019,43436300,15.56306682
2020,43436300,14.71764252
2019,43436400,69.9804516
2020,43436400,60.2964377
2019,43436500,45.15806999
2020,43436500,44.04134743
2019,43436600,35.5155381
2020,43436600,33.22457997
2019,43436700,11.60292578
2020,43436700,10.29961136
2019,43436800,21.37945057
2020,43436800,17.74923788
2019,43437100,16.90226454
2020,43437100,20.98575629
2019,43437200,43.94948866
2020,43437200,42.96075033
2019,43437300,73.94824644
2020,43437300,73.1386207
2019,43438100,0.766856311
2020,43438100,1.083668163
2019,43438200,6.200454231
2020,43438200,9.416948717
2019,43438300,0.03601545
2020,43438300,0.243956297
2019,43438400,1.003617848
2020,43438400,0.862937679
2019,43438500,0.412449002
2020,43438500,0.326423398
2019,43439100,3.24939052
2020,43439100,4.046448109
2019,43440100,2.670181703
2020,43440100,2.579940773
2019,43440200,2.036774236
2020,43440200,1.761653997
2019,43440300,0.866826561
2020,43440300,0.923851489
2019,43440400,5.900521588
2020,43440400,5.159687242
2019,43440500,0.403628572
2020,43440500,0.248077046
2019,43440600,2.759288333
2020,43440600,2.840663491
2019,43440700,1.915075688
2020,43440700,1.723385944
2019,43440800,2.863709421
2020,43440800,2.781812531
2019,43440900,36.86306408
2020,43440900,33.97696958
2019,43441100,0.867663657
2020,43441100,0.637261546
2019,43441200,4.697446154
2020,43441200,4.780858622
2019,43442100,6.860437176
2020,43442100,6.594553942
2019,43442200,5.078936727
2020,43442200,4.770713458
2019,43442300,2.224672149
2020,43442300,2.124652724
2019,43442400,0.192298408
2020,43442400,0.240653275
2019,43442500,0.393874463
2020,43442500,0.33934153
2019,43442600,0.436357061
2020,43442600,0.436223256
2019,43443100,20.53749419
2020,43443100,20.0895409
2019,43443200,3.073248052
2020,43443200,2.81193334
2019,43444100,2.067576191
2020,43444100,2.208290691
2019,43445100,2.59923683
2020,43445100,3.996519026
2019,43446100,0.574456372
2020,43446100,0.592115706
2019,43446200,1.882979845
2020,43446200,1.789510895
2019,43447100,0.205621578
2020,43447100,0.295794894
2019,43447200,0.099056134
2020,43447200,0.10878505
2019,43447300,0
2020,43447300,0
2019,43447400,0.432170645
2020,43447400,0.57012013
2019,43447500,0
2020,43447500,0
2019,43447600,0
2020,43447600,0
2019,43448100,22.48798644
2020,43448100,22.83214242
2019,43448200,31.18543017
2020,43448200,35.55535575
2019,43449100,2.776240167
2020,43449100,4.693458657
2019,43449200,23.55241567
2020,43449200,23.67021074
2019,43449300,16.43105877
2020,43449300,15.71891362
2019,43449400,75.06463905
2020,43449400,72.37834764
2019,43449500,17.60017635
2020,43449500,17.4687514
2019,43450100,2.30324284
2020,43450100,2.449700464
2019,43450200,2.917446247
2020,43450200,2.733665492
2019,43450300,0.762483112
2020,43450300,0.5254473
2019,43450400,0.714856753
2020,43450400,0.799615214
2019,43450500,5.907629684
2020,43450500,5.67914533
2019,43450600,30.93301698
2020,43450600,33.18403407
2019,43450700,0.583991612
2020,43450700,0.803285818
2019,43450800,3.613956111
2020,43450800,3.784783218
2019,43450900,7.349559155
2020,43450900,6.55083245
2019,43451100,16.52458503
2020,43451100,15.96484179
2019,43451200,50.33116356
2020,43451200,51.98235325
2019,43451300,0
2020,43451300,0
2019,43452100,5.338271443
2020,43452100,6.497770547
2019,43452200,3.055800571
2020,43452200,3.129274564
2019,43452300,1.14724495
2020,43452300,1.051931255
2019,43452400,8.272547693
2020,43452400,8.174817406
2019,43453100,29.88471456
2020,43453100,29.88189587
2019,43453200,23.05458314
2020,43453200,25.85888695
2019,43453300,16.67993846
2020,43453300,17.5531068
2019,43454100,6.232583447
2020,43454100,5.78633692
2019,43454200,19.27720219
2020,43454200,17.88627589
2019,43454300,2.500046505
2020,43454300,2.466347518
2019,43454400,36.96197671
2020,43454400,36.39686472
2019,43454500,0
2020,43454500,0
2019,43455100,0
2020,43455100,0
2019,43455200,0
2020,43455200,0
2019,43455300,11.27268751
2020,43455300,10.36879304
2019,43455400,13.36924281
2020,43455400,19.53401864
2019,43455500,4.577939235
2020,43455500,4.277068208
2019,43456100,15.22788766
2020,43456100,16.90852321
2019,43456200,21.56172177
2020,43456200,22.43452327
2019,43456300,4.151258685
2020,43456300,4.468745007
2019,43456400,6.093886851
2020,43456400,5.650966602
2019,43457100,0.841039291
2020,43457100,0.781550185
2019,43457200,0.367359975
2020,43457200,0.721898632
2019,43457300,12.58401227
2020,43457300,13.42143851
2019,43457400,0
2020,43457400,0
2019,43457500,0.273917324
2020,43457500,0.1639124
2019,43458100,0.362834923
2020,43458100,0.302731645
2019,43458200,0.001945783
2020,43458200,0.04704068
2019,43458300,8.705044777
2020,43458300,8.679906718
2019,43458400,1.892636426
2020,43458400,1.73968277
2019,43459100,0.196935484
2020,43459100,0.276986508
2019,43459200,0.879307667
2020,43459200,0.921587811
2019,43459300,22.5949731
2020,43459300,22.0141561
2019,43459400,2.896096716
2020,43459400,3.370106641
2019,43459500,0
2020,43459500,0
2019,43459600,0.198112269
2020,43459600,0
2019,43460100,6.105758436
2020,43460100,7.505514721
2019,43460200,20.61770789
2020,43460200,20.69093591
2019,43461100,13.13367661
2020,43461100,13.38203354
2019,43461200,5.652109888
2020,43461200,5.990260802
2019,43461300,16.95385114
2020,43461300,16.07117527
2019,43462100,0.499424879
2020,43462100,0.742909095
2019,43463100,8.00192722
2020,43463100,8.55774839
2019,43463200,26.17526576
2020,43463200,24.85574279
2019,43463300,10.54490617
2020,43463300,9.102921973
2019,43464100,19.66425693
2020,43464100,18.64304893
2019,43464200,18.14741913
2020,43464200,17.83243391
2019,43464300,7.476653395
2020,43464300,7.126261953
2019,43464400,16.97089081
2020,43464400,15.98390913
2019,43465100,1.594885001
2020,43465100,1.248209219
2019,43465200,0
2020,43465200,0
2019,43465300,0.219820188
2020,43465300,0.018091595
2019,43465400,7.012947748
2020,43465400,5.915423845
2019,43465500,0.927320669
2020,43465500,0.673682879
2019,43465600,0
2020,43465600,0
2019,43465700,0.556712832
2020,43465700,0.537241887
2019,43465800,0
2020,43465800,0
2019,43465900,0.000972892
2020,43465900,0.000972892
2019,43466100,9.185540672
2020,43466100,10.63215597
2019,43466200,0.670735691
2020,43466200,0.510331766
2019,43466300,15.32495885
2020,43466300,13.59107048
2019,43466400,0
2020,43466400,0
2019,43466500,0.251514422
2020,43466500,0.258814505
2019,43467100,3.857518115
2020,43467100,3.548420357
2019,43467200,17.47610888
2020,43467200,15.3423799
2019,43468100,17.4055413
2020,43468100,16.72993873
2019,43468200,0.000972892
2020,43468200,0.120159372
2019,43468300,0.111170789
2020,43468300,0.123602484
2019,43468400,0.848078969
2020,43468400,0.906622476
2019,43468500,0
2020,43468500,0.04704068
2019,43468600,0.017118704
2020,43468600,0
2019,43468700,0
2020,43468700,0
2019,43469100,11.93568969
2020,43469100,10.29312841
2019,43469200,2.83414695
2020,43469200,3.120818018
2019,43470100,10.71292177
2020,43470100,9.179020621
2019,43470200,4.685431724
2020,43470200,5.279422584
2019,43470300,4.654490701
2020,43470300,3.546334928
2019,43470400,3.249790218
2020,43470400,3.286070665
2019,43471100,0
2020,43471100,0
2019,43471200,7.712064618
2020,43471200,7.079534147
2019,43471300,0
2020,43471300,0
2019,43471400,1.192287801
2020,43471400,1.324760109
2019,43472100,0
2020,43472100,0
2019,43472200,0.095863636
2020,43472200,0.095863636
2019,43472300,1.73772055
2020,43472300,1.594153364
2019,43473100,0
2020,43473100,0
2019,43473200,0.24445525
2020,43473200,0.450460701
2019,43473300,0
2020,43473300,0
2019,43473400,6.007192897
2020,43473400,6.089256735
2019,43474100,0
2020,43474100,0
2019,43474200,0.429330647
2020,43474200,0.347601328
2019,43474300,0.720394401
2020,43474300,0.670249045
2019,43474400,0.169017078
2020,43474400,0.168044186
2019,43474500,2.734038044
2020,43474500,10.94907311
2019,43474600,4.45191871
2020,43474600,4.382772627
2019,43474700,0
2020,43474700,0
2019,43474800,0.001151296
2020,43474800,0.001151296
2019,43474900,0
2020,43474900,0
2019,43475100,0.204931398
2020,43475100,0.224389229
2019,43475200,0
2020,43475200,0
2019,43475300,0.095030203
2020,43475300,0.111176015
2019,43476100,0.003984533
2020,43476100,0.003984533
2019,43476200,1.280530893
2020,43476200,1.256098267
2019,43476300,30.11178521
2020,43476300,30.56237365
2019,43477100,26.27001779
2020,43477100,24.49530389
2019,43477200,4.180709096
2020,43477200,3.984591214
2019,43478100,1.197837264
2020,43478100,1.349014731
2019,43478200,4.747859913
2020,43478200,4.378208334
2019,43479100,4.766785044
2020,43479100,4.785500026
2019,43479200,2.015336191
2020,43479200,1.920070915
2019,43480100,7.584061937
2020,43480100,7.270786637
2019,43480200,9.842051843
2020,43480200,9.852964416
2019,43481100,4.217718763
2020,43481100,3.812824398
2019,43481200,4.540400607
2020,43481200,5.015475947
2019,43482100,17.17190011
2020,43482100,16.68716446
2019,43482200,14.15460296
2020,43482200,13.65762608
2019,43483100,7.43472628
2020,43483100,7.140657377
2019,43483200,12.65330477
2020,43483200,12.63518109
2019,43484100,5.035341863
2020,43484100,4.645081781
2019,43484200,2.504768202
2020,43484200,2.430633858
2019,43485100,18.21409116
2020,43485100,19.66963169
2019,43485200,10.84501157
2020,43485200,10.79271979
2019,43485300,9.905994575
2020,43485300,9.068030324
2019,43486100,16.29535471
2020,43486100,15.70487248
2019,43486200,35.82296288
2020,43486200,38.09706149
2019,43486300,2.581133942
2020,43486300,2.501306121
2019,43486400,3.829394464
2020,43486400,3.637794877
2019,43486500,18.91532793
2020,43486500,20.63977594
2019,43487100,0
2020,43487100,0
2019,43488100,0
2020,43488100,0
2019,43488200,0
2020,43488200,0
2019,43488300,1.611933235
2020,43488300,1.243621056
2019,43488400,0
2020,43488400,0
2019,43488500,0
2020,43488500,0
2019,43488600,2.999396476
2020,43488600,2.908304991
2019,43489100,22.40648069
2020,43489100,22.08863068
2019,43489200,0
2020,43489200,0
2019,43490100,27.90582785
2020,43490100,28.06437662
2019,43490200,2.823743977
2020,43490200,2.598953906
2019,43490300,0
2020,43490300,0
2019,43491100,2.541653142
2020,43491100,2.490494917
2019,43491200,9.660298678
2020,43491200,9.25148203
2019,43492100,18.74511076
2020,43492100,21.68283329
2019,43492200,44.24205643
2020,43492200,47.95326425
2019,43493100,10.44910536
2020,43493100,10.55678052
2019,43494100,7.685978626
2020,43494100,9.035923781
2019,43494200,20.63075486
2020,43494200,23.32037572
2019,43494300,22.46738768
2020,43494300,23.39161799
2019,43495100,7.600566399
2020,43495100,7.051300256
2019,43495200,2.193458685
2020,43495200,1.486645601
2019,43496100,24.29033732
2020,43496100,26.06550295
2019,43496200,0.373960581
2020,43496200,0.473513606
2019,43497100,0.33800849
2020,43497100,0.400223855
2019,43497200,0
2020,43497200,0
2019,43497300,20.67279704
2020,43497300,21.10750133
2019,43497400,1.257582765
2020,43497400,1.27026252
2019,43498100,4.272318732
2020,43498100,3.805550229
2019,43498200,1.776669244
2020,43498200,1.805705472
2019,43498300,0.812124743
2020,43498300,0.678587321
2019,43498400,5.0605087
2020,43498400,5.075147443
2019,43499100,31.06756442
2020,43499100,39.06580647
2019,43499200,35.02870108
2020,43499200,31.62184471
2019,43499300,23.31002367
2020,43499300,22.76840762
2019,43500100,1.072842418
2020,43500100,1.007350225
2019,43500200,0
2020,43500200,0
2019,43500300,5.834894522
2020,43500300,3.931935837
2019,43500400,1.743190259
2020,43500400,1.728881571
2019,43501100,30.13961343
2020,43501100,29.87950365
2019,43501200,6.547219779
2020,43501200,5.78686423
2019,43501300,24.49281865
2020,43501300,23.70406399
2019,43501400,33.56707589
2020,43501400,34.87040179
2019,43501500,10.17301751
2020,43501500,9.149501545
2019,43501600,1.845271192
2020,43501600,1.668160978
2019,43502100,9.401447201
2020,43502100,9.419501114
2019,43502200,0
2020,43502200,0
2019,43502300,5.726291723
2020,43502300,6.09107527
2019,43502400,71.27154973
2020,43502400,76.34951033
2019,43503100,0
2020,43503100,0
2019,43503200,0
2020,43503200,0
2019,43503300,0
2020,43503300,0
2019,43504100,38.21565274
2020,43504100,41.14386582
2019,43504200,47.67809751
2020,43504200,47.22672775
2019,43505100,0.435641398
2020,43505100,0.262437756
2019,43505200,0.957009946
2020,43505200,0.736015796
2019,43505300,0
2020,43505300,0
2019,43505400,7.496941161
2020,43505400,6.865496192
2019,43505500,0.984632865
2020,43505500,1.070182252
2019,43505600,1.860947969
2020,43505600,1.520553224
2019,43505700,5.688366432
2020,43505700,5.360621256
2019,43506100,3.238160202
2020,43506100,4.58043771
2019,43506200,0.76089537
2020,43506200,0.558462753
2019,43507100,0
2020,43507100,0
2019,43507200,0.801546395
2020,43507200,0.889515228
2019,43507300,5.337408454
2020,43507300,5.118958428
2019,43507400,8.49986332
2020,43507400,8.478786121
2019,43507500,9.050366342
2020,43507500,8.776944241
2019,43507600,0.983756613
2020,43507600,0.873426976
2019,43507700,0.156234731
2020,43507700,0.166832296
2019,43508100,98.86939445
2020,43508100,97.42274689
2019,43508200,65.01832461
2020,43508200,65.71474495
2019,43509100,2.915739738
2020,43509100,3.343941009
2019,43509200,2.223395408
2020,43509200,2.144233621
2019,43510100,0.26058984
2020,43510100,0.225582098
2019,43510200,3.824725154
2020,43510200,3.636982829
2019,43511100,2.471020968
2020,43511100,2.392536734
2019,43511200,4.745995342
2020,43511200,4.632232231
2019,43512100,43.90773165
2020,43512100,45.82038046
2019,43512200,2.542091712
2020,43512200,3.354479263
2019,43512300,0.217233235
2020,43512300,0.229249229
2019,43512400,1.328925344
2020,43512400,2.072358601
2019,43513100,4.984229459
2020,43513100,4.079652239
2019,43513200,5.572269214
2020,43513200,4.716849623
2019,43514100,38.71426782
2020,43514100,40.28203357
2019,43514200,13.78615899
2020,43514200,12.57481673
2019,43514300,1.202850872
2020,43514300,1.35287387
2019,43515100,0
2020,43515100,0
2019,43515200,0
2020,43515200,0
2019,43515300,0
2020,43515300,0
2019,43515400,0
2020,43515400,0
2019,43516100,11.21466519
2020,43516100,10.33438818
2019,43517100,1.803053297
2020,43517100,1.514467543
2019,43517200,0.540188882
2020,43517200,0.271496674
2019,43517300,4.228066524
2020,43517300,4.08825404
2019,43518100,9.157424194
2020,43518100,7.410227979
2019,43518200,1.144278755
2020,43518200,1.15412401
2019,43518300,0.575669401
2020,43518300,0.286037573
2019,43519100,0.671892223
2020,43519100,3.897000652
2019,43519200,3.822068964
2020,43519200,3.755385293
2019,43520100,3.761829853
2020,43520100,3.268010302
2019,43520200,1.985919265
2020,43520200,2.35802755
2019,43521100,1.856009686
2020,43521100,1.565325211
2019,43521200,2.684104514
2020,43521200,2.245827085
2019,43521300,3.943041509
2020,43521300,3.593769587
2019,43522100,0.103537559
2020,43522100,1.607499275
2019,43522200,0
2020,43522200,0
2019,43522300,5.016309367
2020,43522300,6.517897205
2019,43523100,0.90542158
2020,43523100,1.013519823
2019,43523200,3.13624903
2020,43523200,4.350223569
2019,43523300,5.477173546
2020,43523300,4.485946832
2019,43524100,2.137886033
2020,43524100,1.763315464
2019,43524200,14.06876725
2020,43524200,13.57166548
2019,43525100,11.8674103
2020,43525100,11.54575131
2019,43525200,1.708541906
2020,43525200,1.415981923
2019,43525300,1.36509073
2020,43525300,1.425525678
2019,43525400,8.121108718
2020,43525400,7.8815099
2019,43525500,9.167426606
2020,43525500,9.31723852
2019,43525600,2.166660584
2020,43525600,2.208223207
2019,43526100,4.779645677
2020,43526100,4.307857032
2019,43526200,10.03869903
2020,43526200,10.06169389
2019,43527100,0.001189264
2020,43527100,0.067812698
2019,43527200,40.7167293
2020,43527200,41.14303437
2019,43527300,10.19142897
2020,43527300,9.532381546
2019,43527400,0.074801912
2020,43527400,0.063288957
2019,43527500,6.64037138
2020,43527500,6.376839539
2019,43528100,10.08902924
2020,43528100,8.827715314
2019,43528200,21.09304998
2020,43528200,19.98530468
2019,43528300,8.74828778
2020,43528300,7.957839259
2019,43529100,1.040317219
2020,43529100,0.971548077
2019,43529200,11.81865247
2020,43529200,10.02231076
2019,43530100,15.08615367
2020,43530100,14.19487234
2019,43530200,2.052759666
2020,43530200,1.934550293
2019,43530300,20.55845908
2020,43530300,23.55776544
2019,43531100,41.58283667
2020,43531100,41.58380237
2019,43531200,13.67710073
2020,43531200,13.69715928
2019,43532100,12.51125257
2020,43532100,12.99554766
2019,43532200,16.47004444
2020,43532200,15.94825721
2019,43533100,0.152298948
2020,43533100,0.141597141
2019,43533200,0.261451926
2020,43533200,0.262698641
2019,43533300,3.029053635
2020,43533300,2.967079089
2019,43533400,5.643163421
2020,43533400,4.901544738
2019,43534100,11.13494769
2020,43534100,13.47160378
2019,43534200,23.76882312
2020,43534200,25.41059562
2019,43535100,1.044670571
2020,43535100,0.823876146
2019,43536100,2.939029554
2020,43536100,3.335249686
2019,43536200,0.093242274
2020,43536200,0.093242274
2019,43537100,1.634361815
2020,43537100,1.814047707
2019,43538100,5.667328632
2020,43538100,4.695625633
2019,43538200,9.670697982
2020,43538200,10.01723369
2019,43538300,21.82301493
2020,43538300,21.09827477
2019,43539100,17.44985283
2020,43539100,16.91466971
2019,43539200,5.033309756
2020,43539200,4.51487157
2019,43540100,2.698668034
2020,43540100,2.606233923
2019,43540200,3.365203054
2020,43540200,2.981078377
2019,43540300,0.001151296
2020,43540300,0.080407661
2019,43540400,3.352495789
2020,43540400,3.604088452
2019,43540500,5.398870085
2020,43540500,6.0107593
2019,43541100,0.958734578
2020,43541100,0.873517894
2019,43541200,21.43886207
2020,43541200,21.94650563
2019,43541300,17.71262023
2020,43541300,18.54619957
2019,43542100,48.66898214
2020,43542100,48.37207989
2019,43543100,24.67049733
2020,43543100,26.65610879
2019,43544100,27.026174
2020,43544100,26.63127597
2019,43544200,10.04448767
2020,43544200,10.33707848
2019,43545100,6.208470211
2020,43545100,4.895693132
2019,43545200,23.76719942
2020,43545200,29.52355788
2019,43546100,2.564745133
2020,43546100,2.460346284
2019,43546200,3.447105719
2020,43546200,2.513630672
2019,43546300,3.824322184
2020,43546300,3.657201221
2019,43547100,29.91614011
2020,43547100,27.82621236
2019,43547200,32.99062939
2020,43547200,30.86409903
2019,43548100,30.29934503
2020,43548100,28.4085433
2019,43548200,13.70864748
2020,43548200,13.55458503
2019,43549100,14.7506285
2020,43549100,13.80532641
2019,43549200,20.56315936
2020,43549200,21.66910099
2019,43549300,27.59005799
2020,43549300,27.26803667
2019,43550100,31.0261836
2020,43550100,29.7161643
2019,43550200,9.216834885
2020,43550200,10.39696131
2019,43550300,5.422797052
2020,43550300,4.772894457
2019,43551100,8.868331793
2020,43551100,8.368219113
2019,43551200,58.37818602
2020,43551200,64.19154214
2019,43551300,1.240090549
2020,43551300,1.438415574
2019,43552100,0
2020,43552100,0
2019,43552200,2.725326875
2020,43552200,2.762577185
2019,43552300,4.085564508
2020,43552300,4.190426758
2019,43552400,1.07254581
2020,43552400,1.027408069
2019,43552500,2.82827625
2020,43552500,2.571599997
2019,43552600,2.000106663
2020,43552600,1.596330341
2019,43553100,23.15665383
2020,43553100,22.13087264
2019,43553200,27.78913865
2020,43553200,26.41634139
2019,43553300,35.55043144
2020,43553300,41.09675125
2019,43554100,4.452487026
2020,43554100,4.276535945
2019,43554200,0.383249723
2020,43554200,0.555342605
2019,43554300,7.773127631
2020,43554300,6.58605663
2019,43555100,12.46783329
2020,43555100,11.36472203
2019,43556100,13.99417652
2020,43556100,14.82751046
2019,43556200,28.03240138
2020,43556200,26.30927545
2019,43556300,31.48588217
2020,43556300,31.49897723
2019,43556400,20.12342585
2020,43556400,20.35826968
2019,43556500,0
2020,43556500,0
2019,43557100,30.72850113
2020,43557100,29.61052222
2019,43557200,34.76166769
2020,43557200,34.83994317
2019,43558100,33.48500527
2020,43558100,32.77402006
2019,43558200,0
2020,43558200,0
2019,43558300,40.89231756
2020,43558300,38.2606761
2019,43559100,23.26554153
2020,43559100,23.27944627
2019,43559200,23.53562434
2020,43559200,21.69239624
2019,43560100,54.93071081
2020,43560100,55.46775211
2019,43561100,41.69593373
2020,43561100,40.48791533
2019,43561200,24.85419388
2020,43561200,24.14037536
2019,43562100,69.89522986
2020,43562100,68.18213921
2019,43562200,44.61413079
2020,43562200,41.71494443
2019,43563100,0.163993278
2020,43563100,0.163993278
2019,43563200,25.50123417
2020,43563200,25.71922675
2019,43563300,6.121417448
2020,43563300,5.488844575
2019,43563400,0
2020,43563400,0
2019,43563500,3.006501674
2020,43563500,2.548671079
2019,43564100,24.88116828
2020,43564100,23.97907344
2019,43564200,87.82210422
2020,43564200,86.58320994
2019,43565100,11.80007637
2020,43565100,12.65645517
2019,43565200,4.787356593
2020,43565200,4.461722716
2019,43565300,1.479300541
2020,43565300,0.803285783
2019,43565400,0.228099055
2020,43565400,0.196177688
2019,43565500,0.059867822
2020,43565500,0.048354867
2019,43566100,5.728366053
2020,43566100,5.575360162
2019,43566200,9.138676161
2020,43566200,10.38435784
2019,43566300,4.581625288
2020,43566300,4.252636407
2019,43566400,12.5498836
2020,43566400,11.46725422
2019,43566500,0.544845787
2020,43566500,0.499364381
2019,43566600,3.933072439
2020,43566600,3.968774698
2019,43566700,0.447498062
2020,43566700,0.737534979
2019,43566800,1.245900754
2020,43566800,1.085907033
2019,43566900,0.163814874
2020,43566900,0.266855542
2019,43567100,12.7426504
2020,43567100,12.50096556
2019,43567200,0.898026452
2020,43567200,0.844539167
2019,43567300,0.542253857
2020,43567300,0.4220169
2019,43567400,0.2946221
2020,43567400,0.295773395
2019,43567500,0.404617328
2020,43567500,0.606992379
2019,43567600,0
2020,43567600,0
2019,43567700,1.110692966
2020,43567700,0.937074372
2019,43567800,1.249031628
2020,43567800,1.396168419
2019,43568100,35.94076945
2020,43568100,33.48735694
2019,43568200,2.165843433
2020,43568200,2.439244782
2019,43568300,25.38986195
2020,43568300,22.75952233
2019,43568400,42.05630382
2020,43568400,42.0472552
2019,43568500,5.712764214
2020,43568500,5.45132297
2019,43569100,51.58474069
2020,43569100,49.89573779
2019,43569200,69.64173938
2020,43569200,69.5401687
2019,43570100,5.983199839
2020,43570100,6.652425107
2019,43570200,26.30215671
2020,43570200,31.7022807
2019,43571100,0.009728916
2020,43571100,0.099056134
2019,43571200,64.85942906
2020,43571200,63.46513574
2019,43571300,18.04684221
2020,43571300,17.96125437
2019,43571400,60.24679251
2020,43571400,58.51537613
2019,43571500,0
2020,43571500,0
2019,43572100,1.91711272
2020,43572100,7.148399571
2019,43572200,0
2020,43572200,0
2019,43572300,0.858058342
2020,43572300,0.742488751
2019,43572400,0
2020,43572400,0
2019,43572500,19.37821584
2020,43572500,16.56078943
2019,43573100,29.45139391
2020,43573100,32.06654677
2019,43573200,49.55332536
2020,43573200,49.04907276
2019,43574100,44.22607843
2020,43574100,47.00783927
2019,43574200,13.70780793
2020,43574200,12.51210148
2019,43575100,0.502890586
2020,43575100,0.471779221
2019,43575200,11.08574728
2020,43575200,11.88280784
2019,43575300,0
2020,43575300,0
2019,43575400,6.866236273
2020,43575400,6.862580158
2019,43576100,0.486772018
2020,43576100,0.486772018
2019,43576200,0.512855394
2020,43576200,0.418774034
2019,43576300,1.409955285
2020,43576300,1.812164966
2019,43576400,0
2020,43576400,0
2019,43576500,0.099056134
2020,43576500,0.099056134
2019,43577100,19.19087983
2020,43577100,18.91747716
2019,43577200,0.199106051
2020,43577200,0.199106051
2019,43577300,0.011512956
2020,43577300,0.011512956
2019,43577400,13.0055701
2020,43577400,12.92896947
2019,43577500,11.52137747
2020,43577500,10.25687386
2019,43577600,1.049778595
2020,43577600,1.095824051
2019,43577700,0.314740701
2020,43577700,0.330832906
2019,43577800,1.731180267
2020,43577800,1.67247056
2019,43577900,2.743683199
2020,43577900,2.706621224
2019,43578100,0.427426258
2020,43578100,0.513163737
2019,43578200,1.724282123
2020,43578200,1.98667713
2019,43578300,0
2020,43578300,0
2019,43578400,10.85237462
2020,43578400,9.091021325
2019,43578500,1.639733756
2020,43578500,1.601082522
2019,43578600,0.146593706
2020,43578600,0.146593706
2019,43578700,3.837031215
2020,43578700,3.165089216
2019,43578800,0.201408642
2020,43578800,0.201408642
2019,43578900,0.263049412
2020,43578900,0.263049412
2019,43579100,8.829286084
2020,43579100,8.825254742
2019,43579200,1.662011637
2020,43579200,1.640479078
2019,43579300,0.199106051
2020,43579300,0.199106051
2019,43580100,0
2020,43580100,0
2019,43580200,0.319217142
2020,43580200,0.382506099
2019,43580300,0.227862507
2020,43580300,0.163496387
2019,43580400,5.667813877
2020,43580400,5.736160454
2019,43580500,7.802421043
2020,43580500,8.183446973
2019,43580600,0
2020,43580600,0
2019,43580700,90.25648288
2020,43580700,88.05156796
2019,43580800,0.431784239
2020,43580800,0.439862874
2019,43580900,1.460229349
2020,43580900,1.484931512
2019,43581100,0.724089924
2020,43581100,0.61425827
2019,43581200,4.358722022
2020,43581200,5.102488169
2019,43581300,0.464546229
2020,43581300,0.313901614
2019,43581400,0.869828278
2020,43581400,0.869828278
2019,43581500,0.063288957
2020,43581500,0.063288957
2019,43581600,0.118499279
2020,43581600,0.281341261
2019,43581700,3.501254763
2020,43581700,3.476121794
2019,43582100,0
2020,43582100,0
2019,43583100,2.172718257
2020,43583100,2.131053204
2019,43583200,7.862951624
2020,43583200,8.830054807
2019,43583300,32.94622196
2020,43583300,35.71670347
2019,43583400,3.181911337
2020,43583400,3.149072226
2019,43583500,2.736532142
2020,43583500,2.790035201
2019,43584100,0
2020,43584100,0
2019,43585100,5.205504187
2020,43585100,4.670784015
2019,43586100,0
2020,43586100,0
2019,43587100,6.588472197
2020,43587100,7.971135734
2019,43587200,0.162841982
2020,43587200,0
2019,43588100,1.839677342
2020,43588100,1.298856845
2019,43589100,11.60045881
2020,43589100,11.49749825
2019,43590100,26.71474649
2020,43590100,25.44170112
2019,43591100,26.02533151
2020,43591100,25.4231247
2019,43592100,36.52009223
2020,43592100,35.7167082
2019,43593100,28.61915415
2020,43593100,28.03559298
2019,43594100,6.025424808
2020,43594100,9.289177845
2019,43595100,0.125503136
2020,43595100,0.149038736
2019,43596100,0.718862683
2020,43596100,0.817690343
2019,43596200,3.073390031
2020,43596200,2.759298155
2019,43596300,1.195404532
2020,43596300,0.972495108
2019,43597100,1.266808705
2020,43597100,1.405279681
2019,43597200,1.462878916
2020,43597200,1.632831396
2019,43597300,0
2020,43597300,0
2019,53598100,16.93647705
2020,53598100,17.36171352
2019,53598200,86.28746859
2020,53598200,89.87703213
2019,53599100,24.77992058
2020,53599100,25.01602016
2019,53600100,38.97603722
2020,53600100,36.98868592
2019,53600200,4.412167098
2020,53600200,2.306638218
2019,53601100,37.43365582
2020,53601100,38.53518075
2019,53601200,19.95394258
2020,53601200,20.78177426
2019,53602100,57.31747068
2020,53602100,58.49160737
2019,53603100,35.21037338
2020,53603100,36.2346206
2019,53603200,0.696780331
2020,53603200,1.205730591
2019,53603300,22.78163936
2020,53603300,23.35919476
2019,53604100,1.898689025
2020,53604100,1.713324896
2019,53604200,18.94591963
2020,53604200,17.73974417
2019,53604300,20.11797535
2020,53604300,19.36026562
2019,53604400,0
2020,53604400,0
2019,53604500,0.178362371
2020,53604500,0.219345762
2019,53604600,7.442326759
2020,53604600,7.681459095
2019,53604700,19.69915963
2020,53604700,20.85458168
2019,53604800,0.216604696
2020,53604800,0.49575649
2019,53605100,39.52974959
2020,53605100,39.22735355
2019,53605200,20.43369732
2020,53605200,19.42600245
2019,53606100,25.10945879
2020,53606100,25.28234271
2019,53606200,0.143908498
2020,53606200,0.033348003
2019,53607100,11.48703572
2020,53607100,12.95733517
2019,53607200,0.108162831
2020,53607200,0.170915839
2019,53607300,18.25054935
2020,53607300,17.94269947
2019,53608100,3.815028937
2020,53608100,4.23366629
2019,53608200,1.071979882
2020,53608200,1.122456529
2019,53608300,43.62653071
2020,53608300,43.43900008
2019,53608400,44.08091262
2020,53608400,40.92359821
2019,53609100,83.07576426
2020,53609100,87.42324978
2019,53609200,35.11474243
2020,53609200,34.81157506
2019,53610100,50.03884111
2020,53610100,44.55632961
2019,53610200,41.24835551
2020,53610200,41.31172348
2019,53610300,5.653925743
2020,53610300,5.218888181
2019,53610400,0.220250444
2020,53610400,0.121612851
2019,53611100,21.2903795
2020,53611100,19.86114789
2019,53611200,20.07180256
2020,53611200,17.85338747
2019,53611300,22.30966726
2020,53611300,20.40833394
2019,53611400,41.96360793
2020,53611400,36.97697046
2019,53612100,18.72796052
2020,53612100,17.85629652
2019,53612200,35.01047866
2020,53612200,37.43876067
2019,53612300,25.05562443
2020,53612300,25.03058117
2019,53612400,49.5383037
2020,53612400,50.77126965
2019,53612500,18.03872444
2020,53612500,18.2250814
2019,53613100,8.765813367
2020,53613100,8.501142521
2019,53613200,0.12081517
2020,53613200,0.278650188
2019,53613300,28.31976638
2020,53613300,27.73362865
2019,53613400,0
2020,53613400,0
2019,53613500,0
2020,53613500,0
2019,53613600,0
2020,53613600,0
2019,53614100,0.011116001
2020,53614100,0.095453124
2019,53614200,9.847342351
2020,53614200,10.67431633
2019,53614300,74.22554743
2020,53614300,64.50960986
2019,53614400,22.43135137
2020,53614400,23.88659729
2019,53614500,43.09349035
2020,53614500,46.2641481
2019,53615100,0
2020,53615100,0
2019,53615200,0
2020,53615200,0
2019,53615300,0.385190391
2020,53615300,0.442057619
2019,53615400,0
2020,53615400,0.55911247
2019,53615500,0.148849619
2020,53615500,0.190906248
2019,53616100,6.019060537
2020,53616100,8.314384686
2019,53616200,16.91489496
2020,53616200,32.1964265
2019,53616300,10.47452696
2020,53616300,9.311682332
2019,53616400,19.73865431
2020,53616400,17.72015907
2019,53616500,0
2020,53616500,0
2019,53616600,0
2020,53616600,8.465496439
2019,53616700,24.17843639
2020,53616700,21.70120128
2019,53617100,17.5662596
2020,53617100,19.43136979
2019,53617200,8.78658274
2020,53617200,10.45349027
2019,53617300,24.70783224
2020,53617300,24.34375487
2019,53617400,14.82027765
2020,53617400,12.49218407
2019,53618100,12.74574794
2020,53618100,12.59908172
2019,53618200,13.6083647
2020,53618200,13.78701536
2019,53618300,31.47574135
2020,53618300,28.45381861
2019,53618400,25.1359177
2020,53618400,23.11617543
2019,53619100,23.97378298
2020,53619100,20.98267672
2019,53619200,15.2360926
2020,53619200,13.97381953
2019,53619300,39.3773733
2020,53619300,36.99465847
2019,53619400,34.9256383
2020,53619400,30.82901787
2019,53620100,8.917790565
2020,53620100,8.905664254
2019,53620200,24.67896677
2020,53620200,22.38075844
2019,53620300,0.545939401
2020,53620300,1.452011954
2019,53621100,0.003301323
2020,53621100,1.178218541
2019,53621200,13.78248708
2020,53621200,13.43419498
2019,53621300,5.638279981
2020,53621300,8.003087095
2019,53621400,26.13011568
2020,53621400,26.32755114
2019,53621500,24.47433304
2020,53621500,23.73138466
2019,53621600,17.62881894
2020,53621600,16.86106277
2019,53622100,50.98976696
2020,53622100,48.48051529
2019,53622200,9.90286722
2020,53622200,11.77983327
2019,53622300,37.87296031
2020,53622300,29.37822641
2019,53622400,16.57838394
2020,53622400,16.97866142
2019,53622500,29.64959656
2020,53622500,27.48562587
2019,53623100,1.033856429
2020,53623100,1.187741995
2019,53623200,13.56467742
2020,53623200,12.80835908
2019,53623300,22.96481011
2020,53623300,23.88257631
2019,53624100,56.00953875
2020,53624100,56.67331706
2019,53624200,33.86875911
2020,53624200,35.10598698
2019,53624300,29.46171108
2020,53624300,29.00561739
2019,53625100,0
2020,53625100,0.218633777
2019,53625200,15.03510917
2020,53625200,14.87804119
2019,53625300,0.392298428
2020,53625300,0.402461637
2019,53625400,0.516337539
2020,53625400,1.234049496
2019,53626100,67.31635677
2020,53626100,67.30311855
2019,53627100,48.77286699
2020,53627100,48.24262329
2019,53627200,30.22595056
2020,53627200,30.19548189
2019,53627300,65.46910858
2020,53627300,66.38158276
2019,53628100,31.91807268
2020,53628100,32.72173007
2019,53628200,31.75235065
2020,53628200,30.2669657
2019,53629100,16.79394087
2020,53629100,16.44182498
2019,53629200,24.77962883
2020,53629200,26.57523027
2019,53629300,10.12644121
2020,53629300,9.507084755
2019,53630100,0.086115175
2020,53630100,0.026721983
2019,53630200,31.60927067
2020,53630200,32.88592614
2019,53631100,28.09681886
2020,53631100,26.31597591
2019,53631200,11.88752302
2020,53631200,10.07313171
2019,53631300,17.05033667
2020,53631300,15.31558413
2019,53632100,28.41200779
2020,53632100,26.43797676
2019,53632200,10.46239911
2020,53632200,9.630389942
2019,53632300,10.95864882
2020,53632300,10.64732524
2019,53633100,76.49937768
2020,53633100,67.25759745
2019,53634100,22.02818985
2020,53634100,21.1979859
2019,53634200,14.61324065
2020,53634200,14.3529042
2019,53634300,20.60861267
2020,53634300,23.54075564
2019,53634400,48.27775335
2020,53634400,46.50743512
2019,53635100,33.77853325
2020,53635100,34.74083637
2019,53635200,0.549881247
2020,53635200,1.163585725
2019,53635300,0
2020,53635300,0
2019,53635400,13.1646178
2020,53635400,12.03656397
2019,53635500,1.142149238
2020,53635500,0.843162497
2019,53636100,28.72542021
2020,53636100,27.43253426
2019,53636200,17.64030001
2020,53636200,17.00279567
2019,53636300,32.32418424
2020,53636300,32.53599556
2019,53637100,8.239868202
2020,53637100,7.705866708
2019,53637200,18.32044855
2020,53637200,18.31374728
2019,53637300,19.48740615
2020,53637300,18.31927533
2019,53638100,19.56833581
2020,53638100,21.29435149
2019,53638200,27.58836306
2020,53638200,27.95502223
2019,53638300,33.91167475
2020,53638300,32.89495161
2019,53638400,41.09124073
2020,53638400,41.09136163
2019,53639100,20.9625137
2020,53639100,20.35997791
2019,53639200,11.01107476
2020,53639200,10.67513566
2019,53640100,60.34655343
2020,53640100,56.98471491
2019,53640200,29.70425308
2020,53640200,30.52373232
2019,53640300,29.44902864
2020,53640300,29.25038918
2019,53640400,42.1697668
2020,53640400,40.31341307
2019,53641100,34.93339695
2020,53641100,33.93796734
2019,53641200,32.54542782
2020,53641200,33.59902616
2019,53642100,12.35393476
2020,53642100,11.55985755
2019,53642200,9.125858727
2020,53642200,8.40988008
2019,53643100,22.19763274
2020,53643100,20.57421394
2019,53643200,36.5227098
2020,53643200,36.08093895
2019,53643300,7.92997358
2020,53643300,9.600336712
2019,53644100,56.90873015
2020,53644100,54.96654031
2019,53644200,48.09522766
2020,53644200,47.66533359
2019,53644300,21.22200722
2020,53644300,20.97304281
2019,53644400,14.78647994
2020,53644400,18.5563671
2019,53645100,10.87878344
2020,53645100,10.6199761
2019,53645200,11.31892798
2020,53645200,11.08767602
2019,53645300,14.72145644
2020,53645300,13.0287271
2019,53645400,12.10424474
2020,53645400,12.59198413
2019,53646100,20.82506345
2020,53646100,20.90455566
2019,53646200,25.23800544
2020,53646200,23.45105391
2019,53647100,3.42851087
2020,53647100,3.433269486
2019,53647200,19.91697543
2020,53647200,19.81796241
2019,53647300,4.433837023
2020,53647300,4.932278177
2019,53647400,50.6701794
2020,53647400,51.18386018
2019,53647500,14.35419122
2020,53647500,13.76642561
2019,53647600,36.41774329
2020,53647600,33.36923433
2019,53647700,32.8078286
2020,53647700,30.27705048
2019,53648100,32.54581551
2020,53648100,31.96964494
2019,53648200,21.06540955
2020,53648200,19.98748887
2019,53648300,15.96861184
2020,53648300,16.59111471
2019,53648400,3.98267614
2020,53648400,3.242427233
2019,53649100,2.781833319
2020,53649100,3.352680989
2019,53649200,0.800488071
2020,53649200,0.792043811
2019,53649300,16.09480198
2020,53649300,16.30493846
2019,53649400,1.620879671
2020,53649400,1.849303828
2019,53650100,18.49290379
2020,53650100,19.1147342
2019,53650200,12.23278426
2020,53650200,11.22005769
2019,53650300,7.271960081
2020,53650300,6.363547292
2019,53650400,32.1514584
2020,53650400,30.99320577
2019,53650500,8.276381109
2020,53650500,8.250261524
2019,53650600,4.301566422
2020,53650600,4.261951131
2019,53651100,30.7973804
2020,53651100,29.33320029
2019,53651200,34.5636467
2020,53651200,33.94201352
2019,53651300,36.36878709
2020,53651300,35.69162603
2019,53652100,1.45669474
2020,53652100,1.61815961
2019,53652200,0.422984393
2020,53652200,1.600533013
2019,53652300,0.693588164
2020,53652300,1.566693755
2019,53652400,0.650529818
2020,53652400,2.02306378
2019,53652500,0.659855375
2020,53652500,1.603867071
2019,53652600,0.255123093
2020,53652600,0.954515168
2019,53652700,0.047969499
2020,53652700,0.617021683
2019,53653100,0.48291908
2020,53653100,2.370039748
2019,53653200,1.546347679
2020,53653200,3.062406188
2019,53653300,0.09086913
2020,53653300,0.25326315
2019,53653400,1.074674139
2020,53653400,0.855060469
2019,53654100,31.09505582
2020,53654100,29.90775758
2019,53654200,27.25798144
2020,53654200,25.8218527
2019,53655100,11.15622323
2020,53655100,10.13575588
2019,53655200,0.658624496
2020,53655200,0.880350428
2019,53655300,1.077164041
2020,53655300,1.277113743
2019,53656100,12.9856624
2020,53656100,11.60089232
2019,53656200,9.872210293
2020,53656200,9.704634354
2019,53656300,48.48109297
2020,53656300,41.72243194
2019,53657100,72.62873378
2020,53657100,65.65594527
2019,53657200,57.88224817
2020,53657200,53.74903744
2019,53657300,31.98864296
2020,53657300,32.57037913
2019,53657400,41.35758081
2020,53657400,27.81151235
2019,53657500,0.086115175
2020,53657500,0.619274313
2019,53657600,0.412348231
2020,53657600,0.664641899
2019,53658100,0
2020,53658100,0
2019,53658200,0.093611169
2020,53658200,0.093611169
2019,53659100,32.74565322
2020,53659100,32.59667183
2019,53659200,41.70095133
2020,53659200,40.4179775
2019,53659300,7.274512551
2020,53659300,7.505688437
2019,53659400,54.5944361
2020,53659400,53.20266415
2019,53659500,44.88432588
2020,53659500,45.67816123
2019,53659600,13.4421353
2020,53659600,13.47835042
2019,53660100,44.77050455
2020,53660100,45.25052192
2019,53660200,48.4756791
2020,53660200,46.57732278
2019,53660300,27.90621006
2020,53660300,25.90917102
2019,53661100,40.15404574
2020,53661100,40.8797065
2019,53661200,29.9642779
2020,53661200,28.41830755
2019,53661300,20.82877495
2020,53661300,20.51043185
2019,53661400,67.96962672
2020,53661400,65.96745132
2019,53661500,26.29997823
2020,53661500,24.57502919
2019,53662100,3.297437517
2020,53662100,3.88556372
2019,53662200,0.240545512
2020,53662200,0.240545512
2019,53662300,0
2020,53662300,0
2019,53662400,0
2020,53662400,0
2019,53662500,0.167788102
2020,53662500,0.167788102
2019,53662600,1.804072959
2020,53662600,1.752821607
2019,53663100,0
2020,53663100,0
2019,53663200,0
2020,53663200,0
2019,53663300,0
2020,53663300,0
2019,53663400,0.164466595
2020,53663400,0.423071164
2019,53663500,10.8486451
2020,53663500,10.46132073
2019,53663600,9.02688119
2020,53663600,14.59206357
2019,53664100,52.64713954
2020,53664100,54.61594389
2019,53664200,29.41876978
2020,53664200,32.05441078
2019,53664300,9.893781543
2020,53664300,11.52478573
2019,53665100,13.4402425
2020,53665100,13.86806789
2019,53665200,23.49366918
2020,53665200,22.11320181
2019,53666100,17.72794423
2020,53666100,16.21503277
2019,53666200,15.31738507
2020,53666200,14.35463891
2019,53666300,23.88737808
2020,53666300,21.87240672
2019,53666400,9.240107984
2020,53666400,8.427140858
2019,53666500,14.2091568
2020,53666500,12.25129128
2019,53666600,19.10974322
2020,53666600,18.4467116
2019,53666700,1.373827016
2020,53666700,2.028528352
2019,53666800,3.749681962
2020,53666800,3.72426772
2019,53667100,0.428779673
2020,53667100,2.033381319
2019,53667200,28.61132642
2020,53667200,28.04141081
2019,53667300,1.026410274
2020,53667300,3.882683968
2019,53667400,1.753297146
2020,53667400,4.485570862
2019,53668100,36.36406944
2020,53668100,37.5236788
2019,53668200,43.36888924
2020,53668200,40.8496086
2019,53668300,30.32708067
2020,53668300,31.72310549
2019,53668400,25.43257094
2020,53668400,22.70263983
2019,53669100,0.60655822
2020,53669100,1.539011855
2019,53669200,0.827374118
2020,53669200,3.455580788
2019,53669300,0
2020,53669300,0.192412915
2019,53669400,0
2020,53669400,0
2019,53669500,0.044458128
2020,53669500,0.258345524
2019,53669600,0
2020,53669600,0
2019,53669700,0.223132523
2020,53669700,1.245868506
2019,53670100,6.411522059
2020,53670100,6.711741875
2019,53670200,32.84716308
2020,53670200,33.37504579
2019,53670300,34.49791493
2020,53670300,35.27979907
2019,53671100,0.971432085
2020,53671100,2.104732989
2019,53671200,21.1369838
2020,53671200,16.58055228
2019,53672100,1.624926352
2020,53672100,0.335177522
2019,53672200,0.099468021
2020,53672200,0.902688878
2019,53672300,0.127529568
2020,53672300,0.270991234
2019,53672400,0
2020,53672400,0
2019,53672500,1.263829083
2020,53672500,1.232409093
2019,53673100,0
2020,53673100,0
2019,53673200,0
2020,53673200,0
2019,53673300,0
2020,53673300,0
2019,53673400,0
2020,53673400,0
2019,53673500,0
2020,53673500,0
2019,53674100,20.14749526
2020,53674100,20.2557365
2019,53674200,14.81899461
2020,53674200,14.57400259
2019,53674300,62.79752292
2020,53674300,61.99019111
2019,53675100,14.52727686
2020,53675100,14.79435005
2019,53675200,52.8525253
2020,53675200,53.01742978
2019,53675300,0
2020,53675300,0
2019,53675400,0
2020,53675400,0
2019,53675500,0.147089026
2020,53675500,0.542761114
2019,53675600,0
2020,53675600,0
2019,53676100,27.10159216
2020,53676100,27.25381749
2019,53676200,24.59567968
2020,53676200,23.41614459
2019,53676300,20.33497966
2020,53676300,20.41099556
2019,53676400,13.97783476
2020,53676400,12.72205216
2019,53676500,8.362492288
2020,53676500,8.194714435
2019,53677100,33.83841363
2020,53677100,34.15526861
2019,53677200,40.74657684
2020,53677200,36.83604152
2019,53677300,21.63181361
2020,53677300,21.99257531
2019,53677400,22.52945606
2020,53677400,23.67702742
2019,53678100,18.24247653
2020,53678100,17.6005326
2019,53678200,66.09865958
2020,53678200,64.91898868
2019,53678300,33.86444676
2020,53678300,33.17504565
2019,53679100,8.122214213
2020,53679100,7.679059717
2019,53679200,73.15487354
2020,53679200,52.30483833
2019,53679300,0.303256568
2020,53679300,0.458541263
2019,53680100,2.200844135
2020,53680100,1.424760319
2019,53680200,0.640548296
2020,53680200,1.22424243
2019,53680300,0.26382449
2020,53680300,0.466346373
2019,53680400,0.095453124
2020,53680400,0.095453124
2019,53681100,55.11841205
2020,53681100,54.64356879
2019,53681200,33.34258062
2020,53681200,33.25593307
2019,53681300,26.22102295
2020,53681300,26.34458183
2019,53681400,27.11468031
2020,53681400,30.65437698
2019,53682100,5.50828313
2020,53682100,7.854546533
2019,53682200,0.27693692
2020,53682200,1.912822127
2019,53682300,34.64488009
2020,53682300,47.32371169
2019,53683100,45.19265099
2020,53683100,44.32655394
2019,53683200,54.78533574
2020,53683200,47.4352478
2019,53683300,25.75799747
2020,53683300,25.38436286
2019,53683400,2.693827642
2020,53683400,2.389018801
2019,53683500,0.552801579
2020,53683500,2.6404331
2019,53683600,4.202449553
2020,53683600,5.214464107
2019,53683700,1.07205664
2020,53683700,0.904681334
2019,53683800,13.28122926
2020,53683800,14.62140728
2019,53683900,12.15406549
2020,53683900,10.6680038
2019,53684100,39.28988181
2020,53684100,35.9941015
2019,53684200,53.54188291
2020,53684200,49.33453035
2019,53684300,40.95146986
2020,53684300,39.01071116
2019,53685100,0.167788102
2020,53685100,0.167788102
2019,53685200,0
2020,53685200,0
2019,53685300,0
2020,53685300,0
2019,53686100,0
2020,53686100,0
2019,53686200,0
2020,53686200,0
2019,53686300,0.09704683
2020,53686300,0.09704683
2019,53687100,0
2020,53687100,0
2019,53687200,0.202022248
2020,53687200,0.657911115
2019,53687300,0
2020,53687300,0
2019,53687400,0.149131013
2020,53687400,0.128254711
2019,53687500,0
2020,53687500,0
2019,53687600,0
2020,53687600,0
2019,53687700,0
2020,53687700,0
2019,53687800,0
2020,53687800,0
2019,53687900,0
2020,53687900,0
2019,53688100,16.59535288
2020,53688100,17.61836235
2019,53688200,38.22243491
2020,53688200,38.08973592
2019,53689100,3.69778773
2020,53689100,4.800519605
2019,53689200,55.16892998
2020,53689200,53.10183452
2019,53689300,73.65124511
2020,53689300,74.00281002
2019,53689400,0.215533045
2020,53689400,4.28560418
2019,53690100,23.27929056
2020,53690100,34.07572316
2019,53690200,0
2020,53690200,0.770826811
2019,53691100,17.10517456
2020,53691100,17.19709734
2019,53691200,6.51023718
2020,53691200,6.618423477
2019,53691300,52.72437875
2020,53691300,53.74457122
2019,53692100,0
2020,53692100,1.078172895
2019,53692200,0.044458128
2020,53692200,2.272883246
2019,53692300,0.0011116
2020,53692300,0.090466859
2019,53692400,0.095453124
2020,53692400,0.27964284
2019,53693100,29.32154873
2020,53693100,28.78195277
2019,53693200,59.06421075
2020,53693200,57.51061678
2019,53693300,37.04399695
2020,53693300,36.73290724
2019,53694100,0
2020,53694100,0
2019,53694200,0
2020,53694200,0
2019,53694300,0.253931482
2020,53694300,0.280237106
2019,53694400,0.329362979
2020,53694400,2.225995962
2019,53694500,0
2020,53694500,0.449642626
2019,53695100,94.93072398
2020,53695100,95.14590526
2019,53695200,23.08561953
2020,53695200,25.07757727
2019,53696100,0
2020,53696100,1.065252192
2019,53697100,43.33358068
2020,53697100,50.26312389
2019,53697200,29.60806142
2020,53697200,32.19724166
2019,53697300,44.24246092
2020,53697300,45.50658592
2019,53698100,0
2020,53698100,0
2019,53698200,0
2020,53698200,0
2019,53699100,0
2020,53699100,0
2019,53699200,0
2020,53699200,0
2019,53699300,0
2020,53699300,0
2019,53700100,0
2020,53700100,0
2019,53700200,0.095453124
2020,53700200,0.095453124
2019,53700300,0
2020,53700300,0
2019,53700400,0
2020,53700400,0
2019,53700500,0.146381435
2020,53700500,0.095453124
2019,53701100,21.45065025
2020,53701100,21.96543292
2019,53701200,59.02995906
2020,53701200,55.30004469
2019,53702100,42.88690419
2020,53702100,49.76807211
2019,53702200,0.044458128
2020,53702200,1.356825224
2019,53702300,0.09704683
2020,53702300,1.813610843
2019,53702400,0.751359139
2020,53702400,1.447691627
2019,53703100,51.88957931
2020,53703100,54.5052499
2019,53703200,46.97294747
2020,53703200,46.91434923
2019,53703300,48.30985805
2020,53703300,45.93097602
2019,53703400,1.433870257
2020,53703400,6.911165003
2019,53704100,0.076251486
2020,53704100,0.322826202
2019,53704200,0
2020,53704200,0
2019,53704300,0
2020,53704300,0
2019,53704400,0
2020,53704400,0
2019,53705100,20.34473585
2020,53705100,20.01857281
2019,53705200,18.34619613
2020,53705200,17.27946183
2019,53706100,2.908195945
2020,53706100,3.443026145
2019,53706200,0.07498061
2020,53706200,0.09086913
2019,53706300,0
2020,53706300,0
2019,53707100,27.44999939
2020,53707100,28.94937458
2019,53708100,35.43667151
2020,53708100,32.17577201
2019,53708200,39.83917081
2020,53708200,37.85144552
2019,53709100,21.01310191
2020,53709100,20.71628003
2019,53709200,23.75764569
2020,53709200,23.58197414
2019,53710100,59.59957094
2020,53710100,57.75641751
2019,53710200,13.47009505
2020,53710200,12.68474099
2019,53710300,70.97105241
2020,53710300,68.96326415
2019,53710400,0
2020,53710400,0.433532519
2019,53711100,0.679538228
2020,53711100,0.531189543
2019,53711200,1.843439688
2020,53711200,1.611758215
2019,53712100,62.03045376
2020,53712100,59.5410447
2019,53712200,35.47356181
2020,53712200,34.43582511
2019,53713100,0
2020,53713100,0.001593706
2019,53713200,3.841247887
2020,53713200,3.637217692
2019,53714100,47.33593039
2020,53714100,43.43858293
2019,53714200,19.57676382
2020,53714200,19.91702583
2019,53714300,55.93641852
2020,53714300,52.6999586
2019,53715100,44.07482352
2020,53715100,42.53383678
2019,53715200,29.16237418
2020,53715200,27.15544473
2019,53715300,5.632084433
2020,53715300,5.44200736
2019,53716100,65.99258086
2020,53716100,65.10540417
2019,53716200,53.00295777
2020,53716200,71.7137603
2019,53716300,36.23074364
2020,53716300,34.69412483
2019,53716400,2.107594591
2020,53716400,3.510312965
2019,53717100,29.52673164
2020,53717100,28.45262988
2019,53717200,52.66825659
2020,53717200,54.15094719
2019,53717300,62.11503494
2020,53717300,60.36619149
2019,53718100,0
2020,53718100,0.001593706
2019,53718200,27.46916017
2020,53718200,24.84973861
2019,53718300,45.26927753
2020,53718300,43.35052821
2019,53718400,5.174944483
2020,53718400,6.660660387
2019,53719100,62.53801874
2020,53719100,62.35670372
2019,53719200,52.85594089
2020,53719200,52.88501986
2019,53719300,32.69174029
2020,53719300,31.06022064
2019,53719400,42.83654205
2020,53719400,41.56493067
2019,53719500,83.88402054
2020,53719500,82.3552864
2019,53720100,40.70981922
2020,53720100,38.69061202
2019,53720200,0
2020,53720200,1.54069634
2019,53720300,8.410186388
2020,53720300,8.231976643
2019,53720400,10.96305374
2020,53720400,11.17617912
2019,53720500,26.18182097
2020,53720500,25.77391319
2019,53720600,27.32373722
2020,53720600,27.64078067
2019,53721100,4.281373322
2020,53721100,3.41221941
2019,53721200,4.294362174
2020,53721200,3.732470779
2019,53721300,0
2020,53721300,0
2019,53722100,28.4051499
2020,53722100,26.0336554
2019,53722200,19.29936132
2020,53722200,19.39016168
2019,53722300,57.75668807
2020,53722300,55.34507924
2019,53723100,11.29399113
2020,53723100,10.64734471
2019,53723200,43.61143371
2020,53723200,40.408106
2019,53723300,64.8854737
2020,53723300,62.07120547
2019,53724100,1.968405456
2020,53724100,2.5560736
2019,53724200,12.85952973
2020,53724200,11.54818193
2019,53724300,6.989834363
2020,53724300,6.641688316
2019,53725100,19.16501243
2020,53725100,18.19531189
2019,53725200,65.5226523
2020,53725200,62.89897018
2019,53725300,20.54021248
2020,53725300,19.66818868
2019,53725400,35.39747048
2020,53725400,33.8364589
2019,53726100,37.72910824
2020,53726100,36.54084921
2019,53726200,34.67427119
2020,53726200,34.97600244
2019,53726300,17.93831991
2020,53726300,19.3838093
2019,53726400,29.47621592
2020,53726400,31.34679093
2019,53726500,77.61513845
2020,53726500,79.67751011
2019,53727100,22.3397599
2020,53727100,21.66083284
2019,53727200,38.34350812
2020,53727200,36.06717715
2019,53727300,6.10872751
2020,53727300,7.104326236
2019,53728100,22.87156453
2020,53728100,21.61001532
2019,53728200,80.0640222
2020,53728200,76.04298189
2019,53728300,16.27833388
2020,53728300,15.85063493
2019,53728400,9.58649644
2020,53728400,8.195802301
2019,53728500,20.76199393
2020,53728500,21.15226804
2019,53729100,4.096487866
2020,53729100,4.123629918
2019,53729200,3.387669928
2020,53729200,3.385038337
2019,53729300,25.64688222
2020,53729300,24.44908966
2019,53730100,35.29638235
2020,53730100,34.17550099
2019,53730200,10.27708732
2020,53730200,9.455977653
2019,53730300,16.15473486
2020,53730300,14.21454283
2019,53731100,27.60314278
2020,53731100,26.69742471
2019,53731200,44.74776543
2020,53731200,41.73226498
2019,53731300,22.88884537
2020,53731300,20.35883657
2019,53732100,20.61031427
2020,53732100,19.42072756
2019,53732200,28.089214
2020,53732200,27.13302205
2019,53732300,29.08607004
2020,53732300,27.33058994
2019,53733100,0.962840125
2020,53733100,0.814792021
2019,53733200,40.66337216
2020,53733200,37.6671522
2019,53733300,13.45562539
2020,53733300,12.7292448
2019,53733400,17.31836414
2020,53733400,17.72020529
2019,53733500,0.433846616
2020,53733500,0.433846616
2019,53734100,22.52757269
2020,53734100,19.96294312
2019,53734200,25.73203872
2020,53734200,24.19850789
2019,53734300,18.66376732
2020,53734300,17.97619662
2019,53734400,17.03153923
2020,53734400,16.91467709
2019,53735100,25.83101458
2020,53735100,24.94321178
2019,53735200,27.336064
2020,53735200,24.50810712
2019,53735300,19.79036905
2020,53735300,19.87696239
2019,53735400,0.181296914
2020,53735400,0.035340749
2019,53735500,0.25223138
2020,53735500,0.25223138
2019,53735600,20.90206903
2020,53735600,20.05646345
2019,53735700,14.66432692
2020,53735700,14.75807299
2019,53736100,47.25991853
2020,53736100,44.40448266
2019,53736200,46.0881346
2020,53736200,42.14203364
2019,53737100,22.20029124
2020,53737100,21.0299211
2019,53737200,30.85232026
2020,53737200,29.68005899
2019,53738100,24.29287789
2020,53738100,22.16642603
2019,53738200,58.22499835
2020,53738200,55.04546633
2019,53738300,62.52203746
2020,53738300,55.70488718
2019,53739100,16.5284719
2020,53739100,19.40251883
2019,53739200,79.87461635
2020,53739200,76.6533516
2019,53739300,0.073643352
2020,53739300,0.073643352
2019,53739400,0.501346232
2020,53739400,3.238432488
2019,53740100,18.92553149
2020,53740100,17.31371976
2019,53740200,79.26707449
2020,53740200,74.35670858
2019,53740300,3.397628692
2020,53740300,7.594984854
2019,53741100,18.40575572
2020,53741100,18.35833271
2019,53741200,7.85801414
2020,53741200,8.19145307
2019,53741300,4.751985933
2020,53741300,5.886140795
2019,53741400,0.40130142
2020,53741400,0.552570815
2019,53741500,0.086115175
2020,53741500,0.147389922
2019,53742100,2.657505985
2020,53742100,2.875023834
2019,53742200,34.47485283
2020,53742200,37.78746499
2019,53743100,4.577933648
2020,53743100,5.003673004
2019,53743200,1.668920358
2020,53743200,1.798157802
2019,53743300,0.044458128
2020,53743300,0
2019,53743400,57.71637822
2020,53743400,71.66743482
2019,53743500,3.541801468
2020,53743500,5.298332052
2019,53743600,1.921443534
2020,53743600,4.54955772
2019,53744100,44.23489155
2020,53744100,45.2552685
2019,53744200,30.60338118
2020,53744200,30.17605139
2019,53744300,31.56222477
2020,53744300,33.09455494
2019,53744400,23.00926852
2020,53744400,23.30219693
2019,53744500,42.90042704
2020,53744500,42.83120519
2019,53744600,10.07042677
2020,53744600,10.20574619
2019,53745100,32.88211353
2020,53745100,32.85241625
2019,53745200,17.38701561
2020,53745200,17.30528894
2019,53745300,24.4607475
2020,53745300,25.50645362
2019,53746100,10.76021831
2020,53746100,10.79059993
2019,53746200,15.11366982
2020,53746200,14.9696852
2019,53746300,10.67109974
2020,53746300,9.797523769
2019,53747100,0.147017589
2020,53747100,0.16584974
2019,53747200,0.446351767
2020,53747200,0.50471306
2019,53747300,3.00605491
2020,53747300,3.940818667
2019,53748100,46.65709354
2020,53748100,45.30206743
2019,53748200,33.25586861
2020,53748200,33.17195412
2019,53748300,9.08173388
2020,53748300,9.464204422
2019,53748400,24.18651924
2020,53748400,23.70191495
2019,53748500,60.54229366
2020,53748500,58.17654036
2019,53748600,6.744731591
2020,53748600,8.110950665
2019,53748700,0.073643352
2020,53748700,0.073643352
2019,53748800,12.24801912
2020,53748800,12.2567718
2019,53748900,0.467593313
2020,53748900,0.347311563
2019,53749100,0
2020,53749100,0
2019,53749200,49.584874
2020,53749200,49.94849348
2019,53749300,5.999857513
2020,53749300,6.182017969
2019,53750100,23.77325369
2020,53750100,21.63489353
2019,53750200,56.91497945
2020,53750200,54.24602876
2019,53750300,35.57087675
2020,53750300,34.13155635
2019,53751100,31.35166701
2020,53751100,32.33269632
2019,53751200,60.06098292
2020,53751200,57.56896197
2019,53751300,68.30195057
2020,53751300,68.29351373
2019,53752100,12.32857403
2020,53752100,12.31416911
2019,53752200,40.83894951
2020,53752200,40.25624713
2019,53752300,58.36732319
2020,53752300,56.77866449
2019,53753100,43.64139291
2020,53753100,46.23877468
2019,53753200,6.038578486
2020,53753200,6.142850953
2019,53753300,32.18345876
2020,53753300,33.86599132
2019,53753400,0.09704683
2020,53753400,0.09704683
2019,53754100,14.56784907
2020,53754100,13.97806392
2019,53754200,9.384290857
2020,53754200,9.333984182
2019,53754300,7.835757793
2020,53754300,7.88203362
2019,53754400,19.30267321
2020,53754400,18.11859474
2019,53755100,1.14175995
2020,53755100,0.788937573
2019,53755200,0.223707835
2020,53755200,0.223707835
2019,53756100,40.75802113
2020,53756100,40.60763571
2019,53756200,33.02216232
2020,53756200,33.59913075
2019,53757100,35.25062872
2020,53757100,35.63356978
2019,53757200,109.1871435
2020,53757200,107.1841774
2019,53757300,11.41984875
2020,53757300,11.31797962
2019,53757400,3.954566815
2020,53757400,6.548732837
2019,53757500,0.768897308
2020,53757500,0.667682824
2019,53758100,6.167905596
2020,53758100,6.270952137
2019,53758200,39.08825306
2020,53758200,37.66039396
2019,53759100,30.57196746
2020,53759100,29.13940587
2019,53759200,24.35459849
2020,53759200,23.00890694
2019,53759300,29.97279612
2020,53759300,30.24083864
2019,53759400,24.55190115
2020,53759400,23.7363119
2019,53759500,48.71584403
2020,53759500,49.70064634
2019,53759600,3.049039577
2020,53759600,3.360655784
2019,53759700,29.08489795
2020,53759700,26.35653242
2019,53760100,32.70097972
2020,53760100,31.41896884
2019,53760200,0.096564724
2020,53760200,0.096564724
2019,53760300,0.169322133
2020,53760300,0.045345464
2019,53761100,41.86529516
2020,53761100,37.88559849
2019,53761200,40.40340236
2020,53761200,35.97922471
2019,53761300,8.846224209
2020,53761300,7.87882252
2019,53762100,0.09086913
2020,53762100,0
2019,53763100,23.79300605
2020,53763100,23.02965376
2019,53763200,41.60114508
2020,53763200,38.52646609
2019,53763300,56.51545767
2020,53763300,52.81928543
2019,53764100,0.047969499
2020,53764100,0.047969499
2019,53764200,0.073869009
2020,53764200,0.069036916
2019,53764300,47.10762962
2020,53764300,46.4653582
2019,53764400,27.15096776
2020,53764400,27.37217925
2019,53764500,31.25522571
2020,53764500,31.53489494
2019,53764600,33.44928608
2020,53764600,31.6742726
2019,53764700,35.86655242
2020,53764700,35.93416106
2019,53764800,45.52551359
2020,53764800,45.65412306
2019,53764900,6.618391988
2020,53764900,7.056794308
2019,53765100,33.53674691
2020,53765100,33.9490571
2019,53765200,32.39158636
2020,53765200,30.89067477
2019,53766100,32.85222191
2020,53766100,34.76936994
2019,53766200,64.53615859
2020,53766200,60.03117125
2019,53766300,20.18142804
2020,53766300,19.50484055
2019,53767100,40.81775303
2020,53767100,37.86535437
2019,53767200,36.5806168
2020,53767200,36.12537759
2019,53767300,7.650038549
2020,53767300,8.128125689
2019,53768100,0.683798103
2020,53768100,0.53564339
2019,53768200,53.49265873
2020,53768200,52.96601731
2019,53768300,39.8771205
2020,53768300,38.73047236
2019,53769100,35.1915906
2020,53769100,33.18364803
2019,53769200,0.486473522
2020,53769200,0.764705353
2019,53769300,0.994536826
2020,53769300,1.381576572
2019,53769400,11.70095384
2020,53769400,12.09033705
2019,53770100,26.46690249
2020,53770100,25.34601628
2019,53770200,5.376333535
2020,53770200,3.713440564
2019,53770300,19.27841489
2020,53770300,14.13456278
2019,53771100,0
2020,53771100,0
2019,53771200,42.39173778
2020,53771200,42.29508456
2019,53771300,42.83684751
2020,53771300,42.20627543
2019,53772100,8.443799402
2020,53772100,6.288948392
2019,53772200,6.87638485
2020,53772200,6.884802654
2019,53773100,10.02609447
2020,53773100,10.18326344
2019,53773200,34.66383847
2020,53773200,32.89011656
2019,53774100,13.84252552
2020,53774100,14.18887442
2019,53774200,12.86284254
2020,53774200,13.57672416
2019,53774300,13.88072537
2020,53774300,13.68347661
2019,53774400,0.795113581
2020,53774400,0.886919812
2019,53774500,2.010043121
2020,53774500,2.070644007
2019,53775100,12.0367535
2020,53775100,11.51868562
2019,53775200,14.91683796
2020,53775200,15.22673951
2019,53775300,19.04562419
2020,53775300,17.04360538
2019,53775400,12.94396754
2020,53775400,12.03017103
2019,53776100,15.41563513
2020,53776100,15.11768997
2019,53776200,49.45941741
2020,53776200,47.21180735
2019,53777100,5.705603643
2020,53777100,5.849581648
2019,53778100,26.0683901
2020,53778100,24.89203675
2019,53778200,18.85330472
2020,53778200,17.77019494
2019,53778300,47.81954237
2020,53778300,47.19850305
2019,53778400,18.26504943
2020,53778400,18.69173067
2019,53779100,0.169322133
2020,53779100,0.169322133
2019,53779200,28.78917191
2020,53779200,25.15579083
2019,53779300,8.575476715
2020,53779300,8.286265419
2019,53780100,25.97559094
2020,53780100,23.91228668
2019,53780200,27.07185655
2020,53780200,25.65930901
2019,53780300,6.695213212
2020,53780300,9.205063966
2019,53781100,46.63643028
2020,53781100,45.15156091
2019,53782100,18.08835413
2020,53782100,17.99912239
2019,53782200,30.0887928
2020,53782200,28.90222171
2019,53782300,28.36956849
2020,53782300,27.24075828
2019,53783100,42.76121514
2020,53783100,40.22065293
2019,53783200,14.58367138
2020,53783200,15.06653313
2019,53784100,14.62838881
2020,53784100,14.66635571
2019,53784200,32.92834982
2020,53784200,31.82925301
2019,53784300,4.73544495
2020,53784300,4.864113549
2019,53784400,14.09683684
2020,53784400,13.9013537
2019,53784500,24.58727146
2020,53784500,22.48248328
2019,53784600,1.174357972
2020,53784600,0.859406354
2019,53784700,46.283836
2020,53784700,44.8736223
2019,53785100,25.82498919
2020,53785100,26.84223791
2019,53785200,0
2020,53785200,0
2019,53786100,26.00121664
2020,53786100,26.06902277
2019,53786200,35.36629624
2020,53786200,35.4612103
2019,53786300,22.37931326
2020,53786300,20.75365522
2019,53786400,36.61926145
2020,53786400,34.73374281
2019,53786500,47.84924909
2020,53786500,47.51405815
2019,53786600,52.52283571
2020,53786600,49.66520507
2019,53787100,11.11057438
2020,53787100,11.2481575
2019,53788100,11.49104461
2020,53788100,11.10740638
2019,53788200,20.73802981
2020,53788200,19.65259804
2019,53789100,35.3847643
2020,53789100,35.00095622
2019,53789200,5.702419269
2020,53789200,6.254050692
2019,53789300,8.850084029
2020,53789300,7.026787491
2019,53790100,0.16486737
2020,53790100,0.751832416
2019,53790200,6.366105768
2020,53790200,6.981536317
2019,53790300,0.0022232
2020,53790300,0.927707121
2019,53790400,0
2020,53790400,0.071223378
2019,53790500,0.11723211
2020,53790500,0.699571696
2019,53790600,0
2020,53790600,1.249550962
2019,53790700,0.11723211
2020,53790700,0.848587099
2019,53790800,1.384244255
2020,53790800,8.385076035
2019,53791100,26.00498118
2020,53791100,23.98246022
2019,53791200,48.95750594
2020,53791200,46.71658993
2019,53792100,45.40646733
2020,53792100,43.47807462
2019,53792200,7.841238071
2020,53792200,6.77004477
2019,53792300,31.07861545
2020,53792300,30.15205863
2019,53793100,13.5407381
2020,53793100,12.43037267
2019,53793200,45.70954133
2020,53793200,44.23575751
2019,53793300,24.62849816
2020,53793300,22.28837255
2019,53793400,12.07768702
2020,53793400,13.57173187
2019,53794100,66.80374569
2020,53794100,67.3005408
2019,53794200,19.58070249
2020,53794200,18.20389694
2019,53794300,38.43878631
2020,53794300,38.40584946
2019,53794400,0.165818494
2020,53794400,0.423038573
2019,53795100,3.405044863
2020,53795100,3.57872595
2019,53795200,3.528300485
2020,53795200,3.991032068
2019,53795300,0.72230967
2020,53795300,0.622818119
2019,53795400,0.071223378
2020,53795400,1.370065818
2019,53795500,0.209812059
2020,53795500,0.472707502
2019,53796100,0.69819591
2020,53796100,0.811471634
2019,53796200,0
2020,53796200,0
2019,53796300,0
2020,53796300,0
2019,53796400,0.362671943
2020,53796400,0.294779845
2019,53796500,1.644390932
2020,53796500,2.389678759
2019,53797100,0.452431529
2020,53797100,0.452431529
2019,53797200,0.073643352
2020,53797200,0.073643352
2019,53797300,0
2020,53797300,0
2019,53798100,13.34781508
2020,53798100,12.82324537
2019,53798200,21.44895044
2020,53798200,20.50444886
2019,53798300,5.328690289
2020,53798300,5.611060361
2019,53798400,27.97831129
2020,53798400,27.92284896
2019,53798500,19.53314882
2020,53798500,17.48788318
2019,53799100,15.32086148
2020,53799100,14.25440276
2019,53799200,16.56419914
2020,53799200,16.36087976
2019,53800100,17.10454397
2020,53800100,17.09472065
2019,53800200,5.92761131
2020,53800200,5.755681172
2019,53800300,8.422425603
2020,53800300,9.387164665
2019,53800400,29.24792471
2020,53800400,29.82818402
2019,53801100,21.79424203
2020,53801100,18.63664918
2019,53802100,9.053895992
2020,53802100,8.313213923
2019,53802200,12.75688958
2020,53802200,13.54320312
2019,53802300,11.59685841
2020,53802300,11.80317126
2019,53802400,13.85011764
2020,53802400,12.9470534
2019,53803100,7.689891169
2020,53803100,8.260136029
2019,53803200,8.014473271
2020,53803200,8.65071297
2019,53803300,7.095027617
2020,53803300,8.784191503
2019,53803400,23.04920506
2020,53803400,21.77918166
2019,53804100,1.889580339
2020,53804100,2.029346328
2019,53804200,6.153509108
2020,53804200,5.630740669
2019,53804300,4.95374263
2020,53804300,4.089718074
2019,53804400,38.38935382
2020,53804400,38.43980791
2019,53804500,0.610821938
2020,53804500,0.610821938
2019,53804600,7.629890239
2020,53804600,7.740904622
2019,53805100,23.82953421
2020,53805100,23.8362676
2019,53805200,6.001077083
2020,53805200,6.599229171
2019,53806100,6.558542022
2020,53806100,6.567876194
2019,53806200,6.0149224
2020,53806200,5.365742933
2019,53806300,0.044458128
2020,53806300,0.044458128
2019,53807100,0
2020,53807100,0
2019,53807200,0.190906248
2020,53807200,0.049081099
2019,53807300,0
2020,53807300,0
2019,53807400,0.147738019
2020,53807400,0.147738019
2019,53807500,0.044458128
2020,53807500,0.044458128
2019,53807600,0
2020,53807600,0
2019,53808100,6.474201958
2020,53808100,7.926528207
2019,53808200,5.102210298
2020,53808200,6.412407109
2019,53808300,30.2376606
2020,53808300,27.97396127
2019,53809100,18.88048782
2020,53809100,18.05686781
2019,53809200,8.550682527
2020,53809200,9.096091634
2019,53810100,18.58375976
2020,53810100,17.7117732
2019,53810200,29.15677645
2020,53810200,28.77582727
2019,53810300,9.147539544
2020,53810300,9.820215727
2019,53810400,5.412416431
2020,53810400,5.605432313
2019,53810500,15.06217121
2020,53810500,14.92515318
2019,53811100,9.198378863
2020,53811100,8.526917862
2019,53811200,86.18491761
2020,53811200,70.04454305
2019,53812100,50.72665163
2020,53812100,43.76635387
2019,53812200,67.33780312
2020,53812200,62.67750592
2019,53813100,58.61585905
2020,53813100,56.98999174
2019,53813200,19.64961603
2020,53813200,19.6682337
2019,53813300,20.03636337
2020,53813300,20.4856843
2019,53814100,4.109027136
2020,53814100,4.002475977
2019,53814200,13.33076357
2020,53814200,12.76266624
2019,53814300,20.08446518
2020,53814300,18.44129584
2019,53814400,6.781872842
2020,53814400,7.182606375
2019,53814500,6.912645628
2020,53814500,6.799924287
2019,53815100,20.10421326
2020,53815100,20.59107766
2019,53815200,46.83622223
2020,53815200,40.78551435
2019,53816100,32.58391872
2020,53816100,31.2360759
2019,53816200,33.3648598
2020,53816200,32.09125972
2019,53816300,40.32478397
2020,53816300,38.99923133
2019,53816400,20.97920074
2020,53816400,20.0089819
2019,53817100,19.07590285
2020,53817100,13.92216709
2019,53817200,46.5551049
2020,53817200,43.65297993
2019,53817300,1.119160305
2020,53817300,1.399539441
2019,53818100,0
2020,53818100,0.044458128
2019,53818200,0
2020,53818200,0
2019,53818300,0
2020,53818300,0
2019,53819100,26.13997598
2020,53819100,24.49400933
2019,53819200,4.461460739
2020,53819200,4.378629474
2019,53819300,10.00302959
2020,53819300,12.15610933
2019,53820100,58.49487915
2020,53820100,56.58789882
2019,53820200,42.08021916
2020,53820200,40.00073508
2019,53821100,54.95239888
2020,53821100,53.71392593
2019,53822100,2.216608848
2020,53822100,2.190054413
2019,53822200,31.18802708
2020,53822200,30.27301745
2019,53822300,0.071223378
2020,53822300,0.155727185
2019,53822400,22.37023128
2020,53822400,21.39980583
2019,53822500,26.36540365
2020,53822500,27.46557439
2019,53823100,27.66057382
2020,53823100,26.2286884
2019,53823200,11.30320959
2020,53823200,11.19755694
2019,53823300,3.227028726
2020,53823300,2.947939902
2019,53824100,6.93864274
2020,53824100,8.503375196
2019,53824200,0.527806757
2020,53824200,0.056664741
2019,53824300,0.028382366
2020,53824300,0.028382366
2019,53824400,0.086311355
2020,53824400,0.319261938
2019,53824500,0
2020,53824500,0
2019,53824600,0
2020,53824600,0
2019,53824700,19.83270907
2020,53824700,18.06577107
2019,53824800,1.307492637
2020,53824800,1.110305401
2019,53825100,0
2020,53825100,0.176984305
2019,53825200,0
2020,53825200,0
2019,53825300,0
2020,53825300,0
2019,53826100,0
2020,53826100,0
2019,53827100,0.152899106
2020,53827100,0.616226542
2019,53827200,11.32573992
2020,53827200,14.30725089
2019,53827300,1.080796675
2020,53827300,2.162645984
2019,53827400,3.620835838
2020,53827400,3.04468628
2019,53827500,56.27563221
2020,53827500,55.32306403
2019,53828100,21.3426698
2020,53828100,18.69205481
2019,53828200,12.01113329
2020,53828200,11.88619204
2019,53828300,12.01320514
2020,53828300,11.69100169
2019,53828400,10.32754972
2020,53828400,10.50136947
2019,53828500,40.05464292
2020,53828500,40.16570168
2019,53828600,14.98608675
2020,53828600,14.21031659
2019,53829100,19.41832394
2020,53829100,18.06586843
2019,53829200,11.16055866
2020,53829200,11.16313213
2019,53829300,6.922767983
2020,53829300,6.660979807
2019,53830100,0.77350307
2020,53830100,0.892558662
2019,53831100,25.85295506
2020,53831100,23.4043094
2019,53831200,23.96491294
2020,53831200,22.76203906
2019,53831300,46.96941282
2020,53831300,43.50301216
2019,53831400,0.288153954
2020,53831400,1.796229061
2019,53831500,6.481228395
2020,53831500,6.445137417
2019,53831600,0.049081099
2020,53831600,0
2019,53832100,18.59252466
2020,53832100,18.26722349
2019,53832200,4.632715476
2020,53832200,4.026376995
2019,53832300,11.05831308
2020,53832300,9.523648782
2019,53832400,21.61370481
2020,53832400,20.59497932
2019,53833100,25.07884042
2020,53833100,23.386632
2019,53833200,2.732747897
2020,53833200,2.66960716
2019,53834100,2.177884109
2020,53834100,1.9971533
2019,53834200,1.763242696
2020,53834200,1.555859803
2019,53834300,0
2020,53834300,0.838084658
2019,53834400,39.17079376
2020,53834400,36.4841598
2019,53834500,3.107955383
2020,53834500,2.846325471
2019,53834600,4.643448195
2020,53834600,4.440179184
2019,53834700,0
2020,53834700,0.203189528
2019,53835100,11.38590243
2020,53835100,12.11618654
2019,53835200,51.0717089
2020,53835200,51.62604561
2019,53835300,23.91271699
2020,53835300,26.76088616
2019,53835400,6.0044687
2020,53835400,6.110626834
2019,53835500,0.888031389
2020,53835500,1.218966199
2019,53835600,0.190215657
2020,53835600,0.334749662
2019,53835700,1.64284893
2020,53835700,1.859215949
2019,53836100,11.80836278
2020,53836100,11.7880059
2019,53836200,14.17041546
2020,53836200,14.2972757
2019,53836300,29.03147253
2020,53836300,29.65136291
2019,53836400,33.47099426
2020,53836400,33.25053346
2019,53837100,23.59603701
2020,53837100,22.90963902
2019,53837200,18.01989169
2020,53837200,16.91794289
2019,53837300,13.59226319
2020,53837300,12.10009769
2019,53838100,12.10028104
2020,53838100,11.81346657
2019,53838200,0.359525339
2020,53838200,0.267756608
2019,53838300,4.923231152
2020,53838300,5.019344993
2019,53838400,10.90520416
2020,53838400,11.52431634
2019,53838500,9.05994815
2020,53838500,9.777632538
2019,53838600,22.95426649
2020,53838600,24.48016369
2019,53839100,17.52197058
2020,53839100,16.54335113
2019,53839200,22.06549547
2020,53839200,19.49622555
2019,53839300,1.947424641
2020,53839300,2.448141652
2019,53840100,2.359945984
2020,53840100,2.372170821
2019,53840200,21.68275105
2020,53840200,21.28635131
2019,53840300,16.21513077
2020,53840300,15.72160363
2019,53840400,10.05262166
2020,53840400,9.511633281
2019,53841100,25.8789067
2020,53841100,25.62471243
2019,53841200,45.4254229
2020,53841200,44.48757674
2019,53841300,13.21952534
2020,53841300,13.31313766
2019,53841400,21.49003374
2020,53841400,19.88913842
2019,53842100,0.176524394
2020,53842100,0.41956911
2019,53842200,28.4385303
2020,53842200,25.80890628
2019,53842300,5.774193786
2020,53842300,6.558009055
2019,53842400,76.12115441
2020,53842400,72.94354526
2019,53842500,3.086579401
2020,53842500,3.197534544
2019,53843100,36.17298761
2020,53843100,36.92190381
2019,53843200,25.69231214
2020,53843200,25.68839617
2019,53844100,12.8004463
2020,53844100,11.88455592
2019,53844200,27.86458367
2020,53844200,29.56161411
2019,53845100,9.166260087
2020,53845100,9.18281934
2019,53845200,15.54450063
2020,53845200,14.77196112
2019,53845300,11.07430416
2020,53845300,10.08105515
2019,53845400,14.12072767
2020,53845400,13.21053224
2019,53845500,6.657933822
2020,53845500,6.4778878
2019,53845600,4.848986477
2020,53845600,8.174154143
2019,53846100,0
2020,53846100,0.549004526
2019,53846200,15.23536664
2020,53846200,14.75598393
2019,53847100,23.31429333
2020,53847100,23.68725627
2019,53847200,33.51550746
2020,53847200,31.17742277
2019,53848100,39.6844398
2020,53848100,38.22176365
2019,53848200,9.730142481
2020,53848200,10.12005045
2019,53848300,0.270378197
2020,53848300,3.955767197
2019,53849100,2.946619606
2020,53849100,3.054313701
2019,53849200,0.073869009
2020,53849200,0.0011116
2019,53849300,5.81667766
2020,53849300,5.959907588
2019,53849400,15.293691
2020,53849400,16.52507265
2019,53850100,11.22557072
2020,53850100,11.29243275
2019,53850200,16.84285449
2020,53850200,15.96313355
2019,53850300,4.306726196
2020,53850300,4.548119564
2019,53850400,28.5682263
2020,53850400,26.8278091
2019,53850500,27.3071505
2020,53850500,27.78301239
2019,53851100,19.54794402
2020,53851100,18.97392166
2019,53851200,28.04673308
2020,53851200,29.01640555
2019,53851300,54.54790064
2020,53851300,52.7313777
2019,53851400,21.4500596
2020,53851400,21.04524606
2019,53851500,0
2020,53851500,0
2019,53852100,23.52437485
2020,53852100,21.52264853
2019,53852200,31.55767609
2020,53852200,30.18585227
2019,53852300,20.767152
2020,53852300,19.28914769
2019,53852400,30.33823757
2020,53852400,29.91703195
2019,53853100,23.36457508
2020,53853100,23.65473048
2019,53853200,22.85790027
2020,53853200,20.90151708
2019,53853300,24.17980438
2020,53853300,23.37720382
2019,53854100,22.54524092
2020,53854100,20.99704252
2019,53854200,19.30962692
2020,53854200,18.96123205
2019,53855100,8.785147144
2020,53855100,8.442578111
2019,53855200,12.12587527
2020,53855200,11.66762874
2019,53856100,20.84018927
2020,53856100,21.0243191
2019,53856200,17.22421036
2020,53856200,16.99775957
2019,53856300,3.18175384
2020,53856300,3.780842819
2019,53856400,1.332190033
2020,53856400,1.444493476
2019,53857100,12.61051593
2020,53857100,11.88228667
2019,53857200,17.79301488
2020,53857200,14.98284201
2019,53857300,1.312709462
2020,53857300,1.189602963
2019,53858100,9.230735876
2020,53858100,8.947609172
2019,53858200,6.898897045
2020,53858200,5.986960826
2019,53859100,4.36584002
2020,53859100,3.743135571
2019,53859200,0.712412176
2020,53859200,1.409094652
2019,53860100,0
2020,53860100,0
2019,53860200,8.553447723
2020,53860200,6.853323922
2019,53860300,3.188863387
2020,53860300,3.198255931
2019,53861100,12.02590151
2020,53861100,11.43596488
2019,53861200,5.483301931
2020,53861200,4.946717014
2019,53861300,5.152077175
2020,53861300,5.05308841
2019,53861400,7.331728006
2020,53861400,6.912142077
2019,53862100,9.06692988
2020,53862100,8.095790438
2019,53862200,7.093698102
2020,53862200,5.878712871
2019,53862300,13.85803071
2020,53862300,12.55144913
2019,53862400,18.11461816
2020,53862400,15.78249951
2019,53863100,6.044758207
2020,53863100,6.72805416
2019,53864100,1.17569654
2020,53864100,1.431298087
2019,53864200,9.005383582
2020,53864200,8.110807228
2019,53864300,11.2842705
2020,53864300,10.38889488
2019,53864400,2.213346219
2020,53864400,2.344693957
2019,53864500,8.154082103
2020,53864500,6.543935938
2019,53865100,0.587331781
2020,53865100,0.631280476
2019,53866100,21.37961164
2020,53866100,19.29576279
2019,53866200,7.045666198
2020,53866200,6.21059696
2019,53866300,11.95774995
2020,53866300,10.82334177
2019,53866400,9.663146091
2020,53866400,9.624721954
2019,53866500,17.43743075
2020,53866500,15.60901647
2019,53867100,0
2020,53867100,0
2019,53868100,11.52941927
2020,53868100,9.957358285
2019,53868200,7.03592643
2020,53868200,6.466607389
2019,53868300,0.987742929
2020,53868300,1.281669421
2019,53868400,19.32373629
2020,53868400,16.70783799
2019,53868500,3.271665391
2020,53868500,3.191464836
2019,53869100,5.865469522
2020,53869100,5.928967269
2019,53870100,0.969527659
2020,53870100,1.442778116
2019,53871100,2.745168664
2020,53871100,2.104663591
2019,53871200,1.024367825
2020,53871200,0.904479725
2019,53871300,3.146921467
2020,53871300,3.040594647
2019,53871400,0.542319665
2020,53871400,1.088620596
2019,53871500,3.051433128
2020,53871500,3.033130671
2019,53871600,0.099744128
2020,53871600,0.054621337
2019,53871700,2.595830288
2020,53871700,2.602350133
2019,53872100,0.62324885
2020,53872100,0.850570389
2019,53872200,3.491981104
2020,53872200,3.210655182
2019,53872300,0.412577827
2020,53872300,0.418977102
2019,53873100,8.260730714
2020,53873100,7.436940013
2019,53874100,2.030247725
2020,53874100,1.977662193
2019,53874200,5.076081056
2020,53874200,4.761849551
2019,53874300,1.013659539
2020,53874300,0.948634019
2019,53874400,0.620538438
2020,53874400,0.707353648
2019,53874500,5.007953668
2020,53874500,4.511309292
2019,53875100,9.572030652
2020,53875100,8.165596994
2019,53875200,0
2020,53875200,0
2019,53876100,8.434705973
2020,53876100,7.584889106
2019,53876200,5.906546661
2020,53876200,5.390840574
2019,53876300,6.260229224
2020,53876300,5.706618001
2019,53876400,14.65242435
2020,53876400,13.23495376
2019,53876500,9.075672696
2020,53876500,8.630242181
2019,53876600,19.32914869
2020,53876600,17.62846887
2019,53876700,8.144386603
2020,53876700,6.776991789
2019,53876800,18.72278997
2020,53876800,16.68246125
2019,53876900,2.836705942
2020,53876900,3.387578146
2019,53877100,0.914968588
2020,53877100,1.053659319
2019,53878100,1.269756454
2020,53878100,1.648846181
2019,53878200,15.82785728
2020,53878200,14.34125984
2019,53879100,0.595931395
2020,53879100,0.713100986
2019,53879200,0.607886923
2020,53879200,0.639928133
2019,53879300,13.87097145
2020,53879300,13.28676265
2019,53880100,2.935935194
2020,53880100,3.143721473
2019,53880200,0.041672479
2020,53880200,0.033988916
2019,53881100,0.309341642
2020,53881100,0.279864425
2019,53881200,113.224796
2020,53881200,111.4007077
2019,53881300,0.31964275
2020,53881300,0.286525201
2019,53882100,0.011116001
2020,53882100,0.011116001
2019,53883100,0
2020,53883100,0
2019,53884100,1.939764172
2020,53884100,1.916587773
2019,53884200,2.500924603
2020,53884200,2.46771705
2019,53885100,0.151220108
2020,53885100,0.078944805
2019,53885200,0.796318736
2020,53885200,0.796318736
2019,53886100,0.267054049
2020,53886100,0.267054049
2019,53887100,11.41255678
2020,53887100,10.00431049
2019,53887200,27.54706961
2020,53887200,24.28327022
2019,53888100,20.05465048
2020,53888100,17.4633418
2019,53889100,3.339904095
2020,53889100,3.159645078
2019,53889200,4.252101301
2020,53889200,4.386935442
2019,53889300,0.007683563
2020,53889300,0.007683563
2019,53889400,4.239304984
2020,53889400,4.933358942
2019,53890100,0.500354383
2020,53890100,0.410633585
2019,53891100,2.662768528
2020,53891100,2.305059533
2019,53892100,5.379102988
2020,53892100,5.555271592
2019,53892200,31.27642279
2020,53892200,27.93797383
2019,53893100,6.566965397
2020,53893100,5.485295929
2019,53893200,10.42372161
2020,53893200,9.61099268
2019,53893300,15.6437319
2020,53893300,14.21352469
2019,53893400,17.12557446
2020,53893400,15.84002148
2019,53894100,18.85975787
2020,53894100,15.76914803
2019,53894200,13.65015907
2020,53894200,12.53206777
2019,53895100,20.86566165
2020,53895100,18.69751037
2019,53895200,0.727012146
2020,53895200,1.711715633
2019,53895300,26.27523532
2020,53895300,23.97228739
2019,53895400,0
2020,53895400,0
2019,53895500,0
2020,53895500,0.294465544
2019,53896100,6.516727745
2020,53896100,6.142411959
2019,53896200,11.06636731
2020,53896200,11.19191078
2019,53897100,0.044458128
2020,53897100,0.87618934
2019,53897200,0.375648192
2020,53897200,1.32732273
2019,53898100,72.53082946
2020,53898100,70.9584587
2019,53898200,1.976730426
2020,53898200,2.152053769
2019,53898300,11.53833693
2020,53898300,13.51719899
2019,53899100,39.99575473
2020,53899100,37.59735828
2019,53899200,122.9008778
2020,53899200,116.5547418
2019,53899300,103.3425415
2020,53899300,95.29686144
2019,53899400,0.895659928
2020,53899400,0.990424194
2019,53899500,0.09086913
2020,53899500,0.082909247
2019,53899600,0.071223378
2020,53899600,0.088184211
2019,53899700,9.801001001
2020,53899700,11.29890704
2019,53899800,1.45699044
2020,53899800,6.061958811
2019,53900100,13.80512656
2020,53900100,13.4634141
2019,53900200,15.00154943
2020,53900200,14.01616353
2019,53900300,21.68539521
2020,53900300,19.89490972
2019,53900400,10.09752785
2020,53900400,9.375054867
2019,53901100,3.144932803
2020,53901100,4.057466911
2019,53901200,5.394925014
2020,53901200,5.273461702
2019,53901300,7.69428157
2020,53901300,7.885784106
2019,53901400,0
2020,53901400,0.071223378
2019,53902100,3.693599758
2020,53902100,4.689196545
2019,53902200,0.326601471
2020,53902200,1.40990026
2019,53902300,6.666548432
2020,53902300,6.166732508
2019,53902400,0.469205259
2020,53902400,2.465306095
2019,53903100,18.51294623
2020,53903100,18.14495295
2019,53903200,4.249061379
2020,53903200,4.30202081
2019,53903300,28.05395589
2020,53903300,26.20822471
2019,53903400,17.99851363
2020,53903400,16.90851356
2019,53903500,15.21014826
2020,53903500,15.81876265
2019,53904100,0
2020,53904100,0.467972916
2019,53904200,0.232235887
2020,53904200,0.711009144
2019,53905100,0
2020,53905100,0.166676502
2019,53905200,0.071223378
2020,53905200,0.226637405
2019,53905300,0
2020,53905300,0.044458128
2019,53906100,1.614347626
2020,53906100,2.229454223
2019,53907100,9.799938282
2020,53907100,8.719518279
2019,53907200,12.99623203
2020,53907200,11.36025461
2019,53908100,0.148363593
2020,53908100,0.674204284
2019,53908200,6.14873478
2020,53908200,6.938770608
2019,53908300,9.473079622
2020,53908300,9.677569218
2019,53909100,0.016558774
2020,53909100,0.300036965
2019,53909200,0
2020,53909200,0.068308068
2019,53909300,0
2020,53909300,0.342088337
2019,53909400,0
2020,53909400,0.07609221
2019,53910100,29.94544296
2020,53910100,30.58022006
2019,53910200,49.96315058
2020,53910200,47.46203989
2019,53910300,10.47461833
2020,53910300,10.37769503
2019,53910400,34.28017991
2020,53910400,33.63340804
2019,53910500,7.860173692
2020,53910500,8.019188807
2019,53911100,23.61695913
2020,53911100,21.9284128
2019,53911200,64.53522445
2020,53911200,63.4904044
2019,53911300,39.63201393
2020,53911300,38.59078166
2019,53911400,61.14168971
2020,53911400,56.7241919
2019,53912100,0
2020,53912100,0
2019,53912200,0
2020,53912200,0
2019,53912300,0
2020,53912300,0
2019,53913100,5.812048696
2020,53913100,6.973541493
2019,53913200,91.99363459
2020,53913200,89.52834928
2019,53913300,50.77553587
2020,53913300,48.37865381
2019,53914100,0
2020,53914100,0.403625634
2019,53914200,6.219674633
2020,53914200,7.523025909
2019,53914300,14.46602091
2020,53914300,13.51877272
2019,53915100,0.751549065
2020,53915100,0.735294978
2019,53915200,39.87269033
2020,53915200,43.11352947
2019,53916100,22.13238796
2020,53916100,20.41048956
2019,53916200,51.36919762
2020,53916200,48.93912389
2019,53916300,50.96489484
2020,53916300,48.52907896
2019,53917100,0.07498061
2020,53917100,0.07498061
2019,53917200,0.866463498
2020,53917200,0.864085571
2019,53917300,0
2020,53917300,0
2019,53917400,0.053692295
2020,53917400,0.637119727
2019,53917500,0
2020,53917500,0
2019,53917600,0.603985602
2020,53917600,0.869529363
2019,53917700,0.112410733
2020,53917700,0.101294732
2019,53918100,22.90062753
2020,53918100,22.245712
2019,53918200,26.28931917
2020,53918200,24.55967884
2019,53918300,27.6417717
2020,53918300,26.36107253
2019,53919100,69.7438816
2020,53919100,65.96855128
2019,53919200,31.31421853
2020,53919200,27.76181251
2019,53920100,29.02236983
2020,53920100,28.46880669
2019,53920200,56.88652281
2020,53920200,53.58400513
2019,53921100,19.25709893
2020,53921100,20.32797712
2019,53921200,17.60584426
2020,53921200,16.78449525
2019,53921300,34.33858489
2020,53921300,35.479164
2019,53921400,13.20195183
2020,53921400,11.79157207
2019,53922100,0.092462836
2020,53922100,0.089375859
2019,53922200,22.64506443
2020,53922200,22.95037177
2019,53922300,1.711099263
2020,53922300,1.916069153
2019,53922400,10.58237142
2020,53922400,9.89697008
2019,53922500,37.9146063
2020,53922500,41.25092082
2019,53923100,41.19708382
2020,53923100,39.65860391
2019,53923200,58.21332726
2020,53923200,54.41938783
2019,53923300,30.52592641
2020,53923300,29.03507934
2019,53923400,24.64673467
2020,53923400,24.62079167
2019,53923500,0.09704683
2020,53923500,0.002233874
2019,53923600,0
2020,53923600,0.547614879
2019,53924100,28.60989395
2020,53924100,27.78085842
2019,53924200,41.05299894
2020,53924200,40.52913777
2019,53925100,38.69329381
2020,53925100,36.60881428
2019,53925200,0.073643352
2020,53925200,0.09086913
2019,53925300,0.87975115
2020,53925300,1.097344307
2019,53925400,47.82592235
2020,53925400,44.17607892
2019,53926100,28.73326451
2020,53926100,28.15898612
2019,53926200,13.84716599
2020,53926200,13.07948671
2019,53926300,22.59197534
2020,53926300,21.00523782
2019,53927100,0
2020,53927100,0
2019,53927200,9.481203944
2020,53927200,9.236929943
2019,53927300,21.51748469
2020,53927300,22.36769443
2019,53927400,26.432883
2020,53927400,26.24001681
2019,53927500,44.76544956
2020,53927500,43.00179192
2019,53928100,19.7844779
2020,53928100,20.13316604
2019,53928200,33.29930297
2020,53928200,33.22722249
2019,53928300,7.613259114
2020,53928300,7.769578489
2019,53929100,12.8244381
2020,53929100,12.69963761
2019,53929200,0
2020,53929200,0
2019,53929300,61.20341091
2020,53929300,59.64220469
2019,53929400,14.39283464
2020,53929400,13.42789848
2019,53929500,8.639933349
2020,53929500,8.451396139
2019,53929600,23.84288253
2020,53929600,22.64382569
2019,53930100,17.14969409
2020,53930100,17.05064618
2019,53930200,46.84189686
2020,53930200,46.33416402
2019,53931100,11.42837151
2020,53931100,11.27592073
2019,53931200,29.54890522
2020,53931200,28.529892
2019,53931300,11.71261761
2020,53931300,11.05582272
2019,53931400,0.987967178
2020,53931400,1.431044243
2019,53932100,45.70646365
2020,53932100,43.12125946
2019,53932200,33.43578935
2020,53932200,32.12681769
2019,53932300,21.18033923
2020,53932300,21.77092337
2019,53933100,16.24008381
2020,53933100,15.37407529
2019,53933200,11.42777209
2020,53933200,11.42881683
2019,53933300,45.92189062
2020,53933300,44.73269503
2019,53933400,27.44203612
2020,53933400,26.31701198
2019,53934100,23.19793116
2020,53934100,24.33349965
2019,53934200,21.11518355
2020,53934200,21.55411145
2019,53934300,23.79762813
2020,53934300,23.88138181
2019,53935100,1.131435544
2020,53935100,1.362048106
2019,53935200,0.694319697
2020,53935200,1.088711816
2019,53936100,41.30339498
2020,53936100,39.26707759
2019,53937100,18.3448917
2020,53937100,18.73206053
2019,53937200,0.220368797
2020,53937200,0.11723211
2019,53938100,2.01890316
2020,53938100,2.541569012
2019,53938200,0.190901387
2020,53938200,0.416539194
2019,53938300,1.429045483
2020,53938300,1.797888935
2019,53938400,1.058244466
2020,53938400,1.023121131
2019,53938500,0
2020,53938500,0.594555265
2019,53938600,0.498392898
2020,53938600,0.742894244
2019,53938700,0.07498061
2020,53938700,0.589709364
2019,53938800,0.07498061
2020,53938800,1.632502741
2019,53938900,0.059825254
2020,53938900,0.629240126
2019,53939100,18.74072209
2020,53939100,18.70989565
2019,53939200,1.398101533
2020,53939200,1.386153467
2019,53940100,0
2020,53940100,0
2019,53940200,20.1331613
2020,53940200,20.47632242
2019,53941100,28.94692844
2020,53941100,28.15834358
2019,53941200,39.39475575
2020,53941200,36.86516116
2019,53942100,49.30109295
2020,53942100,46.56041425
2019,53942200,27.77400866
2020,53942200,25.3834533
2019,53943100,16.16073409
2020,53943100,14.78381226
2019,53943200,20.00297747
2020,53943200,18.97332979
2019,53944100,1.174831504
2020,53944100,1.035971278
2019,53944200,3.8404226
2020,53944200,3.395523089
2019,53944300,1.025549017
2020,53944300,1.058378508
2019,53944400,0.892808827
2020,53944400,0.512895835
2019,53944500,1.201033556
2020,53944500,1.703722629
2019,53944600,1.099877913
2020,53944600,0.891833873
2019,53945100,4.477330674
2020,53945100,4.524826473
2019,53945200,13.7047495
2020,53945200,13.14499984
2019,53945300,0.115537637
2020,53945300,0.697305637
2019,53945400,7.194478554
2020,53945400,6.802405787
2019,53945500,5.321538565
2020,53945500,4.143373615
2019,53945600,0
2020,53945600,0
2019,53945700,0.895736799
2020,53945700,0.770126338
2019,53945800,0.472118111
2020,53945800,1.09434047
2019,53946100,46.6994831
2020,53946100,46.10763923
2019,53946200,43.19181366
2020,53946200,42.47101102
2019,53947100,30.52100155
2020,53947100,29.71517691
2019,53948100,16.0610976
2020,53948100,16.36415628
2019,53948200,25.81416161
2020,53948200,25.17904149
2019,53949100,2.467414323
2020,53949100,2.92097039
2019,53949200,8.875881761
2020,53949200,8.408338203
2019,53949300,79.26766513
2020,53949300,78.70624089
2019,53950100,18.45964801
2020,53950100,18.59081219
2019,53950200,10.14665875
2020,53950200,10.35841515
2019,53950300,0.561205425
2020,53950300,0.310398276
2019,53950400,24.95976822
2020,53950400,23.05151496
2019,53950500,25.21443526
2020,53950500,24.1460968
2019,53951100,32.92164094
2020,53951100,31.16061357
2019,53951200,0.291927313
2020,53951200,1.042857384
2019,53951300,36.17264345
2020,53951300,34.05301146
2019,53952100,9.066878632
2020,53952100,10.31665382
2019,53952200,7.40608191
2020,53952200,7.091573451
2019,53952300,12.36156603
2020,53952300,11.99795233
2019,53953100,5.523306196
2020,53953100,5.068126307
2019,53953200,18.71399267
2020,53953200,16.80162091
2019,53953300,10.22499905
2020,53953300,9.652575726
2019,53954100,50.73156808
2020,53954100,50.44972784
2019,53954200,36.58709551
2020,53954200,34.24399495
2019,53955100,28.94853216
2020,53955100,27.96983749
2019,53955200,36.02517925
2020,53955200,34.85008132
2019,53956100,1.535006512
2020,53956100,1.57834792
2019,53956200,0.90421332
2020,53956200,1.293740648
2019,53956300,5.654772452
2020,53956300,6.465850266
2019,53956400,0.381965125
2020,53956400,0.237995897
2019,53957100,0.129377682
2020,53957100,0.455859011
2019,53957200,4.179772518
2020,53957200,4.699233924
2019,53957300,0.183650836
2020,53957300,0.306349306
2019,53957400,0.26442862
2020,53957400,0.996941497
2019,53958100,11.51601325
2020,53958100,11.30234203
2019,53958200,1.637238347
2020,53958200,2.135527231
2019,53958300,24.33104589
2020,53958300,23.66389179
2019,53958400,24.39570656
2020,53958400,23.89974305
2019,53958500,7.285643746
2020,53958500,7.707206579
2019,53959100,6.422157571
2020,53959100,6.751403309
2019,53960100,11.39759248
2020,53960100,10.53198832
2019,53960200,5.554009428
2020,53960200,5.526101197
2019,53960300,1.480596567
2020,53960300,1.378797554
2019,53960400,36.50900462
2020,53960400,35.63387879
2019,53960500,11.59384685
2020,53960500,12.22381002
2019,53961100,3.232832984
2020,53961100,3.044258359
2019,53961200,3.608372814
2020,53961200,3.363416114
2019,53961300,15.26449468
2020,53961300,13.13094657
2019,53962100,0.937030702
2020,53962100,0.714182151
2019,53962200,28.01183631
2020,53962200,27.9678538
2019,53962300,19.50908067
2020,53962300,18.61913151
2019,53962400,0.095453124
2020,53962400,0.095453124
2019,53962500,0
2020,53962500,0
2019,53962600,0.732764178
2020,53962600,0.966620509
2019,53962700,5.774480377
2020,53962700,5.878370622
2019,53962800,8.407575084
2020,53962800,8.367926132
2019,53962900,0.239653613
2020,53962900,0.022232002
2019,53963100,0.724791568
2020,53963100,0.573599344
2019,53963200,1.515596824
2020,53963200,1.526669946
2019,53963300,1.443209031
2020,53963300,1.708061789
2019,53963400,3.197134682
2020,53963400,3.103086519
2019,53964100,0.370819951
2020,53964100,0.414086644
2019,53965100,18.91073633
2020,53965100,19.90123341
2019,53965200,0.375359614
2020,53965200,0.194002594
2019,53965300,7.73121042
2020,53965300,8.462194193
2019,53965400,0.575457972
2020,53965400,0.293487722
2019,53966100,8.269844967
2020,53966100,9.449812233
2019,53966200,5.273905644
2020,53966200,6.363972922
2019,53967100,9.32567758
2020,53967100,9.202135394
2019,53968100,3.742784942
2020,53968100,4.100478292
2019,53968200,4.479415635
2020,53968200,4.88082784
2019,53968300,10.07392517
2020,53968300,10.5693905
2019,53968400,0
2020,53968400,0
2019,53968500,0.011116001
2020,53968500,0.012186995
2019,53968600,0
2020,53968600,0.238829373
2019,53969100,12.12456441
2020,53969100,12.3804915
2019,53969200,9.044559396
2020,53969200,7.83300977
2019,53969300,1.579954108
2020,53969300,1.282127724
2019,53969400,12.62858552
2020,53969400,12.94942591
2019,53969500,12.32164169
2020,53969500,11.37176848
2019,53969600,4.466739409
2020,53969600,3.998714337
2019,53970100,6.480003853
2020,53970100,6.639679919
2019,53970200,4.66416901
2020,53970200,4.477381169
2019,53971100,17.34596759
2020,53971100,15.77688763
2019,53971200,0.586785912
2020,53971200,1.561140361
2019,53971300,30.02940506
2020,53971300,29.2544813
2019,53971400,17.8943095
2020,53971400,16.72285224
2019,53971500,28.48474913
2020,53971500,28.411071
2019,53971600,4.732618607
2020,53971600,4.938729479
2019,53972100,14.34735616
2020,53972100,13.83115491
2019,53972200,13.74661294
2020,53972200,12.23058441
2019,53972300,23.2333217
2020,53972300,21.20050483
2019,53972400,34.49479435
2020,53972400,33.44108916
2019,53972500,12.95392818
2020,53972500,15.81729922
2019,53972600,3.786472739
2020,53972600,4.180439443
2019,53972700,25.85427866
2020,53972700,25.80208233
2019,53972800,7.510901617
2020,53972800,7.525548759
2019,53972900,1.55133164
2020,53972900,1.087696289
2019,53973100,0.391953317
2020,53973100,0.550387969
2019,53973200,0.902988747
2020,53973200,0.860458291
2019,53974100,6.14800961
2020,53974100,5.719330737
2019,53974200,1.364049958
2020,53974200,1.242290014
2019,53974300,8.826604012
2020,53974300,8.010172163
2019,53974400,8.905238232
2020,53974400,7.396483342
2019,53975100,3.78823069
2020,53975100,3.661311294
2019,53975200,7.222653749
2020,53975200,7.546901984
2019,53975300,1.383333271
2020,53975300,0.920172998
2019,53975400,1.063740456
2020,53975400,1.644881417
2019,53975500,0.690659452
2020,53975500,0.88864193
2019,53976100,0.316715837
2020,53976100,0.423975637
2019,53976200,1.003695859
2020,53976200,1.115358781
2019,53976300,0.326297836
2020,53976300,1.08462265
2019,53977100,3.744895282
2020,53977100,4.62690115
2019,53977200,4.761436729
2020,53977200,4.6240149
2019,53978100,0.869924347
2020,53978100,0.924190103
2019,53979100,2.741671697
2020,53979100,2.746220708
2019,53980100,1.113478153
2020,53980100,1.261818788
2019,53980200,1.982602733
2020,53980200,1.946304665
2019,53980300,22.77811937
2020,53980300,22.17408512
2019,53980400,4.404591492
2020,53980400,4.233624026
2019,53981100,8.244650003
2020,53981100,7.766518441
2019,53981200,0.867034475
2020,53981200,0.831509183
2019,53981300,30.97674762
2020,53981300,30.84890759
2019,53981400,14.67552801
2020,53981400,13.20988412
2019,53982100,10.06033567
2020,53982100,9.412589722
2019,53982200,2.808843167
2020,53982200,2.63600842
2019,53982300,17.02525765
2020,53982300,15.97813014
2019,53982400,13.49011907
2020,53982400,11.70525521
2019,53982500,7.851845006
2020,53982500,7.16583705
2019,53982600,12.55742537
2020,53982600,12.7345477
2019,53983100,2.200409586
2020,53983100,2.376407378
2019,53983200,16.21313169
2020,53983200,15.99814454
2019,53984100,9.778984954
2020,53984100,9.73812747
2019,53984200,12.34797313
2020,53984200,12.79790159
2019,53984300,4.533916578
2020,53984300,4.593374063
2019,53984400,5.881088953
2020,53984400,5.735876407
2019,53984500,25.33259009
2020,53984500,23.10216324
2019,53984600,16.87399685
2020,53984600,15.92037156
2019,53985100,17.64824015
2020,53985100,17.44443976
2019,53985200,10.47368821
2020,53985200,9.26405149
2019,53986100,12.19729873
2020,53986100,10.34701833
2019,53986200,9.401212749
2020,53986200,8.843358129
2019,53986300,1.833840539
2020,53986300,1.254579591
2019,53986400,0.838371246
2020,53986400,1.078426072
2019,53986500,9.88471405
2020,53986500,9.998881165
2019,53987100,6.438567967
2020,53987100,6.026593161
2019,53987200,14.92988406
2020,53987200,13.82937531
2019,53987300,5.484127025
2020,53987300,6.758185707
2019,53987400,9.894960538
2020,53987400,9.331629824
2019,53988100,0
2020,53988100,0
2019,53989100,0.491836609
2020,53989100,0.452008723
2019,53989200,3.302094817
2020,53989200,3.098855701
2019,53989300,2.468172589
2020,53989300,2.779389421
2019,53989400,8.282405272
2020,53989400,8.143312888
2019,53989500,3.181921025
2020,53989500,2.973459872
2019,53989600,7.023936303
2020,53989600,6.375431316
2019,53990100,93.93431768
2020,53990100,91.49851755
2019,53991100,48.48720116
2020,53991100,46.35036761
2019,53991200,14.5054103
2020,53991200,15.19160509
2019,53992100,10.58959561
2020,53992100,11.09522741
2019,53992200,10.41811861
2020,53992200,10.03370241
2019,53992300,31.60619982
2020,53992300,31.05869414
2019,53992400,11.2808219
2020,53992400,11.13295824
2019,53992500,16.95317914
2020,53992500,16.74045921
2019,53992600,30.04449138
2020,53992600,29.73126179
2019,53993100,0.26303836
2020,53993100,0.410835236
2019,53993200,1.624160872
2020,53993200,1.581854104
2019,53993300,12.36096137
2020,53993300,11.86450662
2019,53993400,4.237824424
2020,53993400,4.649499081
2019,53993500,0.197632263
2020,53993500,0.442729036
2019,53993600,1.556220226
2020,53993600,1.637636328
2019,53994100,0.14704107
2020,53994100,0.293422505
2019,53995100,0.001593706
2020,53995100,0.001593706
2019,53995200,6.365439367
2020,53995200,6.178830087
2019,53995300,0.155588168
2020,53995300,0.095453124
2019,53996100,10.13561215
2020,53996100,10.66051221
2019,53997100,9.663559921
2020,53997100,9.45841807
2019,53997200,23.13535427
2020,53997200,22.03092722
2019,53997300,9.191894025
2020,53997300,9.529461363
2019,53998100,0
2020,53998100,0
2019,53999100,5.508610044
2020,53999100,4.951209166
2019,60001100,2.762120828
2020,60001100,2.48917514
2019,60001200,1.682302723
2020,60001200,1.666452936
2019,60001300,1.648910864
2020,60001300,1.406064797
2019,60002100,4.396922636
2020,60002100,3.686132287
2019,60002200,0.169642398
2020,60002200,0.187337839
2019,60002300,1.13242231
2020,60002300,0.936235895
2019,60003100,5.833000806
2020,60003100,6.260397538
2019,60003200,0.81463627
2020,60003200,0.171388714
2019,60003300,10.8096164
2020,60003300,10.14365763
2019,60003400,0
2020,60003400,0
2019,60003500,3.605430935
2020,60003500,2.853003427
2019,60003600,1.518609733
2020,60003600,1.420709787
2019,60004100,36.63300419
2020,60004100,32.91950428
2019,60004200,52.17851265
2020,60004200,50.34726277
2019,60004300,14.61484682
2020,60004300,14.14501663
2019,60005100,25.86228657
2020,60005100,22.81985827
2019,60005200,18.42398258
2020,60005200,17.36221425
2019,60006100,16.8573488
2020,60006100,16.734267
2019,60006200,9.827659736
2020,60006200,10.06970956
2019,60006300,2.233344548
2020,60006300,1.848738476
2019,60006400,0.685053998
2020,60006400,0.879540972
2019,60007100,17.00918358
2020,60007100,17.34388576
2019,60008100,36.69442702
2020,60008100,35.93301072
2019,60008200,16.07364942
2020,60008200,15.36716022
2019,60008300,35.59838414
2020,60008300,36.53398589
2019,60009100,13.92255721
2020,60009100,13.21981222
2019,60009200,8.534380434
2020,60009200,7.778632213
2019,60009300,23.57231013
2020,60009300,21.79272934
2019,60009400,13.66513938
2020,60009400,12.76292048
2019,60010100,15.48472908
2020,60010100,13.93955883
2019,60010200,13.45103029
2020,60010200,12.78228169
2019,60011100,5.064308992
2020,60011100,5.311836017
2019,60011200,6.65727007
2020,60011200,6.259273987
2019,60011300,13.35739746
2020,60011300,13.12827942
2019,60011400,6.266216067
2020,60011400,6.268681629
2019,60012100,3.919045764
2020,60012100,3.525019218
2019,60012200,7.075218527
2020,60012200,7.153849401
2019,60012300,0
2020,60012300,0
2019,60012400,5.884305518
2020,60012400,6.046964318
2019,60013100,9.025586388
2020,60013100,8.668610237
2019,60013200,3.278897669
2020,60013200,3.403479041
2019,60013300,17.40313369
2020,60013300,17.27866074
2019,60013400,1.193751555
2020,60013400,1.420809204
2019,60014100,2.75557832
2020,60014100,2.725342815
2019,60014200,0.993850183
2020,60014200,1.158238141
2019,60014300,3.269468261
2020,60014300,3.012352383
2019,60014400,8.681292432
2020,60014400,7.827910895
2019,60015100,5.070295485
2020,60015100,4.862803833
2019,60015200,10.6895916
2020,60015200,10.22016052
2019,60015300,9.698649177
2020,60015300,9.16880217
2019,60015400,12.64963378
2020,60015400,12.01104054
2019,60015500,6.078842452
2020,60015500,5.93633623
2019,60015600,15.08046975
2020,60015600,14.27751623
2019,60016100,6.65352042
2020,60016100,7.22779446
2019,60016200,10.01696336
2020,60016200,9.582515748
2019,60016300,4.065501808
2020,60016300,3.725834913
2019,60016400,4.23915661
2020,60016400,3.621190404
2019,60017100,0.086542233
2020,60017100,0.086542233
2019,60017200,2.276103963
2020,60017200,2.606316149
2019,60018100,4.378594223
2020,60018100,5.213254008
2019,60018200,18.79543997
2020,60018200,16.82352081
2019,60018300,13.05496276
2020,60018300,13.57679702
2019,60019100,2.241976721
2020,60019100,1.990878255
2019,60020100,0.092750519
2020,60020100,0.092750519
2019,60021100,2.727390544
2020,60021100,2.937427137
2019,60022100,11.6672673
2020,60022100,11.74602612
2019,60022200,7.135495469
2020,60022200,6.520303596
2019,60022300,7.764477792
2020,60022300,7.511616662
2019,60022400,0.611208994
2020,60022400,0.541986054
2019,60023100,4.960023123
2020,60023100,4.637539172
2019,60023200,9.777381257
2020,60023200,8.350063652
2019,60023300,2.539091821
2020,60023300,2.178415402
2019,60024100,0.286329315
2020,60024100,0.286329315
2019,60024200,25.03987675
2020,60024200,23.3486214
2019,60024300,0.873144479
2020,60024300,1.103012445
2019,60024400,1.010998163
2020,60024400,0.916869386
2019,60024500,2.466475912
2020,60024500,2.040262929
2019,60024600,0
2020,60024600,0
2019,60025100,25.50733427
2020,60025100,25.6567127
2019,60025200,34.47495542
2020,60025200,35.68989795
2019,60026100,0.117435008
2020,60026100,0.298364292
2019,60026200,0
2020,60026200,0
2019,60026300,0.191784771
2020,60026300,0.461965656
2019,60027100,15.0201877
2020,60027100,15.72219712
2019,60027200,32.35626401
2020,60027200,33.48243012
2019,60027300,5.221141518
2020,60027300,5.222208229
2019,60028100,15.32355595
2020,60028100,13.18373385
2019,60029100,6.67212212
2020,60029100,6.346261703
2019,60029200,0
2020,60029200,0
2019,60030100,14.56695485
2020,60030100,15.20464564
2019,60030200,0.291113247
2020,60030200,0.355148723
2019,60031100,0.218559678
2020,60031100,0.148502644
2019,60032100,12.68654321
2020,60032100,17.86157951
2019,60032200,6.319325866
2020,60032200,6.264592422
2019,60032300,19.5491979
2020,60032300,19.15919691
2019,60032400,1.798603002
2020,60032400,1.667864803
2019,60032500,2.324730309
2020,60032500,4.91004424
2019,60033100,21.26170792
2020,60033100,21.37287745
2019,60033200,6.224720139
2020,60033200,6.754953237
2019,60033300,18.96224982
2020,60033300,18.08006518
2019,60033400,5.655776185
2020,60033400,5.799480363
2019,60033500,0
2020,60033500,0
2019,60033600,0
2020,60033600,0
2019,60034100,24.82973012
2020,60034100,22.35993669
2019,60034200,4.097670987
2020,60034200,3.998659758
2019,60034300,1.609672672
2020,60034300,1.255032125
2019,60034400,10.80008631
2020,60034400,9.874316914
2019,60035100,8.367334595
2020,60035100,7.714316898
2019,60035200,1.524343124
2020,60035200,1.786091624
2019,60035300,2.472569998
2020,60035300,2.482897878
2019,60035400,1.852056721
2020,60035400,1.753302365
2019,60036100,23.67177678
2020,60036100,22.70384707
2019,60036200,4.678525901
2020,60036200,4.306615534
2019,60036300,8.448107259
2020,60036300,8.089504364
2019,60036400,3.876595694
2020,60036400,4.394463558
2019,60036500,3.258096175
2020,60036500,3.503650861
2019,60037100,16.6440991
2020,60037100,15.84163954
2019,60038100,10.73118244
2020,60038100,9.869179559
2019,60038200,15.92584481
2020,60038200,14.9384782
2019,60038300,7.863974798
2020,60038300,7.974574383
2019,60039100,22.60997895
2020,60039100,21.58787949
2019,60039200,1.725022063
2020,60039200,1.690018667
2019,60039300,0.087427532
2020,60039300,0.056632986
2019,60039400,11.75304158
2020,60039400,12.0720939
2019,60039500,16.64869087
2020,60039500,17.70734261
2019,60040100,13.88690931
2020,60040100,13.74173947
2019,60040200,10.63576445
2020,60040200,9.881165088
2019,60040300,8.660258076
2020,60040300,8.184469952
2019,60041100,21.59731824
2020,60041100,19.41653177
2019,60041200,31.33472919
2020,60041200,29.83268957
2019,60041300,10.62541799
2020,60041300,8.480609464
2019,60041400,0.416952296
2020,60041400,0.910014883
2019,60042100,9.877235917
2020,60042100,9.631879937
2019,60042200,13.52225612
2020,60042200,13.10457971
2019,60042300,33.72893197
2020,60042300,32.63192455
2019,60042400,2.992288063
2020,60042400,2.835402203
2019,60042500,11.14594877
2020,60042500,10.10501819
2019,60042600,11.14744921
2020,60042600,11.89304023
2019,60042700,0
2020,60042700,0
2019,60043100,0.155343327
2020,60043100,0.330410063
2019,60043200,26.332871
2020,60043200,25.34886847
2019,60044100,8.020961298
2020,60044100,7.521600915
2019,60045100,0.935990048
2020,60045100,1.27384364
2019,60045200,3.021424315
2020,60045200,2.590026643
2019,60045300,1.132458404
2020,60045300,1.319734862
2019,60046100,20.71614082
2020,60046100,19.49499567
2019,60046200,6.603465408
2020,60046200,6.564234992
2019,60047100,31.23360945
2020,60047100,30.6040487
2019,60047200,32.67489863
2020,60047200,32.73113195
2019,60047300,41.78891361
2020,60047300,39.3225493
2019,60047400,23.53278017
2020,60047400,23.61606285
2019,60048100,17.52427654
2020,60048100,17.78945098
2019,60048200,5.427049658
2020,60048200,5.492201444
2019,60048300,36.47793392
2020,60048300,34.78072636
2019,60049100,10.16691999
2020,60049100,9.556710497
2019,60049200,4.655529776
2020,60049200,4.462174273
2019,60049300,35.64928373
2020,60049300,33.79587745
2019,60049400,21.00453196
2020,60049400,21.08135202
2019,60049500,9.489470828
2020,60049500,8.944409838
2019,60050100,5.201401115
2020,60050100,4.391384779
2019,60050200,25.25382539
2020,60050200,23.40167894
2019,60050300,28.61653342
2020,60050300,28.75964476
2019,60051100,0.940751226
2020,60051100,0.90923874
2019,60051200,0.711165271
2020,60051200,0.9845635
2019,60051300,14.13392139
2020,60051300,13.58312224
2019,60051400,0.380927995
2020,60051400,0.55059929
2019,60051500,0.909858989
2020,60051500,0.772283655
2019,60051600,0.785464438
2020,60051600,1.055961296
2019,60052100,2.345356266
2020,60052100,2.327336884
2019,60052200,4.190119274
2020,60052200,3.982022671
2019,60053100,0.166418482
2020,60053100,0.391071017
2019,60054100,0.318363908
2020,60054100,0.130586806
2019,60055100,20.30992504
2020,60055100,19.37179446
2019,60055200,23.27811092
2020,60055200,20.42551145
2019,60055300,3.207778237
2020,60055300,3.103040511
2019,60056100,17.15145341
2020,60056100,15.78652385
2019,60056200,12.91202253
2020,60056200,11.57118311
2019,60057100,37.45897297
2020,60057100,36.452046
2019,60057200,25.76402485
2020,60057200,24.63891298
2019,60057300,20.68861159
2020,60057300,19.52983922
2019,60058100,12.23117092
2020,60058100,12.3571038
2019,60059100,16.96185994
2020,60059100,15.20413698
2019,60059200,50.23387686
2020,60059200,48.56900867
2019,60060100,0
2020,60060100,0
2019,60061100,40.45501539
2020,60061100,40.80316994
2019,60061200,0.949649552
2020,60061200,1.151301509
2019,60061300,0.092750519
2020,60061300,0.092750519
2019,60061400,0.072548283
2020,60061400,0.228119274
2019,60061500,0
2020,60061500,0
2019,60062100,4.02393884
2020,60062100,4.115854126
2019,60062200,12.79700395
2020,60062200,12.68224754
2019,60062300,28.9305617
2020,60062300,28.3604384
2019,60063100,33.24326698
2020,60063100,33.18687791
2019,60063200,23.16969524
2020,60063200,22.42362916
2019,60064100,39.3310647
2020,60064100,40.4042944
2019,60065100,39.74059015
2020,60065100,39.24673628
2019,60065200,19.69767977
2020,60065200,17.69347812
2019,60065300,25.43814682
2020,60065300,24.63579413
2019,60066100,19.37447007
2020,60066100,20.24970518
2019,60066200,19.72642998
2020,60066200,21.12046819
2019,60066300,22.33827089
2020,60066300,21.85710584
2019,60067100,37.32179747
2020,60067100,36.62286476
2019,60067200,40.4101013
2020,60067200,40.01623621
2019,60068100,12.75058406
2020,60068100,12.08788813
2019,60068200,19.20436169
2020,60068200,19.90350743
2019,60069100,17.44090535
2020,60069100,16.08865959
2019,60069200,42.69495087
2020,60069200,41.96559666
2019,60069300,29.38584835
2020,60069300,28.44980795
2019,60070100,11.88228378
2020,60070100,10.31322026
2019,60070200,18.78189132
2020,60070200,17.93347805
2019,60070300,13.58165801
2020,60070300,12.56070765
2019,60070400,18.30554059
2020,60070400,19.57171126
2019,60070500,0.017370497
2020,60070500,0.117720068
2019,60071100,18.48462141
2020,60071100,18.07710302
2019,60071200,20.07284276
2020,60071200,20.26627723
2019,60071300,19.46508217
2020,60071300,18.63363631
2019,60071400,14.3212778
2020,60071400,14.00528943
2019,60071500,16.75572599
2020,60071500,16.49128019
2019,60072100,31.85688318
2020,60072100,30.25210958
2019,60072200,31.84031396
2020,60072200,30.56124719
2019,60072300,38.62879238
2020,60072300,38.06386409
2019,60073100,44.0664795
2020,60073100,43.87917353
2019,60073200,25.44637205
2020,60073200,26.73386706
2019,60073300,22.28526595
2020,60073300,23.48064409
2019,60073400,8.282291949
2020,60073400,8.447650318
2019,60074100,100.9296979
2020,60074100,98.60621088
2019,60074200,22.57587823
2020,60074200,22.72639047
2019,60075100,6.630485473
2020,60075100,10.61457989
2019,60075200,48.62509118
2020,60075200,47.26280575
2019,60075300,0
2020,60075300,0.45024411
2019,60076100,32.10003059
2020,60076100,30.74678158
2019,60076200,21.88108581
2020,60076200,20.92701002
2019,60076300,11.21082852
2020,60076300,12.26698197
2019,60076400,12.52761172
2020,60076400,12.71365712
2019,60077100,4.727172624
2020,60077100,7.969622717
2019,60077200,8.477185409
2020,60077200,7.544952539
2019,60078100,17.76486601
2020,60078100,18.3694699
2019,60078200,35.28298663
2020,60078200,35.79784161
2019,60079100,31.66897898
2020,60079100,30.41111243
2019,60079200,26.787346
2020,60079200,27.02339875
2019,60080100,19.55921632
2020,60080100,20.34057283
2019,60080200,16.86333991
2020,60080200,16.59477191
2019,60080300,19.59817522
2020,60080300,19.33231774
2019,60080400,10.04490619
2020,60080400,9.960745381
2019,60081100,25.35045036
2020,60081100,25.0644712
2019,60081200,27.20668515
2020,60081200,26.95943182
2019,60082100,0
2020,60082100,0
2019,60082200,0
2020,60082200,0
2019,60082300,0.168660616
2020,60082300,0.33768181
2019,60083100,88.42847697
2020,60083100,87.09625944
2019,60083200,96.33517595
2020,60083200,89.53239459
2019,60084100,1.109747912
2020,60084100,0
2019,60084200,0.229619089
2020,60084200,0.229619089
2019,60084300,6.586268968
2020,60084300,10.71322273
2019,60084400,8.194273801
2020,60084400,8.6228699
2019,60085100,14.13053708
2020,60085100,13.89347905
2019,60085200,18.97868362
2020,60085200,18.24517103
2019,60085300,0
2020,60085300,0.135060911
2019,60086100,40.77256476
2020,60086100,41.41650148
2019,60086200,37.19381204
2020,60086200,38.01716318
2019,60086300,8.240722366
2020,60086300,7.017302352
2019,60087100,89.15828934
2020,60087100,88.46738577
2019,60087200,16.83753079
2020,60087200,16.70211085
2019,60088100,52.31308084
2020,60088100,52.84067631
2019,60089100,26.86267244
2020,60089100,25.12399915
2019,60089200,36.62846012
2020,60089200,35.44399335
2019,60089300,0
2020,60089300,0
2019,60089400,13.19379123
2020,60089400,12.12576008
2019,60089500,7.896811896
2020,60089500,7.477672776
2019,60090100,9.712160515
2020,60090100,9.473877684
2019,60090200,26.18051205
2020,60090200,25.91621356
2019,60090300,29.05575053
2020,60090300,27.51623551
2019,60090400,38.32135911
2020,60090400,38.76857676
2019,60091100,23.60395893
2020,60091100,24.1918978
2019,60091200,50.66299079
2020,60091200,48.52714379
2019,60091300,44.84803098
2020,60091300,43.26572595
2019,60091400,0.275469436
2020,60091400,0.268398854
2019,60091500,0.094755957
2020,60091500,0.136634369
2019,60092100,40.96207153
2020,60092100,40.95582204
2019,60092200,0.0329718
2020,60092200,0.345613545
2019,60092300,0
2020,60092300,0
2019,60092400,4.760812807
2020,60092400,4.54601935
2019,60092500,52.23926894
2020,60092500,50.7636247
2019,60092600,35.98331568
2020,60092600,34.9058164
2019,60093100,38.17753391
2020,60093100,37.72647298
2019,60093200,37.40632843
2020,60093200,35.99875168
2019,60094100,0.008511262
2020,60094100,0.010302846
2019,60094200,0.622403539
2020,60094200,0.530811084
2019,60094300,2.207940009
2020,60094300,2.214694852
2019,60094400,38.13911436
2020,60094400,36.05493178
2019,60095100,0.275469436
2020,60095100,0.315458639
2019,60095200,1.206725444
2020,60095200,1.089509711
2019,60096100,0
2020,60096100,0
2019,60096200,0
2020,60096200,0
2019,60096300,0
2020,60096300,0
2019,60097100,11.97021354
2020,60097100,11.02334471
2019,60097200,2.253074353
2020,60097200,2.398501621
2019,60097300,0.568200587
2020,60097300,0.445728835
2019,60098100,13.09290677
2020,60098100,13.02045456
2019,60099100,0.063438493
2020,60099100,0.067219428
2019,60099200,0
2020,60099200,0
2019,60099300,0.100232054
2020,60099300,0.115885901
2019,60100100,0
2020,60100100,0
2019,60100200,37.02400457
2020,60100200,38.29681457
2019,60100300,8.925624916
2020,60100300,8.888276832
2019,60100400,0.97389889
2020,60100400,0.899967131
2019,60101100,19.75795408
2020,60101100,18.09905062
2019,60101200,15.2352635
2020,60101200,13.14918142
2019,60102100,6.202056659
2020,60102100,6.175768076
2019,60102200,1.583258432
2020,60102200,1.720297198
2019,60102300,1.554912308
2020,60102300,1.589768845
2019,60102400,0.532300329
2020,60102400,0.363128744
2019,60102500,0.339595775
2020,60102500,0.189561052
2019,60102600,2.721338343
2020,60102600,2.54634713
2019,60103100,21.15262695
2020,60103100,17.48430292
2019,60103200,11.32912882
2020,60103200,9.688007454
2019,60104100,18.94162803
2020,60104100,17.97583686
2019,60104200,25.15819734
2020,60104200,24.15221027
2019,60104300,41.14054022
2020,60104300,40.62021096
2019,60105100,6.864943111
2020,60105100,7.180565005
2019,60105200,0
2020,60105200,0
2019,60105300,24.75536557
2020,60105300,23.91793614
2019,60106100,0.033024344
2020,60106100,0.268464479
2019,60106200,0.580922259
2020,60106200,0.592313685
2019,60106300,0
2020,60106300,0
2019,60107100,17.23618414
2020,60107100,15.61554004
2019,60107200,22.82881513
2020,60107200,21.09646119
2019,60108100,19.06931145
2020,60108100,19.93674031
2019,60109100,19.7110617
2020,60109100,17.50004424
2019,60109200,17.08849528
2020,60109200,15.19815725
2019,60109300,8.110015087
2020,60109300,7.583341383
2019,60110100,32.42639386
2020,60110100,32.15623214
2019,60111100,18.54363091
2020,60111100,17.41770744
2019,60111200,15.51786621
2020,60111200,15.16777849
2019,60112100,19.58162869
2020,60112100,18.32207854
2019,60112200,15.09110397
2020,60112200,13.63320656
2019,60113100,7.675324225
2020,60113100,7.902783875
2019,60113200,3.01354391
2020,60113200,2.922587216
2019,60113300,0.708502227
2020,60113300,1.231611101
2019,60113400,9.288259957
2020,60113400,7.919482228
2019,60113500,0.18754275
2020,60113500,0.161470087
2019,60114100,34.62392763
2020,60114100,31.30189906
2019,60114200,0
2020,60114200,0
2019,60115100,26.54202904
2020,60115100,25.24884193
2019,60115200,10.29368664
2020,60115200,10.25042949
2019,60115300,16.11365439
2020,60115300,14.74045325
2019,60116100,63.70599807
2020,60116100,61.44513146
2019,60116200,0.00173705
2020,60116200,0.122345684
2019,60116300,2.268903399
2020,60116300,2.146408887
2019,60116400,14.65854074
2020,60116400,14.1723251
2019,60116500,0
2020,60116500,0
2019,60116600,18.21082499
2020,60116600,17.33404752
2019,60116700,0
2020,60116700,0
2019,60117100,16.85240534
2020,60117100,17.14688874
2019,60117200,26.35787849
2020,60117200,24.76486338
2019,60117300,3.404700684
2020,60117300,2.950600094
2019,60118100,16.4060463
2020,60118100,15.47325623
2019,60118200,9.988359425
2020,60118200,9.428743179
2019,60118300,13.32994473
2020,60118300,12.06801607
2019,60119100,1.367787514
2020,60119100,1.288277609
2019,60119200,23.44215998
2020,60119200,23.04638006
2019,60120100,0.262819335
2020,60120100,0.50220063
2019,60121100,13.29061075
2020,60121100,11.17218351
2019,60122100,4.458260341
2020,60122100,4.32309264
2019,60122200,12.30660489
2020,60122200,12.28278309
2019,60122300,3.920079088
2020,60122300,4.176119474
2019,60122400,0.477367127
2020,60122400,0.824051449
2019,60123100,10.45814306
2020,60123100,9.766015697
2019,60123200,24.03115933
2020,60123200,23.10568843
2019,60124100,15.46191643
2020,60124100,15.23523405
2019,60124200,0.901021783
2020,60124200,0.94835748
2019,60125100,20.89565292
2020,60125100,19.92849483
2019,60125200,20.03546134
2020,60125200,18.43011035
2019,60125300,5.082924638
2020,60125300,4.989071078
2019,60126100,18.49913916
2020,60126100,18.1493675
2019,60126200,21.3013364
2020,60126200,20.0412269
2019,60126300,22.6502228
2020,60126300,21.68528865
2019,60127100,52.87663746
2020,60127100,53.59980118
2019,60127200,45.1026793
2020,60127200,42.10905886
2019,60128100,0.119285452
2020,60128100,0.119285452
2019,60128200,1.036890876
2020,60128200,1.076914994
2019,60128300,13.76031866
2020,60128300,12.85963643
2019,60129100,12.16611616
2020,60129100,12.2239078
2019,60129200,26.29956109
2020,60129200,25.17444882
2019,60129300,3.685377613
2020,60129300,3.409900914
2019,60129400,7.084302238
2020,60129400,6.896142887
2019,60129500,18.95287377
2020,60129500,18.61964582
2019,60129600,15.08402052
2020,60129600,13.59967108
2019,60129700,24.69395178
2020,60129700,26.52367446
2019,60130100,0.040375615
2020,60130100,0.408053865
2019,60130200,0.873421828
2020,60130200,1.122671063
2019,60131100,6.12886077
2020,60131100,5.678718151
2019,60131200,29.36706115
2020,60131200,27.32980966
2019,60131300,8.565261864
2020,60131300,7.91652275
2019,60131400,10.90698885
2020,60131400,10.9515531
2019,60131500,15.10990203
2020,60131500,13.99648914
2019,60132100,0
2020,60132100,0
2019,60132200,0
2020,60132200,0
2019,60132300,1.802088445
2020,60132300,1.667593742
2019,60132400,0.001565385
2020,60132400,0.001565385
2019,60132500,0.731852793
2020,60132500,0.833234632
2019,60132600,0.063029617
2020,60132600,0.005264523
2019,60133100,0.001791584
2020,60133100,0.001791584
2019,60133200,0
2020,60133200,0
2019,60133300,0.150654499
2020,60133300,0.27735375
2019,60133400,4.825905334
2020,60133400,5.185574185
2019,60133500,0.443750417
2020,60133500,0.350817724
2019,60134100,16.97884217
2020,60134100,16.07746335
2019,60134200,20.77124778
2020,60134200,19.15031064
2019,60134300,18.36204556
2020,60134300,16.78271467
2019,60135100,28.19046995
2020,60135100,27.52762968
2019,60135200,36.87815438
2020,60135200,36.22934524
2019,60135300,6.574750726
2020,60135300,6.151058302
2019,60135400,4.389772142
2020,60135400,3.937292939
2019,60136100,0
2020,60136100,0
2019,60136200,25.33006886
2020,60136200,26.03552741
2019,60136300,20.36937871
2020,60136300,18.99312776
2019,60136400,10.97096485
2020,60136400,10.28044275
2019,60136500,0.063438493
2020,60136500,0.063438493
2019,60137100,10.98561511
2020,60137100,10.29988782
2019,60138100,16.43052189
2020,60138100,14.52804971
2019,60138200,14.44826591
2020,60138200,14.38192133
2019,60139100,35.37223535
2020,60139100,34.7203643
2019,60139200,16.29589902
2020,60139200,15.64018933
2019,60139300,0.063438493
2020,60139300,0.17726564
2019,60140100,31.54793292
2020,60140100,30.43712938
2019,60140200,14.73755887
2020,60140200,14.50948129
2019,60140300,23.02671781
2020,60140300,22.41712184
2019,60141100,19.55256439
2020,60141100,20.12711653
2019,60141200,11.14674974
2020,60141200,10.77426155
2019,60142100,1.168080564
2020,60142100,1.126183937
2019,60142200,0.065293403
2020,60142200,0.001565385
2019,60142300,18.22542981
2020,60142300,17.56719135
2019,60142400,0.100232054
2020,60142400,0.100232054
2019,60142500,4.499322393
2020,60142500,4.467218997
2019,60143100,18.53681175
2020,60143100,17.06000213
2019,60143200,9.855817189
2020,60143200,9.643724578
2019,60143300,0.448585548
2020,60143300,0.367189935
2019,60143400,17.9824976
2020,60143400,17.07264298
2019,60143500,12.40846909
2020,60143500,11.72255256
2019,60144100,20.10710461
2020,60144100,19.38095006
2019,60144200,18.57699756
2020,60144200,17.11962209
2019,60144300,10.39937084
2020,60144300,10.1042314
2019,60145100,16.4054843
2020,60145100,15.25824283
2019,60145200,20.07240451
2020,60145200,20.72233068
2019,60146100,16.18487569
2020,60146100,15.50844802
2019,60146200,10.01869753
2020,60146200,9.72703056
2019,60146300,12.26810674
2020,60146300,10.92897025
2019,60146400,7.332541208
2020,60146400,6.861859035
2019,60146500,11.47810464
2020,60146500,11.34924031
2019,60147100,4.788066308
2020,60147100,4.305117059
2019,60147200,10.03470065
2020,60147200,10.05413384
2019,60147300,17.57405274
2020,60147300,16.09285417
2019,60147400,14.46317455
2020,60147400,14.12726677
2019,60147500,3.948855249
2020,60147500,3.402563215
2019,60147600,4.094963186
2020,60147600,4.166856378
2019,60148100,13.32184543
2020,60148100,13.8080338
2019,60148200,14.52740829
2020,60148200,14.33299919
2019,60148300,0.05439958
2020,60148300,0.067084987
2019,60148400,6.39747347
2020,60148400,6.525981042
2019,60149100,10.39141024
2020,60149100,9.948032216
2019,60149200,11.71229382
2020,60149200,11.11845915
2019,60150100,12.31846729
2020,60150100,11.04466915
2019,60150200,8.50160853
2020,60150200,7.198423918
2019,60150300,14.52691663
2020,60150300,13.50859863
2019,60151100,13.7583285
2020,60151100,13.20120751
2019,60151200,15.93185552
2020,60151200,15.03105298
2019,60151300,27.81577485
2020,60151300,27.13162815
2019,60151400,0
2020,60151400,0
2019,60151500,0.035572171
2020,60151500,0.035572171
2019,60152100,15.49850069
2020,60152100,15.88775466
2019,60152200,12.98611228
2020,60152200,12.85509547
2019,60152300,18.85420132
2020,60152300,19.02810216
2019,60153100,7.483242065
2020,60153100,7.334798397
2019,60154100,13.3793976
2020,60154100,12.73893916
2019,60154200,7.792024878
2020,60154200,7.115041477
2019,60154300,7.159917957
2020,60154300,6.82930827
2019,60154400,6.904439359
2020,60154400,6.10608235
2019,60154500,4.850909437
2020,60154500,5.129385347
2019,60155100,19.2957302
2020,60155100,19.41681926
2019,60155200,6.028786403
2020,60155200,5.442619943
2019,60155300,5.328828538
2020,60155300,5.544619548
2019,60155400,2.69310172
2020,60155400,3.015648473
2019,60155500,5.39764842
2020,60155500,5.110973514
2019,60155600,7.495873339
2020,60155600,7.160564492
2019,60155700,0.579911542
2020,60155700,0.660610918
2019,60156100,17.58706165
2020,60156100,16.78469599
2019,60156200,14.63195998
2020,60156200,14.21909337
2019,60156300,13.46319118
2020,60156300,13.02854847
2019,60156400,3.581624568
2020,60156400,4.346562841
2019,60157100,17.82412647
2020,60157100,17.69493203
2019,60157200,10.58166437
2020,60157200,11.16850501
2019,60157300,11.41693587
2020,60157300,11.66563936
2019,60158100,21.40974825
2020,60158100,19.22710018
2019,60158200,17.83633865
2020,60158200,16.8034014
2019,60158300,2.994796464
2020,60158300,2.532913462
2019,60158400,8.794136467
2020,60158400,8.658844794
2019,60158500,8.56729989
2020,60158500,8.498296916
2019,60159100,5.261010934
2020,60159100,5.713087699
2019,60159200,0.33033189
2020,60159200,0.33033189
2019,60160100,5.510952481
2020,60160100,4.543955074
2019,60160200,16.71473103
2020,60160200,16.28247736
2019,60160300,17.01877517
2020,60160300,17.22168093
2019,60160400,4.910488134
2020,60160400,3.6801791
2019,60161100,20.87511033
2020,60161100,19.53751575
2019,60161200,18.93946536
2020,60161200,18.41705851
2019,60161300,8.928454705
2020,60161300,8.724128735
2019,60161400,2.45197725
2020,60161400,1.966603125
2019,60161500,2.705036365
2020,60161500,2.50213029
2019,60162100,0.190090495
2020,60162100,0.236386768
2019,60162200,9.02472216
2020,60162200,8.434801
2019,60162300,14.27058939
2020,60162300,13.30268744
2019,60162400,5.580462868
2020,60162400,5.350143106
2019,60163100,5.310803721
2020,60163100,4.86074516
2019,60163200,21.17161007
2020,60163200,19.98274896
2019,60163300,14.95391178
2020,60163300,13.64517934
2019,60163400,9.288726952
2020,60163400,8.908790572
2019,60164100,11.28703442
2020,60164100,9.836992765
2019,60164200,6.817515387
2020,60164200,6.909362368
2019,60164300,3.173815807
2020,60164300,3.161652353
2019,60164400,9.337311488
2020,60164400,8.02589205
2019,60164500,23.24046612
2020,60164500,22.50996844
2019,60164600,37.65245508
2020,60164600,34.56538231
2019,60165100,1.167924834
2020,60165100,1.140382986
2019,60165200,0.354109861
2020,60165200,0.808154392
2019,60166100,6.294381238
2020,60166100,5.346181754
2019,60166200,10.82026012
2020,60166200,11.59830522
2019,60166300,7.854356697
2020,60166300,7.259304364
2019,60166400,3.778737125
2020,60166400,3.711582674
2019,60166500,6.335534485
2020,60166500,6.121305714
2019,60167100,7.460548789
2020,60167100,8.121598878
2019,60167200,8.67401769
2020,60167200,9.318342091
2019,60167300,6.951311891
2020,60167300,7.454822779
2019,60167400,6.040630968
2020,60167400,6.306335405
2019,60167500,0.063438493
2020,60167500,0.078894366
2019,60168100,10.65954625
2020,60168100,9.737907735
2019,60169100,14.9190001
2020,60169100,12.86409438
2019,60169200,0.042092266
2020,60169200,0.010076647
2019,60169300,0.110536211
2020,60169300,0
2019,60169400,0
2020,60169400,0
2019,60169500,1.176301351
2020,60169500,1.432426704
2019,60170100,3.876961547
2020,60170100,3.758352725
2019,60170200,5.702549038
2020,60170200,5.636168585
2019,60170300,0
2020,60170300,0
2019,60171100,10.12327137
2020,60171100,8.320251842
2019,60171200,12.64866351
2020,60171200,11.97432198
2019,60172100,0
2020,60172100,0
2019,60172200,15.43489092
2020,60172200,16.32820983
2019,60172300,37.27367037
2020,60172300,42.69703562
2019,60172400,1.626988972
2020,60172400,1.987685669
2019,60173100,4.368581405
2020,60173100,3.978582355
2019,60173200,3.709362061
2020,60173200,3.468479172
2019,60173300,4.851826255
2020,60173300,4.755817113
2019,60174100,23.83442693
2020,60174100,23.99136583
2019,60174200,6.420428651
2020,60174200,6.740315215
2019,60175100,0
2020,60175100,0
2019,60175200,20.26080968
2020,60175200,19.04052774
2019,60175300,21.82163098
2020,60175300,21.37989961
2019,60176100,5.837630987
2020,60176100,5.599699955
2019,60176200,19.7263326
2020,60176200,19.33183956
2019,60176300,9.629727818
2020,60176300,8.93143837
2019,60177100,11.68856363
2020,60177100,11.3014331
2019,60177200,0
2020,60177200,0
2019,60178100,3.600256921
2020,60178100,4.008227689
2019,60178200,11.79967094
2020,60178200,10.42676669
2019,60178300,4.253120053
2020,60178300,3.528889972
2019,60179100,6.97980176
2020,60179100,6.156215722
2019,60179200,17.04764266
2020,60179200,15.84646774
2019,60179300,0
2020,60179300,0
2019,60179400,0
2020,60179400,0
2019,60179500,5.10724369
2020,60179500,4.815002296
2019,60180100,6.138511372
2020,60180100,6.268898363
2019,60180200,5.879642499
2020,60180200,6.049413839
2019,60181100,9.742745556
2020,60181100,8.937660499
2019,60181200,9.262464809
2020,60181200,9.57065442
2019,60181300,2.65315953
2020,60181300,2.793928285
2019,60182100,14.58469126
2020,60182100,12.33481853
2019,60182200,24.21697088
2020,60182200,22.59856499
2019,60182300,3.717951444
2020,60182300,3.472123987
2019,60182400,4.813528287
2020,60182400,4.219656512
2019,60182500,0.380154957
2020,60182500,0.378921278
2019,60182600,0.56587177
2020,60182600,0.635009192
2019,60183100,7.343377062
2020,60183100,6.129285863
2019,60183200,2.486507653
2020,60183200,2.959358828
2019,60183300,6.998264325
2020,60183300,7.043673229
2019,60183400,7.071851268
2020,60183400,6.536394548
2019,60183500,2.898777963
2020,60183500,3.087521352
2019,60184100,12.32655947
2020,60184100,11.46888081
2019,60184200,22.09483067
2020,60184200,19.82980421
2019,60185100,7.224373787
2020,60185100,6.60368528
2019,60185200,22.74604946
2020,60185200,20.70086109
2019,60185300,4.286855037
2020,60185300,3.203731589
2019,60185400,2.543961821
2020,60185400,2.385530453
2019,60185500,1.277537129
2020,60185500,0.985756607
2019,60185600,7.364867573
2020,60185600,8.053710988
2019,60185700,0.153988552
2020,60185700,0.061238033
2019,60186100,7.153432364
2020,60186100,6.104050514
2019,60186200,6.164325783
2020,60186200,5.772884856
2019,60186300,2.723653129
2020,60186300,2.154906722
2019,60186400,3.977828639
2020,60186400,3.811957581
2019,60186500,10.09541385
2020,60186500,9.802107389
2019,60187100,3.082553005
2020,60187100,2.340206799
2019,60187200,1.24751384
2020,60187200,1.221860965
2019,60188100,6.261576187
2020,60188100,6.007459591
2019,60188200,2.598240599
2020,60188200,2.523839748
2019,60189100,0.103759669
2020,60189100,0.105110563
2019,60189200,27.80932532
2020,60189200,28.47182035
2019,60189300,23.3923432
2020,60189300,22.51423981
2019,60190100,6.344136526
2020,60190100,5.25207156
2019,60190200,1.837487109
2020,60190200,2.154124205
2019,60190300,5.303851342
2020,60190300,3.773745907
2019,60190400,3.42651285
2020,60190400,3.735482604
2019,60191100,5.181891867
2020,60191100,5.195861207
2019,60191200,13.59011196
2020,60191200,13.93236736
2019,60191300,11.91944768
2020,60191300,12.20817623
2019,60192100,10.28002361
2020,60192100,8.884652998
2019,60192200,4.311318892
2020,60192200,3.8110723
2019,60192300,7.079407518
2020,60192300,6.98440693
2019,60193100,11.20526631
2020,60193100,11.46347859
2019,60193200,11.26477949
2020,60193200,10.66694098
2019,60193300,5.49323356
2020,60193300,5.101589391
2019,60194100,16.28777084
2020,60194100,15.45027531
2019,60195100,0
2020,60195100,0
2019,60196100,7.075992272
2020,60196100,6.658315704
2019,60196200,0
2020,60196200,0
2019,60197100,2.302426459
2020,60197100,3.458282047
2019,60198100,10.29571178
2020,60198100,10.48428129
2019,60198200,8.426273746
2020,60198200,7.418004157
2019,60198300,0
2020,60198300,0
2019,60198400,0.117720068
2020,60198400,0.063438493
2019,60198500,13.18776894
2020,60198500,13.03739367
2019,60199100,6.226201445
2020,60199100,5.170811502
2019,60199200,10.63463793
2020,60199200,10.02877718
2019,60200100,12.64426072
2020,60200100,11.56000811
2019,60200200,25.91367179
2020,60200200,25.85243965
2019,60201100,38.07157102
2020,60201100,34.46280578
2019,60201200,6.144353892
2020,60201200,6.639234824
2019,60201300,16.46463765
2020,60201300,15.74947525
2019,60202100,0
2020,60202100,0
2019,60202200,2.050992992
2020,60202200,2.230038221
2019,60203100,4.662881001
2020,60203100,3.609441297
2019,60203200,3.296708732
2020,60203200,3.721727669
2019,60204100,0.065293403
2020,60204100,0.065293403
2019,60204200,18.72128121
2020,60204200,16.67247594
2019,60204300,0.430644191
2020,60204300,0.338774835
2019,60205100,37.47031236
2020,60205100,34.577493
2019,60205200,11.25058385
2020,60205200,12.02118473
2019,60205300,45.60433526
2020,60205300,45.26926932
2019,60206100,29.0081969
2020,60206100,27.21494248
2019,60206200,33.52994714
2020,60206200,32.78518058
2019,60206300,5.507516128
2020,60206300,5.117395334
2019,60207100,0.588951654
2020,60207100,0.436754685
2019,60207200,15.97554624
2020,60207200,15.89217198
2019,60207300,2.584688825
2020,60207300,2.108474092
2019,60208100,0.474871607
2020,60208100,0.41172602
2019,60208200,1.046989294
2020,60208200,0.739991811
2019,60209100,4.202285694
2020,60209100,3.965183019
2019,60209200,22.08527956
2020,60209200,21.57231526
2019,60209300,2.33327606
2020,60209300,2.346521956
2019,60210100,0.210171103
2020,60210100,0.257834136
2019,60210200,6.808504763
2020,60210200,6.060068537
2019,60210300,0.001791584
2020,60210300,0.001791584
2019,60210400,0.15115186
2020,60210400,0.151411365
2019,99999999,37.60136376
2020,99999999,34.19541405
