"year","TAZ","count"
2019,14000100,0
2020,14000100,0
2019,14001100,0
2020,14001100,0
2019,14001200,1077
2020,14001200,1063
2019,14001300,0
2020,14001300,0
2019,14002100,0
2020,14002100,0
2019,14002200,0
2020,14002200,0
2019,14003100,0
2020,14003100,0
2019,14003200,0
2020,14003200,0
2019,14003300,0
2020,14003300,0
2019,14003400,0
2020,14003400,0
2019,14003500,0
2020,14003500,0
2019,14003600,0
2020,14003600,0
2019,14003700,0
2020,14003700,0
2019,14003800,0
2020,14003800,0
2019,14004100,0
2020,14004100,0
2019,14004200,0
2020,14004200,0
2019,14004300,0
2020,14004300,0
2019,14005100,0
2020,14005100,0
2019,14005200,0
2020,14005200,0
2019,14006100,0
2020,14006100,0
2019,14006200,0
2020,14006200,0
2019,14007100,1260
2020,14007100,1244
2019,14007200,0
2020,14007200,0
2019,14007300,0
2020,14007300,0
2019,14008100,0
2020,14008100,0
2019,14009100,0
2020,14009100,0
2019,14010100,0
2020,14010100,0
2019,14010200,0
2020,14010200,0
2019,14010300,362
2020,14010300,357
2019,14010400,0
2020,14010400,0
2019,14011100,0
2020,14011100,0
2019,14011200,0
2020,14011200,0
2019,14012100,0
2020,14012100,0
2019,14012200,367
2020,14012200,363
2019,14013100,0
2020,14013100,0
2019,14013200,0
2020,14013200,0
2019,14013300,0
2020,14013300,0
2019,14014100,0
2020,14014100,0
2019,14014200,0
2020,14014200,0
2019,14014300,0
2020,14014300,0
2019,14015100,0
2020,14015100,0
2019,14015200,0
2020,14015200,0
2019,14016100,0
2020,14016100,0
2019,14016200,0
2020,14016200,0
2019,14016300,0
2020,14016300,0
2019,14017100,0
2020,14017100,0
2019,14017200,59
2020,14017200,58
2019,14018100,0
2020,14018100,0
2019,14018200,0
2020,14018200,0
2019,14019100,0
2020,14019100,0
2019,14019200,0
2020,14019200,0
2019,14019300,1982
2020,14019300,1957
2019,14020100,0
2020,14020100,0
2019,14021100,0
2020,14021100,0
2019,14021200,0
2020,14021200,0
2019,14021300,0
2020,14021300,0
2019,14022100,0
2020,14022100,0
2019,14022200,0
2020,14022200,0
2019,14022300,0
2020,14022300,0
2019,14022400,498
2020,14022400,492
2019,14022500,589
2020,14022500,582
2019,14023100,0
2020,14023100,0
2019,14024100,0
2020,14024100,0
2019,14024200,0
2020,14024200,0
2019,14024300,0
2020,14024300,0
2019,14025100,2181
2020,14025100,2154
2019,14025200,749
2020,14025200,740
2019,14026100,424
2020,14026100,419
2019,14027100,0
2020,14027100,0
2019,14027200,0
2020,14027200,0
2019,14028100,167
2020,14028100,165
2019,14028200,0
2020,14028200,0
2019,14029100,900
2020,14029100,888
2019,14030100,0
2020,14030100,0
2019,14030200,47
2020,14030200,46
2019,14031100,0
2020,14031100,0
2019,14031200,34
2020,14031200,34
2019,14032100,0
2020,14032100,0
2019,14032200,0
2020,14032200,0
2019,14033100,0
2020,14033100,0
2019,14033200,382
2020,14033200,378
2019,14034100,1762
2020,14034100,1739
2019,14034200,657
2020,14034200,649
2019,14035100,0
2020,14035100,0
2019,14036100,581
2020,14036100,574
2019,14036200,0
2020,14036200,0
2019,14037100,0
2020,14037100,0
2019,14037200,0
2020,14037200,0
2019,14038100,0
2020,14038100,0
2019,14039100,0
2020,14039100,0
2019,14039200,531
2020,14039200,525
2019,14040100,815
2020,14040100,805
2019,14040200,0
2020,14040200,0
2019,14041100,0
2020,14041100,0
2019,14041200,0
2020,14041200,0
2019,14042100,799
2020,14042100,789
2019,14042200,0
2020,14042200,0
2019,14043100,258
2020,14043100,254
2019,14043200,0
2020,14043200,0
2019,14043300,0
2020,14043300,0
2019,14044100,116
2020,14044100,114
2019,14044200,375
2020,14044200,371
2019,14045100,0
2020,14045100,0
2019,14045200,470
2020,14045200,464
2019,14046100,0
2020,14046100,0
2019,14047100,0
2020,14047100,0
2019,14047200,0
2020,14047200,0
2019,14047300,0
2020,14047300,0
2019,14047400,0
2020,14047400,0
2019,14047500,0
2020,14047500,0
2019,14048100,0
2020,14048100,0
2019,14048200,0
2020,14048200,0
2019,14049100,0
2020,14049100,0
2019,14050100,0
2020,14050100,0
2019,14050200,0
2020,14050200,0
2019,14051100,0
2020,14051100,0
2019,14051200,378
2020,14051200,374
2019,14052100,0
2020,14052100,0
2019,14052200,0
2020,14052200,0
2019,14053100,0
2020,14053100,0
2019,14053200,0
2020,14053200,0
2019,14054100,978
2020,14054100,965
2019,14055100,793
2020,14055100,783
2019,14055200,46
2020,14055200,45
2019,14056100,1702
2020,14056100,1680
2019,14056200,0
2020,14056200,0
2019,14057100,0
2020,14057100,0
2019,14058100,578
2020,14058100,571
2019,14058200,0
2020,14058200,0
2019,14059100,0
2020,14059100,0
2019,14059200,200
2020,14059200,197
2019,14059300,0
2020,14059300,0
2019,14059400,0
2020,14059400,0
2019,14060100,698
2020,14060100,689
2019,14060200,0
2020,14060200,0
2019,14061100,0
2020,14061100,0
2019,14061200,0
2020,14061200,0
2019,14062100,76
2020,14062100,75
2019,14063100,0
2020,14063100,0
2019,14063200,0
2020,14063200,0
2019,14063300,549
2020,14063300,542
2019,14063400,0
2020,14063400,0
2019,14063500,627
2020,14063500,619
2019,14063600,0
2020,14063600,0
2019,14064100,981
2020,14064100,968
2019,14064200,0
2020,14064200,0
2019,14065100,0
2020,14065100,0
2019,14065200,0
2020,14065200,0
2019,14066100,0
2020,14066100,0
2019,14066200,0
2020,14066200,0
2019,14067100,431
2020,14067100,426
2019,14067200,664
2020,14067200,656
2019,14068100,0
2020,14068100,0
2019,14068200,0
2020,14068200,0
2019,14068300,0
2020,14068300,0
2019,14068400,0
2020,14068400,0
2019,14068500,0
2020,14068500,0
2019,14069100,669
2020,14069100,661
2019,14069200,0
2020,14069200,0
2019,14070100,0
2020,14070100,0
2019,14071100,0
2020,14071100,0
2019,14071200,0
2020,14071200,0
2019,14072100,0
2020,14072100,0
2019,14073100,633
2020,14073100,625
2019,14073200,538
2020,14073200,532
2019,14074100,0
2020,14074100,0
2019,14075100,0
2020,14075100,0
2019,14075200,0
2020,14075200,0
2019,14075300,0
2020,14075300,0
2019,14076100,3340
2020,14076100,3297
2019,14076200,212
2020,14076200,209
2019,14077100,0
2020,14077100,0
2019,14077200,0
2020,14077200,0
2019,14077300,529
2020,14077300,523
2019,14077400,754
2020,14077400,745
2019,14078100,0
2020,14078100,0
2019,14078200,0
2020,14078200,0
2019,14079100,0
2020,14079100,0
2019,14079200,711
2020,14079200,702
2019,14079300,679
2020,14079300,671
2019,14080100,0
2020,14080100,0
2019,14080200,0
2020,14080200,0
2019,14081100,0
2020,14081100,0
2019,14082100,444
2020,14082100,439
2019,14083100,0
2020,14083100,0
2019,14083200,0
2020,14083200,0
2019,14084100,0
2020,14084100,0
2019,14084200,0
2020,14084200,0
2019,14084300,0
2020,14084300,0
2019,14084400,0
2020,14084400,0
2019,14084500,0
2020,14084500,0
2019,14085100,0
2020,14085100,0
2019,14085200,0
2020,14085200,0
2019,14086100,0
2020,14086100,0
2019,14086200,0
2020,14086200,0
2019,14086300,0
2020,14086300,0
2019,14087100,0
2020,14087100,0
2019,14088100,0
2020,14088100,0
2019,14088200,0
2020,14088200,0
2019,14088300,0
2020,14088300,0
2019,14089100,177
2020,14089100,175
2019,14089200,0
2020,14089200,0
2019,14090100,0
2020,14090100,0
2019,14090200,0
2020,14090200,0
2019,14090300,0
2020,14090300,0
2019,14091100,0
2020,14091100,0
2019,14091200,0
2020,14091200,0
2019,14092100,0
2020,14092100,0
2019,14093100,502
2020,14093100,496
2019,14094100,0
2020,14094100,0
2019,14094200,0
2020,14094200,0
2019,14095100,0
2020,14095100,0
2019,14095200,0
2020,14095200,0
2019,14096100,191
2020,14096100,188
2019,14096200,0
2020,14096200,0
2019,14097100,519
2020,14097100,513
2019,14097200,262
2020,14097200,258
2019,14098100,0
2020,14098100,0
2019,14098200,0
2020,14098200,0
2019,14099100,0
2020,14099100,0
2019,14100100,0
2020,14100100,0
2019,14101100,0
2020,14101100,0
2019,14101200,0
2020,14101200,0
2019,14102100,0
2020,14102100,0
2019,14103100,0
2020,14103100,0
2019,14104100,0
2020,14104100,0
2019,14105100,0
2020,14105100,0
2019,14105200,0
2020,14105200,0
2019,14106100,0
2020,14106100,0
2019,14106200,0
2020,14106200,0
2019,14106300,0
2020,14106300,0
2019,14106400,0
2020,14106400,0
2019,14106500,0
2020,14106500,0
2019,14107100,0
2020,14107100,0
2019,14107200,0
2020,14107200,0
2019,14108100,0
2020,14108100,0
2019,14109100,0
2020,14109100,0
2019,14109200,607
2020,14109200,600
2019,14109300,0
2020,14109300,0
2019,20211100,0
2020,20211100,0
2019,20212100,0
2020,20212100,0
2019,20212200,433
2020,20212200,421
2019,20213100,0
2020,20213100,0
2019,20213200,0
2020,20213200,0
2019,20213300,226
2020,20213300,220
2019,20214100,935
2020,20214100,908
2019,20214200,645
2020,20214200,627
2019,20214300,397
2020,20214300,385
2019,20214400,0
2020,20214400,0
2019,20214500,0
2020,20214500,0
2019,20214600,0
2020,20214600,0
2019,20214700,1573
2020,20214700,1528
2019,20215100,0
2020,20215100,0
2019,20215200,13
2020,20215200,13
2019,20215300,0
2020,20215300,0
2019,20216100,744
2020,20216100,722
2019,20216200,20
2020,20216200,20
2019,20216300,0
2020,20216300,0
2019,20216400,0
2020,20216400,0
2019,20217100,0
2020,20217100,0
2019,20217200,796
2020,20217200,773
2019,20217300,0
2020,20217300,0
2019,20217400,1927
2020,20217400,1872
2019,20217500,78
2020,20217500,76
2019,20218100,143
2020,20218100,139
2019,20218200,559
2020,20218200,543
2019,20219100,586
2020,20219100,569
2019,20219200,545
2020,20219200,529
2019,20220100,0
2020,20220100,0
2019,20220200,0
2020,20220200,0
2019,20221100,294
2020,20221100,286
2019,20221200,77
2020,20221200,75
2019,20221300,0
2020,20221300,0
2019,20222100,865
2020,20222100,840
2019,20222200,1210
2020,20222200,1175
2019,20222300,2549
2020,20222300,2476
2019,20223100,314
2020,20223100,305
2019,20224100,0
2020,20224100,0
2019,20224200,0
2020,20224200,0
2019,20225100,2473
2020,20225100,2402
2019,20226100,4617
2020,20226100,4484
2019,20227100,871
2020,20227100,846
2019,20228100,0
2020,20228100,0
2019,20229100,1620
2020,20229100,1573
2019,20229200,0
2020,20229200,0
2019,20230100,543
2020,20230100,527
2019,20231100,0
2020,20231100,0
2019,20231200,0
2020,20231200,0
2019,20232100,0
2020,20232100,0
2019,20232200,645
2020,20232200,627
2019,20232300,0
2020,20232300,0
2019,20232400,0
2020,20232400,0
2019,20233100,4375
2020,20233100,4249
2019,20234100,0
2020,20234100,0
2019,20234200,0
2020,20234200,0
2019,20234300,0
2020,20234300,0
2019,20234400,706
2020,20234400,686
2019,20235100,659
2020,20235100,640
2019,20235200,39
2020,20235200,37
2019,20235300,0
2020,20235300,0
2019,20235400,843
2020,20235400,819
2019,20235500,0
2020,20235500,0
2019,20235600,0
2020,20235600,0
2019,20236100,9
2020,20236100,9
2019,20236200,468
2020,20236200,454
2019,20236300,0
2020,20236300,0
2019,20236400,446
2020,20236400,433
2019,20237100,0
2020,20237100,0
2019,20237200,722
2020,20237200,701
2019,20237300,0
2020,20237300,0
2019,20237400,0
2020,20237400,0
2019,20238100,0
2020,20238100,0
2019,20238200,449
2020,20238200,436
2019,20239100,610
2020,20239100,592
2019,20239200,0
2020,20239200,0
2019,20240100,0
2020,20240100,0
2019,20240200,0
2020,20240200,0
2019,20241100,0
2020,20241100,0
2019,20242100,0
2020,20242100,0
2019,20242200,1306
2020,20242200,1269
2019,20242300,0
2020,20242300,0
2019,20243100,352
2020,20243100,342
2019,20243200,0
2020,20243200,0
2019,20244100,3601
2020,20244100,3497
2019,20244200,10
2020,20244200,10
2019,20244300,626
2020,20244300,608
2019,20244400,0
2020,20244400,0
2019,20244500,0
2020,20244500,0
2019,20244600,608
2020,20244600,590
2019,20244700,0
2020,20244700,0
2019,20245100,556
2020,20245100,540
2019,20245200,0
2020,20245200,0
2019,20246100,0
2020,20246100,0
2019,20246200,0
2020,20246200,0
2019,20247100,869
2020,20247100,844
2019,20248100,624
2020,20248100,606
2019,20248200,379
2020,20248200,368
2019,20249100,517
2020,20249100,502
2019,20249200,0
2020,20249200,0
2019,20250100,0
2020,20250100,0
2019,20250200,0
2020,20250200,0
2019,20251100,0
2020,20251100,0
2019,20251200,0
2020,20251200,0
2019,20252100,875
2020,20252100,850
2019,20252200,0
2020,20252200,0
2019,20252300,0
2020,20252300,0
2019,20253100,0
2020,20253100,0
2019,20253200,0
2020,20253200,0
2019,20253300,2540
2020,20253300,2467
2019,20254100,865
2020,20254100,840
2019,20255100,2149
2020,20255100,2088
2019,20255200,1174
2020,20255200,1140
2019,20255300,0
2020,20255300,0
2019,20256100,0
2020,20256100,0
2019,20257100,0
2020,20257100,0
2019,20257200,6
2020,20257200,6
2019,20258100,547
2020,20258100,531
2019,20258200,2041
2020,20258200,1982
2019,20259100,729
2020,20259100,708
2019,20259200,0
2020,20259200,0
2019,20260100,611
2020,20260100,593
2019,20260200,0
2020,20260200,0
2019,20260300,0
2020,20260300,0
2019,20261100,418
2020,20261100,406
2019,20261200,1099
2020,20261200,1067
2019,20261300,0
2020,20261300,0
2019,20262100,746
2020,20262100,724
2019,20263100,392
2020,20263100,380
2019,20263200,506
2020,20263200,492
2019,20263300,0
2020,20263300,0
2019,20263400,0
2020,20263400,0
2019,20264100,0
2020,20264100,0
2019,20265100,1542
2020,20265100,1498
2019,20266100,423
2020,20266100,411
2019,20266200,0
2020,20266200,0
2019,20267100,0
2020,20267100,0
2019,20267200,0
2020,20267200,0
2019,20268100,511
2020,20268100,497
2019,20268200,50
2020,20268200,48
2019,20269100,0
2020,20269100,0
2019,20270100,1867
2020,20270100,1814
2019,20271100,0
2020,20271100,0
2019,20272100,631
2020,20272100,613
2019,20273100,0
2020,20273100,0
2019,20274100,611
2020,20274100,593
2019,20274200,428
2020,20274200,416
2019,20275100,0
2020,20275100,0
2019,20276100,0
2020,20276100,0
2019,20277100,0
2020,20277100,0
2019,20277200,0
2020,20277200,0
2019,20278100,0
2020,20278100,0
2019,20279100,74
2020,20279100,72
2019,20280100,18
2020,20280100,32
2019,20281100,0
2020,20281100,0
2019,20281200,0
2020,20281200,0
2019,20281300,0
2020,20281300,0
2019,20281400,0
2020,20281400,0
2019,20282100,0
2020,20282100,0
2019,20283100,0
2020,20283100,0
2019,20284100,180
2020,20284100,174
2019,20284200,0
2020,20284200,0
2019,20285100,0
2020,20285100,0
2019,20285200,0
2020,20285200,0
2019,20285300,0
2020,20285300,0
2019,20286100,0
2020,20286100,0
2019,20286200,0
2020,20286200,0
2019,20286300,0
2020,20286300,0
2019,20286400,0
2020,20286400,0
2019,20286500,0
2020,20286500,0
2019,20287100,0
2020,20287100,0
2019,20287200,0
2020,20287200,0
2019,20288100,87
2020,20288100,85
2019,20288200,0
2020,20288200,0
2019,20288300,0
2020,20288300,0
2019,20288400,0
2020,20288400,0
2019,20288500,0
2020,20288500,0
2019,20288600,0
2020,20288600,0
2019,20288700,0
2020,20288700,0
2019,20289100,0
2020,20289100,0
2019,20289200,0
2020,20289200,0
2019,20289300,0
2020,20289300,0
2019,20289400,0
2020,20289400,0
2019,20289500,0
2020,20289500,0
2019,20289600,0
2020,20289600,0
2019,20289700,876
2020,20289700,851
2019,20290100,0
2020,20290100,0
2019,20290200,0
2020,20290200,0
2019,20290300,0
2020,20290300,0
2019,20290400,0
2020,20290400,0
2019,20290500,0
2020,20290500,0
2019,20290600,0
2020,20290600,0
2019,20290700,0
2020,20290700,0
2019,20290800,0
2020,20290800,0
2019,20291100,0
2020,20291100,0
2019,20291200,0
2020,20291200,0
2019,20291300,0
2020,20291300,0
2019,20291400,0
2020,20291400,0
2019,20291500,0
2020,20291500,0
2019,20291600,0
2020,20291600,0
2019,20291700,3639
2020,20291700,3534
2019,20291800,0
2020,20291800,0
2019,20291900,0
2020,20291900,0
2019,20292100,0
2020,20292100,0
2019,20292200,0
2020,20292200,0
2019,20292300,0
2020,20292300,0
2019,20292400,0
2020,20292400,0
2019,20292500,0
2020,20292500,0
2019,20292600,983
2020,20292600,955
2019,20292700,0
2020,20292700,0
2019,20292800,0
2020,20292800,0
2019,20292900,0
2020,20292900,0
2019,20293100,0
2020,20293100,0
2019,20293200,0
2020,20293200,0
2019,20293300,0
2020,20293300,0
2019,20293400,0
2020,20293400,0
2019,20293500,0
2020,20293500,0
2019,20293600,0
2020,20293600,0
2019,20294100,0
2020,20294100,0
2019,20294200,0
2020,20294200,0
2019,20294300,0
2020,20294300,0
2019,20294400,0
2020,20294400,0
2019,20294500,1010
2020,20294500,981
2019,20294600,0
2020,20294600,0
2019,20295100,0
2020,20295100,0
2019,20296100,0
2020,20296100,0
2019,20296200,0
2020,20296200,0
2019,20296300,0
2020,20296300,0
2019,20296400,0
2020,20296400,0
2019,20296500,0
2020,20296500,0
2019,20296600,0
2020,20296600,0
2019,20296700,0
2020,20296700,0
2019,20296800,841
2020,20296800,817
2019,20296900,0
2020,20296900,0
2019,20297100,0
2020,20297100,0
2019,20297200,0
2020,20297200,0
2019,20297300,0
2020,20297300,0
2019,20297400,0
2020,20297400,0
2019,20297500,0
2020,20297500,0
2019,20297600,0
2020,20297600,0
2019,20298100,0
2020,20298100,0
2019,20298200,0
2020,20298200,0
2019,20298300,0
2020,20298300,0
2019,20298400,0
2020,20298400,0
2019,20298500,0
2020,20298500,0
2019,20298600,0
2020,20298600,0
2019,20298700,0
2020,20298700,0
2019,20299100,0
2020,20299100,0
2019,20299200,0
2020,20299200,0
2019,20299300,0
2020,20299300,0
2019,20299400,0
2020,20299400,0
2019,20299500,0
2020,20299500,0
2019,20299600,0
2020,20299600,0
2019,20299700,0
2020,20299700,0
2019,20299800,0
2020,20299800,0
2019,20299900,0
2020,20299900,0
2019,20300100,0
2020,20300100,0
2019,20300200,0
2020,20300200,0
2019,20300300,0
2020,20300300,0
2019,20300400,0
2020,20300400,0
2019,20300500,0
2020,20300500,0
2019,20300600,0
2020,20300600,0
2019,20300700,0
2020,20300700,0
2019,20300800,0
2020,20300800,0
2019,20301100,0
2020,20301100,0
2019,20301200,0
2020,20301200,0
2019,20301300,0
2020,20301300,0
2019,20301400,739
2020,20301400,718
2019,20301500,456
2020,20301500,443
2019,20301600,2684
2020,20301600,2607
2019,20302100,0
2020,20302100,0
2019,20302200,0
2020,20302200,0
2019,20302300,0
2020,20302300,0
2019,20302400,1321
2020,20302400,1283
2019,20302500,0
2020,20302500,0
2019,20303100,1062
2020,20303100,1032
2019,20303200,846
2020,20303200,822
2019,20303300,0
2020,20303300,0
2019,20303400,0
2020,20303400,0
2019,20303500,0
2020,20303500,0
2019,20303600,0
2020,20303600,0
2019,20304100,999
2020,20304100,970
2019,20304200,0
2020,20304200,0
2019,20304300,0
2020,20304300,0
2019,20305100,0
2020,20305100,0
2019,20305200,0
2020,20305200,0
2019,20305300,0
2020,20305300,0
2019,20305400,0
2020,20305400,0
2019,20306100,727
2020,20306100,706
2019,20306200,0
2020,20306200,0
2019,20307100,0
2020,20307100,0
2019,20307200,1595
2020,20307200,1549
2019,20307300,0
2020,20307300,0
2019,20307400,0
2020,20307400,0
2019,20307500,0
2020,20307500,0
2019,20308100,812
2020,20308100,789
2019,20308200,647
2020,20308200,629
2019,20308300,0
2020,20308300,0
2019,20308400,0
2020,20308400,0
2019,20308500,0
2020,20308500,0
2019,20309100,0
2020,20309100,0
2019,20309200,775
2020,20309200,753
2019,20309300,29
2020,20309300,28
2019,20309400,664
2020,20309400,645
2019,20310100,0
2020,20310100,0
2019,20310200,0
2020,20310200,0
2019,20310300,0
2020,20310300,0
2019,20310400,0
2020,20310400,0
2019,20311100,0
2020,20311100,0
2019,20311200,0
2020,20311200,0
2019,20311300,0
2020,20311300,0
2019,20311400,0
2020,20311400,0
2019,20312100,557
2020,20312100,541
2019,20313100,241
2020,20313100,234
2019,20313200,812
2020,20313200,789
2019,20314100,1207
2020,20314100,1172
2019,20315100,0
2020,20315100,0
2019,20315200,9
2020,20315200,9
2019,20315300,0
2020,20315300,0
2019,20316100,0
2020,20316100,0
2019,20316200,0
2020,20316200,0
2019,20316300,0
2020,20316300,0
2019,20316400,0
2020,20316400,0
2019,20316500,0
2020,20316500,0
2019,20316600,0
2020,20316600,0
2019,20317100,0
2020,20317100,0
2019,20317200,3139
2020,20317200,3049
2019,20318100,658
2020,20318100,639
2019,20318200,0
2020,20318200,0
2019,20319100,0
2020,20319100,0
2019,20319200,620
2020,20319200,602
2019,20319300,0
2020,20319300,0
2019,20320100,0
2020,20320100,0
2019,20320200,913
2020,20320200,887
2019,20320300,0
2020,20320300,0
2019,20320400,0
2020,20320400,0
2019,20321100,0
2020,20321100,0
2019,20321200,2880
2020,20321200,2797
2019,20321300,0
2020,20321300,0
2019,20321400,0
2020,20321400,0
2019,20321500,0
2020,20321500,0
2019,20321600,0
2020,20321600,0
2019,20321700,0
2020,20321700,0
2019,20322100,711
2020,20322100,691
2019,20322200,0
2020,20322200,0
2019,20322300,0
2020,20322300,0
2019,20323100,793
2020,20323100,770
2019,20323200,0
2020,20323200,0
2019,20323300,0
2020,20323300,0
2019,20323400,0
2020,20323400,0
2019,20324100,0
2020,20324100,0
2019,20324200,0
2020,20324200,0
2019,20324300,0
2020,20324300,0
2019,20324400,0
2020,20324400,0
2019,20324500,0
2020,20324500,0
2019,20325100,0
2020,20325100,0
2019,20325200,0
2020,20325200,0
2019,20325300,0
2020,20325300,0
2019,20325400,0
2020,20325400,0
2019,20326100,0
2020,20326100,0
2019,20326200,0
2020,20326200,0
2019,20326300,0
2020,20326300,0
2019,20326400,651
2020,20326400,632
2019,20326500,0
2020,20326500,0
2019,20326600,0
2020,20326600,0
2019,20327100,0
2020,20327100,0
2019,20327200,0
2020,20327200,0
2019,20328100,0
2020,20328100,0
2019,20328200,690
2020,20328200,670
2019,20328300,694
2020,20328300,674
2019,20328400,0
2020,20328400,0
2019,20328500,0
2020,20328500,0
2019,20328600,0
2020,20328600,0
2019,20328700,0
2020,20328700,0
2019,20328800,2532
2020,20328800,2459
2019,20329100,0
2020,20329100,0
2019,20329200,0
2020,20329200,0
2019,20329300,0
2020,20329300,0
2019,20329400,0
2020,20329400,0
2019,20329500,0
2020,20329500,0
2019,20329600,0
2020,20329600,0
2019,20330100,0
2020,20330100,0
2019,20330200,0
2020,20330200,0
2019,20330300,0
2020,20330300,0
2019,20330400,0
2020,20330400,0
2019,20330500,773
2020,20330500,751
2019,20330600,0
2020,20330600,0
2019,20330700,0
2020,20330700,0
2019,20330800,0
2020,20330800,0
2019,20330900,395
2020,20330900,383
2019,20331100,0
2020,20331100,0
2019,20331200,0
2020,20331200,0
2019,20332100,0
2020,20332100,0
2019,20332200,0
2020,20332200,0
2019,20332300,0
2020,20332300,0
2019,20332400,0
2020,20332400,0
2019,20332500,0
2020,20332500,0
2019,20332600,0
2020,20332600,0
2019,20333100,0
2020,20333100,0
2019,20333200,0
2020,20333200,0
2019,20333300,0
2020,20333300,0
2019,20333400,0
2020,20333400,0
2019,20333500,0
2020,20333500,0
2019,20333600,0
2020,20333600,0
2019,20333700,0
2020,20333700,0
2019,20333800,0
2020,20333800,0
2019,20333900,0
2020,20333900,0
2019,20334100,0
2020,20334100,0
2019,20334200,0
2020,20334200,0
2019,20334300,0
2020,20334300,0
2019,20334400,0
2020,20334400,0
2019,20334500,0
2020,20334500,0
2019,20334600,578
2020,20334600,562
2019,20334700,0
2020,20334700,0
2019,20334800,0
2020,20334800,0
2019,20334900,0
2020,20334900,0
2019,20335100,0
2020,20335100,0
2019,20335200,0
2020,20335200,0
2019,20335300,0
2020,20335300,0
2019,20335400,0
2020,20335400,0
2019,20335500,0
2020,20335500,0
2019,20335600,0
2020,20335600,0
2019,20336100,0
2020,20336100,0
2019,20336200,0
2020,20336200,0
2019,20336300,0
2020,20336300,0
2019,20336400,0
2020,20336400,0
2019,20336500,0
2020,20336500,0
2019,20336600,0
2020,20336600,0
2019,20336700,0
2020,20336700,0
2019,20336800,0
2020,20336800,0
2019,20336900,0
2020,20336900,0
2019,20337100,0
2020,20337100,0
2019,20338100,521
2020,20338100,506
2019,20338200,542
2020,20338200,526
2019,20338300,0
2020,20338300,0
2019,20339100,0
2020,20339100,0
2019,20340100,0
2020,20340100,0
2019,20341100,0
2020,20341100,0
2019,20341200,0
2020,20341200,0
2019,20342100,0
2020,20342100,0
2019,20343100,0
2020,20343100,0
2019,20343200,0
2020,20343200,0
2019,20344100,695
2020,20344100,675
2019,20345100,0
2020,20345100,0
2019,20346100,0
2020,20346100,0
2019,20347100,0
2020,20347100,0
2019,20348100,0
2020,20348100,0
2019,20348200,238
2020,20348200,231
2019,20349100,0
2020,20349100,0
2019,20350100,0
2020,20350100,0
2019,20350200,0
2020,20350200,0
2019,20350300,0
2020,20350300,0
2019,20350400,0
2020,20350400,0
2019,20350500,7
2020,20350500,7
2019,20350600,0
2020,20350600,0
2019,20350700,0
2020,20350700,0
2019,20351100,360
2020,20351100,350
2019,20351200,897
2020,20351200,871
2019,20352100,893
2020,20352100,867
2019,20352200,1817
2020,20352200,1765
2019,20352300,0
2020,20352300,0
2019,20353100,0
2020,20353100,0
2019,20353200,0
2020,20353200,0
2019,20353300,890
2020,20353300,864
2019,20353400,0
2020,20353400,0
2019,20353500,0
2020,20353500,0
2019,20354100,0
2020,20354100,0
2019,20354200,0
2020,20354200,0
2019,20354300,0
2020,20354300,0
2019,20354400,0
2020,20354400,0
2019,20354500,0
2020,20354500,0
2019,20354600,771
2020,20354600,749
2019,20354700,0
2020,20354700,0
2019,20354800,0
2020,20354800,0
2019,20355100,0
2020,20355100,0
2019,20355200,1070
2020,20355200,1039
2019,20355300,0
2020,20355300,0
2019,20355400,0
2020,20355400,0
2019,20356100,0
2020,20356100,0
2019,20356200,0
2020,20356200,0
2019,20357100,0
2020,20357100,0
2019,20357200,3596
2020,20357200,3492
2019,20358100,0
2020,20358100,0
2019,20358200,0
2020,20358200,0
2019,20358300,0
2020,20358300,0
2019,20358400,0
2020,20358400,0
2019,20358500,22
2020,20358500,22
2019,20358600,3339
2020,20358600,3243
2019,20358700,0
2020,20358700,0
2019,20359100,0
2020,20359100,0
2019,20359200,0
2020,20359200,0
2019,20359300,98
2020,20359300,95
2019,20359400,0
2020,20359400,0
2019,20359500,0
2020,20359500,0
2019,20359600,0
2020,20359600,0
2019,20359700,0
2020,20359700,0
2019,20359800,0
2020,20359800,0
2019,20359900,0
2020,20359900,0
2019,20360100,36
2020,20360100,34
2019,20360200,0
2020,20360200,0
2019,20361100,0
2020,20361100,0
2019,20361200,0
2020,20361200,0
2019,20361300,1809
2020,20361300,1757
2019,20361400,0
2020,20361400,0
2019,20361500,898
2020,20361500,872
2019,20361600,0
2020,20361600,0
2019,20362100,795
2020,20362100,772
2019,20362200,0
2020,20362200,0
2019,20362300,0
2020,20362300,0
2019,20362400,0
2020,20362400,0
2019,20362500,0
2020,20362500,0
2019,20362600,0
2020,20362600,0
2019,20362700,0
2020,20362700,0
2019,20363100,0
2020,20363100,0
2019,20363200,0
2020,20363200,0
2019,20363300,0
2020,20363300,0
2019,20363400,0
2020,20363400,0
2019,20364100,0
2020,20364100,0
2019,20364200,0
2020,20364200,0
2019,20365100,0
2020,20365100,0
2019,20365200,0
2020,20365200,0
2019,20365300,0
2020,20365300,0
2019,20365400,0
2020,20365400,0
2019,20365500,0
2020,20365500,0
2019,20365600,0
2020,20365600,0
2019,20365700,0
2020,20365700,0
2019,20365800,640
2020,20365800,622
2019,20365900,0
2020,20365900,0
2019,20366100,0
2020,20366100,0
2019,20366200,615
2020,20366200,597
2019,20366300,0
2020,20366300,0
2019,20367100,823
2020,20367100,799
2019,20367200,0
2020,20367200,0
2019,20367300,0
2020,20367300,0
2019,20368100,0
2020,20368100,0
2019,20368200,559
2020,20368200,543
2019,20368300,0
2020,20368300,0
2019,20369100,0
2020,20369100,0
2019,20369200,0
2020,20369200,0
2019,20369300,0
2020,20369300,0
2019,20369400,0
2020,20369400,0
2019,20370100,928
2020,20370100,901
2019,20370200,0
2020,20370200,0
2019,20370300,0
2020,20370300,0
2019,20371100,756
2020,20371100,734
2019,20371200,0
2020,20371200,0
2019,20372100,0
2020,20372100,0
2019,20372200,0
2020,20372200,0
2019,20372300,0
2020,20372300,0
2019,20372400,0
2020,20372400,0
2019,20373100,0
2020,20373100,0
2019,20374100,0
2020,20374100,0
2019,20374200,645
2020,20374200,627
2019,20374300,0
2020,20374300,0
2019,20375100,0
2020,20375100,0
2019,20375200,0
2020,20375200,0
2019,20376100,5957
2020,20376100,5786
2019,20376200,10
2020,20376200,10
2019,20377100,30
2020,20377100,29
2019,20377200,0
2020,20377200,0
2019,20377300,623
2020,20377300,605
2019,20377400,0
2020,20377400,0
2019,20378100,0
2020,20378100,0
2019,20378200,0
2020,20378200,0
2019,20378300,0
2020,20378300,0
2019,20378400,0
2020,20378400,0
2019,20378500,0
2020,20378500,0
2019,20378600,0
2020,20378600,0
2019,20378700,0
2020,20378700,0
2019,20379100,596
2020,20379100,579
2019,20379200,1680
2020,20379200,1632
2019,20380100,885
2020,20380100,859
2019,20380200,0
2020,20380200,0
2019,20380300,0
2020,20380300,0
2019,20380400,61
2020,20380400,59
2019,20381100,80
2020,20381100,78
2019,20381200,697
2020,20381200,677
2019,20381300,0
2020,20381300,0
2019,20382100,566
2020,20382100,550
2019,20383100,0
2020,20383100,0
2019,20383200,0
2020,20383200,0
2019,20383300,0
2020,20383300,0
2019,20383400,0
2020,20383400,0
2019,20383500,0
2020,20383500,0
2019,20383600,0
2020,20383600,0
2019,20383700,0
2020,20383700,0
2019,20383800,0
2020,20383800,0
2019,20383900,0
2020,20383900,0
2019,20384100,0
2020,20384100,0
2019,20384200,0
2020,20384200,0
2019,20384300,0
2020,20384300,0
2019,20384400,0
2020,20384400,0
2019,20384500,0
2020,20384500,0
2019,20384600,0
2020,20384600,0
2019,20384700,0
2020,20384700,0
2019,20384800,0
2020,20384800,0
2019,20384900,0
2020,20384900,0
2019,20385100,0
2020,20385100,0
2019,20385200,0
2020,20385200,0
2019,20385300,661
2020,20385300,642
2019,20386100,0
2020,20386100,0
2019,20386200,587
2020,20386200,570
2019,20386300,0
2020,20386300,0
2019,20386400,1534
2020,20386400,1490
2019,20386500,0
2020,20386500,0
2019,20386600,3919
2020,20386600,3806
2019,20387100,0
2020,20387100,0
2019,20387200,777
2020,20387200,755
2019,20387300,0
2020,20387300,0
2019,20387400,0
2020,20387400,0
2019,20387500,0
2020,20387500,0
2019,20387600,0
2020,20387600,0
2019,20387700,0
2020,20387700,0
2019,20387800,0
2020,20387800,0
2019,20387900,0
2020,20387900,0
2019,20388100,0
2020,20388100,0
2019,20388200,0
2020,20388200,0
2019,20388300,0
2020,20388300,0
2019,20388400,0
2020,20388400,0
2019,20388500,0
2020,20388500,0
2019,20388600,270
2020,20388600,262
2019,20388700,0
2020,20388700,0
2019,20388800,0
2020,20388800,0
2019,20388900,0
2020,20388900,0
2019,20389100,0
2020,20389100,0
2019,20389200,0
2020,20389200,0
2019,20389300,289
2020,20389300,281
2019,20389400,0
2020,20389400,0
2019,20389500,0
2020,20389500,0
2019,20389600,0
2020,20389600,0
2019,20389700,666
2020,20389700,647
2019,20389800,1450
2020,20389800,1409
2019,20389900,0
2020,20389900,0
2019,20390100,0
2020,20390100,0
2019,20390200,0
2020,20390200,0
2019,20390300,0
2020,20390300,0
2019,20390400,0
2020,20390400,0
2019,20390500,0
2020,20390500,0
2019,20390600,0
2020,20390600,0
2019,20390700,0
2020,20390700,0
2019,20390800,0
2020,20390800,0
2019,20390900,0
2020,20390900,0
2019,20391100,0
2020,20391100,0
2019,20391200,0
2020,20391200,0
2019,20392100,370
2020,20392100,360
2019,20392200,0
2020,20392200,0
2019,20392300,550
2020,20392300,534
2019,20392400,0
2020,20392400,0
2019,20393100,0
2020,20393100,0
2019,20393200,0
2020,20393200,0
2019,20393300,0
2020,20393300,0
2019,20393400,0
2020,20393400,0
2019,20393500,0
2020,20393500,0
2019,20394100,0
2020,20394100,0
2019,20395100,0
2020,20395100,0
2019,20396100,296
2020,20396100,288
2019,20397100,110
2020,20397100,106
2019,20398100,0
2020,20398100,0
2019,20398200,0
2020,20398200,0
2019,20399100,2161
2020,20399100,2099
2019,20399200,211
2020,20399200,205
2019,20400100,463
2020,20400100,449
2019,20400200,801
2020,20400200,778
2019,20400300,0
2020,20400300,0
2019,20400400,0
2020,20400400,0
2019,20400500,0
2020,20400500,0
2019,20401100,611
2020,20401100,593
2019,20402100,0
2020,20402100,0
2019,20402200,417
2020,20402200,405
2019,20402300,36
2020,20402300,34
2019,20403100,0
2020,20403100,0
2019,20403200,3545
2020,20403200,3443
2019,20404100,806
2020,20404100,783
2019,20404200,0
2020,20404200,0
2019,20405100,581
2020,20405100,564
2019,20406100,252
2020,20406100,244
2019,20406200,1279
2020,20406200,1242
2019,20407100,0
2020,20407100,0
2019,20407200,0
2020,20407200,0
2019,20407300,0
2020,20407300,0
2019,20407400,0
2020,20407400,0
2019,20408100,0
2020,20408100,0
2019,20408200,0
2020,20408200,0
2019,20409100,0
2020,20409100,0
2019,20409200,431
2020,20409200,419
2019,20409300,0
2020,20409300,0
2019,20410100,420
2020,20410100,408
2019,20410200,0
2020,20410200,0
2019,20411100,0
2020,20411100,0
2019,20411200,738
2020,20411200,717
2019,20411300,156
2020,20411300,152
2019,20412100,89
2020,20412100,87
2019,20412200,6
2020,20412200,6
2019,20412300,0
2020,20412300,0
2019,20413100,170
2020,20413100,165
2019,20413200,0
2020,20413200,0
2019,20413300,215
2020,20413300,209
2019,20414100,0
2020,20414100,0
2019,20414200,387
2020,20414200,376
2019,20415100,0
2020,20415100,0
2019,20415200,331
2020,20415200,321
2019,20415300,652
2020,20415300,633
2019,20416100,217
2020,20416100,211
2019,20417100,0
2020,20417100,0
2019,20418100,0
2020,20418100,0
2019,20418200,0
2020,20418200,0
2019,20419100,0
2020,20419100,0
2019,20419200,2326
2020,20419200,2259
2019,20420100,71
2020,20420100,69
2019,20421100,416
2020,20421100,404
2019,20422100,0
2020,20422100,0
2019,20423100,0
2020,20423100,0
2019,20423200,107
2020,20423200,103
2019,20424100,0
2020,20424100,0
2019,20425100,0
2020,20425100,4
2019,20426100,0
2020,20426100,0
2019,20427100,0
2020,20427100,0
2019,20428100,0
2020,20428100,0
2019,20429100,1589
2020,20429100,1544
2019,20429200,0
2020,20429200,0
2019,20430100,454
2020,20430100,441
2019,20430200,889
2020,20430200,863
2019,20431100,0
2020,20431100,0
2019,20431200,0
2020,20431200,0
2019,20431300,46
2020,20431300,44
2019,20432100,0
2020,20432100,0
2019,20433100,0
2020,20433100,0
2019,20433200,616
2020,20433200,598
2019,20434100,0
2020,20434100,0
2019,20434200,0
2020,20434200,0
2019,20434300,34
2020,20434300,33
2019,20435100,30
2020,20435100,29
2019,20435200,0
2020,20435200,0
2019,20436100,3336
2020,20436100,3240
2019,20437100,0
2020,20437100,0
2019,20437200,0
2020,20437200,0
2019,20437300,0
2020,20437300,0
2019,20438100,490
2020,20438100,476
2019,20438200,0
2020,20438200,0
2019,20438300,737
2020,20438300,716
2019,20439100,0
2020,20439100,0
2019,20439200,0
2020,20439200,0
2019,20439300,0
2020,20439300,0
2019,20440100,507
2020,20440100,493
2019,20440200,16
2020,20440200,16
2019,20441100,759
2020,20441100,737
2019,20441200,0
2020,20441200,0
2019,20442100,1244
2020,20442100,1208
2019,20443100,0
2020,20443100,0
2019,20444100,637
2020,20444100,619
2019,20445100,0
2020,20445100,0
2019,20445200,0
2020,20445200,0
2019,20446100,468
2020,20446100,454
2019,20446200,0
2020,20446200,0
2019,20446300,147
2020,20446300,143
2019,20447100,0
2020,20447100,0
2019,20447200,0
2020,20447200,0
2019,20448100,88
2020,20448100,86
2019,20448200,3559
2020,20448200,3456
2019,20449100,1044
2020,20449100,1014
2019,20449200,568
2020,20449200,552
2019,20449300,0
2020,20449300,0
2019,20450100,430
2020,20450100,418
2019,20451100,0
2020,20451100,0
2019,20452100,634
2020,20452100,616
2019,20452200,0
2020,20452200,0
2019,20452300,0
2020,20452300,0
2019,20452400,472
2020,20452400,458
2019,20453100,1146
2020,20453100,1113
2019,20453200,280
2020,20453200,272
2019,20454100,1624
2020,20454100,1577
2019,20454200,0
2020,20454200,0
2019,20455100,436
2020,20455100,424
2019,20455200,0
2020,20455200,0
2019,20456100,0
2020,20456100,0
2019,20457100,0
2020,20457100,0
2019,20458100,0
2020,20458100,0
2019,20458200,0
2020,20458200,0
2019,20459100,36
2020,20459100,34
2019,20459200,0
2020,20459200,0
2019,20459300,149
2020,20459300,145
2019,20460100,794
2020,20460100,771
2019,20461100,0
2020,20461100,0
2019,20462100,0
2020,20462100,0
2019,20463100,0
2020,20463100,0
2019,20464100,121
2020,20464100,117
2019,20464200,422
2020,20464200,410
2019,20465100,559
2020,20465100,543
2019,20465200,298
2020,20465200,290
2019,20466100,17
2020,20466100,17
2019,20466200,60
2020,20466200,58
2019,20467100,3275
2020,20467100,3181
2019,20467200,0
2020,20467200,0
2019,20467300,387
2020,20467300,376
2019,20468100,572
2020,20468100,556
2019,20468200,0
2020,20468200,0
2019,20469100,460
2020,20469100,447
2019,20470100,217
2020,20470100,211
2019,20470200,0
2020,20470200,0
2019,20470300,0
2020,20470300,0
2019,20471100,0
2020,20471100,0
2019,20472100,2125
2020,20472100,2064
2019,20472200,18
2020,20472200,18
2019,20472300,443
2020,20472300,430
2019,20473100,0
2020,20473100,0
2019,20473200,2361
2020,20473200,2294
2019,20473300,0
2020,20473300,0
2019,20474100,0
2020,20474100,0
2019,20474200,0
2020,20474200,0
2019,20474300,490
2020,20474300,476
2019,20475100,0
2020,20475100,0
2019,20475200,459
2020,20475200,446
2019,20476100,404
2020,20476100,392
2019,20476200,14
2020,20476200,14
2019,20477100,0
2020,20477100,0
2019,20478100,242
2020,20478100,235
2019,20478200,0
2020,20478200,0
2019,20479100,0
2020,20479100,0
2019,20479200,0
2020,20479200,0
2019,20479300,0
2020,20479300,0
2019,20480100,0
2020,20480100,0
2019,20480200,0
2020,20480200,0
2019,20481100,0
2020,20481100,0
2019,20482100,22
2020,20482100,22
2019,20483100,0
2020,20483100,0
2019,20483200,0
2020,20483200,0
2019,20484100,0
2020,20484100,0
2019,20484200,0
2020,20484200,0
2019,20484300,0
2020,20484300,0
2019,20485100,835
2020,20485100,811
2019,20485200,535
2020,20485200,519
2019,20486100,0
2020,20486100,0
2019,20486200,346
2020,20486200,336
2019,20486300,2047
2020,20486300,1988
2019,20487100,1036
2020,20487100,1006
2019,20487200,0
2020,20487200,0
2019,20487300,0
2020,20487300,0
2019,20488100,0
2020,20488100,0
2019,20488200,453
2020,20488200,440
2019,20489100,313
2020,20489100,304
2019,20489200,110
2020,20489200,106
2019,20490100,142
2020,20490100,138
2019,20491100,1028
2020,20491100,998
2019,20491200,0
2020,20491200,0
2019,20492100,0
2020,20492100,0
2019,20492200,433
2020,20492200,421
2019,20492300,0
2020,20492300,0
2019,20493100,0
2020,20493100,0
2019,20493200,858
2020,20493200,833
2019,20494100,509
2020,20494100,495
2019,20494200,0
2020,20494200,0
2019,20495100,1069
2020,20495100,1038
2019,20495200,1792
2020,20495200,1741
2019,20496100,1425
2020,20496100,1384
2019,20497100,297
2020,20497100,289
2019,20497200,75
2020,20497200,73
2019,20497300,389
2020,20497300,378
2019,20497400,6330
2020,20497400,6148
2019,20498100,0
2020,20498100,0
2019,20498200,0
2020,20498200,0
2019,20498300,390
2020,20498300,378
2019,20499100,48
2020,20499100,46
2019,20499200,465
2020,20499200,451
2019,20500100,0
2020,20500100,0
2019,20500200,0
2020,20500200,0
2019,20500300,0
2020,20500300,0
2019,20501100,0
2020,20501100,0
2019,20501200,570
2020,20501200,554
2019,20502100,0
2020,20502100,0
2019,20502200,0
2020,20502200,0
2019,20503100,120
2020,20503100,116
2019,20503200,0
2020,20503200,0
2019,20504100,0
2020,20504100,0
2019,20504200,0
2020,20504200,0
2019,20504300,558
2020,20504300,542
2019,20505100,0
2020,20505100,0
2019,20506100,0
2020,20506100,0
2019,20506200,0
2020,20506200,0
2019,20506300,0
2020,20506300,0
2019,20506400,0
2020,20506400,0
2019,20507100,525
2020,20507100,510
2019,20507200,0
2020,20507200,0
2019,20508100,636
2020,20508100,618
2019,20508200,0
2020,20508200,0
2019,20509100,0
2020,20509100,0
2019,20509200,0
2020,20509200,0
2019,20509300,0
2020,20509300,0
2019,20510100,0
2020,20510100,0
2019,20510200,0
2020,20510200,0
2019,20511100,722
2020,20511100,701
2019,20512100,0
2020,20512100,0
2019,20512200,696
2020,20512200,676
2019,20513100,69
2020,20513100,67
2019,20513200,0
2020,20513200,0
2019,20514100,540
2020,20514100,524
2019,20514200,0
2020,20514200,0
2019,20514300,0
2020,20514300,0
2019,20515100,538
2020,20515100,522
2019,20515200,239
2020,20515200,232
2019,20515300,219
2020,20515300,213
2019,20516100,0
2020,20516100,0
2019,20516200,0
2020,20516200,0
2019,20516300,2849
2020,20516300,2768
2019,20517100,93
2020,20517100,91
2019,20517200,0
2020,20517200,0
2019,20518100,0
2020,20518100,0
2019,20518200,0
2020,20518200,0
2019,20518300,0
2020,20518300,0
2019,20519100,649
2020,20519100,631
2019,20520100,144
2020,20520100,140
2019,20521100,0
2020,20521100,0
2019,20522100,0
2020,20522100,0
2019,20522200,0
2020,20522200,0
2019,20522300,0
2020,20522300,0
2019,20523100,803
2020,20523100,780
2019,20524100,1221
2020,20524100,1186
2019,20525100,610
2020,20525100,592
2019,20526100,0
2020,20526100,0
2019,20527100,0
2020,20527100,0
2019,20527200,0
2020,20527200,0
2019,20527300,0
2020,20527300,0
2019,20527400,0
2020,20527400,0
2019,20528100,0
2020,20528100,0
2019,20528200,0
2020,20528200,0
2019,20528300,2726
2020,20528300,2647
2019,20529100,0
2020,20529100,0
2019,20529200,0
2020,20529200,0
2019,20530100,0
2020,20530100,0
2019,20530200,0
2020,20530200,0
2019,20530300,184
2020,20530300,178
2019,20531100,786
2020,20531100,764
2019,20531200,120
2020,20531200,116
2019,20532100,1179
2020,20532100,1145
2019,20532200,0
2020,20532200,0
2019,20532300,1019
2020,20532300,990
2019,20532400,656
2020,20532400,637
2019,20533100,0
2020,20533100,0
2019,20533200,2923
2020,20533200,2840
2019,20534100,102
2020,20534100,99
2019,20534200,467
2020,20534200,453
2019,20534300,2776
2020,20534300,2697
2019,20534400,0
2020,20534400,0
2019,20535100,0
2020,20535100,0
2019,20535200,0
2020,20535200,0
2019,20535300,0
2020,20535300,0
2019,20536100,0
2020,20536100,0
2019,20536200,701
2020,20536200,681
2019,20537100,501
2020,20537100,487
2019,20538100,0
2020,20538100,0
2019,20538200,0
2020,20538200,0
2019,20538300,764
2020,20538300,742
2019,20539100,0
2020,20539100,0
2019,20539200,0
2020,20539200,0
2019,20540100,0
2020,20540100,0
2019,20540200,0
2020,20540200,0
2019,20541100,0
2020,20541100,0
2019,20542100,1925
2020,20542100,1870
2019,20543100,0
2020,20543100,0
2019,20544100,0
2020,20544100,0
2019,20544200,0
2020,20544200,0
2019,20545100,920
2020,20545100,894
2019,20546100,0
2020,20546100,0
2019,20546200,0
2020,20546200,0
2019,20546300,0
2020,20546300,0
2019,20547100,0
2020,20547100,0
2019,20547200,0
2020,20547200,0
2019,20548100,484
2020,20548100,470
2019,20548200,678
2020,20548200,658
2019,20549100,0
2020,20549100,0
2019,20550100,651
2020,20550100,632
2019,20551100,0
2020,20551100,0
2019,20551200,0
2020,20551200,0
2019,20551300,0
2020,20551300,0
2019,20551400,0
2020,20551400,0
2019,20551500,0
2020,20551500,0
2019,20552100,0
2020,20552100,0
2019,20552200,0
2020,20552200,0
2019,20552300,0
2020,20552300,0
2019,20553100,12
2020,20553100,12
2019,20553200,0
2020,20553200,0
2019,20553300,341
2020,20553300,331
2019,20553400,592
2020,20553400,575
2019,20554100,0
2020,20554100,0
2019,20554200,0
2020,20554200,0
2019,20554300,327
2020,20554300,317
2019,20555100,0
2020,20555100,0
2019,20555200,833
2020,20555200,809
2019,20556100,763
2020,20556100,741
2019,20556200,0
2020,20556200,0
2019,20556300,1515
2020,20556300,1472
2019,20556400,0
2020,20556400,0
2019,20557100,0
2020,20557100,0
2019,20557200,0
2020,20557200,0
2019,20557300,497
2020,20557300,483
2019,20558100,0
2020,20558100,0
2019,20559100,766
2020,20559100,744
2019,20560100,0
2020,20560100,0
2019,20560200,0
2020,20560200,0
2019,20560300,0
2020,20560300,0
2019,20561100,1072
2020,20561100,1041
2019,20561200,0
2020,20561200,0
2019,20561300,0
2020,20561300,0
2019,20562100,0
2020,20562100,0
2019,20562200,487
2020,20562200,473
2019,20562300,0
2020,20562300,0
2019,20563100,2051
2020,20563100,1992
2019,20563200,1254
2020,20563200,1218
2019,20563300,168
2020,20563300,163
2019,20563400,0
2020,20563400,0
2019,20564100,673
2020,20564100,653
2019,20564200,0
2020,20564200,0
2019,20565100,0
2020,20565100,0
2019,20565200,796
2020,20565200,773
2019,20566100,0
2020,20566100,0
2019,20567100,347
2020,20567100,337
2019,20568100,0
2020,20568100,0
2019,20569100,2129
2020,20569100,2068
2019,20569200,540
2020,20569200,524
2019,20569300,0
2020,20569300,0
2019,20570100,1660
2020,20570100,1613
2019,20570200,388
2020,20570200,377
2019,20571100,0
2020,20571100,0
2019,20571200,588
2020,20571200,571
2019,20571300,0
2020,20571300,0
2019,20571400,0
2020,20571400,0
2019,20572100,0
2020,20572100,0
2019,20572200,0
2020,20572200,0
2019,20573100,0
2020,20573100,0
2019,20573200,0
2020,20573200,0
2019,20573300,513
2020,20573300,498
2019,20574100,698
2020,20574100,678
2019,20575100,1198
2020,20575100,1164
2019,20575200,0
2020,20575200,0
2019,20575300,0
2020,20575300,0
2019,20576100,0
2020,20576100,0
2019,20576200,0
2020,20576200,0
2019,20576300,0
2020,20576300,0
2019,20577100,0
2020,20577100,0
2019,20577200,256
2020,20577200,248
2019,20578100,0
2020,20578100,0
2019,20578200,680
2020,20578200,660
2019,20578300,0
2020,20578300,0
2019,20579100,118
2020,20579100,114
2019,20580100,0
2020,20580100,0
2019,20580200,0
2020,20580200,0
2019,20581100,0
2020,20581100,0
2019,20581200,0
2020,20581200,0
2019,20581300,0
2020,20581300,0
2019,20582100,0
2020,20582100,0
2019,20582200,536
2020,20582200,520
2019,20583100,4029
2020,20583100,3913
2019,20583200,0
2020,20583200,0
2019,20583300,0
2020,20583300,0
2019,20584100,372
2020,20584100,362
2019,20584200,161
2020,20584200,157
2019,20585100,0
2020,20585100,0
2019,20585200,501
2020,20585200,487
2019,20586100,1641
2020,20586100,1594
2019,20586200,0
2020,20586200,0
2019,20586300,219
2020,20586300,213
2019,20587100,953
2020,20587100,926
2019,20588100,0
2020,20588100,0
2019,20589100,0
2020,20589100,0
2019,20589200,2672
2020,20589200,2595
2019,20589300,650
2020,20589300,631
2019,20590100,0
2020,20590100,0
2019,20590200,0
2020,20590200,0
2019,20590300,104
2020,20590300,101
2019,20590400,853
2020,20590400,829
2019,20591100,0
2020,20591100,0
2019,20591200,0
2020,20591200,0
2019,20592100,0
2020,20592100,0
2019,20592200,0
2020,20592200,0
2019,20593100,0
2020,20593100,0
2019,20593200,0
2020,20593200,0
2019,20593300,386
2020,20593300,375
2019,20594100,0
2020,20594100,0
2019,20594200,561
2020,20594200,545
2019,20595100,0
2020,20595100,0
2019,20595200,17
2020,20595200,17
2019,20595300,0
2020,20595300,0
2019,20596100,0
2020,20596100,0
2019,20596200,0
2020,20596200,0
2019,20596300,1688
2020,20596300,1639
2019,20596400,0
2020,20596400,0
2019,20596500,0
2020,20596500,0
2019,20597100,0
2020,20597100,0
2019,20597200,513
2020,20597200,498
2019,20598100,744
2020,20598100,722
2019,20598200,0
2020,20598200,0
2019,20599100,0
2020,20599100,0
2019,20599200,0
2020,20599200,0
2019,20599300,0
2020,20599300,0
2019,20600100,0
2020,20600100,0
2019,20600200,0
2020,20600200,0
2019,20601100,516
2020,20601100,501
2019,20601200,0
2020,20601200,0
2019,20602100,0
2020,20602100,0
2019,20602200,445
2020,20602200,432
2019,20603100,8
2020,20603100,8
2019,20603200,1007
2020,20603200,978
2019,20603300,0
2020,20603300,0
2019,20604100,0
2020,20604100,0
2019,20604200,0
2020,20604200,0
2019,20605100,0
2020,20605100,0
2019,20605200,757
2020,20605200,735
2019,20606100,0
2020,20606100,0
2019,20607100,0
2020,20607100,0
2019,20607200,1858
2020,20607200,1805
2019,20608100,0
2020,20608100,0
2019,20608200,317
2020,20608200,308
2019,20608300,0
2020,20608300,0
2019,20608400,0
2020,20608400,0
2019,20609100,1208
2020,20609100,1173
2019,20609200,307
2020,20609200,298
2019,20610100,0
2020,20610100,0
2019,20610200,0
2020,20610200,0
2019,20610300,745
2020,20610300,723
2019,20611100,0
2020,20611100,0
2019,20611200,0
2020,20611200,0
2019,20611300,0
2020,20611300,0
2019,20612100,0
2020,20612100,0
2019,20613100,475
2020,20613100,461
2019,20613200,0
2020,20613200,0
2019,20614100,0
2020,20614100,0
2019,20614200,0
2020,20614200,0
2019,20614300,492
2020,20614300,478
2019,20615100,0
2020,20615100,0
2019,20615200,0
2020,20615200,0
2019,20615300,0
2020,20615300,0
2019,20616100,0
2020,20616100,0
2019,20617100,37
2020,20617100,35
2019,20617200,0
2020,20617200,0
2019,20618100,212
2020,20618100,206
2019,20618200,0
2020,20618200,0
2019,20619100,0
2020,20619100,0
2019,20619200,375
2020,20619200,364
2019,20620100,0
2020,20620100,0
2019,20620200,0
2020,20620200,0
2019,20621100,647
2020,20621100,629
2019,20621200,0
2020,20621200,0
2019,20621300,259
2020,20621300,251
2019,20622100,0
2020,20622100,0
2019,20622200,226
2020,20622200,220
2019,20622300,0
2020,20622300,0
2019,20623100,0
2020,20623100,0
2019,20623200,0
2020,20623200,0
2019,20623300,0
2020,20623300,0
2019,20624100,0
2020,20624100,0
2019,20624200,452
2020,20624200,439
2019,20625100,1037
2020,20625100,1007
2019,20625200,0
2020,20625200,0
2019,20626100,0
2020,20626100,0
2019,20627100,0
2020,20627100,0
2019,20628100,0
2020,20628100,0
2019,20628200,0
2020,20628200,0
2019,20629100,0
2020,20629100,0
2019,20629200,0
2020,20629200,0
2019,20629300,0
2020,20629300,0
2019,20630100,416
2020,20630100,404
2019,20630200,594
2020,20630200,577
2019,20631100,0
2020,20631100,0
2019,20632100,0
2020,20632100,0
2019,20632200,0
2020,20632200,0
2019,20632300,0
2020,20632300,0
2019,20632400,0
2020,20632400,0
2019,20632500,0
2020,20632500,0
2019,20632600,0
2020,20632600,0
2019,20632700,0
2020,20632700,0
2019,20632800,0
2020,20632800,0
2019,20633100,0
2020,20633100,0
2019,20633200,480
2020,20633200,466
2019,20633300,0
2020,20633300,0
2019,20633400,0
2020,20633400,0
2019,20633500,0
2020,20633500,0
2019,20633600,17
2020,20633600,17
2019,20633700,0
2020,20633700,0
2019,20634100,649
2020,20634100,631
2019,20634200,633
2020,20634200,615
2019,20635100,0
2020,20635100,0
2019,20635200,0
2020,20635200,0
2019,20635300,0
2020,20635300,0
2019,20636100,0
2020,20636100,0
2019,20636200,0
2020,20636200,0
2019,20636300,0
2020,20636300,0
2019,20637100,130
2020,20637100,126
2019,20637200,0
2020,20637200,0
2019,20637300,0
2020,20637300,0
2019,20637400,565
2020,20637400,549
2019,20638100,495
2020,20638100,481
2019,20638200,0
2020,20638200,0
2019,20638300,0
2020,20638300,0
2019,20638400,2549
2020,20638400,2476
2019,20639100,0
2020,20639100,0
2019,20639200,2477
2020,20639200,2406
2019,20639300,0
2020,20639300,0
2019,20639400,0
2020,20639400,0
2019,20639500,438
2020,20639500,426
2019,20640100,0
2020,20640100,0
2019,20640200,0
2020,20640200,0
2019,20640300,0
2020,20640300,0
2019,20640400,0
2020,20640400,0
2019,20640500,1110
2020,20640500,1078
2019,20640600,293
2020,20640600,285
2019,20641100,2220
2020,20641100,2157
2019,20642100,0
2020,20642100,0
2019,20642200,0
2020,20642200,0
2019,20643100,212
2020,20643100,206
2019,20643200,0
2020,20643200,0
2019,20644100,0
2020,20644100,0
2019,20644200,115
2020,20644200,111
2019,20645100,493
2020,20645100,479
2019,20645200,0
2020,20645200,0
2019,20645300,0
2020,20645300,0
2019,20645400,0
2020,20645400,0
2019,20645500,0
2020,20645500,0
2019,20646100,19
2020,20646100,19
2019,20646200,0
2020,20646200,0
2019,20646300,0
2020,20646300,0
2019,20647100,634
2020,20647100,616
2019,20647200,0
2020,20647200,0
2019,20648100,77
2020,20648100,75
2019,20648200,84
2020,20648200,82
2019,20648300,0
2020,20648300,0
2019,20648400,765
2020,20648400,743
2019,20649100,0
2020,20649100,0
2019,20650100,2320
2020,20650100,2253
2019,20650200,590
2020,20650200,573
2019,20651100,711
2020,20651100,691
2019,20652100,0
2020,20652100,0
2019,20653100,0
2020,20653100,0
2019,20654100,0
2020,20654100,0
2019,20654200,0
2020,20654200,0
2019,20654300,0
2020,20654300,0
2019,20654400,453
2020,20654400,440
2019,20655100,416
2020,20655100,404
2019,20656100,453
2020,20656100,440
2019,20657100,0
2020,20657100,0
2019,20657200,543
2020,20657200,527
2019,20658100,1455
2020,20658100,1413
2019,20658200,6764
2020,20658200,6569
2019,20659100,413
2020,20659100,401
2019,20659200,0
2020,20659200,0
2019,20660100,0
2020,20660100,0
2019,20661100,1585
2020,20661100,1540
2019,20662100,456
2020,20662100,443
2019,20663100,0
2020,20663100,0
2019,20663200,473
2020,20663200,459
2019,20664100,2513
2020,20664100,2440
2019,20664200,463
2020,20664200,449
2019,20664300,347
2020,20664300,337
2019,20665100,0
2020,20665100,0
2019,20665200,452
2020,20665200,439
2019,20665300,0
2020,20665300,0
2019,20666100,212
2020,20666100,206
2019,20667100,0
2020,20667100,0
2019,20667200,808
2020,20667200,785
2019,20667300,0
2020,20667300,0
2019,20667400,0
2020,20667400,0
2019,20668100,0
2020,20668100,0
2019,20668200,1293
2020,20668200,1256
2019,20668300,0
2020,20668300,0
2019,20669100,0
2020,20669100,0
2019,20669200,586
2020,20669200,569
2019,20669300,0
2020,20669300,0
2019,20670100,352
2020,20670100,342
2019,20670200,0
2020,20670200,0
2019,20671100,0
2020,20671100,0
2019,20671200,427
2020,20671200,415
2019,20671300,18
2020,20671300,18
2019,20671400,0
2020,20671400,0
2019,20672100,0
2020,20672100,0
2019,20673100,0
2020,20673100,0
2019,20673200,0
2020,20673200,0
2019,20673300,0
2020,20673300,0
2019,20674100,815
2020,20674100,791
2019,20674200,450
2020,20674200,437
2019,20674300,0
2020,20674300,0
2019,20675100,0
2020,20675100,0
2019,20675200,378
2020,20675200,367
2019,20676100,991
2020,20676100,963
2019,20677100,0
2020,20677100,0
2019,20677200,0
2020,20677200,0
2019,20677300,0
2020,20677300,0
2019,20678100,2667
2020,20678100,2590
2019,20678200,0
2020,20678200,0
2019,20679100,0
2020,20679100,0
2019,20679200,680
2020,20679200,660
2019,20680100,704
2020,20680100,684
2019,20681100,0
2020,20681100,0
2019,20682100,0
2020,20682100,0
2019,20682200,0
2020,20682200,0
2019,20682300,192
2020,20682300,186
2019,20682400,0
2020,20682400,0
2019,20682500,1066
2020,20682500,1035
2019,20682600,157
2020,20682600,153
2019,20683100,1358
2020,20683100,1319
2019,20684100,0
2020,20684100,0
2019,20685100,2153
2020,20685100,2092
2019,20686100,167
2020,20686100,162
2019,20686200,2185
2020,20686200,2122
2019,20687100,0
2020,20687100,0
2019,20687200,0
2020,20687200,0
2019,20688100,459
2020,20688100,446
2019,20688200,0
2020,20688200,0
2019,20688300,0
2020,20688300,0
2019,20688400,0
2020,20688400,0
2019,20689100,0
2020,20689100,0
2019,20689200,622
2020,20689200,604
2019,20690100,0
2020,20690100,0
2019,20690200,832
2020,20690200,808
2019,20690300,0
2020,20690300,0
2019,20690400,1054
2020,20690400,1024
2019,20690500,819
2020,20690500,795
2019,20690600,0
2020,20690600,0
2019,20691100,0
2020,20691100,0
2019,20691200,166
2020,20691200,162
2019,20692100,0
2020,20692100,0
2019,20692200,0
2020,20692200,0
2019,20692300,673
2020,20692300,653
2019,20693100,0
2020,20693100,0
2019,20693200,0
2020,20693200,0
2019,20693300,779
2020,20693300,757
2019,20693400,0
2020,20693400,0
2019,20694100,0
2020,20694100,0
2019,20695100,765
2020,20695100,743
2019,20695200,1120
2020,20695200,1088
2019,20696100,0
2020,20696100,0
2019,20696200,83
2020,20696200,81
2019,20696300,0
2020,20696300,0
2019,20696400,1724
2020,20696400,1675
2019,20697100,518
2020,20697100,503
2019,20697200,706
2020,20697200,686
2019,20698100,3076
2020,20698100,2988
2019,20698200,0
2020,20698200,0
2019,20699100,0
2020,20699100,0
2019,20699200,0
2020,20699200,0
2019,20700100,0
2020,20700100,0
2019,20701100,491
2020,20701100,477
2019,20702100,0
2020,20702100,0
2019,20702200,612
2020,20702200,594
2019,20702300,0
2020,20702300,0
2019,20702400,0
2020,20702400,0
2019,20703100,0
2020,20703100,0
2019,20703200,0
2020,20703200,0
2019,20703300,0
2020,20703300,0
2019,20704100,0
2020,20704100,0
2019,20705100,828
2020,20705100,804
2019,20705200,372
2020,20705200,362
2019,20706100,0
2020,20706100,0
2019,20706200,0
2020,20706200,0
2019,20707100,1209
2020,20707100,1174
2019,20707200,200
2020,20707200,194
2019,20708100,597
2020,20708100,580
2019,20708200,0
2020,20708200,0
2019,20709100,0
2020,20709100,0
2019,20709200,0
2020,20709200,0
2019,20710100,12
2020,20710100,12
2019,20710200,0
2020,20710200,0
2019,20711100,250
2020,20711100,242
2019,20712100,0
2020,20712100,0
2019,20712200,0
2020,20712200,0
2019,20712300,0
2020,20712300,0
2019,20713100,0
2020,20713100,0
2019,20713200,1884
2020,20713200,1830
2019,20714100,437
2020,20714100,425
2019,20714200,0
2020,20714200,0
2019,20714300,0
2020,20714300,0
2019,20715100,1329
2020,20715100,1291
2019,20716100,0
2020,20716100,0
2019,20716200,1235
2020,20716200,1200
2019,20717100,0
2020,20717100,0
2019,20717200,310
2020,20717200,301
2019,20717300,0
2020,20717300,0
2019,20717400,0
2020,20717400,0
2019,20717500,0
2020,20717500,0
2019,20718100,1702
2020,20718100,1653
2019,20719100,0
2020,20719100,0
2019,20719200,0
2020,20719200,0
2019,20719300,0
2020,20719300,0
2019,20719400,0
2020,20719400,0
2019,20720100,0
2020,20720100,0
2019,20720200,0
2020,20720200,0
2019,20721100,299
2020,20721100,291
2019,20721200,0
2020,20721200,0
2019,20722100,56
2020,20722100,54
2019,20722200,446
2020,20722200,433
2019,20722300,47
2020,20722300,45
2019,20722400,18
2020,20722400,18
2019,20723100,1297
2020,20723100,1260
2019,20724100,282
2020,20724100,274
2019,20724200,0
2020,20724200,0
2019,20724300,0
2020,20724300,0
2019,20724400,386
2020,20724400,375
2019,20725100,862
2020,20725100,837
2019,20726100,0
2020,20726100,0
2019,20726200,0
2020,20726200,0
2019,20727100,1301
2020,20727100,1264
2019,20727200,134
2020,20727200,130
2019,20728100,0
2020,20728100,0
2019,20728200,0
2020,20728200,0
2019,20729100,190
2020,20729100,184
2019,20730100,434
2020,20730100,422
2019,20730200,0
2020,20730200,0
2019,20730300,0
2020,20730300,0
2019,20731100,0
2020,20731100,0
2019,20731200,0
2020,20731200,0
2019,20732100,58
2020,20732100,56
2019,20733100,1330
2020,20733100,1292
2019,20733200,0
2020,20733200,0
2019,20733300,291
2020,20733300,283
2019,20733400,0
2020,20733400,0
2019,20734100,0
2020,20734100,0
2019,20735100,337
2020,20735100,327
2019,20736100,0
2020,20736100,0
2019,20737100,0
2020,20737100,0
2019,20737200,53
2020,20737200,51
2019,20738100,0
2020,20738100,0
2019,20739100,531
2020,20739100,515
2019,20739200,354
2020,20739200,344
2019,20739300,0
2020,20739300,0
2019,20740100,3222
2020,20740100,3129
2019,20741100,0
2020,20741100,0
2019,20742100,209
2020,20742100,203
2019,20742200,783
2020,20742200,761
2019,20743100,0
2020,20743100,0
2019,20744100,0
2020,20744100,0
2019,20744200,0
2020,20744200,0
2019,20744300,759
2020,20744300,737
2019,20744400,282
2020,20744400,274
2019,20744500,0
2020,20744500,0
2019,20745100,2067
2020,20745100,2008
2019,20745200,403
2020,20745200,391
2019,20746100,0
2020,20746100,0
2019,20746200,636
2020,20746200,618
2019,20746300,0
2020,20746300,0
2019,20746400,0
2020,20746400,0
2019,20747100,0
2020,20747100,0
2019,20747200,0
2020,20747200,0
2019,20748100,0
2020,20748100,0
2019,20749100,0
2020,20749100,0
2019,20749200,6
2020,20749200,6
2019,20749300,0
2020,20749300,0
2019,20750100,0
2020,20750100,0
2019,20750200,0
2020,20750200,0
2019,20750300,0
2020,20750300,0
2019,20750400,0
2020,20750400,0
2019,20751100,513
2020,20751100,498
2019,20752100,1139
2020,20752100,1106
2019,20752200,0
2020,20752200,0
2019,20753100,0
2020,20753100,0
2019,20754100,2832
2020,20754100,2751
2019,20755100,239
2020,20755100,232
2019,20755200,0
2020,20755200,0
2019,20755300,0
2020,20755300,0
2019,20756100,0
2020,20756100,0
2019,20756200,559
2020,20756200,543
2019,20757100,48
2020,20757100,46
2019,20757200,500
2020,20757200,486
2019,20757300,0
2020,20757300,0
2019,20758100,0
2020,20758100,0
2019,20758200,222
2020,20758200,216
2019,20758300,0
2020,20758300,0
2019,20759100,0
2020,20759100,0
2019,20759200,0
2020,20759200,0
2019,20759300,0
2020,20759300,0
2019,20760100,0
2020,20760100,0
2019,20760200,0
2020,20760200,0
2019,20760300,0
2020,20760300,0
2019,20760400,0
2020,20760400,0
2019,20760500,0
2020,20760500,0
2019,20760600,0
2020,20760600,0
2019,20761100,731
2020,20761100,710
2019,20761200,0
2020,20761200,0
2019,20761300,0
2020,20761300,0
2019,20762100,0
2020,20762100,0
2019,20762200,0
2020,20762200,0
2019,20762300,0
2020,20762300,0
2019,20762400,0
2020,20762400,0
2019,20763100,0
2020,20763100,0
2019,20763200,0
2020,20763200,0
2019,20763300,415
2020,20763300,403
2019,20764100,402
2020,20764100,390
2019,20764200,0
2020,20764200,0
2019,20764300,0
2020,20764300,0
2019,20764400,0
2020,20764400,0
2019,20765100,642
2020,20765100,624
2019,20765200,0
2020,20765200,0
2019,20766100,0
2020,20766100,0
2019,20766200,0
2020,20766200,0
2019,20766300,578
2020,20766300,562
2019,20767100,0
2020,20767100,0
2019,20767200,0
2020,20767200,0
2019,20768100,0
2020,20768100,0
2019,20768200,0
2020,20768200,0
2019,20768300,0
2020,20768300,0
2019,20769100,0
2020,20769100,0
2019,20769200,40
2020,20769200,38
2019,20769300,187
2020,20769300,181
2019,20770100,1011
2020,20770100,982
2019,20770200,494
2020,20770200,480
2019,20770300,36
2020,20770300,34
2019,20771100,0
2020,20771100,0
2019,20771200,0
2020,20771200,0
2019,20771300,0
2020,20771300,0
2019,20772100,0
2020,20772100,0
2019,20772200,0
2020,20772200,0
2019,20772300,1164
2020,20772300,1131
2019,20773100,0
2020,20773100,0
2019,20773200,0
2020,20773200,0
2019,20773300,0
2020,20773300,0
2019,20773400,0
2020,20773400,0
2019,20774100,1544
2020,20774100,1500
2019,20775100,0
2020,20775100,0
2019,20775200,0
2020,20775200,0
2019,20776100,225
2020,20776100,219
2019,20776200,17
2020,20776200,17
2019,20777100,520
2020,20777100,505
2019,20777200,0
2020,20777200,0
2019,20777300,1223
2020,20777300,1188
2019,20778100,0
2020,20778100,0
2019,20778200,0
2020,20778200,0
2019,20778300,0
2020,20778300,0
2019,20778400,0
2020,20778400,0
2019,20779100,0
2020,20779100,0
2019,20779200,0
2020,20779200,0
2019,20779300,0
2020,20779300,0
2019,20780100,0
2020,20780100,0
2019,20780200,441
2020,20780200,429
2019,20781100,0
2020,20781100,0
2019,20781200,0
2020,20781200,0
2019,20782100,378
2020,20782100,367
2019,20782200,0
2020,20782200,0
2019,20782300,0
2020,20782300,0
2019,20782400,0
2020,20782400,0
2019,20783100,0
2020,20783100,0
2019,20783200,0
2020,20783200,0
2019,20783300,0
2020,20783300,0
2019,20784100,0
2020,20784100,0
2019,20784200,0
2020,20784200,0
2019,20784300,0
2020,20784300,0
2019,20784400,0
2020,20784400,0
2019,20785100,0
2020,20785100,0
2019,20786100,1509
2020,20786100,1466
2019,20786200,95
2020,20786200,93
2019,20787100,0
2020,20787100,0
2019,20787200,0
2020,20787200,0
2019,20787300,585
2020,20787300,568
2019,20787400,0
2020,20787400,0
2019,20787500,0
2020,20787500,0
2019,20788100,0
2020,20788100,0
2019,20788200,0
2020,20788200,0
2019,20789100,1234
2020,20789100,1199
2019,20789200,56
2020,20789200,54
2019,20790100,0
2020,20790100,0
2019,20790200,18
2020,20790200,18
2019,20791100,0
2020,20791100,0
2019,20791200,1089
2020,20791200,1058
2019,20791300,1007
2020,20791300,978
2019,20792100,0
2020,20792100,0
2019,20793100,2951
2020,20793100,2866
2019,20793200,0
2020,20793200,0
2019,20794100,0
2020,20794100,0
2019,20794200,0
2020,20794200,0
2019,20795100,0
2020,20795100,0
2019,20795200,0
2020,20795200,0
2019,20795300,0
2020,20795300,0
2019,20795400,0
2020,20795400,0
2019,20796100,0
2020,20796100,0
2019,20796200,377
2020,20796200,366
2019,20796300,0
2020,20796300,0
2019,20797100,0
2020,20797100,0
2019,20797200,0
2020,20797200,0
2019,20797300,280
2020,20797300,272
2019,20797400,0
2020,20797400,0
2019,20798100,0
2020,20798100,0
2019,20798200,0
2020,20798200,0
2019,20798300,0
2020,20798300,0
2019,20799100,0
2020,20799100,0
2019,20800100,0
2020,20800100,0
2019,20800200,0
2020,20800200,0
2019,20800300,0
2020,20800300,0
2019,20800400,1203
2020,20800400,1168
2019,20801100,0
2020,20801100,0
2019,20801200,49
2020,20801200,47
2019,20801300,0
2020,20801300,0
2019,20802100,329
2020,20802100,319
2019,20802200,0
2020,20802200,0
2019,20803100,0
2020,20803100,0
2019,20803200,600
2020,20803200,583
2019,20803300,333
2020,20803300,323
2019,20803400,0
2020,20803400,0
2019,20804100,598
2020,20804100,581
2019,20804200,0
2020,20804200,0
2019,20805100,0
2020,20805100,0
2019,20805200,0
2020,20805200,0
2019,20806100,0
2020,20806100,0
2019,20807100,0
2020,20807100,0
2019,20807200,0
2020,20807200,0
2019,20808100,0
2020,20808100,0
2019,20808200,0
2020,20808200,0
2019,20808300,0
2020,20808300,0
2019,20808400,0
2020,20808400,0
2019,20808500,0
2020,20808500,0
2019,20809100,0
2020,20809100,0
2019,20809200,0
2020,20809200,0
2019,20809300,0
2020,20809300,0
2019,20809400,520
2020,20809400,505
2019,20810100,0
2020,20810100,0
2019,20810200,0
2020,20810200,0
2019,20811100,553
2020,20811100,537
2019,20811200,0
2020,20811200,0
2019,20811300,0
2020,20811300,0
2019,20811400,0
2020,20811400,0
2019,20812100,830
2020,20812100,806
2019,20813100,601
2020,20813100,584
2019,20813200,0
2020,20813200,0
2019,20813300,0
2020,20813300,0
2019,20813400,0
2020,20813400,0
2019,20814100,544
2020,20814100,528
2019,20814200,0
2020,20814200,0
2019,20815100,0
2020,20815100,0
2019,20815200,1478
2020,20815200,1435
2019,20816100,0
2020,20816100,0
2019,20816200,0
2020,20816200,0
2019,20817100,532
2020,20817100,516
2019,20818100,0
2020,20818100,0
2019,20818200,493
2020,20818200,479
2019,20819100,339
2020,20819100,329
2019,20819200,0
2020,20819200,0
2019,20820100,463
2020,20820100,449
2019,20820200,0
2020,20820200,0
2019,20820300,0
2020,20820300,0
2019,20821100,517
2020,20821100,502
2019,20821200,938
2020,20821200,911
2019,20821300,0
2020,20821300,0
2019,20822100,588
2020,20822100,571
2019,20823100,0
2020,20823100,0
2019,20823200,1325
2020,20823200,1287
2019,20824100,0
2020,20824100,0
2019,20825100,0
2020,20825100,0
2019,20826100,0
2020,20826100,0
2019,20826200,0
2020,20826200,0
2019,20826300,0
2020,20826300,0
2019,20827100,0
2020,20827100,0
2019,20827200,276
2020,20827200,268
2019,20828100,1119
2020,20828100,1087
2019,20829100,0
2020,20829100,0
2019,20830100,0
2020,20830100,0
2019,20831100,0
2020,20831100,0
2019,20832100,0
2020,20832100,0
2019,20833100,475
2020,20833100,461
2019,20834100,0
2020,20834100,0
2019,20835100,0
2020,20835100,0
2019,20836100,0
2020,20836100,0
2019,20836200,0
2020,20836200,0
2019,20837100,0
2020,20837100,0
2019,20837200,0
2020,20837200,0
2019,20838100,0
2020,20838100,0
2019,20839100,0
2020,20839100,0
2019,20840100,0
2020,20840100,0
2019,20840200,0
2020,20840200,0
2019,20840300,103
2020,20840300,100
2019,20841100,0
2020,20841100,0
2019,20842100,0
2020,20842100,0
2019,20842200,0
2020,20842200,0
2019,20842300,0
2020,20842300,0
2019,20843100,0
2020,20843100,0
2019,20843200,0
2020,20843200,0
2019,20843300,829
2020,20843300,805
2019,20844100,472
2020,20844100,458
2019,20844200,1082
2020,20844200,1051
2019,20844300,0
2020,20844300,0
2019,20845100,0
2020,20845100,0
2019,20845200,0
2020,20845200,0
2019,20845300,0
2020,20845300,0
2019,20846100,0
2020,20846100,0
2019,20847100,0
2020,20847100,0
2019,20847200,729
2020,20847200,708
2019,20848100,0
2020,20848100,0
2019,20848200,0
2020,20848200,0
2019,20849100,0
2020,20849100,0
2019,20849200,403
2020,20849200,391
2019,20850100,212
2020,20850100,206
2019,20851100,0
2020,20851100,0
2019,20852100,0
2020,20852100,0
2019,20852200,0
2020,20852200,0
2019,20853100,0
2020,20853100,0
2019,20853200,0
2020,20853200,0
2019,20853300,32
2020,20853300,31
2019,20854100,0
2020,20854100,0
2019,20855100,0
2020,20855100,0
2019,20855200,0
2020,20855200,0
2019,20855300,0
2020,20855300,0
2019,20856100,0
2020,20856100,0
2019,20856200,486
2020,20856200,472
2019,20856300,0
2020,20856300,0
2019,20856400,0
2020,20856400,0
2019,20857100,16
2020,20857100,16
2019,20857200,114
2020,20857200,110
2019,20858100,0
2020,20858100,0
2019,20858200,587
2020,20858200,570
2019,20859100,0
2020,20859100,0
2019,20859200,0
2020,20859200,0
2019,20859300,58
2020,20859300,56
2019,20860100,0
2020,20860100,0
2019,20860200,0
2020,20860200,0
2019,20861100,0
2020,20861100,0
2019,20861200,0
2020,20861200,0
2019,20862100,0
2020,20862100,0
2019,20862200,1306
2020,20862200,1269
2019,20863100,0
2020,20863100,0
2019,20863200,0
2020,20863200,0
2019,20863300,152
2020,20863300,148
2019,20864100,486
2020,20864100,472
2019,20864200,135
2020,20864200,131
2019,20864300,148
2020,20864300,144
2019,20865100,267
2020,20865100,259
2019,20865200,572
2020,20865200,556
2019,20865300,0
2020,20865300,0
2019,20865400,0
2020,20865400,0
2019,20865500,170
2020,20865500,165
2019,20866100,0
2020,20866100,0
2019,20866200,4497
2020,20866200,4367
2019,20866300,0
2020,20866300,0
2019,20867100,0
2020,20867100,0
2019,20867200,847
2020,20867200,823
2019,20868100,0
2020,20868100,0
2019,20868200,0
2020,20868200,0
2019,20869100,0
2020,20869100,0
2019,20869200,0
2020,20869200,0
2019,20869300,613
2020,20869300,595
2019,20869400,0
2020,20869400,0
2019,20870100,0
2020,20870100,0
2019,20870200,0
2020,20870200,0
2019,20870300,0
2020,20870300,0
2019,20870400,0
2020,20870400,0
2019,20870500,0
2020,20870500,0
2019,20870600,0
2020,20870600,0
2019,20871100,0
2020,20871100,0
2019,20871200,0
2020,20871200,0
2019,20872100,0
2020,20872100,0
2019,20872200,17
2020,20872200,17
2019,20873100,0
2020,20873100,0
2019,20874100,435
2020,20874100,423
2019,20874200,0
2020,20874200,0
2019,20874300,0
2020,20874300,0
2019,20874400,406
2020,20874400,394
2019,20875100,506
2020,20875100,492
2019,20875200,0
2020,20875200,0
2019,20876100,0
2020,20876100,0
2019,20876200,982
2020,20876200,954
2019,20877100,0
2020,20877100,0
2019,20877200,0
2020,20877200,0
2019,20877300,0
2020,20877300,0
2019,20877400,0
2020,20877400,0
2019,20878100,0
2020,20878100,0
2019,20878200,0
2020,20878200,0
2019,20878300,604
2020,20878300,586
2019,20878400,122
2020,20878400,118
2019,20879100,0
2020,20879100,0
2019,20879200,0
2020,20879200,0
2019,20880100,228
2020,20880100,222
2019,20880200,0
2020,20880200,0
2019,20880300,0
2020,20880300,0
2019,20881100,0
2020,20881100,0
2019,20881200,34
2020,20881200,33
2019,20882100,871
2020,20882100,846
2019,20882200,593
2020,20882200,576
2019,20882300,0
2020,20882300,0
2019,20883100,398
2020,20883100,386
2019,20883200,0
2020,20883200,0
2019,20883300,0
2020,20883300,0
2019,20884100,0
2020,20884100,0
2019,20885100,45
2020,20885100,43
2019,20886100,0
2020,20886100,0
2019,20886200,0
2020,20886200,0
2019,20887100,10
2020,20887100,10
2019,20887200,707
2020,20887200,687
2019,20887300,30
2020,20887300,29
2019,20887400,0
2020,20887400,0
2019,20888100,416
2020,20888100,404
2019,20888200,0
2020,20888200,0
2019,20888300,2675
2020,20888300,2598
2019,20889100,0
2020,20889100,0
2019,20889200,0
2020,20889200,0
2019,20889300,0
2020,20889300,0
2019,20890100,0
2020,20890100,0
2019,20891100,38
2020,20891100,36
2019,20891200,171
2020,20891200,166
2019,20891300,0
2020,20891300,0
2019,20891400,0
2020,20891400,0
2019,20891500,0
2020,20891500,0
2019,20891600,38
2020,20891600,36
2019,20892100,0
2020,20892100,0
2019,20892200,0
2020,20892200,0
2019,20892300,0
2020,20892300,0
2019,20893100,0
2020,20893100,0
2019,20894100,428
2020,20894100,416
2019,20894200,0
2020,20894200,0
2019,20895100,293
2020,20895100,285
2019,20895200,67
2020,20895200,65
2019,20895300,0
2020,20895300,0
2019,20896100,0
2020,20896100,0
2019,20896200,0
2020,20896200,0
2019,20896300,0
2020,20896300,0
2019,20897100,53
2020,20897100,51
2019,20897200,188
2020,20897200,182
2019,20898100,0
2020,20898100,0
2019,20898200,0
2020,20898200,0
2019,20899100,422
2020,20899100,410
2019,20899200,424
2020,20899200,412
2019,20899300,0
2020,20899300,0
2019,20900100,495
2020,20900100,481
2019,20900200,0
2020,20900200,0
2019,20900300,0
2020,20900300,0
2019,20901100,0
2020,20901100,0
2019,20901200,0
2020,20901200,0
2019,20901300,503
2020,20901300,489
2019,20902100,0
2020,20902100,0
2019,20902200,0
2020,20902200,0
2019,20902300,0
2020,20902300,0
2019,20903100,0
2020,20903100,0
2019,20903200,0
2020,20903200,0
2019,20903300,0
2020,20903300,0
2019,20904100,0
2020,20904100,0
2019,20904200,2373
2020,20904200,2305
2019,20904300,73
2020,20904300,71
2019,20905100,0
2020,20905100,0
2019,20905200,0
2020,20905200,0
2019,20905300,0
2020,20905300,0
2019,20905400,0
2020,20905400,0
2019,20906100,0
2020,20906100,0
2019,20906200,0
2020,20906200,0
2019,20906300,0
2020,20906300,0
2019,20907100,0
2020,20907100,0
2019,20907200,0
2020,20907200,0
2019,20907300,191
2020,20907300,185
2019,20908100,0
2020,20908100,0
2019,20908200,292
2020,20908200,284
2019,20909100,347
2020,20909100,337
2019,20910100,249
2020,20910100,241
2019,20910200,0
2020,20910200,0
2019,20910300,0
2020,20910300,0
2019,20910400,0
2020,20910400,0
2019,20911100,0
2020,20911100,0
2019,20911200,0
2020,20911200,0
2019,20911300,0
2020,20911300,0
2019,20912100,643
2020,20912100,625
2019,20912200,361
2020,20912200,351
2019,20913100,0
2020,20913100,0
2019,20913200,0
2020,20913200,0
2019,20914100,0
2020,20914100,0
2019,20914200,0
2020,20914200,0
2019,20915100,0
2020,20915100,0
2019,20915200,47
2020,20915200,45
2019,20915300,0
2020,20915300,0
2019,20915400,31
2020,20915400,30
2019,20916100,0
2020,20916100,0
2019,20916200,0
2020,20916200,0
2019,20916300,0
2020,20916300,0
2019,20916400,0
2020,20916400,0
2019,20916500,0
2020,20916500,0
2019,20917100,0
2020,20917100,0
2019,20917200,0
2020,20917200,0
2019,20917300,711
2020,20917300,691
2019,20918100,0
2020,20918100,0
2019,20918200,23
2020,20918200,23
2019,20918300,261
2020,20918300,253
2019,20918400,0
2020,20918400,0
2019,20919100,0
2020,20919100,0
2019,20919200,0
2020,20919200,0
2019,20919300,321
2020,20919300,311
2019,20919400,0
2020,20919400,0
2019,20920100,0
2020,20920100,0
2019,20920200,0
2020,20920200,0
2019,20920300,0
2020,20920300,0
2019,20921100,0
2020,20921100,0
2019,20921200,0
2020,20921200,0
2019,20922100,0
2020,20922100,0
2019,20922200,0
2020,20922200,0
2019,20923100,1031
2020,20923100,1001
2019,20923200,0
2020,20923200,0
2019,20924100,509
2020,20924100,495
2019,20924200,0
2020,20924200,0
2019,20924300,0
2020,20924300,0
2019,20924400,17
2020,20924400,17
2019,20924500,0
2020,20924500,0
2019,20925100,17
2020,20925100,17
2019,20925200,103
2020,20925200,100
2019,20925300,334
2020,20925300,324
2019,20925400,0
2020,20925400,0
2019,20926100,0
2020,20926100,0
2019,20926200,0
2020,20926200,0
2019,20926300,666
2020,20926300,647
2019,20926400,0
2020,20926400,0
2019,20927100,0
2020,20927100,0
2019,20927200,0
2020,20927200,0
2019,20928100,0
2020,20928100,0
2019,20928200,0
2020,20928200,0
2019,20928300,57
2020,20928300,55
2019,20929100,904
2020,20929100,878
2019,20929200,0
2020,20929200,0
2019,20929300,0
2020,20929300,0
2019,20929400,0
2020,20929400,0
2019,20929500,1832
2020,20929500,1779
2019,20930100,0
2020,20930100,0
2019,20930200,0
2020,20930200,0
2019,20930300,0
2020,20930300,0
2019,20930400,10
2020,20930400,10
2019,20930500,0
2020,20930500,0
2019,20930600,0
2020,20930600,0
2019,20930700,0
2020,20930700,0
2019,20931100,34
2020,20931100,33
2019,20931200,0
2020,20931200,0
2019,20932100,202
2020,20932100,196
2019,20932200,0
2020,20932200,0
2019,20933100,0
2020,20933100,0
2019,20933200,854
2020,20933200,830
2019,20934100,0
2020,20934100,0
2019,20934200,42
2020,20934200,40
2019,20934300,28
2020,20934300,28
2019,20934400,0
2020,20934400,0
2019,20935100,0
2020,20935100,0
2019,20935200,0
2020,20935200,0
2019,20936100,295
2020,20936100,287
2019,20936200,0
2020,20936200,0
2019,20936300,350
2020,20936300,340
2019,20937100,0
2020,20937100,0
2019,20937200,585
2020,20937200,568
2019,20937300,0
2020,20937300,0
2019,20938100,118
2020,20938100,114
2019,20938200,88
2020,20938200,86
2019,20938300,377
2020,20938300,366
2019,20938400,0
2020,20938400,0
2019,20939100,173
2020,20939100,168
2019,20939200,716
2020,20939200,696
2019,20940100,0
2020,20940100,0
2019,20940200,0
2020,20940200,0
2019,20940300,0
2020,20940300,0
2019,20941100,0
2020,20941100,0
2019,20941200,0
2020,20941200,0
2019,20941300,0
2020,20941300,0
2019,20941400,0
2020,20941400,0
2019,20942100,0
2020,20942100,0
2019,20942200,421
2020,20942200,409
2019,20943100,0
2020,20943100,0
2019,20943200,0
2020,20943200,0
2019,20943300,0
2020,20943300,0
2019,20944100,153
2020,20944100,149
2019,20945100,0
2020,20945100,0
2019,20945200,0
2020,20945200,0
2019,20945300,1472
2020,20945300,1430
2019,20945400,0
2020,20945400,0
2019,20946100,0
2020,20946100,0
2019,20946200,0
2020,20946200,0
2019,20946300,451
2020,20946300,438
2019,20946400,27
2020,20946400,27
2019,20946500,383
2020,20946500,372
2019,20946600,0
2020,20946600,0
2019,20947100,0
2020,20947100,0
2019,20948100,702
2020,20948100,682
2019,20948200,0
2020,20948200,0
2019,20948300,0
2020,20948300,0
2019,20948400,0
2020,20948400,0
2019,20949100,0
2020,20949100,0
2019,20949200,1009
2020,20949200,980
2019,20949300,39
2020,20949300,37
2019,20949400,0
2020,20949400,0
2019,20950100,874
2020,20950100,849
2019,20950200,0
2020,20950200,0
2019,20950300,966
2020,20950300,938
2019,20950400,0
2020,20950400,0
2019,20950500,0
2020,20950500,0
2019,20951100,0
2020,20951100,0
2019,20951200,0
2020,20951200,0
2019,20952100,0
2020,20952100,0
2019,20952200,0
2020,20952200,0
2019,20953100,0
2020,20953100,0
2019,20953200,1782
2020,20953200,1731
2019,20953300,0
2020,20953300,0
2019,20954100,159
2020,20954100,155
2019,20954200,0
2020,20954200,0
2019,20955100,0
2020,20955100,0
2019,20955200,503
2020,20955200,489
2019,20955300,0
2020,20955300,0
2019,20956100,0
2020,20956100,0
2019,20956200,0
2020,20956200,0
2019,20956300,549
2020,20956300,533
2019,20956400,1709
2020,20956400,1660
2019,20956500,0
2020,20956500,0
2019,20956600,0
2020,20956600,0
2019,20957100,616
2020,20957100,598
2019,20957200,0
2020,20957200,0
2019,20958100,6
2020,20958100,6
2019,20958200,0
2020,20958200,0
2019,20959100,0
2020,20959100,0
2019,20959200,0
2020,20959200,0
2019,20960100,0
2020,20960100,0
2019,20960200,0
2020,20960200,0
2019,20961100,0
2020,20961100,0
2019,20961200,2703
2020,20961200,2626
2019,20962100,617
2020,20962100,599
2019,20962200,0
2020,20962200,0
2019,20962300,0
2020,20962300,0
2019,20962400,0
2020,20962400,0
2019,20963100,0
2020,20963100,0
2019,20963200,0
2020,20963200,0
2019,20964100,12
2020,20964100,12
2019,20964200,952
2020,20964200,925
2019,20965100,311
2020,20965100,302
2019,20965200,0
2020,20965200,0
2019,20965300,0
2020,20965300,0
2019,20966100,136
2020,20966100,132
2019,20966200,173
2020,20966200,168
2019,20967100,995
2020,20967100,966
2019,20967200,129
2020,20967200,125
2019,20967300,0
2020,20967300,0
2019,20967400,492
2020,20967400,478
2019,20968100,0
2020,20968100,0
2019,20968200,0
2020,20968200,0
2019,20969100,369
2020,20969100,359
2019,20969200,0
2020,20969200,0
2019,20970100,0
2020,20970100,0
2019,20970200,240
2020,20970200,233
2019,20970300,221
2020,20970300,215
2019,20970400,0
2020,20970400,0
2019,20971100,0
2020,20971100,0
2019,20971200,0
2020,20971200,0
2019,20972100,0
2020,20972100,0
2019,20972200,337
2020,20972200,327
2019,20972300,1037
2020,20972300,1007
2019,20972400,201
2020,20972400,195
2019,20973100,0
2020,20973100,0
2019,20973200,0
2020,20973200,0
2019,20973300,0
2020,20973300,0
2019,20973400,0
2020,20973400,0
2019,20974100,238
2020,20974100,231
2019,20974200,15
2020,20974200,15
2019,20975100,23
2020,20975100,23
2019,20975200,0
2020,20975200,0
2019,20975300,0
2020,20975300,0
2019,20976100,459
2020,20976100,446
2019,20977100,554
2020,20977100,538
2019,20978100,609
2020,20978100,591
2019,20978200,937
2020,20978200,910
2019,20979100,0
2020,20979100,0
2019,20979200,0
2020,20979200,0
2019,20979300,0
2020,20979300,0
2019,20980100,152
2020,20980100,148
2019,20980200,543
2020,20980200,527
2019,20980300,210
2020,20980300,204
2019,20980400,431
2020,20980400,419
2019,20981100,0
2020,20981100,0
2019,20982100,260
2020,20982100,252
2019,20982200,0
2020,20982200,0
2019,20983100,0
2020,20983100,0
2019,20983200,0
2020,20983200,0
2019,20984100,0
2020,20984100,0
2019,20984200,0
2020,20984200,0
2019,20984300,0
2020,20984300,0
2019,20984400,0
2020,20984400,0
2019,20985100,0
2020,20985100,0
2019,20985200,0
2020,20985200,0
2019,20986100,1246
2020,20986100,1210
2019,20986200,0
2020,20986200,0
2019,20986300,165
2020,20986300,161
2019,20987100,203
2020,20987100,197
2019,20987200,0
2020,20987200,0
2019,20987300,0
2020,20987300,0
2019,20988100,0
2020,20988100,0
2019,20988200,0
2020,20988200,0
2019,20989100,0
2020,20989100,0
2019,20989200,0
2020,20989200,0
2019,20990100,6
2020,20990100,6
2019,20990200,0
2020,20990200,0
2019,20991100,0
2020,20991100,0
2019,20991200,303
2020,20991200,295
2019,20992100,397
2020,20992100,385
2019,20992200,440
2020,20992200,428
2019,20993100,0
2020,20993100,0
2019,20993200,148
2020,20993200,144
2019,20993300,0
2020,20993300,0
2019,20993400,534
2020,20993400,518
2019,20993500,0
2020,20993500,0
2019,20994100,1318
2020,20994100,1280
2019,20994200,0
2020,20994200,0
2019,20995100,0
2020,20995100,0
2019,20995200,1921
2020,20995200,1866
2019,20996100,0
2020,20996100,0
2019,20996200,0
2020,20996200,0
2019,20997100,0
2020,20997100,0
2019,20998100,0
2020,20998100,0
2019,20998200,0
2020,20998200,0
2019,20998300,0
2020,20998300,0
2019,20999100,0
2020,20999100,0
2019,20999200,0
2020,20999200,0
2019,20999300,432
2020,20999300,420
2019,21000100,0
2020,21000100,0
2019,21000200,495
2020,21000200,481
2019,21000300,0
2020,21000300,0
2019,21000400,0
2020,21000400,0
2019,21001100,0
2020,21001100,0
2019,21001200,871
2020,21001200,846
2019,21002100,0
2020,21002100,0
2019,21002200,0
2020,21002200,0
2019,21002300,0
2020,21002300,0
2019,21002400,1751
2020,21002400,1701
2019,21003100,0
2020,21003100,0
2019,21003200,690
2020,21003200,670
2019,21003300,0
2020,21003300,0
2019,21004100,0
2020,21004100,0
2019,21004200,0
2020,21004200,0
2019,21005100,529
2020,21005100,514
2019,21005200,3074
2020,21005200,2986
2019,21005300,0
2020,21005300,0
2019,21006100,476
2020,21006100,462
2019,21006200,0
2020,21006200,0
2019,21007100,221
2020,21007100,215
2019,21007200,729
2020,21007200,708
2019,21007300,0
2020,21007300,0
2019,21007400,361
2020,21007400,351
2019,21008100,0
2020,21008100,0
2019,21008200,293
2020,21008200,285
2019,21009100,80
2020,21009100,78
2019,21009200,46
2020,21009200,44
2019,21010100,0
2020,21010100,0
2019,21010200,1341
2020,21010200,1302
2019,21011100,0
2020,21011100,0
2019,21011200,0
2020,21011200,0
2019,21012100,146
2020,21012100,142
2019,21012200,0
2020,21012200,0
2019,21012300,0
2020,21012300,0
2019,21012400,480
2020,21012400,466
2019,21012500,0
2020,21012500,0
2019,21013100,0
2020,21013100,0
2019,21013200,430
2020,21013200,418
2019,21013300,0
2020,21013300,0
2019,21014100,0
2020,21014100,0
2019,21014200,0
2020,21014200,0
2019,21014300,0
2020,21014300,0
2019,21014400,0
2020,21014400,0
2019,21014500,0
2020,21014500,0
2019,21015100,646
2020,21015100,628
2019,21016100,0
2020,21016100,0
2019,21017100,0
2020,21017100,0
2019,21017200,0
2020,21017200,0
2019,21018100,0
2020,21018100,0
2019,21018200,0
2020,21018200,0
2019,21018300,411
2020,21018300,399
2019,21019100,23
2020,21019100,23
2019,21019200,1874
2020,21019200,1821
2019,21020100,0
2020,21020100,0
2019,21020200,249
2020,21020200,241
2019,21021100,0
2020,21021100,0
2019,21021200,0
2020,21021200,0
2019,21022100,0
2020,21022100,0
2019,21022200,0
2020,21022200,0
2019,21023100,666
2020,21023100,647
2019,21024100,652
2020,21024100,633
2019,21024200,0
2020,21024200,0
2019,21024300,0
2020,21024300,0
2019,21025100,0
2020,21025100,0
2019,21025200,0
2020,21025200,0
2019,21026100,367
2020,21026100,357
2019,21026200,0
2020,21026200,0
2019,21027100,0
2020,21027100,0
2019,21027200,0
2020,21027200,0
2019,21028100,0
2020,21028100,0
2019,21029100,0
2020,21029100,0
2019,21029200,0
2020,21029200,0
2019,21030100,0
2020,21030100,0
2019,21031100,0
2020,21031100,0
2019,21031200,0
2020,21031200,0
2019,21032100,339
2020,21032100,329
2019,21033100,0
2020,21033100,0
2019,21033200,422
2020,21033200,410
2019,21034100,0
2020,21034100,0
2019,21035100,0
2020,21035100,0
2019,21035200,342
2020,21035200,332
2019,21036100,0
2020,21036100,0
2019,21037100,0
2020,21037100,0
2019,21037200,0
2020,21037200,0
2019,21038100,0
2020,21038100,0
2019,21038200,125
2020,21038200,121
2019,21038300,417
2020,21038300,405
2019,21039100,0
2020,21039100,0
2019,21039200,1338
2020,21039200,1300
2019,21039300,9
2020,21039300,9
2019,21040100,0
2020,21040100,0
2019,21040200,0
2020,21040200,0
2019,21040300,52
2020,21040300,50
2019,21040400,0
2020,21040400,0
2019,21040500,0
2020,21040500,0
2019,21041100,0
2020,21041100,0
2019,21041200,0
2020,21041200,0
2019,21042100,0
2020,21042100,0
2019,21042200,0
2020,21042200,0
2019,21043100,139
2020,21043100,135
2019,21043200,760
2020,21043200,738
2019,21044100,0
2020,21044100,0
2019,21044200,148
2020,21044200,144
2019,21044300,0
2020,21044300,0
2019,21044400,1306
2020,21044400,1269
2019,21045100,0
2020,21045100,0
2019,21046100,0
2020,21046100,0
2019,21046200,0
2020,21046200,0
2019,21047100,0
2020,21047100,0
2019,21048100,0
2020,21048100,0
2019,21049100,138
2020,21049100,134
2019,21050100,4233
2020,21050100,4111
2019,21051100,437
2020,21051100,425
2019,21052100,1566
2020,21052100,1521
2019,21052200,0
2020,21052200,0
2019,21053100,0
2020,21053100,0
2019,21053200,754
2020,21053200,732
2019,21054100,0
2020,21054100,0
2019,21054200,992
2020,21054200,964
2019,21055100,0
2020,21055100,0
2019,21055200,8
2020,21055200,8
2019,21056100,683
2020,21056100,663
2019,21056200,0
2020,21056200,0
2019,21057100,0
2020,21057100,0
2019,21057200,634
2020,21057200,616
2019,21058100,0
2020,21058100,0
2019,21058200,0
2020,21058200,0
2019,21059100,0
2020,21059100,0
2019,21059200,0
2020,21059200,0
2019,21059300,163
2020,21059300,159
2019,21060100,0
2020,21060100,0
2019,21060200,0
2020,21060200,0
2019,21060300,757
2020,21060300,735
2019,21061100,0
2020,21061100,0
2019,21061200,0
2020,21061200,0
2019,21061300,448
2020,21061300,435
2019,21062100,0
2020,21062100,0
2019,21063100,0
2020,21063100,0
2019,21063200,0
2020,21063200,0
2019,21064100,0
2020,21064100,0
2019,21064200,0
2020,21064200,0
2019,21065100,14
2020,21065100,14
2019,21065200,1130
2020,21065200,1098
2019,21066100,0
2020,21066100,0
2019,21067100,0
2020,21067100,0
2019,21068100,686
2020,21068100,666
2019,21069100,826
2020,21069100,802
2019,21070100,0
2020,21070100,0
2019,21071100,0
2020,21071100,0
2019,21071200,363
2020,21071200,353
2019,21072100,1289
2020,21072100,1252
2019,21073100,470
2020,21073100,456
2019,21073200,0
2020,21073200,0
2019,21074100,0
2020,21074100,0
2019,21074200,0
2020,21074200,0
2019,21074300,651
2020,21074300,632
2019,21075100,0
2020,21075100,0
2019,21075200,1642
2020,21075200,1595
2019,21076100,0
2020,21076100,0
2019,21076200,0
2020,21076200,0
2019,21077100,0
2020,21077100,0
2019,21077200,599
2020,21077200,582
2019,21077300,148
2020,21077300,144
2019,21078100,0
2020,21078100,0
2019,21078200,0
2020,21078200,0
2019,21078300,0
2020,21078300,0
2019,21079100,776
2020,21079100,754
2019,21079200,376
2020,21079200,365
2019,21079300,192
2020,21079300,186
2019,21080100,669
2020,21080100,650
2019,21080200,0
2020,21080200,0
2019,21080300,1191
2020,21080300,1157
2019,21080400,1598
2020,21080400,1552
2019,21081100,0
2020,21081100,0
2019,21081200,300
2020,21081200,292
2019,21082100,1223
2020,21082100,1188
2019,21083100,0
2020,21083100,0
2019,21084100,0
2020,21084100,0
2019,21084200,0
2020,21084200,0
2019,21085100,716
2020,21085100,696
2019,21085200,0
2020,21085200,0
2019,21086100,722
2020,21086100,701
2019,21087100,366
2020,21087100,356
2019,21087200,458
2020,21087200,445
2019,21088100,8
2020,21088100,8
2019,21088200,0
2020,21088200,0
2019,21089100,396
2020,21089100,384
2019,21089200,0
2020,21089200,0
2019,21090100,0
2020,21090100,0
2019,21090200,0
2020,21090200,0
2019,21090300,0
2020,21090300,0
2019,21090400,0
2020,21090400,0
2019,21090500,88
2020,21090500,86
2019,21091100,0
2020,21091100,0
2019,21092100,0
2020,21092100,0
2019,21092200,606
2020,21092200,588
2019,21092300,2317
2020,21092300,2250
2019,21093100,0
2020,21093100,0
2019,21094100,244
2020,21094100,237
2019,21094200,0
2020,21094200,0
2019,21095100,0
2020,21095100,0
2019,21095200,0
2020,21095200,0
2019,21096100,741
2020,21096100,720
2019,21096200,0
2020,21096200,0
2019,21096300,0
2020,21096300,0
2019,21097100,675
2020,21097100,655
2019,21098100,0
2020,21098100,0
2019,21099100,0
2020,21099100,0
2019,21100100,1282
2020,21100100,1245
2019,21100200,0
2020,21100200,0
2019,21100300,0
2020,21100300,0
2019,21101100,243
2020,21101100,236
2019,21101200,0
2020,21101200,0
2019,21102100,0
2020,21102100,0
2019,21102200,0
2020,21102200,0
2019,21102300,0
2020,21102300,0
2019,21102400,139
2020,21102400,135
2019,21103100,0
2020,21103100,0
2019,21104100,0
2020,21104100,0
2019,21104200,0
2020,21104200,0
2019,21104300,708
2020,21104300,688
2019,21104400,0
2020,21104400,0
2019,21105100,0
2020,21105100,0
2019,21106100,0
2020,21106100,0
2019,21106200,0
2020,21106200,0
2019,21107100,722
2020,21107100,701
2019,21107200,0
2020,21107200,0
2019,21108100,0
2020,21108100,0
2019,21108200,695
2020,21108200,675
2019,21108300,0
2020,21108300,0
2019,21109100,757
2020,21109100,735
2019,21109200,624
2020,21109200,606
2019,21110100,0
2020,21110100,0
2019,21111100,0
2020,21111100,0
2019,21111200,0
2020,21111200,0
2019,21112100,342
2020,21112100,332
2019,21112200,1987
2020,21112200,1930
2019,21113100,1272
2020,21113100,1235
2019,21113200,637
2020,21113200,619
2019,21114100,0
2020,21114100,0
2019,21115100,0
2020,21115100,0
2019,21115200,0
2020,21115200,0
2019,21115300,0
2020,21115300,0
2019,21116100,0
2020,21116100,0
2019,21116200,0
2020,21116200,0
2019,21117100,0
2020,21117100,0
2019,21117200,0
2020,21117200,0
2019,21117300,0
2020,21117300,0
2019,21117400,0
2020,21117400,0
2019,21117500,660
2020,21117500,641
2019,21117600,0
2020,21117600,0
2019,21117700,0
2020,21117700,0
2019,21118100,0
2020,21118100,0
2019,21119100,0
2020,21119100,0
2019,21119200,0
2020,21119200,0
2019,21120100,0
2020,21120100,0
2019,21120200,0
2020,21120200,0
2019,21120300,350
2020,21120300,340
2019,21120400,0
2020,21120400,0
2019,21121100,374
2020,21121100,363
2019,21121200,0
2020,21121200,0
2019,21121300,0
2020,21121300,0
2019,21121400,0
2020,21121400,0
2019,21122100,255
2020,21122100,247
2019,21122200,0
2020,21122200,0
2019,21122300,0
2020,21122300,0
2019,21123100,0
2020,21123100,0
2019,21123200,0
2020,21123200,0
2019,21123300,0
2020,21123300,0
2019,21124100,0
2020,21124100,0
2019,21124200,794
2020,21124200,771
2019,21125100,843
2020,21125100,819
2019,21125200,0
2020,21125200,0
2019,21125300,73
2020,21125300,71
2019,21126100,0
2020,21126100,0
2019,21126200,591
2020,21126200,574
2019,21126300,683
2020,21126300,663
2019,21127100,0
2020,21127100,0
2019,21127200,0
2020,21127200,0
2019,21127300,0
2020,21127300,0
2019,21127400,0
2020,21127400,0
2019,21127500,800
2020,21127500,777
2019,21127600,0
2020,21127600,0
2019,21127700,0
2020,21127700,0
2019,21128100,0
2020,21128100,0
2019,21128200,0
2020,21128200,0
2019,21129100,0
2020,21129100,0
2019,21129200,1590
2020,21129200,1545
2019,21129300,0
2020,21129300,0
2019,21130100,0
2020,21130100,0
2019,21130200,784
2020,21130200,762
2019,21131100,0
2020,21131100,0
2019,21131200,0
2020,21131200,0
2019,21131300,0
2020,21131300,0
2019,21131400,0
2020,21131400,0
2019,21132100,0
2020,21132100,0
2019,21132200,0
2020,21132200,0
2019,21133100,58
2020,21133100,56
2019,21133200,558
2020,21133200,542
2019,21134100,0
2020,21134100,0
2019,21134200,0
2020,21134200,0
2019,21135100,280
2020,21135100,272
2019,21135200,0
2020,21135200,0
2019,21136100,0
2020,21136100,0
2019,21136200,0
2020,21136200,0
2019,21137100,243
2020,21137100,236
2019,21138100,155
2020,21138100,151
2019,21138200,0
2020,21138200,0
2019,21139100,81
2020,21139100,79
2019,21139200,0
2020,21139200,0
2019,21139300,3035
2020,21139300,2948
2019,21139400,0
2020,21139400,0
2019,21139500,0
2020,21139500,0
2019,21139600,12
2020,21139600,12
2019,21139700,0
2020,21139700,0
2019,21140100,0
2020,21140100,0
2019,21140200,1471
2020,21140200,1429
2019,21140300,430
2020,21140300,418
2019,21140400,0
2020,21140400,0
2019,21141100,0
2020,21141100,0
2019,21142100,0
2020,21142100,0
2019,21142200,0
2020,21142200,0
2019,21142300,292
2020,21142300,284
2019,21142400,0
2020,21142400,0
2019,21142500,0
2020,21142500,0
2019,21142600,0
2020,21142600,0
2019,21143100,464
2020,21143100,450
2019,21143200,4399
2020,21143200,4272
2019,21143300,0
2020,21143300,0
2019,21144100,0
2020,21144100,0
2019,21145100,477
2020,21145100,463
2019,21145200,0
2020,21145200,0
2019,21145300,0
2020,21145300,0
2019,21146100,17
2020,21146100,17
2019,21146200,271
2020,21146200,263
2019,21147100,0
2020,21147100,0
2019,21147200,0
2020,21147200,0
2019,21148100,783
2020,21148100,761
2019,21148200,0
2020,21148200,0
2019,21148300,25
2020,21148300,25
2019,21149100,0
2020,21149100,0
2019,21149200,643
2020,21149200,625
2019,21149300,0
2020,21149300,0
2019,21150100,0
2020,21150100,0
2019,21150200,0
2020,21150200,0
2019,21150300,588
2020,21150300,571
2019,21150400,0
2020,21150400,0
2019,21151100,0
2020,21151100,0
2019,21152100,14
2020,21152100,14
2019,21152200,405
2020,21152200,393
2019,21153100,0
2020,21153100,0
2019,21153200,0
2020,21153200,0
2019,21153300,0
2020,21153300,0
2019,21154100,515
2020,21154100,500
2019,21155100,0
2020,21155100,0
2019,21155200,0
2020,21155200,0
2019,21155300,3089
2020,21155300,3000
2019,21156100,0
2020,21156100,0
2019,21156200,93
2020,21156200,91
2019,21156300,0
2020,21156300,0
2019,21157100,0
2020,21157100,0
2019,21157200,0
2020,21157200,0
2019,21157300,0
2020,21157300,0
2019,21157400,659
2020,21157400,640
2019,21157500,0
2020,21157500,0
2019,21157600,0
2020,21157600,0
2019,21158100,0
2020,21158100,0
2019,21158200,0
2020,21158200,0
2019,21158300,1847
2020,21158300,1794
2019,21158400,1087
2020,21158400,1056
2019,21158500,0
2020,21158500,0
2019,21158600,0
2020,21158600,0
2019,21158700,0
2020,21158700,0
2019,21158800,0
2020,21158800,0
2019,21159100,0
2020,21159100,0
2019,21159200,85
2020,21159200,83
2019,21159300,0
2020,21159300,0
2019,21159400,0
2020,21159400,0
2019,21160100,0
2020,21160100,0
2019,21160200,0
2020,21160200,0
2019,21160300,529
2020,21160300,514
2019,21161100,0
2020,21161100,0
2019,21161200,0
2020,21161200,0
2019,21161300,0
2020,21161300,0
2019,21161400,0
2020,21161400,0
2019,21162100,495
2020,21162100,481
2019,21162200,0
2020,21162200,0
2019,21162300,0
2020,21162300,0
2019,21163100,0
2020,21163100,0
2019,21163200,1909
2020,21163200,1854
2019,21163300,287
2020,21163300,279
2019,21163400,0
2020,21163400,0
2019,21164100,0
2020,21164100,0
2019,21164200,0
2020,21164200,0
2019,21164300,0
2020,21164300,0
2019,21165100,0
2020,21165100,0
2019,21165200,2148
2020,21165200,2087
2019,21166100,511
2020,21166100,497
2019,21167100,917
2020,21167100,891
2019,21167200,0
2020,21167200,0
2019,21168100,796
2020,21168100,773
2019,21168200,10
2020,21168200,10
2019,21169100,0
2020,21169100,0
2019,21169200,0
2020,21169200,0
2019,21169300,0
2020,21169300,0
2019,21170100,0
2020,21170100,0
2019,21170200,405
2020,21170200,393
2019,21170300,864
2020,21170300,839
2019,21170400,0
2020,21170400,0
2019,21170500,3671
2020,21170500,3565
2019,21171100,0
2020,21171100,0
2019,21171200,495
2020,21171200,481
2019,21172100,1634
2020,21172100,1587
2019,21172200,0
2020,21172200,0
2019,21173100,0
2020,21173100,0
2019,21173200,520
2020,21173200,505
2019,21173300,630
2020,21173300,612
2019,21173400,0
2020,21173400,0
2019,21173500,0
2020,21173500,0
2019,21174100,77
2020,21174100,75
2019,21174200,0
2020,21174200,0
2019,21174300,765
2020,21174300,743
2019,21174400,0
2020,21174400,0
2019,21174500,0
2020,21174500,0
2019,21175100,0
2020,21175100,0
2019,21175200,6
2020,21175200,6
2019,21175300,0
2020,21175300,0
2019,21176100,457
2020,21176100,444
2019,21176200,1605
2020,21176200,1559
2019,21177100,1141
2020,21177100,1108
2019,21177200,0
2020,21177200,0
2019,21178100,396
2020,21178100,384
2019,21178200,0
2020,21178200,0
2019,21179100,0
2020,21179100,0
2019,21179200,0
2020,21179200,0
2019,21179300,39
2020,21179300,37
2019,21179400,588
2020,21179400,571
2019,21180100,523
2020,21180100,508
2019,21181100,0
2020,21181100,0
2019,21181200,0
2020,21181200,0
2019,21181300,618
2020,21181300,600
2019,21182100,0
2020,21182100,0
2019,21182200,2034
2020,21182200,1975
2019,21182300,0
2020,21182300,0
2019,21183100,577
2020,21183100,561
2019,21183200,0
2020,21183200,0
2019,21184100,0
2020,21184100,0
2019,21185100,0
2020,21185100,0
2019,21185200,0
2020,21185200,0
2019,21185300,0
2020,21185300,0
2019,21185400,0
2020,21185400,0
2019,21185500,0
2020,21185500,0
2019,21186100,1909
2020,21186100,1854
2019,21186200,0
2020,21186200,0
2019,21186300,0
2020,21186300,0
2019,21186400,1657
2020,21186400,1610
2019,21187100,570
2020,21187100,554
2019,21187200,0
2020,21187200,0
2019,21188100,1410
2020,21188100,1369
2019,21188200,0
2020,21188200,0
2019,21189100,0
2020,21189100,0
2019,21189200,0
2020,21189200,0
2019,21190100,491
2020,21190100,477
2019,21190200,281
2020,21190200,273
2019,21191100,701
2020,21191100,681
2019,21192100,0
2020,21192100,0
2019,21192200,0
2020,21192200,0
2019,21193100,644
2020,21193100,626
2019,21194100,711
2020,21194100,691
2019,21194200,0
2020,21194200,0
2019,21195100,14
2020,21195100,14
2019,21195200,0
2020,21195200,0
2019,21196100,0
2020,21196100,0
2019,21196200,0
2020,21196200,0
2019,21197100,0
2020,21197100,0
2019,21197200,0
2020,21197200,0
2019,21197300,0
2020,21197300,0
2019,21197400,0
2020,21197400,0
2019,21197500,2263
2020,21197500,2198
2019,21197600,0
2020,21197600,0
2019,21198100,803
2020,21198100,780
2019,21199100,0
2020,21199100,0
2019,21200100,360
2020,21200100,350
2019,21201100,0
2020,21201100,0
2019,21201200,0
2020,21201200,0
2019,21202100,0
2020,21202100,0
2019,21202200,338
2020,21202200,328
2019,21202300,0
2020,21202300,0
2019,21202400,424
2020,21202400,412
2019,21203100,0
2020,21203100,0
2019,21204100,0
2020,21204100,0
2019,21204200,0
2020,21204200,0
2019,21204300,569
2020,21204300,553
2019,21204400,0
2020,21204400,0
2019,21205100,0
2020,21205100,0
2019,21205200,0
2020,21205200,0
2019,21205300,1078
2020,21205300,1047
2019,21205400,0
2020,21205400,0
2019,21205500,631
2020,21205500,613
2019,21206100,0
2020,21206100,0
2019,21207100,311
2020,21207100,302
2019,21207200,0
2020,21207200,0
2019,21208100,0
2020,21208100,0
2019,21208200,759
2020,21208200,737
2019,21209100,761
2020,21209100,739
2019,21209200,0
2020,21209200,0
2019,21209300,0
2020,21209300,0
2019,21210100,737
2020,21210100,716
2019,21211100,904
2020,21211100,878
2019,21212100,1379
2020,21212100,1340
2019,21213100,260
2020,21213100,252
2019,21213200,0
2020,21213200,0
2019,21214100,0
2020,21214100,0
2019,21214200,723
2020,21214200,702
2019,21215100,14
2020,21215100,14
2019,21216100,0
2020,21216100,0
2019,21216200,155
2020,21216200,151
2019,21217100,279
2020,21217100,271
2019,21218100,0
2020,21218100,0
2019,21218200,0
2020,21218200,0
2019,21219100,0
2020,21219100,0
2019,21219200,0
2020,21219200,0
2019,21219300,197
2020,21219300,191
2019,21220100,0
2020,21220100,0
2019,21220200,690
2020,21220200,670
2019,21220300,447
2020,21220300,434
2019,21220400,0
2020,21220400,0
2019,21221100,28
2020,21221100,28
2019,21221200,0
2020,21221200,0
2019,21222100,576
2020,21222100,560
2019,21222200,0
2020,21222200,0
2019,21222300,0
2020,21222300,0
2019,21223100,0
2020,21223100,0
2019,21223200,0
2020,21223200,0
2019,21223300,0
2020,21223300,0
2019,21223400,0
2020,21223400,0
2019,21223500,471
2020,21223500,457
2019,21223600,0
2020,21223600,0
2019,21223700,0
2020,21223700,0
2019,21224100,0
2020,21224100,0
2019,21224200,336
2020,21224200,326
2019,21224300,0
2020,21224300,0
2019,21225100,757
2020,21225100,735
2019,21225200,389
2020,21225200,378
2019,21226100,0
2020,21226100,0
2019,21226200,0
2020,21226200,0
2019,21226300,67
2020,21226300,65
2019,21226400,0
2020,21226400,0
2019,21227100,0
2020,21227100,0
2019,21227200,0
2020,21227200,0
2019,21227300,183
2020,21227300,177
2019,21228100,1227
2020,21228100,1192
2019,21228200,771
2020,21228200,749
2019,21228300,73
2020,21228300,71
2019,21229100,0
2020,21229100,0
2019,21229200,0
2020,21229200,0
2019,21230100,0
2020,21230100,0
2019,21230200,0
2020,21230200,0
2019,21230300,438
2020,21230300,426
2019,21230400,0
2020,21230400,0
2019,21231100,949
2020,21231100,922
2019,21231200,611
2020,21231200,593
2019,21232100,0
2020,21232100,0
2019,21232200,1649
2020,21232200,1602
2019,21233100,689
2020,21233100,669
2019,21233200,0
2020,21233200,0
2019,21233300,0
2020,21233300,0
2019,21233400,2280
2020,21233400,2215
2019,21234100,0
2020,21234100,0
2019,21234200,0
2020,21234200,0
2019,21235100,920
2020,21235100,894
2019,21235200,0
2020,21235200,0
2019,21236100,0
2020,21236100,0
2019,21237100,0
2020,21237100,0
2019,21237200,756
2020,21237200,734
2019,21237300,0
2020,21237300,0
2019,21238100,0
2020,21238100,0
2019,21238200,0
2020,21238200,0
2019,21239100,0
2020,21239100,0
2019,21239200,221
2020,21239200,215
2019,21240100,0
2020,21240100,0
2019,21240200,0
2020,21240200,0
2019,21241100,760
2020,21241100,738
2019,21241200,0
2020,21241200,0
2019,21241300,0
2020,21241300,0
2019,21241400,0
2020,21241400,0
2019,21242100,297
2020,21242100,289
2019,21242200,0
2020,21242200,0
2019,21243100,0
2020,21243100,0
2019,21243200,0
2020,21243200,0
2019,21243300,537
2020,21243300,521
2019,21244100,0
2020,21244100,0
2019,21244200,768
2020,21244200,746
2019,21245100,351
2020,21245100,341
2019,21245200,0
2020,21245200,0
2019,21246100,0
2020,21246100,0
2019,21246200,0
2020,21246200,0
2019,21247100,711
2020,21247100,691
2019,21248100,0
2020,21248100,0
2019,21249100,842
2020,21249100,818
2019,21249200,1963
2020,21249200,1906
2019,21250100,317
2020,21250100,308
2019,21251100,447
2020,21251100,434
2019,21251200,0
2020,21251200,0
2019,21252100,453
2020,21252100,440
2019,21253100,0
2020,21253100,0
2019,21254100,0
2020,21254100,0
2019,21254200,0
2020,21254200,0
2019,21255100,0
2020,21255100,0
2019,21255200,0
2020,21255200,0
2019,21255300,0
2020,21255300,0
2019,21255400,183
2020,21255400,177
2019,21255500,0
2020,21255500,0
2019,21256100,3268
2020,21256100,3175
2019,21257100,0
2020,21257100,0
2019,21257200,0
2020,21257200,0
2019,21257300,0
2020,21257300,0
2019,21258100,934
2020,21258100,907
2019,21259100,374
2020,21259100,363
2019,21259200,172
2020,21259200,167
2019,21259300,0
2020,21259300,0
2019,21259400,101
2020,21259400,98
2019,21260100,733
2020,21260100,712
2019,21260200,650
2020,21260200,631
2019,21260300,0
2020,21260300,0
2019,21260400,0
2020,21260400,0
2019,21260500,0
2020,21260500,0
2019,21260600,0
2020,21260600,0
2019,21261100,463
2020,21261100,449
2019,21262100,655
2020,21262100,636
2019,21262200,629
2020,21262200,611
2019,21263100,3244
2020,21263100,3151
2019,21263200,0
2020,21263200,0
2019,21264100,671
2020,21264100,652
2019,21264200,0
2020,21264200,0
2019,21264300,0
2020,21264300,0
2019,21264400,850
2020,21264400,826
2019,21265100,0
2020,21265100,0
2019,21265200,0
2020,21265200,0
2019,21265300,0
2020,21265300,0
2019,21265400,538
2020,21265400,522
2019,21266100,125
2020,21266100,121
2019,21266200,0
2020,21266200,0
2019,21267100,2695
2020,21267100,2618
2019,21267200,0
2020,21267200,0
2019,21268100,0
2020,21268100,0
2019,21268200,0
2020,21268200,0
2019,21268300,0
2020,21268300,0
2019,21268400,0
2020,21268400,0
2019,21269100,413
2020,21269100,401
2019,21270100,0
2020,21270100,0
2019,21270200,649
2020,21270200,631
2019,21270300,0
2020,21270300,0
2019,21271100,0
2020,21271100,0
2019,21272100,754
2020,21272100,732
2019,21273100,68
2020,21273100,66
2019,21274100,58
2020,21274100,56
2019,21275100,0
2020,21275100,0
2019,21276100,0
2020,21276100,0
2019,21277100,14
2020,21277100,14
2019,21278100,0
2020,21278100,0
2019,21278200,0
2020,21278200,0
2019,21278300,0
2020,21278300,0
2019,21278400,674
2020,21278400,654
2019,21278500,0
2020,21278500,0
2019,21279100,2049
2020,21279100,1990
2019,21280100,0
2020,21280100,0
2019,21280200,0
2020,21280200,0
2019,21281100,36
2020,21281100,34
2019,21281200,8
2020,21281200,8
2019,21282100,0
2020,21282100,0
2019,21283100,74
2020,21283100,72
2019,21284100,0
2020,21284100,0
2019,21284200,1270
2020,21284200,1234
2019,21284300,0
2020,21284300,0
2019,21284400,0
2020,21284400,0
2019,21285100,940
2020,21285100,913
2019,21285200,0
2020,21285200,0
2019,21286100,0
2020,21286100,0
2019,21286200,0
2020,21286200,0
2019,21286300,913
2020,21286300,887
2019,21287100,0
2020,21287100,0
2019,21287200,0
2020,21287200,0
2019,21287300,394
2020,21287300,382
2019,21288100,0
2020,21288100,0
2019,21288200,473
2020,21288200,459
2019,21289100,971
2020,21289100,943
2019,21289200,0
2020,21289200,0
2019,21289300,137
2020,21289300,133
2019,21290100,0
2020,21290100,0
2019,21290200,0
2020,21290200,0
2019,21291100,0
2020,21291100,0
2019,21291200,0
2020,21291200,0
2019,21291300,2530
2020,21291300,2457
2019,21292100,0
2020,21292100,0
2019,21292200,0
2020,21292200,0
2019,21292300,251
2020,21292300,243
2019,21292400,0
2020,21292400,0
2019,21292500,0
2020,21292500,0
2019,21293100,80
2020,21293100,78
2019,21293200,0
2020,21293200,0
2019,21293300,0
2020,21293300,0
2019,21294100,189
2020,21294100,183
2019,21294200,1678
2020,21294200,1630
2019,21294300,355
2020,21294300,345
2019,21295100,0
2020,21295100,0
2019,21295200,699
2020,21295200,679
2019,21295300,452
2020,21295300,439
2019,21296100,476
2020,21296100,462
2019,21296200,0
2020,21296200,0
2019,21296300,0
2020,21296300,0
2019,21297100,0
2020,21297100,0
2019,21297200,0
2020,21297200,0
2019,21298100,1592
2020,21298100,1546
2019,21299100,0
2020,21299100,0
2019,21299200,0
2020,21299200,0
2019,21299300,0
2020,21299300,0
2019,21299400,0
2020,21299400,0
2019,21300100,0
2020,21300100,0
2019,21300200,723
2020,21300200,702
2019,21300300,358
2020,21300300,348
2019,21301100,527
2020,21301100,512
2019,21302100,0
2020,21302100,0
2019,21302200,0
2020,21302200,0
2019,21303100,3051
2020,21303100,2964
2019,21303200,123
2020,21303200,119
2019,21304100,0
2020,21304100,0
2019,21304200,196
2020,21304200,190
2019,21305100,0
2020,21305100,0
2019,21305200,0
2020,21305200,0
2019,21305300,0
2020,21305300,0
2019,21306100,512
2020,21306100,497
2019,21306200,0
2020,21306200,0
2019,21307100,0
2020,21307100,0
2019,21308100,0
2020,21308100,0
2019,21308200,0
2020,21308200,0
2019,21308300,0
2020,21308300,0
2019,21309100,90
2020,21309100,88
2019,21309200,358
2020,21309200,348
2019,21310100,654
2020,21310100,635
2019,21310200,0
2020,21310200,0
2019,21311100,0
2020,21311100,0
2019,21311200,0
2020,21311200,0
2019,21311300,467
2020,21311300,453
2019,21311400,0
2020,21311400,0
2019,21312100,0
2020,21312100,0
2019,21312200,0
2020,21312200,0
2019,21313100,0
2020,21313100,0
2019,21313200,0
2020,21313200,0
2019,21313300,4159
2020,21313300,4039
2019,21313400,0
2020,21313400,0
2019,21314100,463
2020,21314100,449
2019,21314200,878
2020,21314200,853
2019,21314300,0
2020,21314300,0
2019,21315100,529
2020,21315100,514
2019,21315200,0
2020,21315200,0
2019,21316100,0
2020,21316100,0
2019,21317100,0
2020,21317100,0
2019,21317200,0
2020,21317200,0
2019,21317300,1071
2020,21317300,1040
2019,21318100,0
2020,21318100,0
2019,21318200,0
2020,21318200,0
2019,21319100,339
2020,21319100,329
2019,21319200,701
2020,21319200,681
2019,21320100,0
2020,21320100,0
2019,21320200,0
2020,21320200,0
2019,21321100,0
2020,21321100,0
2019,21321200,477
2020,21321200,463
2019,21322100,282
2020,21322100,274
2019,21323100,0
2020,21323100,0
2019,21323200,331
2020,21323200,321
2019,21323300,0
2020,21323300,0
2019,21323400,0
2020,21323400,0
2019,21323500,0
2020,21323500,0
2019,21324100,0
2020,21324100,0
2019,21324200,0
2020,21324200,0
2019,21325100,0
2020,21325100,0
2019,21325200,961
2020,21325200,933
2019,21326100,0
2020,21326100,0
2019,21326200,0
2020,21326200,0
2019,21326300,1712
2020,21326300,1663
2019,21326400,0
2020,21326400,0
2019,21327100,417
2020,21327100,405
2019,21327200,0
2020,21327200,0
2019,21328100,885
2020,21328100,859
2019,21329100,0
2020,21329100,0
2019,21329200,0
2020,21329200,0
2019,21329300,41
2020,21329300,39
2019,21330100,0
2020,21330100,0
2019,21330200,0
2020,21330200,0
2019,21330300,0
2020,21330300,0
2019,21331100,0
2020,21331100,0
2019,21331200,504
2020,21331200,490
2019,21332100,0
2020,21332100,0
2019,21332200,0
2020,21332200,0
2019,21332300,331
2020,21332300,321
2019,21333100,807
2020,21333100,784
2019,21334100,175
2020,21334100,170
2019,21335100,0
2020,21335100,0
2019,21335200,688
2020,21335200,668
2019,21336100,309
2020,21336100,300
2019,21336200,0
2020,21336200,0
2019,21336300,0
2020,21336300,0
2019,21336400,0
2020,21336400,0
2019,21337100,0
2020,21337100,0
2019,21337200,639
2020,21337200,621
2019,21338100,0
2020,21338100,0
2019,21339100,502
2020,21339100,488
2019,21339200,7
2020,21339200,7
2019,21339300,0
2020,21339300,0
2019,21339400,0
2020,21339400,0
2019,21340100,3145
2020,21340100,3055
2019,21341100,1691
2020,21341100,1642
2019,21341200,167
2020,21341200,162
2019,21342100,0
2020,21342100,0
2019,21342200,603
2020,21342200,585
2019,21343100,449
2020,21343100,436
2019,21344100,0
2020,21344100,0
2019,21344200,0
2020,21344200,0
2019,21345100,1257
2020,21345100,1221
2019,21345200,0
2020,21345200,0
2019,21346100,564
2020,21346100,548
2019,21346200,2683
2020,21346200,2606
2019,21347100,0
2020,21347100,0
2019,21347200,0
2020,21347200,0
2019,21347300,0
2020,21347300,0
2019,21348100,1224
2020,21348100,1189
2019,21349100,995
2020,21349100,966
2019,21349200,236
2020,21349200,229
2019,21349300,226
2020,21349300,220
2019,21349400,0
2020,21349400,0
2019,21350100,662
2020,21350100,643
2019,21351100,0
2020,21351100,0
2019,21351200,342
2020,21351200,332
2019,21352100,666
2020,21352100,647
2019,21352200,0
2020,21352200,0
2019,21353100,0
2020,21353100,0
2019,21353200,0
2020,21353200,0
2019,21353300,0
2020,21353300,0
2019,21353400,0
2020,21353400,0
2019,21354100,0
2020,21354100,0
2019,21354200,0
2020,21354200,0
2019,21354300,0
2020,21354300,0
2019,21354400,0
2020,21354400,0
2019,21355100,0
2020,21355100,0
2019,21356100,0
2020,21356100,0
2019,21356200,298
2020,21356200,290
2019,21356300,0
2020,21356300,0
2019,21357100,0
2020,21357100,0
2019,21357200,0
2020,21357200,0
2019,21358100,0
2020,21358100,0
2019,21359100,0
2020,21359100,0
2019,21360100,0
2020,21360100,0
2019,21360200,0
2020,21360200,0
2019,21361100,0
2020,21361100,0
2019,21361200,0
2020,21361200,0
2019,21361300,0
2020,21361300,0
2019,21362100,1286
2020,21362100,1249
2019,21362200,0
2020,21362200,0
2019,21362300,0
2020,21362300,0
2019,21362400,0
2020,21362400,0
2019,21363100,0
2020,21363100,0
2019,21363200,0
2020,21363200,0
2019,21364100,0
2020,21364100,0
2019,21365100,0
2020,21365100,0
2019,21365200,0
2020,21365200,0
2019,21366100,0
2020,21366100,0
2019,21366200,0
2020,21366200,0
2019,21367100,0
2020,21367100,0
2019,21367200,2864
2020,21367200,2782
2019,21368100,552
2020,21368100,536
2019,21369100,0
2020,21369100,0
2019,21369200,0
2020,21369200,0
2019,21369300,0
2020,21369300,0
2019,21369400,0
2020,21369400,0
2019,21370100,0
2020,21370100,0
2019,21370200,0
2020,21370200,0
2019,21370300,776
2020,21370300,754
2019,21371100,689
2020,21371100,669
2019,21371200,0
2020,21371200,0
2019,21371300,158
2020,21371300,154
2019,21372100,0
2020,21372100,0
2019,21372200,0
2020,21372200,0
2019,21373100,1035
2020,21373100,1005
2019,21373200,0
2020,21373200,0
2019,21374100,0
2020,21374100,0
2019,21375100,0
2020,21375100,0
2019,21376100,0
2020,21376100,0
2019,21376200,0
2020,21376200,0
2019,21376300,847
2020,21376300,823
2019,21377100,0
2020,21377100,0
2019,21378100,0
2020,21378100,0
2019,21378200,0
2020,21378200,0
2019,21378300,1843
2020,21378300,1790
2019,21379100,0
2020,21379100,0
2019,21379200,0
2020,21379200,0
2019,21379300,0
2020,21379300,0
2019,21380100,0
2020,21380100,0
2019,21380200,0
2020,21380200,0
2019,21380300,0
2020,21380300,0
2019,21381100,962
2020,21381100,934
2019,21381200,0
2020,21381200,0
2019,21381300,751
2020,21381300,729
2019,21382100,0
2020,21382100,0
2019,21382200,0
2020,21382200,0
2019,21383100,721
2020,21383100,700
2019,21383200,10
2020,21383200,10
2019,21383300,0
2020,21383300,0
2019,21384100,187
2020,21384100,181
2019,21384200,0
2020,21384200,0
2019,21384300,917
2020,21384300,891
2019,21385100,0
2020,21385100,0
2019,21385200,1031
2020,21385200,1001
2019,21386100,0
2020,21386100,0
2019,21386200,899
2020,21386200,873
2019,21386300,587
2020,21386300,570
2019,21387100,573
2020,21387100,557
2019,21387200,0
2020,21387200,0
2019,21388100,0
2020,21388100,0
2019,21388200,0
2020,21388200,0
2019,21389100,0
2020,21389100,0
2019,21389200,0
2020,21389200,0
2019,21389300,137
2020,21389300,133
2019,21389400,0
2020,21389400,0
2019,21390100,0
2020,21390100,0
2019,21391100,0
2020,21391100,0
2019,21391200,0
2020,21391200,0
2019,21392100,236
2020,21392100,229
2019,21392200,0
2020,21392200,0
2019,21392300,0
2020,21392300,0
2019,21393100,122
2020,21393100,118
2019,21394100,0
2020,21394100,0
2019,21394200,0
2020,21394200,0
2019,21395100,0
2020,21395100,0
2019,21396100,0
2020,21396100,0
2019,21396200,0
2020,21396200,0
2019,21397100,61
2020,21397100,59
2019,21398100,121
2020,21398100,117
2019,21398200,0
2020,21398200,0
2019,21398300,0
2020,21398300,0
2019,21398400,885
2020,21398400,859
2019,21399100,0
2020,21399100,0
2019,21399200,0
2020,21399200,0
2019,21399300,0
2020,21399300,0
2019,21400100,1300
2020,21400100,1263
2019,21400200,0
2020,21400200,0
2019,21400300,0
2020,21400300,0
2019,21400400,0
2020,21400400,0
2019,21400500,0
2020,21400500,0
2019,21401100,0
2020,21401100,0
2019,21401200,0
2020,21401200,0
2019,21401300,30
2020,21401300,29
2019,21401400,1110
2020,21401400,1078
2019,21401500,93
2020,21401500,91
2019,21401600,0
2020,21401600,0
2019,21402100,4043
2020,21402100,3926
2019,21402200,0
2020,21402200,0
2019,21403100,0
2020,21403100,0
2019,21403200,0
2020,21403200,0
2019,21404100,0
2020,21404100,0
2019,21404200,810
2020,21404200,787
2019,21405100,515
2020,21405100,500
2019,21405200,0
2020,21405200,0
2019,21405300,0
2020,21405300,0
2019,21406100,0
2020,21406100,0
2019,21407100,0
2020,21407100,0
2019,21408100,604
2020,21408100,586
2019,21408200,0
2020,21408200,0
2019,21409100,0
2020,21409100,0
2019,21409200,0
2020,21409200,0
2019,21410100,1265
2020,21410100,1229
2019,21411100,1003
2020,21411100,974
2019,21411200,0
2020,21411200,0
2019,21412100,2394
2020,21412100,2325
2019,21412200,1050
2020,21412200,1020
2019,21412300,78
2020,21412300,76
2019,21413100,0
2020,21413100,0
2019,21414100,0
2020,21414100,0
2019,21414200,0
2020,21414200,0
2019,21414300,929
2020,21414300,902
2019,21414400,0
2020,21414400,0
2019,21415100,864
2020,21415100,839
2019,21415200,0
2020,21415200,0
2019,21416100,0
2020,21416100,0
2019,21416200,1729
2020,21416200,1680
2019,21416300,965
2020,21416300,937
2019,21416400,0
2020,21416400,0
2019,21416500,0
2020,21416500,0
2019,21417100,0
2020,21417100,0
2019,21417200,0
2020,21417200,0
2019,21417300,0
2020,21417300,0
2019,21418100,0
2020,21418100,0
2019,21418200,0
2020,21418200,0
2019,21419100,0
2020,21419100,0
2019,21419200,1048
2020,21419200,1018
2019,21420100,0
2020,21420100,0
2019,21420200,0
2020,21420200,0
2019,21421100,875
2020,21421100,850
2019,21421200,0
2020,21421200,0
2019,21421300,0
2020,21421300,0
2019,21421400,0
2020,21421400,0
2019,21422100,0
2020,21422100,0
2019,21422200,0
2020,21422200,0
2019,21422300,0
2020,21422300,0
2019,21423100,0
2020,21423100,0
2019,21423200,0
2020,21423200,0
2019,21424100,0
2020,21424100,0
2019,21424200,0
2020,21424200,0
2019,21425100,0
2020,21425100,0
2019,21425200,0
2020,21425200,0
2019,21426100,0
2020,21426100,0
2019,21426200,0
2020,21426200,0
2019,21426300,0
2020,21426300,0
2019,21426400,0
2020,21426400,0
2019,21427100,744
2020,21427100,722
2019,21427200,1209
2020,21427200,1174
2019,21427300,0
2020,21427300,0
2019,21427400,0
2020,21427400,0
2019,21428100,0
2020,21428100,0
2019,21428200,0
2020,21428200,0
2019,21428300,0
2020,21428300,0
2019,21429100,0
2020,21429100,0
2019,21429200,0
2020,21429200,0
2019,21430100,667
2020,21430100,648
2019,21430200,0
2020,21430200,0
2019,21431100,0
2020,21431100,0
2019,21431200,31
2020,21431200,30
2019,21432100,0
2020,21432100,0
2019,21432200,781
2020,21432200,759
2019,21433100,0
2020,21433100,0
2019,21433200,0
2020,21433200,0
2019,21434100,0
2020,21434100,0
2019,21434200,0
2020,21434200,0
2019,21435100,0
2020,21435100,0
2019,21436100,615
2020,21436100,597
2019,21436200,0
2020,21436200,0
2019,21437100,0
2020,21437100,0
2019,21438100,0
2020,21438100,0
2019,21439100,0
2020,21439100,0
2019,21439200,0
2020,21439200,0
2019,21439300,394
2020,21439300,382
2019,21439400,0
2020,21439400,0
2019,21439500,0
2020,21439500,0
2019,21440100,633
2020,21440100,615
2019,21440200,0
2020,21440200,0
2019,21440300,0
2020,21440300,0
2019,21441100,176
2020,21441100,171
2019,21442100,0
2020,21442100,0
2019,21443100,0
2020,21443100,0
2019,21443200,0
2020,21443200,0
2019,21443300,0
2020,21443300,0
2019,21443400,0
2020,21443400,0
2019,21444100,23
2020,21444100,23
2019,21444200,0
2020,21444200,0
2019,21445100,571
2020,21445100,555
2019,21445200,0
2020,21445200,0
2019,21446100,0
2020,21446100,0
2019,21446200,392
2020,21446200,380
2019,21446300,0
2020,21446300,0
2019,21446400,646
2020,21446400,628
2019,21447100,0
2020,21447100,0
2019,21447200,0
2020,21447200,0
2019,21447300,0
2020,21447300,0
2019,21448100,0
2020,21448100,0
2019,21448200,0
2020,21448200,0
2019,21448300,1142
2020,21448300,1109
2019,21449100,102
2020,21449100,99
2019,21449200,882
2020,21449200,857
2019,21449300,0
2020,21449300,0
2019,21449400,0
2020,21449400,0
2019,21450100,353
2020,21450100,343
2019,21451100,0
2020,21451100,0
2019,21451200,130
2020,21451200,126
2019,21451300,11
2020,21451300,11
2019,21452100,0
2020,21452100,0
2019,21452200,0
2020,21452200,0
2019,21452300,345
2020,21452300,335
2019,21453100,0
2020,21453100,0
2019,21453200,0
2020,21453200,0
2019,21453300,0
2020,21453300,0
2019,21453400,0
2020,21453400,0
2019,21454100,0
2020,21454100,0
2019,21454200,0
2020,21454200,0
2019,21454300,0
2020,21454300,0
2019,21454400,0
2020,21454400,0
2019,21454500,0
2020,21454500,0
2019,21455100,0
2020,21455100,0
2019,21455200,0
2020,21455200,0
2019,21456100,0
2020,21456100,0
2019,21456200,0
2020,21456200,0
2019,21456300,0
2020,21456300,0
2019,21456400,0
2020,21456400,0
2019,21456500,4793
2020,21456500,4655
2019,21457100,0
2020,21457100,0
2019,21457200,12
2020,21457200,12
2019,21457300,0
2020,21457300,0
2019,21458100,1219
2020,21458100,1184
2019,21458200,0
2020,21458200,0
2019,21458300,0
2020,21458300,0
2019,21458400,0
2020,21458400,0
2019,21458500,714
2020,21458500,694
2019,21458600,256
2020,21458600,248
2019,21459100,0
2020,21459100,0
2019,21459200,0
2020,21459200,0
2019,21459300,667
2020,21459300,648
2019,21459400,770
2020,21459400,748
2019,21459500,0
2020,21459500,0
2019,21459600,0
2020,21459600,0
2019,21460100,0
2020,21460100,0
2019,21460200,0
2020,21460200,0
2019,21460300,709
2020,21460300,689
2019,21461100,0
2020,21461100,0
2019,21461200,0
2020,21461200,0
2019,21461300,1488
2020,21461300,1445
2019,21462100,0
2020,21462100,0
2019,21462200,590
2020,21462200,573
2019,21463100,0
2020,21463100,0
2019,21463200,0
2020,21463200,0
2019,21464100,608
2020,21464100,590
2019,21464200,0
2020,21464200,0
2019,21464300,0
2020,21464300,0
2019,21465100,0
2020,21465100,0
2019,21466100,0
2020,21466100,0
2019,21466200,0
2020,21466200,0
2019,21466300,0
2020,21466300,0
2019,21466400,442
2020,21466400,430
2019,21466500,0
2020,21466500,0
2019,21466600,0
2020,21466600,0
2019,21467100,0
2020,21467100,0
2019,21467200,350
2020,21467200,340
2019,21468100,0
2020,21468100,0
2019,21468200,920
2020,21468200,894
2019,21468300,292
2020,21468300,284
2019,21468400,576
2020,21468400,560
2019,21469100,0
2020,21469100,0
2019,21469200,686
2020,21469200,666
2019,21470100,0
2020,21470100,0
2019,21471100,0
2020,21471100,0
2019,21471200,0
2020,21471200,0
2019,21471300,1789
2020,21471300,1738
2019,21471400,0
2020,21471400,0
2019,21471500,0
2020,21471500,0
2019,21471600,0
2020,21471600,0
2019,21472100,3619
2020,21472100,3514
2019,21472200,525
2020,21472200,510
2019,21472300,0
2020,21472300,0
2019,21473100,0
2020,21473100,0
2019,21473200,0
2020,21473200,0
2019,21473300,0
2020,21473300,0
2019,21473400,3310
2020,21473400,3215
2019,21474100,0
2020,21474100,0
2019,21474200,0
2020,21474200,0
2019,21474300,0
2020,21474300,0
2019,21474400,390
2020,21474400,378
2019,21475100,0
2020,21475100,0
2019,21476100,335
2020,21476100,325
2019,21477100,392
2020,21477100,380
2019,21478100,0
2020,21478100,0
2019,21478200,0
2020,21478200,0
2019,21478300,0
2020,21478300,0
2019,21478400,0
2020,21478400,0
2019,21478500,0
2020,21478500,0
2019,21479100,151
2020,21479100,147
2019,21479200,0
2020,21479200,0
2019,21479300,0
2020,21479300,0
2019,21479400,876
2020,21479400,851
2019,21479500,0
2020,21479500,0
2019,21480100,0
2020,21480100,0
2019,21481100,0
2020,21481100,0
2019,21481200,0
2020,21481200,0
2019,21481300,0
2020,21481300,0
2019,21481400,0
2020,21481400,0
2019,21481500,0
2020,21481500,0
2019,21481600,972
2020,21481600,944
2019,21482100,0
2020,21482100,0
2019,21482200,0
2020,21482200,0
2019,21482300,430
2020,21482300,418
2019,21482400,3524
2020,21482400,3422
2019,21482500,0
2020,21482500,0
2019,21482600,419
2020,21482600,407
2019,21483100,1957
2020,21483100,1901
2019,21483200,0
2020,21483200,0
2019,21483300,0
2020,21483300,0
2019,21484100,469
2020,21484100,455
2019,21484200,0
2020,21484200,0
2019,21484300,0
2020,21484300,0
2019,21484400,0
2020,21484400,0
2019,21484500,0
2020,21484500,0
2019,21484600,0
2020,21484600,0
2019,21485100,0
2020,21485100,0
2019,21485200,0
2020,21485200,0
2019,21485300,738
2020,21485300,717
2019,21486100,0
2020,21486100,0
2019,21487100,0
2020,21487100,0
2019,21488100,0
2020,21488100,0
2019,21489100,453
2020,21489100,440
2019,21489200,0
2020,21489200,0
2019,21489300,1755
2020,21489300,1704
2019,21490100,212
2020,21490100,206
2019,21490200,747
2020,21490200,725
2019,21490300,0
2020,21490300,0
2019,21491100,597
2020,21491100,580
2019,21491200,0
2020,21491200,0
2019,21491300,0
2020,21491300,0
2019,21492100,0
2020,21492100,0
2019,21492200,0
2020,21492200,0
2019,21492300,568
2020,21492300,552
2019,21493100,890
2020,21493100,864
2019,21494100,1633
2020,21494100,1586
2019,21495100,0
2020,21495100,0
2019,21495200,0
2020,21495200,0
2019,21496100,0
2020,21496100,0
2019,21496200,45
2020,21496200,43
2019,21496300,573
2020,21496300,557
2019,21497100,0
2020,21497100,0
2019,21497200,370
2020,21497200,360
2019,21497300,950
2020,21497300,923
2019,21497400,0
2020,21497400,0
2019,21498100,672
2020,21498100,653
2019,21498200,0
2020,21498200,0
2019,21498300,0
2020,21498300,0
2019,21499100,0
2020,21499100,0
2019,21499200,0
2020,21499200,0
2019,21499300,0
2020,21499300,0
2019,21500100,1033
2020,21500100,1003
2019,21500200,0
2020,21500200,0
2019,21501100,0
2020,21501100,0
2019,21501200,0
2020,21501200,0
2019,21502100,1257
2020,21502100,1221
2019,21503100,3057
2020,21503100,2970
2019,21504100,0
2020,21504100,0
2019,21504200,0
2020,21504200,0
2019,21505100,0
2020,21505100,0
2019,21505200,0
2020,21505200,0
2019,21506100,497
2020,21506100,483
2019,21506200,677
2020,21506200,657
2019,21506300,0
2020,21506300,0
2019,21507100,1011
2020,21507100,982
2019,21507200,0
2020,21507200,0
2019,21507300,0
2020,21507300,0
2019,21507400,0
2020,21507400,0
2019,21508100,0
2020,21508100,0
2019,21508200,0
2020,21508200,0
2019,21508300,1122
2020,21508300,1090
2019,21508400,0
2020,21508400,0
2019,21509100,0
2020,21509100,0
2019,21509200,465
2020,21509200,451
2019,21510100,1063
2020,21510100,1033
2019,21510200,0
2020,21510200,0
2019,21511100,0
2020,21511100,0
2019,21511200,0
2020,21511200,0
2019,21511300,0
2020,21511300,0
2019,21511400,0
2020,21511400,0
2019,21511500,972
2020,21511500,944
2019,21512100,0
2020,21512100,0
2019,21512200,604
2020,21512200,586
2019,21513100,0
2020,21513100,0
2019,21513200,786
2020,21513200,764
2019,21513300,0
2020,21513300,0
2019,21513400,2217
2020,21513400,2154
2019,21514100,0
2020,21514100,0
2019,21514200,827
2020,21514200,803
2019,21515100,864
2020,21515100,839
2019,21515200,0
2020,21515200,0
2019,21515300,1412
2020,21515300,1371
2019,21516100,0
2020,21516100,0
2019,21516200,0
2020,21516200,0
2019,21517100,698
2020,21517100,678
2019,21517200,0
2020,21517200,0
2019,21517300,589
2020,21517300,572
2019,21517400,0
2020,21517400,0
2019,21518100,0
2020,21518100,0
2019,21518200,441
2020,21518200,429
2019,21518300,479
2020,21518300,465
2019,21518400,0
2020,21518400,0
2019,21518500,0
2020,21518500,0
2019,21519100,634
2020,21519100,616
2019,21519200,644
2020,21519200,626
2019,21519300,0
2020,21519300,0
2019,21520100,0
2020,21520100,0
2019,21520200,0
2020,21520200,0
2019,21521100,0
2020,21521100,0
2019,21521200,719
2020,21521200,698
2019,21522100,422
2020,21522100,410
2019,21522200,0
2020,21522200,0
2019,21522300,1548
2020,21522300,1503
2019,21522400,85
2020,21522400,83
2019,21523100,393
2020,21523100,381
2019,21523200,1222
2020,21523200,1187
2019,21524100,705
2020,21524100,685
2019,21525100,0
2020,21525100,0
2019,21525200,1254
2020,21525200,1218
2019,21526100,259
2020,21526100,251
2019,21526200,473
2020,21526200,459
2019,21526300,0
2020,21526300,0
2019,21527100,0
2020,21527100,0
2019,21527200,553
2020,21527200,537
2019,21527300,0
2020,21527300,0
2019,21527400,0
2020,21527400,0
2019,21528100,0
2020,21528100,0
2019,21528200,0
2020,21528200,0
2019,21529100,943
2020,21529100,916
2019,21529200,0
2020,21529200,0
2019,21529300,0
2020,21529300,0
2019,21529400,0
2020,21529400,0
2019,21529500,0
2020,21529500,0
2019,21530100,555
2020,21530100,539
2019,21530200,0
2020,21530200,0
2019,21530300,0
2020,21530300,0
2019,21530400,0
2020,21530400,0
2019,21530500,0
2020,21530500,0
2019,21530600,389
2020,21530600,378
2019,21531100,0
2020,21531100,0
2019,21531200,1288
2020,21531200,1251
2019,21532100,1727
2020,21532100,1678
2019,21533100,719
2020,21533100,698
2019,21533200,0
2020,21533200,0
2019,21533300,3357
2020,21533300,3260
2019,21534100,656
2020,21534100,637
2019,21534200,0
2020,21534200,0
2019,21535100,236
2020,21535100,229
2019,21536100,0
2020,21536100,0
2019,21536200,0
2020,21536200,0
2019,21537100,0
2020,21537100,0
2019,21537200,1276
2020,21537200,1239
2019,21538100,1006
2020,21538100,977
2019,21538200,0
2020,21538200,0
2019,21539100,367
2020,21539100,357
2019,21539200,0
2020,21539200,0
2019,21540100,641
2020,21540100,623
2019,21540200,612
2020,21540200,594
2019,21541100,0
2020,21541100,0
2019,21541200,0
2020,21541200,0
2019,21541300,819
2020,21541300,795
2019,21541400,865
2020,21541400,840
2019,21542100,721
2020,21542100,700
2019,21542200,0
2020,21542200,0
2019,21543100,0
2020,21543100,0
2019,21543200,0
2020,21543200,0
2019,21544100,312
2020,21544100,303
2019,21544200,0
2020,21544200,0
2019,21544300,1543
2020,21544300,1499
2019,21544400,935
2020,21544400,908
2019,21545100,843
2020,21545100,819
2019,21545200,0
2020,21545200,0
2019,21546100,0
2020,21546100,0
2019,21546200,760
2020,21546200,738
2019,21547100,604
2020,21547100,586
2019,21547200,0
2020,21547200,0
2019,21547300,1807
2020,21547300,1755
2019,21547400,416
2020,21547400,404
2019,21548100,0
2020,21548100,0
2019,21548200,1564
2020,21548200,1519
2019,21548300,0
2020,21548300,0
2019,21548400,366
2020,21548400,356
2019,21549100,696
2020,21549100,676
2019,21549200,302
2020,21549200,294
2019,21550100,0
2020,21550100,0
2019,21550200,0
2020,21550200,0
2019,21551100,658
2020,21551100,639
2019,21552100,0
2020,21552100,0
2019,21552200,0
2020,21552200,0
2019,21552300,1760
2020,21552300,1709
2019,21553100,0
2020,21553100,0
2019,21553200,0
2020,21553200,0
2019,21553300,0
2020,21553300,0
2019,21554100,0
2020,21554100,0
2019,21554200,0
2020,21554200,0
2019,21554300,0
2020,21554300,0
2019,21554400,1441
2020,21554400,1400
2019,21555100,0
2020,21555100,0
2019,21555200,0
2020,21555200,0
2019,21555300,30
2020,21555300,29
2019,21556100,0
2020,21556100,0
2019,21556200,770
2020,21556200,748
2019,21556300,0
2020,21556300,0
2019,21556400,537
2020,21556400,521
2019,21557100,207
2020,21557100,201
2019,21557200,0
2020,21557200,0
2019,21557300,0
2020,21557300,0
2019,21558100,0
2020,21558100,0
2019,21558200,0
2020,21558200,0
2019,21559100,0
2020,21559100,0
2019,21559200,0
2020,21559200,0
2019,21559300,0
2020,21559300,0
2019,21560100,0
2020,21560100,0
2019,21560200,0
2020,21560200,0
2019,21560300,0
2020,21560300,0
2019,21561100,467
2020,21561100,453
2019,21561200,0
2020,21561200,0
2019,21561300,0
2020,21561300,0
2019,21562100,0
2020,21562100,0
2019,21562200,0
2020,21562200,0
2019,21562300,0
2020,21562300,0
2019,21563100,0
2020,21563100,0
2019,21563200,1282
2020,21563200,1245
2019,21563300,0
2020,21563300,0
2019,21563400,7
2020,21563400,7
2019,21564100,827
2020,21564100,803
2019,21564200,516
2020,21564200,501
2019,21564300,0
2020,21564300,0
2019,21565100,0
2020,21565100,0
2019,21566100,954
2020,21566100,927
2019,21566200,260
2020,21566200,252
2019,21566300,664
2020,21566300,645
2019,21567100,0
2020,21567100,0
2019,21567200,0
2020,21567200,0
2019,21567300,707
2020,21567300,687
2019,21567400,0
2020,21567400,0
2019,21568100,1135
2020,21568100,1102
2019,21569100,757
2020,21569100,735
2019,21570100,471
2020,21570100,457
2019,21570200,0
2020,21570200,0
2019,21571100,210
2020,21571100,204
2019,21571200,0
2020,21571200,0
2019,21572100,53
2020,21572100,51
2019,21572200,479
2020,21572200,465
2019,21573100,503
2020,21573100,489
2019,21573200,390
2020,21573200,378
2019,21573300,192
2020,21573300,186
2019,21574100,0
2020,21574100,0
2019,21574200,564
2020,21574200,548
2019,21574300,0
2020,21574300,0
2019,21574400,0
2020,21574400,0
2019,21575100,2160
2020,21575100,2098
2019,21575200,0
2020,21575200,0
2019,21575300,0
2020,21575300,0
2019,21576100,0
2020,21576100,0
2019,21576200,0
2020,21576200,0
2019,21577100,1810
2020,21577100,1758
2019,21577200,241
2020,21577200,234
2019,21578100,858
2020,21578100,833
2019,21579100,0
2020,21579100,0
2019,21579200,769
2020,21579200,747
2019,21579300,0
2020,21579300,0
2019,21580100,364
2020,21580100,354
2019,21581100,0
2020,21581100,0
2019,21581200,0
2020,21581200,0
2019,21581300,1449
2020,21581300,1408
2019,21582100,0
2020,21582100,0
2019,21582200,549
2020,21582200,533
2019,21582300,0
2020,21582300,0
2019,21583100,0
2020,21583100,0
2019,21583200,605
2020,21583200,587
2019,21584100,0
2020,21584100,0
2019,21584200,629
2020,21584200,611
2019,21585100,1434
2020,21585100,1393
2019,21586100,0
2020,21586100,0
2019,21586200,0
2020,21586200,0
2019,21587100,709
2020,21587100,689
2019,21587200,151
2020,21587200,147
2019,21588100,0
2020,21588100,0
2019,21589100,482
2020,21589100,468
2019,21590100,0
2020,21590100,0
2019,21590200,0
2020,21590200,0
2019,21590300,261
2020,21590300,253
2019,21591100,0
2020,21591100,0
2019,21591200,0
2020,21591200,0
2019,21592100,354
2020,21592100,344
2019,21592200,1608
2020,21592200,1562
2019,21593100,0
2020,21593100,0
2019,21593200,506
2020,21593200,492
2019,21594100,0
2020,21594100,0
2019,21594200,0
2020,21594200,0
2019,21595100,0
2020,21595100,0
2019,21595200,0
2020,21595200,0
2019,21595300,0
2020,21595300,0
2019,21595400,244
2020,21595400,237
2019,21596100,0
2020,21596100,0
2019,21596200,507
2020,21596200,493
2019,21597100,966
2020,21597100,938
2019,21597200,0
2020,21597200,0
2019,21598100,0
2020,21598100,0
2019,21598200,1328
2020,21598200,1290
2019,21599100,3290
2020,21599100,3195
2019,21599200,786
2020,21599200,764
2019,21599300,0
2020,21599300,0
2019,21600100,0
2020,21600100,0
2019,21601100,0
2020,21601100,0
2019,21601200,2060
2020,21601200,2001
2019,21601300,1686
2020,21601300,1637
2019,21602100,426
2020,21602100,414
2019,21602200,0
2020,21602200,0
2019,21603100,0
2020,21603100,0
2019,21603200,0
2020,21603200,0
2019,21603300,0
2020,21603300,0
2019,21604100,11
2020,21604100,11
2019,21604200,426
2020,21604200,414
2019,21604300,0
2020,21604300,0
2019,21605100,220
2020,21605100,214
2019,21606100,2395
2020,21606100,2326
2019,21607100,0
2020,21607100,0
2019,21607200,0
2020,21607200,0
2019,21608100,0
2020,21608100,0
2019,21608200,0
2020,21608200,0
2019,21608300,0
2020,21608300,0
2019,21609100,275
2020,21609100,267
2019,21609200,787
2020,21609200,765
2019,21610100,0
2020,21610100,0
2019,21611100,0
2020,21611100,0
2019,21611200,59
2020,21611200,57
2019,21611300,198
2020,21611300,192
2019,21611400,0
2020,21611400,0
2019,21612100,0
2020,21612100,0
2019,21612200,0
2020,21612200,0
2019,21613100,0
2020,21613100,0
2019,21614100,151
2020,21614100,147
2019,21614200,0
2020,21614200,0
2019,21615100,0
2020,21615100,0
2019,21616100,0
2020,21616100,0
2019,21617100,6
2020,21617100,6
2019,21617200,667
2020,21617200,648
2019,21618100,0
2020,21618100,0
2019,21618200,0
2020,21618200,0
2019,21619100,277
2020,21619100,269
2019,21620100,435
2020,21620100,423
2019,21621100,807
2020,21621100,784
2019,21621200,0
2020,21621200,0
2019,21622100,0
2020,21622100,0
2019,21622200,0
2020,21622200,0
2019,21623100,0
2020,21623100,0
2019,21623200,0
2020,21623200,0
2019,21623300,731
2020,21623300,710
2019,21624100,1134
2020,21624100,1101
2019,21624200,1667
2020,21624200,1619
2019,21625100,99
2020,21625100,96
2019,21625200,0
2020,21625200,0
2019,21626100,0
2020,21626100,0
2019,21626200,814
2020,21626200,790
2019,21627100,0
2020,21627100,0
2019,21627200,422
2020,21627200,410
2019,21628100,167
2020,21628100,162
2019,21628200,575
2020,21628200,559
2019,21629100,20
2020,21629100,20
2019,21629200,0
2020,21629200,0
2019,21629300,0
2020,21629300,0
2019,21630100,0
2020,21630100,0
2019,21630200,0
2020,21630200,0
2019,21630300,0
2020,21630300,0
2019,21631100,691
2020,21631100,671
2019,21632100,566
2020,21632100,550
2019,21633100,518
2020,21633100,503
2019,21633200,491
2020,21633200,477
2019,21634100,0
2020,21634100,0
2019,21634200,688
2020,21634200,668
2019,21634300,0
2020,21634300,0
2019,21635100,265
2020,21635100,257
2019,21635200,2184
2020,21635200,2121
2019,21635300,507
2020,21635300,493
2019,21636100,0
2020,21636100,0
2019,21636200,0
2020,21636200,0
2019,21637100,0
2020,21637100,0
2019,21637200,206
2020,21637200,200
2019,21637300,1917
2020,21637300,1862
2019,21638100,588
2020,21638100,571
2019,21638200,2476
2020,21638200,2405
2019,21638300,0
2020,21638300,0
2019,21639100,831
2020,21639100,807
2019,21640100,531
2020,21640100,515
2019,21640200,0
2020,21640200,0
2019,21640300,0
2020,21640300,0
2019,21641100,0
2020,21641100,0
2019,21641200,646
2020,21641200,628
2019,21642100,0
2020,21642100,0
2019,21643100,1620
2020,21643100,1573
2019,21643200,0
2020,21643200,0
2019,21644100,0
2020,21644100,0
2019,21644200,0
2020,21644200,0
2019,21645100,1810
2020,21645100,1758
2019,21645200,242
2020,21645200,235
2019,21646100,0
2020,21646100,0
2019,21646200,2361
2020,21646200,2294
2019,21646300,540
2020,21646300,524
2019,21646400,0
2020,21646400,0
2019,21646500,588
2020,21646500,571
2019,21647100,791
2020,21647100,768
2019,21647200,790
2020,21647200,767
2019,21647300,0
2020,21647300,0
2019,21648100,0
2020,21648100,0
2019,21649100,0
2020,21649100,0
2019,21649200,0
2020,21649200,0
2019,21650100,0
2020,21650100,0
2019,21651100,1359
2020,21651100,1320
2019,21652100,0
2020,21652100,0
2019,21653100,0
2020,21653100,0
2019,21653200,0
2020,21653200,0
2019,21654100,951
2020,21654100,924
2019,21654200,0
2020,21654200,0
2019,21655100,0
2020,21655100,0
2019,21656100,0
2020,21656100,0
2019,21656200,561
2020,21656200,545
2019,21657100,0
2020,21657100,0
2019,21657200,0
2020,21657200,0
2019,21657300,692
2020,21657300,672
2019,21658100,0
2020,21658100,0
2019,21658200,2325
2020,21658200,2258
2019,21659100,0
2020,21659100,0
2019,21659200,0
2020,21659200,0
2019,21660100,1549
2020,21660100,1504
2019,21660200,1110
2020,21660200,1078
2019,21661100,0
2020,21661100,0
2019,21661200,0
2020,21661200,0
2019,21661300,559
2020,21661300,543
2019,21662100,0
2020,21662100,0
2019,21662200,0
2020,21662200,0
2019,21662300,0
2020,21662300,0
2019,21663100,1107
2020,21663100,1075
2019,21664100,0
2020,21664100,0
2019,21664200,173
2020,21664200,168
2019,21665100,83
2020,21665100,81
2019,21665200,546
2020,21665200,530
2019,21665300,0
2020,21665300,0
2019,21666100,786
2020,21666100,764
2019,21666200,0
2020,21666200,0
2019,21666300,898
2020,21666300,872
2019,21667100,1279
2020,21667100,1242
2019,21668100,0
2020,21668100,0
2019,21668200,0
2020,21668200,0
2019,21668300,0
2020,21668300,0
2019,21669100,400
2020,21669100,388
2019,21670100,0
2020,21670100,0
2019,21670200,31
2020,21670200,30
2019,21671100,0
2020,21671100,0
2019,21671200,874
2020,21671200,849
2019,21672100,587
2020,21672100,570
2019,21672200,691
2020,21672200,671
2019,21673100,2855
2020,21673100,2774
2019,21673200,0
2020,21673200,0
2019,21673300,0
2020,21673300,0
2019,21674100,0
2020,21674100,0
2019,21674200,0
2020,21674200,0
2019,21675100,0
2020,21675100,0
2019,21675200,2477
2020,21675200,2406
2019,21676100,997
2020,21676100,968
2019,21676200,2150
2020,21676200,2089
2019,21676300,0
2020,21676300,0
2019,21677100,0
2020,21677100,0
2019,21678100,1273
2020,21678100,1236
2019,21679100,0
2020,21679100,0
2019,21679200,0
2020,21679200,0
2019,21680100,888
2020,21680100,862
2019,21680200,453
2020,21680200,440
2019,21680300,0
2020,21680300,0
2019,21681100,0
2020,21681100,0
2019,21681200,0
2020,21681200,0
2019,21681300,0
2020,21681300,0
2019,21682100,0
2020,21682100,0
2019,21682200,0
2020,21682200,0
2019,21682300,580
2020,21682300,564
2019,21683100,0
2020,21683100,0
2019,21683200,0
2020,21683200,0
2019,21684100,0
2020,21684100,0
2019,21684200,0
2020,21684200,0
2019,21684300,382
2020,21684300,371
2019,21684400,0
2020,21684400,0
2019,21685100,504
2020,21685100,490
2019,21685200,1319
2020,21685200,1281
2019,21686100,175
2020,21686100,170
2019,21686200,0
2020,21686200,0
2019,21687100,760
2020,21687100,738
2019,21687200,0
2020,21687200,0
2019,21688100,0
2020,21688100,0
2019,21688200,0
2020,21688200,0
2019,21688300,742
2020,21688300,721
2019,21688400,0
2020,21688400,0
2019,21688500,0
2020,21688500,0
2019,21689100,0
2020,21689100,0
2019,21689200,1718
2020,21689200,1669
2019,21690100,1060
2020,21690100,1030
2019,21690200,1644
2020,21690200,1597
2019,21690300,0
2020,21690300,0
2019,21691100,0
2020,21691100,0
2019,21691200,0
2020,21691200,0
2019,21691300,0
2020,21691300,0
2019,21692100,0
2020,21692100,0
2019,21692200,0
2020,21692200,0
2019,21693100,0
2020,21693100,0
2019,21694100,1362
2020,21694100,1323
2019,21695100,0
2020,21695100,0
2019,21695200,593
2020,21695200,576
2019,21695300,1956
2020,21695300,1900
2019,21695400,0
2020,21695400,0
2019,21695500,0
2020,21695500,0
2019,21696100,0
2020,21696100,0
2019,21696200,222
2020,21696200,216
2019,21697100,568
2020,21697100,552
2019,21697200,124
2020,21697200,120
2019,21698100,1109
2020,21698100,1077
2019,21698200,0
2020,21698200,0
2019,21699100,0
2020,21699100,0
2019,21699200,0
2020,21699200,0
2019,21700100,678
2020,21700100,658
2019,21701100,407
2020,21701100,395
2019,21702100,49
2020,21702100,47
2019,21702200,0
2020,21702200,0
2019,21702300,355
2020,21702300,345
2019,21702400,0
2020,21702400,0
2019,21703100,0
2020,21703100,0
2019,21704100,0
2020,21704100,0
2019,21704200,0
2020,21704200,0
2019,21705100,596
2020,21705100,579
2019,21706100,0
2020,21706100,0
2019,21706200,548
2020,21706200,532
2019,21706300,330
2020,21706300,320
2019,21706400,0
2020,21706400,0
2019,21706500,1900
2020,21706500,1845
2019,21706600,0
2020,21706600,0
2019,21706700,0
2020,21706700,0
2019,21707100,0
2020,21707100,0
2019,21707200,0
2020,21707200,0
2019,21707300,558
2020,21707300,542
2019,21708100,0
2020,21708100,0
2019,21709100,0
2020,21709100,0
2019,21709200,458
2020,21709200,445
2019,21710100,0
2020,21710100,0
2019,21710200,975
2020,21710200,947
2019,21710300,0
2020,21710300,0
2019,21711100,1307
2020,21711100,1270
2019,21711200,139
2020,21711200,135
2019,21711300,0
2020,21711300,0
2019,21711400,0
2020,21711400,0
2019,21712100,936
2020,21712100,909
2019,21713100,950
2020,21713100,923
2019,21713200,0
2020,21713200,0
2019,21713300,0
2020,21713300,0
2019,21713400,0
2020,21713400,0
2019,21714100,0
2020,21714100,0
2019,21714200,0
2020,21714200,0
2019,21715100,0
2020,21715100,0
2019,21715200,0
2020,21715200,0
2019,21716100,0
2020,21716100,0
2019,21716200,538
2020,21716200,522
2019,21716300,0
2020,21716300,0
2019,21716400,316
2020,21716400,307
2019,21716500,506
2020,21716500,492
2019,21717100,0
2020,21717100,0
2019,21717200,0
2020,21717200,0
2019,21718100,0
2020,21718100,0
2019,21719100,0
2020,21719100,0
2019,21719200,0
2020,21719200,0
2019,21719300,1082
2020,21719300,1051
2019,21720100,1418
2020,21720100,1377
2019,21721100,0
2020,21721100,0
2019,21721200,34
2020,21721200,33
2019,21722100,440
2020,21722100,428
2019,21722200,555
2020,21722200,539
2019,21722300,0
2020,21722300,0
2019,21723100,2534
2020,21723100,2461
2019,21723200,912
2020,21723200,886
2019,21723300,0
2020,21723300,0
2019,21724100,774
2020,21724100,752
2019,21724200,0
2020,21724200,0
2019,21725100,846
2020,21725100,822
2019,21725200,0
2020,21725200,0
2019,21726100,0
2020,21726100,0
2019,21727100,3318
2020,21727100,3223
2019,21728100,0
2020,21728100,0
2019,21729100,362
2020,21729100,352
2019,21729200,0
2020,21729200,0
2019,21729300,1025
2020,21729300,996
2019,21730100,589
2020,21730100,572
2019,21730200,0
2020,21730200,0
2019,21731100,0
2020,21731100,0
2019,21731200,0
2020,21731200,0
2019,21732100,0
2020,21732100,0
2019,21732200,0
2020,21732200,0
2019,21732300,0
2020,21732300,0
2019,21733100,0
2020,21733100,0
2019,21733200,0
2020,21733200,0
2019,21734100,0
2020,21734100,0
2019,21734200,0
2020,21734200,0
2019,21735100,0
2020,21735100,0
2019,21735200,0
2020,21735200,0
2019,21735300,0
2020,21735300,0
2019,21736100,0
2020,21736100,0
2019,21736200,1597
2020,21736200,1551
2019,21737100,0
2020,21737100,0
2019,21737200,672
2020,21737200,653
2019,21738100,394
2020,21738100,382
2019,21738200,689
2020,21738200,669
2019,21738300,0
2020,21738300,0
2019,21739100,0
2020,21739100,0
2019,21740100,0
2020,21740100,0
2019,21740200,0
2020,21740200,0
2019,21741100,0
2020,21741100,0
2019,21741200,498
2020,21741200,484
2019,21742100,0
2020,21742100,0
2019,21742200,0
2020,21742200,0
2019,21743100,927
2020,21743100,900
2019,21744100,0
2020,21744100,0
2019,21744200,0
2020,21744200,0
2019,21744300,0
2020,21744300,0
2019,21745100,0
2020,21745100,0
2019,21745200,0
2020,21745200,0
2019,21745300,304
2020,21745300,296
2019,21746100,520
2020,21746100,505
2019,21747100,0
2020,21747100,0
2019,21747200,2678
2020,21747200,2601
2019,21748100,959
2020,21748100,931
2019,21748200,3248
2020,21748200,3155
2019,21748300,0
2020,21748300,0
2019,21748400,475
2020,21748400,461
2019,21749100,0
2020,21749100,0
2019,21749200,0
2020,21749200,0
2019,21750100,850
2020,21750100,826
2019,21751100,0
2020,21751100,0
2019,21751200,0
2020,21751200,0
2019,21751300,150
2020,21751300,146
2019,21752100,0
2020,21752100,0
2019,21752200,0
2020,21752200,0
2019,21752300,330
2020,21752300,320
2019,21753100,1857
2020,21753100,1804
2019,21754100,0
2020,21754100,0
2019,21755100,1359
2020,21755100,1320
2019,21755200,0
2020,21755200,0
2019,21756100,0
2020,21756100,0
2019,21756200,519
2020,21756200,504
2019,21757100,0
2020,21757100,0
2019,21757200,1200
2020,21757200,1166
2019,21757300,0
2020,21757300,0
2019,21758100,0
2020,21758100,0
2019,21758200,0
2020,21758200,0
2019,21758300,0
2020,21758300,0
2019,21759100,496
2020,21759100,482
2019,21759200,0
2020,21759200,0
2019,21759300,271
2020,21759300,263
2019,21760100,0
2020,21760100,0
2019,21760200,0
2020,21760200,0
2019,21761100,0
2020,21761100,0
2019,21762100,0
2020,21762100,0
2019,21762200,2016
2020,21762200,1958
2019,21762300,0
2020,21762300,0
2019,21762400,0
2020,21762400,0
2019,21763100,0
2020,21763100,0
2019,21763200,1510
2020,21763200,1467
2019,21764100,0
2020,21764100,0
2019,21764200,604
2020,21764200,586
2019,21764300,0
2020,21764300,0
2019,21765100,0
2020,21765100,0
2019,21765200,335
2020,21765200,325
2019,21765300,664
2020,21765300,645
2019,21766100,539
2020,21766100,523
2019,21766200,5105
2020,21766200,4958
2019,21767100,0
2020,21767100,0
2019,21767200,718
2020,21767200,698
2019,21767300,0
2020,21767300,0
2019,21767400,0
2020,21767400,0
2019,21768100,0
2020,21768100,0
2019,21768200,0
2020,21768200,0
2019,21769100,0
2020,21769100,0
2019,21769200,0
2020,21769200,0
2019,21769300,19
2020,21769300,19
2019,21770100,527
2020,21770100,512
2019,21770200,0
2020,21770200,0
2019,21770300,0
2020,21770300,0
2019,21770400,0
2020,21770400,0
2019,21771100,782
2020,21771100,760
2019,21772100,99
2020,21772100,96
2019,21772200,0
2020,21772200,0
2019,21772300,38
2020,21772300,36
2019,21772400,796
2020,21772400,773
2019,21772500,0
2020,21772500,0
2019,21772600,0
2020,21772600,0
2019,21773100,0
2020,21773100,0
2019,21773200,0
2020,21773200,0
2019,21774100,514
2020,21774100,499
2019,21774200,173
2020,21774200,168
2019,21775100,362
2020,21775100,352
2019,21775200,0
2020,21775200,0
2019,21776100,697
2020,21776100,677
2019,21776200,1144
2020,21776200,1111
2019,21776300,0
2020,21776300,0
2019,21777100,729
2020,21777100,708
2019,21777200,60
2020,21777200,58
2019,21778100,0
2020,21778100,0
2019,21778200,0
2020,21778200,0
2019,21778300,3525
2020,21778300,3423
2019,21779100,0
2020,21779100,0
2019,21779200,0
2020,21779200,0
2019,21779300,0
2020,21779300,0
2019,21780100,0
2020,21780100,0
2019,21780200,0
2020,21780200,0
2019,21780300,2137
2020,21780300,2076
2019,21780400,0
2020,21780400,0
2019,21780500,0
2020,21780500,0
2019,21780600,0
2020,21780600,0
2019,21781100,155
2020,21781100,151
2019,21781200,0
2020,21781200,0
2019,21782100,44
2020,21782100,42
2019,21782200,0
2020,21782200,0
2019,21782300,86
2020,21782300,84
2019,21782400,317
2020,21782400,308
2019,21783100,0
2020,21783100,0
2019,21784100,541
2020,21784100,525
2019,21784200,0
2020,21784200,0
2019,21784300,0
2020,21784300,0
2019,21784400,884
2020,21784400,859
2019,21784500,362
2020,21784500,352
2019,21784600,0
2020,21784600,0
2019,21784700,0
2020,21784700,0
2019,21785100,0
2020,21785100,0
2019,21785200,0
2020,21785200,0
2019,21785300,0
2020,21785300,0
2019,21785400,0
2020,21785400,0
2019,21786100,0
2020,21786100,0
2019,21787100,12
2020,21787100,12
2019,21787200,4203
2020,21787200,4082
2019,21788100,0
2020,21788100,0
2019,21788200,0
2020,21788200,0
2019,21788300,0
2020,21788300,0
2019,21788400,1138
2020,21788400,1105
2019,21788500,58
2020,21788500,56
2019,21788600,0
2020,21788600,0
2019,21789100,480
2020,21789100,466
2019,21789200,0
2020,21789200,0
2019,21789300,0
2020,21789300,0
2019,21790100,0
2020,21790100,0
2019,21790200,0
2020,21790200,0
2019,21790300,0
2020,21790300,0
2019,21790400,0
2020,21790400,0
2019,21790500,761
2020,21790500,739
2019,21790600,0
2020,21790600,0
2019,21791100,12
2020,21791100,12
2019,21791200,0
2020,21791200,0
2019,21791300,0
2020,21791300,0
2019,21791400,579
2020,21791400,563
2019,21792100,446
2020,21792100,433
2019,21792200,19
2020,21792200,19
2019,21792300,517
2020,21792300,502
2019,21792400,209
2020,21792400,203
2019,21793100,430
2020,21793100,418
2019,21793200,0
2020,21793200,0
2019,21793300,2479
2020,21793300,2408
2019,21794100,0
2020,21794100,0
2019,21794200,951
2020,21794200,924
2019,21794300,0
2020,21794300,0
2019,21794400,0
2020,21794400,0
2019,21794500,1426
2020,21794500,1385
2019,21795100,0
2020,21795100,0
2019,21795200,275
2020,21795200,267
2019,21795300,0
2020,21795300,0
2019,21795400,0
2020,21795400,0
2019,21796100,0
2020,21796100,0
2019,21797100,0
2020,21797100,0
2019,21797200,318
2020,21797200,309
2019,21797300,0
2020,21797300,0
2019,21797400,0
2020,21797400,0
2019,21797500,0
2020,21797500,0
2019,21797600,0
2020,21797600,0
2019,21798100,703
2020,21798100,683
2019,21798200,0
2020,21798200,0
2019,21798300,0
2020,21798300,0
2019,21798400,0
2020,21798400,0
2019,21798500,0
2020,21798500,0
2019,21799100,0
2020,21799100,0
2019,21799200,532
2020,21799200,516
2019,21799300,0
2020,21799300,0
2019,21799400,0
2020,21799400,0
2019,21800100,667
2020,21800100,648
2019,21800200,0
2020,21800200,0
2019,21801100,0
2020,21801100,0
2019,21801200,414
2020,21801200,402
2019,21802100,0
2020,21802100,0
2019,21802200,609
2020,21802200,591
2019,21802300,0
2020,21802300,0
2019,21802400,621
2020,21802400,603
2019,21802500,0
2020,21802500,0
2019,21802600,0
2020,21802600,0
2019,21803100,0
2020,21803100,0
2019,21804100,0
2020,21804100,0
2019,21804200,0
2020,21804200,0
2019,21804300,484
2020,21804300,470
2019,21804400,0
2020,21804400,0
2019,21804500,0
2020,21804500,0
2019,21805100,0
2020,21805100,0
2019,21806100,1282
2020,21806100,1245
2019,21806200,0
2020,21806200,0
2019,21807100,1964
2020,21807100,1907
2019,21807200,0
2020,21807200,0
2019,21808100,160
2020,21808100,156
2019,21808200,0
2020,21808200,0
2019,21808300,390
2020,21808300,378
2019,21808400,606
2020,21808400,588
2019,21809100,0
2020,21809100,0
2019,21809200,1204
2020,21809200,1169
2019,21810100,429
2020,21810100,417
2019,21810200,0
2020,21810200,0
2019,21810300,0
2020,21810300,0
2019,21811100,0
2020,21811100,0
2019,21811200,0
2020,21811200,0
2019,21811300,0
2020,21811300,0
2019,21811400,0
2020,21811400,0
2019,21812100,0
2020,21812100,0
2019,21812200,1434
2020,21812200,1393
2019,21812300,532
2020,21812300,516
2019,21813100,9
2020,21813100,9
2019,21813200,0
2020,21813200,0
2019,21813300,86
2020,21813300,84
2019,21813400,382
2020,21813400,371
2019,21814100,426
2020,21814100,414
2019,21814200,0
2020,21814200,0
2019,21814300,386
2020,21814300,375
2019,21814400,0
2020,21814400,0
2019,21814500,0
2020,21814500,0
2019,21814600,0
2020,21814600,0
2019,21815100,341
2020,21815100,331
2019,21816100,0
2020,21816100,0
2019,21817100,0
2020,21817100,0
2019,21817200,0
2020,21817200,0
2019,21818100,2037
2020,21818100,1978
2019,21818200,0
2020,21818200,0
2019,21818300,772
2020,21818300,750
2019,21818400,737
2020,21818400,716
2019,21819100,0
2020,21819100,0
2019,21819200,0
2020,21819200,0
2019,21819300,3645
2020,21819300,3539
2019,21819400,0
2020,21819400,0
2019,21820100,422
2020,21820100,410
2019,21820200,287
2020,21820200,279
2019,21820300,0
2020,21820300,0
2019,21820400,209
2020,21820400,203
2019,21821100,0
2020,21821100,0
2019,21821200,0
2020,21821200,0
2019,21821300,2822
2020,21821300,2741
2019,21822100,0
2020,21822100,0
2019,21822200,683
2020,21822200,663
2019,21823100,0
2020,21823100,0
2019,21824100,646
2020,21824100,628
2019,21824200,0
2020,21824200,0
2019,21824300,508
2020,21824300,494
2019,21825100,522
2020,21825100,507
2019,21825200,0
2020,21825200,0
2019,21825300,0
2020,21825300,0
2019,21825400,0
2020,21825400,0
2019,21825500,187
2020,21825500,181
2019,21826100,0
2020,21826100,0
2019,21826200,166
2020,21826200,162
2019,21826300,495
2020,21826300,481
2019,21827100,0
2020,21827100,0
2019,21827200,357
2020,21827200,347
2019,21827300,391
2020,21827300,379
2019,21827400,1188
2020,21827400,1154
2019,21828100,0
2020,21828100,0
2019,21828200,357
2020,21828200,347
2019,21829100,777
2020,21829100,755
2019,21830100,1447
2020,21830100,1406
2019,21830200,0
2020,21830200,0
2019,21830300,417
2020,21830300,405
2019,21831100,0
2020,21831100,0
2019,21831200,0
2020,21831200,0
2019,21831300,464
2020,21831300,450
2019,21832100,0
2020,21832100,0
2019,21832200,0
2020,21832200,0
2019,21832300,441
2020,21832300,429
2019,21832400,338
2020,21832400,328
2019,21832500,0
2020,21832500,0
2019,21832600,0
2020,21832600,0
2019,21833100,0
2020,21833100,0
2019,21833200,293
2020,21833200,285
2019,21834100,333
2020,21834100,323
2019,21834200,0
2020,21834200,0
2019,21834300,0
2020,21834300,0
2019,21834400,0
2020,21834400,0
2019,21834500,404
2020,21834500,392
2019,21835100,655
2020,21835100,636
2019,21835200,0
2020,21835200,0
2019,21836100,0
2020,21836100,0
2019,21836200,543
2020,21836200,527
2019,21836300,0
2020,21836300,0
2019,21836400,0
2020,21836400,0
2019,21837100,222
2020,21837100,216
2019,21837200,364
2020,21837200,354
2019,21837300,447
2020,21837300,434
2019,21838100,11
2020,21838100,11
2019,21838200,340
2020,21838200,330
2019,21838300,0
2020,21838300,0
2019,21839100,583
2020,21839100,566
2019,21839200,0
2020,21839200,0
2019,21839300,12
2020,21839300,12
2019,21839400,0
2020,21839400,0
2019,21840100,325
2020,21840100,315
2019,21841100,2842
2020,21841100,2761
2019,21841200,663
2020,21841200,644
2019,21842100,0
2020,21842100,0
2019,21843100,0
2020,21843100,0
2019,21843200,0
2020,21843200,0
2019,21843300,0
2020,21843300,0
2019,21843400,0
2020,21843400,0
2019,21844100,416
2020,21844100,404
2019,21845100,0
2020,21845100,0
2019,21846100,624
2020,21846100,606
2019,21847100,434
2020,21847100,422
2019,21847200,0
2020,21847200,0
2019,21848100,0
2020,21848100,0
2019,21848200,0
2020,21848200,0
2019,21848300,383
2020,21848300,372
2019,21848400,0
2020,21848400,0
2019,21849100,0
2020,21849100,0
2019,21849200,521
2020,21849200,506
2019,21850100,0
2020,21850100,0
2019,21850200,369
2020,21850200,359
2019,21850300,863
2020,21850300,838
2019,21850400,0
2020,21850400,0
2019,21850500,68
2020,21850500,66
2019,21850600,502
2020,21850600,488
2019,21851100,0
2020,21851100,0
2019,21851200,382
2020,21851200,371
2019,21852100,84
2020,21852100,82
2019,21852200,0
2020,21852200,0
2019,21852300,0
2020,21852300,0
2019,21853100,1491
2020,21853100,1448
2019,21853200,0
2020,21853200,0
2019,21853300,420
2020,21853300,408
2019,21853400,0
2020,21853400,0
2019,21854100,0
2020,21854100,0
2019,21855100,761
2020,21855100,739
2019,21855200,241
2020,21855200,234
2019,21856100,2274
2020,21856100,2209
2019,21856200,0
2020,21856200,0
2019,21857100,0
2020,21857100,0
2019,21857200,106
2020,21857200,103
2019,21857300,1432
2020,21857300,1391
2019,21857400,0
2020,21857400,0
2019,21857500,0
2020,21857500,0
2019,21858100,0
2020,21858100,0
2019,21858200,0
2020,21858200,0
2019,21859100,0
2020,21859100,0
2019,21859200,0
2020,21859200,0
2019,21859300,0
2020,21859300,0
2019,21859400,0
2020,21859400,0
2019,21860100,2106
2020,21860100,2045
2019,21860200,0
2020,21860200,0
2019,21861100,0
2020,21861100,0
2019,21861200,0
2020,21861200,0
2019,21862100,375
2020,21862100,364
2019,21862200,0
2020,21862200,0
2019,21863100,0
2020,21863100,0
2019,21863200,1841
2020,21863200,1788
2019,21863300,13
2020,21863300,13
2019,21864100,0
2020,21864100,0
2019,21865100,0
2020,21865100,0
2019,21865200,0
2020,21865200,0
2019,21865300,430
2020,21865300,418
2019,21866100,0
2020,21866100,0
2019,21866200,460
2020,21866200,447
2019,21866300,0
2020,21866300,0
2019,21867100,0
2020,21867100,0
2019,21867200,0
2020,21867200,0
2019,21867300,419
2020,21867300,407
2019,21867400,0
2020,21867400,0
2019,21868100,0
2020,21868100,0
2019,21868200,0
2020,21868200,0
2019,21869100,0
2020,21869100,0
2019,21869200,678
2020,21869200,658
2019,21870100,1414
2020,21870100,1373
2019,21870200,0
2020,21870200,0
2019,21871100,0
2020,21871100,0
2019,21871200,433
2020,21871200,421
2019,21872100,0
2020,21872100,0
2019,21872200,0
2020,21872200,0
2019,21872300,0
2020,21872300,0
2019,21873100,8
2020,21873100,8
2019,21873200,171
2020,21873200,166
2019,21873300,0
2020,21873300,0
2019,21874100,0
2020,21874100,0
2019,21874200,0
2020,21874200,0
2019,21874300,15
2020,21874300,15
2019,21875100,522
2020,21875100,507
2019,21875200,0
2020,21875200,0
2019,21876100,0
2020,21876100,0
2019,21876200,479
2020,21876200,465
2019,21877100,564
2020,21877100,548
2019,21877200,0
2020,21877200,0
2019,21878100,0
2020,21878100,0
2019,21879100,0
2020,21879100,0
2019,21879200,0
2020,21879200,0
2019,21880100,0
2020,21880100,0
2019,21880200,719
2020,21880200,698
2019,21881100,0
2020,21881100,0
2019,21881200,0
2020,21881200,0
2019,21881300,0
2020,21881300,0
2019,21882100,0
2020,21882100,0
2019,21882200,231
2020,21882200,225
2019,21882300,572
2020,21882300,556
2019,21883100,730
2020,21883100,709
2019,21883200,0
2020,21883200,0
2019,21883300,687
2020,21883300,667
2019,21883400,0
2020,21883400,0
2019,21884100,3389
2020,21884100,3291
2019,21884200,28
2020,21884200,28
2019,21885100,0
2020,21885100,0
2019,21885200,703
2020,21885200,683
2019,21885300,41
2020,21885300,39
2019,21886100,145
2020,21886100,141
2019,21886200,0
2020,21886200,0
2019,21886300,530
2020,21886300,515
2019,21886400,0
2020,21886400,0
2019,21886500,0
2020,21886500,0
2019,21887100,0
2020,21887100,0
2019,21887200,0
2020,21887200,0
2019,21887300,0
2020,21887300,0
2019,21888100,0
2020,21888100,0
2019,21888200,0
2020,21888200,0
2019,21888300,0
2020,21888300,0
2019,21889100,0
2020,21889100,0
2019,21889200,0
2020,21889200,0
2019,21890100,625
2020,21890100,607
2019,21890200,450
2020,21890200,437
2019,21891100,642
2020,21891100,624
2019,21892100,0
2020,21892100,0
2019,21892200,0
2020,21892200,0
2019,21893100,398
2020,21893100,386
2019,21893200,93
2020,21893200,91
2019,21894100,321
2020,21894100,311
2019,21894200,3004
2020,21894200,2918
2019,21895100,943
2020,21895100,916
2019,21895200,0
2020,21895200,0
2019,21896100,0
2020,21896100,0
2019,21896200,0
2020,21896200,0
2019,21896300,690
2020,21896300,670
2019,21896400,0
2020,21896400,0
2019,21897100,399
2020,21897100,387
2019,21897200,460
2020,21897200,447
2019,21897300,0
2020,21897300,0
2019,21898100,0
2020,21898100,0
2019,21898200,1161
2020,21898200,1128
2019,21898300,0
2020,21898300,0
2019,21898400,2581
2020,21898400,2508
2019,21899100,0
2020,21899100,0
2019,21899200,1723
2020,21899200,1674
2019,21900100,282
2020,21900100,274
2019,21901100,810
2020,21901100,787
2019,21901200,528
2020,21901200,513
2019,21902100,407
2020,21902100,395
2019,21902200,0
2020,21902200,0
2019,21902300,0
2020,21902300,0
2019,21902400,0
2020,21902400,0
2019,21903100,558
2020,21903100,542
2019,21903200,0
2020,21903200,0
2019,21904100,0
2020,21904100,0
2019,21904200,0
2020,21904200,0
2019,21904300,0
2020,21904300,0
2019,21905100,0
2020,21905100,0
2019,21906100,0
2020,21906100,0
2019,21907100,156
2020,21907100,152
2019,21908100,0
2020,21908100,0
2019,21909100,0
2020,21909100,0
2019,21909200,1012
2020,21909200,983
2019,21910100,527
2020,21910100,512
2019,21910200,0
2020,21910200,0
2019,21911100,487
2020,21911100,473
2019,21911200,0
2020,21911200,0
2019,21912100,1035
2020,21912100,1005
2019,21912200,0
2020,21912200,0
2019,21913100,2001
2020,21913100,1944
2019,21914100,0
2020,21914100,0
2019,21914200,1024
2020,21914200,995
2019,21915100,481
2020,21915100,467
2019,21916100,1238
2020,21916100,1202
2019,21917100,0
2020,21917100,0
2019,21917200,0
2020,21917200,0
2019,21918100,0
2020,21918100,0
2019,21918200,441
2020,21918200,429
2019,21918300,0
2020,21918300,0
2019,21919100,0
2020,21919100,0
2019,21920100,121
2020,21920100,117
2019,21920200,0
2020,21920200,0
2019,21921100,461
2020,21921100,447
2019,21921200,0
2020,21921200,0
2019,21921300,0
2020,21921300,0
2019,21922100,0
2020,21922100,0
2019,21923100,0
2020,21923100,0
2019,21923200,0
2020,21923200,0
2019,21924100,1810
2020,21924100,1758
2019,21924200,0
2020,21924200,0
2019,21924300,0
2020,21924300,0
2019,21925100,174
2020,21925100,169
2019,21925200,0
2020,21925200,0
2019,21925300,0
2020,21925300,0
2019,21926100,1348
2020,21926100,1309
2019,21927100,543
2020,21927100,527
2019,21927200,174
2020,21927200,169
2019,21927300,0
2020,21927300,0
2019,21928100,0
2020,21928100,0
2019,21929100,2660
2020,21929100,2583
2019,21929200,1922
2020,21929200,1867
2019,21930100,0
2020,21930100,7
2019,21931100,0
2020,21931100,0
2019,21931200,189
2020,21931200,183
2019,21932100,0
2020,21932100,0
2019,21932200,1074
2020,21932200,1043
2019,21933100,0
2020,21933100,0
2019,21933200,979
2020,21933200,951
2019,21933300,0
2020,21933300,0
2019,21934100,0
2020,21934100,0
2019,21934200,0
2020,21934200,0
2019,21934300,0
2020,21934300,0
2019,21935100,783
2020,21935100,761
2019,21935200,440
2020,21935200,428
2019,21936100,0
2020,21936100,0
2019,21936200,0
2020,21936200,0
2019,21937100,332
2020,21937100,322
2019,21938100,0
2020,21938100,0
2019,21939100,0
2020,21939100,0
2019,21939200,1172
2020,21939200,1138
2019,21940100,124
2020,21940100,120
2019,21940200,3656
2020,21940200,3550
2019,21940300,0
2020,21940300,0
2019,21941100,41
2020,21941100,39
2019,21941200,0
2020,21941200,0
2019,21942100,0
2020,21942100,0
2019,21942200,0
2020,21942200,0
2019,21943100,0
2020,21943100,0
2019,21944100,0
2020,21944100,0
2019,21945100,838
2020,21945100,814
2019,21945200,0
2020,21945200,0
2019,21945300,561
2020,21945300,545
2019,21946100,0
2020,21946100,0
2019,21947100,561
2020,21947100,545
2019,21948100,0
2020,21948100,0
2019,21949100,0
2020,21949100,0
2019,21950100,0
2020,21950100,0
2019,21951100,0
2020,21951100,0
2019,21952100,25
2020,21952100,25
2019,21953100,0
2020,21953100,0
2019,21954100,0
2020,21954100,0
2019,21955100,0
2020,21955100,0
2019,21955200,0
2020,21955200,0
2019,21956100,0
2020,21956100,0
2019,21956200,612
2020,21956200,594
2019,21957100,470
2020,21957100,456
2019,21958100,0
2020,21958100,0
2019,21958200,0
2020,21958200,0
2019,21959100,0
2020,21959100,0
2019,21959200,687
2020,21959200,667
2019,21960100,0
2020,21960100,0
2019,21960200,0
2020,21960200,0
2019,21960300,0
2020,21960300,0
2019,21961100,0
2020,21961100,0
2019,21962100,2119
2020,21962100,2058
2019,21962200,0
2020,21962200,0
2019,21963100,842
2020,21963100,818
2019,21964100,0
2020,21964100,0
2019,21964200,0
2020,21964200,0
2019,21964300,0
2020,21964300,0
2019,21965100,24
2020,21965100,24
2019,21966100,2295
2020,21966100,2230
2019,21966200,0
2020,21966200,0
2019,21966300,491
2020,21966300,477
2019,21966400,734
2020,21966400,713
2019,21966500,0
2020,21966500,0
2019,21967100,0
2020,21967100,0
2019,21967200,0
2020,21967200,0
2019,21967300,0
2020,21967300,0
2019,21968100,0
2020,21968100,0
2019,21968200,495
2020,21968200,481
2019,21968300,0
2020,21968300,0
2019,21969100,0
2020,21969100,0
2019,21969200,0
2020,21969200,0
2019,21970100,1589
2020,21970100,1544
2019,21970200,0
2020,21970200,0
2019,21970300,2208
2020,21970300,2145
2019,21971100,0
2020,21971100,0
2019,21971200,0
2020,21971200,0
2019,21971300,0
2020,21971300,0
2019,21972100,0
2020,21972100,0
2019,21972200,0
2020,21972200,0
2019,21972300,0
2020,21972300,0
2019,21972400,0
2020,21972400,0
2019,21972500,0
2020,21972500,0
2019,21973100,0
2020,21973100,0
2019,21974100,635
2020,21974100,617
2019,21974200,248
2020,21974200,240
2019,21975100,0
2020,21975100,0
2019,21975200,0
2020,21975200,0
2019,21975300,49
2020,21975300,47
2019,21976100,0
2020,21976100,0
2019,21976200,0
2020,21976200,0
2019,21976300,0
2020,21976300,0
2019,21977100,112
2020,21977100,108
2019,21977200,192
2020,21977200,186
2019,21977300,0
2020,21977300,0
2019,21978100,0
2020,21978100,0
2019,21978200,0
2020,21978200,0
2019,21979100,135
2020,21979100,131
2019,21979200,265
2020,21979200,257
2019,21980100,15
2020,21980100,15
2019,21980200,0
2020,21980200,0
2019,21980300,0
2020,21980300,0
2019,21980400,0
2020,21980400,0
2019,21980500,0
2020,21980500,0
2019,21981100,886
2020,21981100,860
2019,21981200,0
2020,21981200,0
2019,21981300,0
2020,21981300,0
2019,21981400,136
2020,21981400,132
2019,21981500,0
2020,21981500,0
2019,21981600,0
2020,21981600,0
2019,21982100,0
2020,21982100,0
2019,21982200,0
2020,21982200,0
2019,21982300,0
2020,21982300,0
2019,21983100,0
2020,21983100,0
2019,21983200,0
2020,21983200,0
2019,21983300,0
2020,21983300,0
2019,21983400,0
2020,21983400,0
2019,21983500,0
2020,21983500,0
2019,21984100,86
2020,21984100,84
2019,21985100,0
2020,21985100,0
2019,21985200,0
2020,21985200,0
2019,21985300,0
2020,21985300,0
2019,21985400,0
2020,21985400,0
2019,21985500,0
2020,21985500,0
2019,21985600,0
2020,21985600,0
2019,21985700,0
2020,21985700,0
2019,21986100,0
2020,21986100,0
2019,21986200,0
2020,21986200,0
2019,21986300,0
2020,21986300,0
2019,21986400,54
2020,21986400,52
2019,21986500,0
2020,21986500,0
2019,21986600,0
2020,21986600,0
2019,21986700,504
2020,21986700,490
2019,21986800,0
2020,21986800,0
2019,21986900,0
2020,21986900,0
2019,21987100,0
2020,21987100,0
2019,21987200,0
2020,21987200,0
2019,21987300,0
2020,21987300,0
2019,21987400,252
2020,21987400,244
2019,21988100,0
2020,21988100,0
2019,21988200,0
2020,21988200,0
2019,21988300,0
2020,21988300,0
2019,21988400,0
2020,21988400,0
2019,21989100,0
2020,21989100,0
2019,21989200,0
2020,21989200,0
2019,21990100,0
2020,21990100,0
2019,21990200,0
2020,21990200,0
2019,21990300,0
2020,21990300,0
2019,21990400,0
2020,21990400,0
2019,21990500,0
2020,21990500,0
2019,21991100,0
2020,21991100,0
2019,21991200,878
2020,21991200,853
2019,21992100,0
2020,21992100,0
2019,21992200,504
2020,21992200,490
2019,21992300,829
2020,21992300,805
2019,21993100,379
2020,21993100,368
2019,21993200,0
2020,21993200,0
2019,21993300,0
2020,21993300,0
2019,21993400,0
2020,21993400,0
2019,21994100,133
2020,21994100,129
2019,21995100,0
2020,21995100,0
2019,21995200,1224
2020,21995200,1189
2019,21996100,0
2020,21996100,0
2019,21996200,309
2020,21996200,300
2019,21997100,714
2020,21997100,694
2019,21997200,1613
2020,21997200,1567
2019,21998100,0
2020,21998100,0
2019,21998200,0
2020,21998200,0
2019,21998300,176
2020,21998300,171
2019,21998400,0
2020,21998400,0
2019,21998500,0
2020,21998500,0
2019,21998600,0
2020,21998600,0
2019,21998700,0
2020,21998700,0
2019,21998800,0
2020,21998800,0
2019,21998900,0
2020,21998900,0
2019,21999100,0
2020,21999100,0
2019,21999200,638
2020,21999200,620
2019,21999300,759
2020,21999300,737
2019,22000100,238
2020,22000100,231
2019,22000200,0
2020,22000200,0
2019,22000300,96
2020,22000300,94
2019,22001100,211
2020,22001100,205
2019,22001200,0
2020,22001200,0
2019,22001300,0
2020,22001300,0
2019,22001400,0
2020,22001400,0
2019,22001500,0
2020,22001500,0
2019,22002100,0
2020,22002100,0
2019,22002200,0
2020,22002200,0
2019,22002300,0
2020,22002300,0
2019,22002400,442
2020,22002400,430
2019,22003100,0
2020,22003100,0
2019,22003200,0
2020,22003200,0
2019,22004100,0
2020,22004100,0
2019,22004200,0
2020,22004200,0
2019,22005100,0
2020,22005100,0
2019,22005200,0
2020,22005200,0
2019,22005300,0
2020,22005300,0
2019,22005400,964
2020,22005400,936
2019,22005500,0
2020,22005500,0
2019,22005600,0
2020,22005600,0
2019,22005700,0
2020,22005700,0
2019,22005800,0
2020,22005800,0
2019,22005900,0
2020,22005900,0
2019,22006100,0
2020,22006100,0
2019,22006200,233
2020,22006200,227
2019,22006300,1673
2020,22006300,1625
2019,22007100,0
2020,22007100,0
2019,22007200,0
2020,22007200,0
2019,22007300,323
2020,22007300,313
2019,22007400,0
2020,22007400,0
2019,22007500,1835
2020,22007500,1782
2019,22008100,0
2020,22008100,0
2019,22008200,0
2020,22008200,0
2019,22008300,0
2020,22008300,0
2019,22008400,0
2020,22008400,0
2019,22008500,0
2020,22008500,0
2019,22009100,0
2020,22009100,0
2019,22009200,0
2020,22009200,0
2019,22009300,1176
2020,22009300,1142
2019,22009400,0
2020,22009400,0
2019,22010100,646
2020,22010100,628
2019,22010200,0
2020,22010200,0
2019,22011100,0
2020,22011100,0
2019,22011200,492
2020,22011200,478
2019,22011300,0
2020,22011300,0
2019,22012100,0
2020,22012100,0
2019,22012200,0
2020,22012200,0
2019,22012300,289
2020,22012300,281
2019,22012400,0
2020,22012400,0
2019,22013100,0
2020,22013100,0
2019,22013200,834
2020,22013200,810
2019,22014100,185
2020,22014100,179
2019,22014200,501
2020,22014200,487
2019,22015100,10
2020,22015100,10
2019,22015200,3150
2020,22015200,3059
2019,22016100,241
2020,22016100,234
2019,22016200,0
2020,22016200,0
2019,22017100,0
2020,22017100,0
2019,22017200,60
2020,22017200,58
2019,22018100,0
2020,22018100,0
2019,22018200,1984
2020,22018200,1927
2019,22018300,0
2020,22018300,0
2019,22018400,0
2020,22018400,0
2019,22019100,49
2020,22019100,47
2019,22019200,0
2020,22019200,0
2019,22019300,11
2020,22019300,11
2019,22019400,663
2020,22019400,644
2019,22020100,0
2020,22020100,0
2019,22020200,0
2020,22020200,0
2019,22020300,0
2020,22020300,0
2019,22021100,435
2020,22021100,423
2019,22021200,0
2020,22021200,0
2019,22021300,0
2020,22021300,0
2019,22021400,1202
2020,22021400,1167
2019,22022100,635
2020,22022100,617
2019,22022200,87
2020,22022200,85
2019,22023100,2127
2020,22023100,2066
2019,22023200,0
2020,22023200,0
2019,22024100,0
2020,22024100,0
2019,22024200,0
2020,22024200,0
2019,22024300,0
2020,22024300,0
2019,22025100,0
2020,22025100,0
2019,22025200,522
2020,22025200,507
2019,22025300,0
2020,22025300,0
2019,22025400,0
2020,22025400,0
2019,22025500,0
2020,22025500,0
2019,22026100,458
2020,22026100,445
2019,22026200,18
2020,22026200,18
2019,22027100,0
2020,22027100,0
2019,22027200,73
2020,22027200,71
2019,22028100,132
2020,22028100,128
2019,22029100,0
2020,22029100,0
2019,22029200,0
2020,22029200,0
2019,22030100,874
2020,22030100,849
2019,22030200,258
2020,22030200,250
2019,22031100,762
2020,22031100,740
2019,22031200,1444
2020,22031200,1403
2019,22031300,0
2020,22031300,0
2019,22032100,326
2020,22032100,316
2019,22032200,0
2020,22032200,0
2019,22032300,0
2020,22032300,0
2019,22032400,0
2020,22032400,0
2019,22033100,0
2020,22033100,0
2019,22033200,0
2020,22033200,0
2019,22033300,0
2020,22033300,0
2019,22033400,0
2020,22033400,0
2019,22033500,744
2020,22033500,722
2019,22033600,0
2020,22033600,0
2019,22033700,0
2020,22033700,0
2019,22033800,0
2020,22033800,0
2019,22034100,0
2020,22034100,0
2019,22034200,0
2020,22034200,0
2019,22035100,0
2020,22035100,0
2019,22035200,0
2020,22035200,0
2019,22035300,0
2020,22035300,0
2019,22035400,21
2020,22035400,21
2019,22036100,0
2020,22036100,0
2019,22036200,325
2020,22036200,315
2019,22037100,474
2020,22037100,460
2019,22037200,518
2020,22037200,503
2019,22038100,0
2020,22038100,0
2019,22038200,625
2020,22038200,607
2019,22039100,0
2020,22039100,0
2019,22039200,0
2020,22039200,0
2019,22040100,603
2020,22040100,585
2019,22040200,0
2020,22040200,0
2019,22040300,838
2020,22040300,814
2019,22041100,2281
2020,22041100,2216
2019,22041200,0
2020,22041200,0
2019,22041300,0
2020,22041300,0
2019,22042100,542
2020,22042100,526
2019,22042200,1062
2020,22042200,1032
2019,22043100,0
2020,22043100,0
2019,22043200,115
2020,22043200,111
2019,22044100,0
2020,22044100,0
2019,22044200,0
2020,22044200,0
2019,22044300,0
2020,22044300,0
2019,22044400,0
2020,22044400,0
2019,22044500,0
2020,22044500,0
2019,22044600,0
2020,22044600,0
2019,22045100,0
2020,22045100,0
2019,22045200,0
2020,22045200,0
2019,22045300,92
2020,22045300,90
2019,22045400,79
2020,22045400,77
2019,22046100,167
2020,22046100,162
2019,22047100,532
2020,22047100,516
2019,22048100,1491
2020,22048100,1448
2019,22048200,0
2020,22048200,0
2019,22049100,444
2020,22049100,431
2019,22050100,647
2020,22050100,629
2019,22051100,0
2020,22051100,0
2019,22051200,360
2020,22051200,350
2019,22052100,0
2020,22052100,0
2019,22052200,0
2020,22052200,0
2019,22053100,330
2020,22053100,320
2019,22053200,0
2020,22053200,0
2019,22054100,1188
2020,22054100,1154
2019,22055100,0
2020,22055100,0
2019,22055200,0
2020,22055200,0
2019,22056100,0
2020,22056100,0
2019,22057100,41
2020,22057100,39
2019,22057200,0
2020,22057200,0
2019,22058100,746
2020,22058100,724
2019,22058200,152
2020,22058200,148
2019,22059100,0
2020,22059100,0
2019,22059200,241
2020,22059200,234
2019,22059300,0
2020,22059300,0
2019,22060100,206
2020,22060100,200
2019,22061100,1419
2020,22061100,1378
2019,22061200,394
2020,22061200,382
2019,22062100,393
2020,22062100,381
2019,22062200,0
2020,22062200,0
2019,22063100,284
2020,22063100,276
2019,22063200,1542
2020,22063200,1498
2019,22064100,0
2020,22064100,0
2019,22064200,0
2020,22064200,0
2019,22064300,0
2020,22064300,0
2019,22064400,196
2020,22064400,190
2019,22065100,0
2020,22065100,0
2019,22065200,0
2020,22065200,0
2019,22065300,114
2020,22065300,110
2019,22066100,1517
2020,22066100,1474
2019,22066200,0
2020,22066200,0
2019,22066300,69
2020,22066300,67
2019,22067100,316
2020,22067100,307
2019,22068100,0
2020,22068100,0
2019,22069100,1124
2020,22069100,1092
2019,22070100,53
2020,22070100,51
2019,22071100,0
2020,22071100,0
2019,22071200,292
2020,22071200,284
2019,22072100,0
2020,22072100,0
2019,22073100,354
2020,22073100,344
2019,22073200,0
2020,22073200,0
2019,22073300,0
2020,22073300,0
2019,22074100,0
2020,22074100,0
2019,22074200,0
2020,22074200,0
2019,22075100,0
2020,22075100,0
2019,22075200,248
2020,22075200,240
2019,22076100,208
2020,22076100,202
2019,22076200,0
2020,22076200,0
2019,22077100,590
2020,22077100,573
2019,22078100,703
2020,22078100,683
2019,22079100,3776
2020,22079100,3667
2019,22080100,1461
2020,22080100,1419
2019,22081100,726
2020,22081100,705
2019,22082100,0
2020,22082100,0
2019,22082200,0
2020,22082200,0
2019,22083100,409
2020,22083100,397
2019,22083200,0
2020,22083200,0
2019,22084100,481
2020,22084100,467
2019,22085100,700
2020,22085100,680
2019,22086100,541
2020,22086100,525
2019,22086200,557
2020,22086200,541
2019,22087100,238
2020,22087100,231
2019,22087200,816
2020,22087200,792
2019,22087300,15
2020,22087300,15
2019,22088100,0
2020,22088100,0
2019,22088200,0
2020,22088200,0
2019,22088300,654
2020,22088300,635
2019,22088400,335
2020,22088400,325
2019,22089100,731
2020,22089100,710
2019,22090100,335
2020,22090100,325
2019,22090200,533
2020,22090200,517
2019,22090300,0
2020,22090300,0
2019,22090400,0
2020,22090400,0
2019,22091100,0
2020,22091100,0
2019,22091200,557
2020,22091200,541
2019,22091300,0
2020,22091300,0
2019,22091400,732
2020,22091400,711
2019,22092100,1010
2020,22092100,981
2019,22092200,0
2020,22092200,0
2019,22092300,0
2020,22092300,0
2019,22093100,0
2020,22093100,0
2019,22094100,0
2020,22094100,0
2019,22094200,0
2020,22094200,0
2019,22094300,168
2020,22094300,163
2019,22095100,0
2020,22095100,0
2019,22095200,0
2020,22095200,0
2019,22095300,155
2020,22095300,151
2019,22096100,569
2020,22096100,553
2019,22096200,0
2020,22096200,0
2019,22096300,0
2020,22096300,0
2019,22097100,394
2020,22097100,382
2019,22097200,94
2020,22097200,92
2019,22097300,0
2020,22097300,0
2019,22098100,0
2020,22098100,0
2019,22099100,1887
2020,22099100,1833
2019,22100100,90
2020,22100100,88
2019,22100200,83
2020,22100200,81
2019,22100300,451
2020,22100300,438
2019,22101100,0
2020,22101100,0
2019,22101200,0
2020,22101200,0
2019,22102100,0
2020,22102100,0
2019,22103100,0
2020,22103100,0
2019,22103200,902
2020,22103200,876
2019,22103300,0
2020,22103300,0
2019,22103400,139
2020,22103400,135
2019,22104100,724
2020,22104100,703
2019,22104200,0
2020,22104200,0
2019,22105100,0
2020,22105100,0
2019,22105200,0
2020,22105200,0
2019,22105300,0
2020,22105300,0
2019,22106100,0
2020,22106100,0
2019,22106200,0
2020,22106200,0
2019,22106300,241
2020,22106300,234
2019,22106400,17
2020,22106400,17
2019,22106500,0
2020,22106500,0
2019,22107100,0
2020,22107100,0
2019,22107200,0
2020,22107200,0
2019,22107300,0
2020,22107300,0
2019,22107400,527
2020,22107400,512
2019,22108100,0
2020,22108100,0
2019,22108200,0
2020,22108200,0
2019,22108300,0
2020,22108300,0
2019,22109100,1998
2020,22109100,1941
2019,22110100,0
2020,22110100,0
2019,22110200,530
2020,22110200,515
2019,22110300,0
2020,22110300,0
2019,22110400,0
2020,22110400,0
2019,22110500,0
2020,22110500,0
2019,22111100,0
2020,22111100,0
2019,22111200,143
2020,22111200,139
2019,22111300,0
2020,22111300,0
2019,22112100,0
2020,22112100,0
2019,22113100,0
2020,22113100,0
2019,22113200,0
2020,22113200,0
2019,22113300,0
2020,22113300,0
2019,22113400,0
2020,22113400,0
2019,22113500,1238
2020,22113500,1202
2019,22114100,472
2020,22114100,458
2019,22114200,516
2020,22114200,501
2019,22115100,292
2020,22115100,284
2019,22115200,0
2020,22115200,0
2019,22115300,100
2020,22115300,97
2019,22116100,1132
2020,22116100,1100
2019,22117100,1021
2020,22117100,992
2019,22117200,0
2020,22117200,0
2019,22117300,0
2020,22117300,0
2019,22117400,0
2020,22117400,0
2019,22118100,793
2020,22118100,770
2019,22118200,0
2020,22118200,0
2019,22118300,0
2020,22118300,0
2019,22119100,1147
2020,22119100,1114
2019,22120100,0
2020,22120100,0
2019,22120200,0
2020,22120200,0
2019,22121100,41
2020,22121100,39
2019,22121200,0
2020,22121200,0
2019,22121300,0
2020,22121300,0
2019,22121400,0
2020,22121400,0
2019,22121500,8
2020,22121500,8
2019,22121600,0
2020,22121600,0
2019,22122100,0
2020,22122100,0
2019,22122200,431
2020,22122200,419
2019,22122300,0
2020,22122300,0
2019,22123100,195
2020,22123100,189
2019,22123200,0
2020,22123200,0
2019,22123300,0
2020,22123300,0
2019,22123400,254
2020,22123400,246
2019,22123500,0
2020,22123500,0
2019,22124100,0
2020,22124100,0
2019,22124200,0
2020,22124200,0
2019,22124300,0
2020,22124300,0
2019,22125100,803
2020,22125100,780
2019,22126100,46
2020,22126100,44
2019,22127100,549
2020,22127100,533
2019,22127200,0
2020,22127200,0
2019,22128100,0
2020,22128100,0
2019,22128200,0
2020,22128200,0
2019,22129100,33
2020,22129100,32
2019,22129200,0
2020,22129200,0
2019,22130100,2368
2020,22130100,2301
2019,22130200,0
2020,22130200,0
2019,22130300,0
2020,22130300,0
2019,22131100,0
2020,22131100,0
2019,22131200,0
2020,22131200,0
2019,22132100,871
2020,22132100,846
2019,22133100,533
2020,22133100,517
2019,22133200,0
2020,22133200,0
2019,22133300,0
2020,22133300,0
2019,22133400,0
2020,22133400,0
2019,22134100,0
2020,22134100,0
2019,22134200,0
2020,22134200,0
2019,22134300,0
2020,22134300,0
2019,22134400,0
2020,22134400,0
2019,22134500,0
2020,22134500,0
2019,22135100,840
2020,22135100,816
2019,22135200,0
2020,22135200,0
2019,22135300,0
2020,22135300,0
2019,22135400,0
2020,22135400,0
2019,22136100,67
2020,22136100,65
2019,22136200,0
2020,22136200,0
2019,22137100,675
2020,22137100,655
2019,22138100,78
2020,22138100,76
2019,22138200,0
2020,22138200,0
2019,22139100,0
2020,22139100,0
2019,22139200,0
2020,22139200,0
2019,22139300,1257
2020,22139300,1221
2019,22139400,0
2020,22139400,0
2019,22139500,0
2020,22139500,0
2019,22139600,0
2020,22139600,0
2019,22139700,135
2020,22139700,131
2019,22140100,209
2020,22140100,203
2019,22140200,0
2020,22140200,0
2019,22141100,0
2020,22141100,0
2019,22142100,53
2020,22142100,51
2019,22142200,0
2020,22142200,0
2019,22143100,422
2020,22143100,410
2019,22143200,0
2020,22143200,0
2019,22144100,0
2020,22144100,0
2019,22145100,402
2020,22145100,390
2019,22145200,0
2020,22145200,0
2019,22145300,0
2020,22145300,0
2019,22146100,3183
2020,22146100,3092
2019,22146200,0
2020,22146200,0
2019,22146300,2261
2020,22146300,2196
2019,22147100,0
2020,22147100,0
2019,22147200,0
2020,22147200,0
2019,22147300,411
2020,22147300,399
2019,22148100,0
2020,22148100,0
2019,22148200,558
2020,22148200,542
2019,22149100,25
2020,22149100,25
2019,22149200,0
2020,22149200,0
2019,22149300,506
2020,22149300,492
2019,22150100,0
2020,22150100,0
2019,22150200,0
2020,22150200,0
2019,22150300,709
2020,22150300,689
2019,22150400,0
2020,22150400,0
2019,22151100,27
2020,22151100,27
2019,22151200,0
2020,22151200,0
2019,22151300,322
2020,22151300,312
2019,22151400,79
2020,22151400,77
2019,22151500,187
2020,22151500,181
2019,22152100,0
2020,22152100,0
2019,22152200,0
2020,22152200,0
2019,22153100,0
2020,22153100,0
2019,22153200,331
2020,22153200,321
2019,22153300,0
2020,22153300,0
2019,22154100,1945
2020,22154100,1889
2019,22155100,0
2020,22155100,0
2019,22155200,437
2020,22155200,425
2019,22155300,0
2020,22155300,0
2019,22155400,0
2020,22155400,0
2019,22155500,317
2020,22155500,308
2019,22156100,329
2020,22156100,319
2019,22156200,0
2020,22156200,0
2019,22157100,1120
2020,22157100,1088
2019,22158100,611
2020,22158100,593
2019,22158200,0
2020,22158200,0
2019,22158300,0
2020,22158300,0
2019,22159100,2681
2020,22159100,2604
2019,22159200,0
2020,22159200,0
2019,22160100,0
2020,22160100,0
2019,22160200,194
2020,22160200,188
2019,22161100,0
2020,22161100,0
2019,22162100,554
2020,22162100,538
2019,22163100,0
2020,22163100,0
2019,22163200,0
2020,22163200,0
2019,22163300,0
2020,22163300,0
2019,22164100,88
2020,22164100,86
2019,22164200,0
2020,22164200,0
2019,22164300,0
2020,22164300,0
2019,22165100,470
2020,22165100,456
2019,22166100,80
2020,22166100,78
2019,22166200,0
2020,22166200,0
2019,22166300,0
2020,22166300,0
2019,22166400,0
2020,22166400,0
2019,22167100,1214
2020,22167100,1179
2019,22167200,610
2020,22167200,592
2019,22167300,0
2020,22167300,0
2019,22167400,0
2020,22167400,0
2019,22167500,0
2020,22167500,0
2019,22168100,0
2020,22168100,0
2019,22168200,51
2020,22168200,49
2019,22168300,0
2020,22168300,0
2019,22168400,0
2020,22168400,0
2019,22169100,0
2020,22169100,0
2019,22169200,645
2020,22169200,627
2019,22170100,0
2020,22170100,0
2019,22170200,0
2020,22170200,0
2019,22171100,772
2020,22171100,750
2019,22171200,0
2020,22171200,0
2019,22172100,46
2020,22172100,44
2019,22172200,631
2020,22172200,613
2019,22173100,0
2020,22173100,0
2019,22173200,0
2020,22173200,0
2019,22173300,397
2020,22173300,385
2019,22173400,1683
2020,22173400,1635
2019,22173500,0
2020,22173500,0
2019,22174100,213
2020,22174100,207
2019,22174200,0
2020,22174200,0
2019,22174300,220
2020,22174300,214
2019,22174400,0
2020,22174400,0
2019,22175100,0
2020,22175100,0
2019,22175200,984
2020,22175200,956
2019,22176100,0
2020,22176100,0
2019,22176200,348
2020,22176200,338
2019,22177100,0
2020,22177100,0
2019,22177200,302
2020,22177200,294
2019,22177300,194
2020,22177300,188
2019,22178100,0
2020,22178100,0
2019,22178200,0
2020,22178200,0
2019,22178300,0
2020,22178300,0
2019,22179100,0
2020,22179100,0
2019,22179200,0
2020,22179200,0
2019,22179300,0
2020,22179300,0
2019,22179400,0
2020,22179400,0
2019,22180100,0
2020,22180100,0
2019,22180200,489
2020,22180200,475
2019,22181100,607
2020,22181100,589
2019,22182100,352
2020,22182100,342
2019,22182200,0
2020,22182200,0
2019,22182300,497
2020,22182300,483
2019,22182400,0
2020,22182400,0
2019,22183100,1531
2020,22183100,1487
2019,22183200,0
2020,22183200,0
2019,22183300,387
2020,22183300,376
2019,22184100,1107
2020,22184100,1075
2019,22184200,0
2020,22184200,0
2019,22185100,6
2020,22185100,6
2019,22186100,0
2020,22186100,0
2019,22186200,0
2020,22186200,0
2019,22187100,0
2020,22187100,0
2019,22187200,0
2020,22187200,0
2019,22188100,1119
2020,22188100,1087
2019,22188200,0
2020,22188200,0
2019,22189100,0
2020,22189100,0
2019,22189200,972
2020,22189200,944
2019,22189300,684
2020,22189300,664
2019,22190100,0
2020,22190100,0
2019,22190200,0
2020,22190200,0
2019,22191100,2174
2020,22191100,2111
2019,22191200,559
2020,22191200,543
2019,22192100,0
2020,22192100,0
2019,22192200,0
2020,22192200,0
2019,22193100,0
2020,22193100,0
2019,22193200,0
2020,22193200,0
2019,22194100,0
2020,22194100,0
2019,22194200,0
2020,22194200,0
2019,22195100,0
2020,22195100,0
2019,22196100,0
2020,22196100,0
2019,22197100,1736
2020,22197100,1686
2019,22198100,42
2020,22198100,40
2019,22198200,0
2020,22198200,0
2019,22198300,1954
2020,22198300,1898
2019,22199100,43
2020,22199100,41
2019,22199200,1003
2020,22199200,974
2019,22200100,0
2020,22200100,0
2019,22200200,415
2020,22200200,403
2019,22201100,0
2020,22201100,0
2019,22201200,546
2020,22201200,530
2019,22201300,0
2020,22201300,0
2019,22202100,0
2020,22202100,0
2019,22202200,0
2020,22202200,0
2019,22202300,639
2020,22202300,621
2019,22202400,0
2020,22202400,0
2019,22203100,0
2020,22203100,0
2019,22203200,0
2020,22203200,0
2019,22204100,0
2020,22204100,0
2019,22204200,409
2020,22204200,397
2019,22205100,0
2020,22205100,0
2019,22206100,0
2020,22206100,0
2019,22206200,0
2020,22206200,0
2019,22206300,620
2020,22206300,602
2019,22207100,0
2020,22207100,0
2019,22207200,0
2020,22207200,0
2019,22207300,0
2020,22207300,0
2019,22208100,586
2020,22208100,569
2019,22208200,301
2020,22208200,293
2019,22208300,704
2020,22208300,684
2019,22208400,0
2020,22208400,0
2019,22208500,146
2020,22208500,142
2019,22209100,0
2020,22209100,0
2019,22209200,0
2020,22209200,0
2019,22209300,0
2020,22209300,0
2019,22209400,0
2020,22209400,0
2019,22209500,609
2020,22209500,591
2019,22210100,0
2020,22210100,0
2019,22210200,0
2020,22210200,0
2019,22210300,0
2020,22210300,0
2019,22210400,840
2020,22210400,816
2019,22211100,0
2020,22211100,0
2019,22211200,0
2020,22211200,0
2019,22211300,0
2020,22211300,0
2019,22212100,299
2020,22212100,291
2019,22212200,0
2020,22212200,0
2019,22213100,615
2020,22213100,597
2019,22214100,380
2020,22214100,369
2019,22214200,0
2020,22214200,0
2019,22214300,0
2020,22214300,0
2019,22214400,485
2020,22214400,471
2019,22215100,816
2020,22215100,792
2019,22216100,0
2020,22216100,0
2019,22216200,0
2020,22216200,0
2019,22217100,730
2020,22217100,709
2019,22217200,0
2020,22217200,0
2019,22217300,653
2020,22217300,634
2019,22217400,0
2020,22217400,0
2019,22218100,3335
2020,22218100,3240
2019,22218200,0
2020,22218200,0
2019,22218300,0
2020,22218300,0
2019,22219100,0
2020,22219100,0
2019,22219200,516
2020,22219200,501
2019,22219300,0
2020,22219300,0
2019,22220100,230
2020,22220100,224
2019,22221100,0
2020,22221100,0
2019,22221200,113
2020,22221200,109
2019,22221300,618
2020,22221300,600
2019,22221400,462
2020,22221400,448
2019,22222100,874
2020,22222100,849
2019,22222200,1742
2020,22222200,1692
2019,22222300,0
2020,22222300,0
2019,22222400,261
2020,22222400,253
2019,22223100,0
2020,22223100,0
2019,22223200,0
2020,22223200,0
2019,22223300,197
2020,22223300,191
2019,22223400,0
2020,22223400,0
2019,22224100,0
2020,22224100,0
2019,22224200,0
2020,22224200,0
2019,22225100,1192
2020,22225100,1158
2019,22225200,0
2020,22225200,0
2019,22225300,0
2020,22225300,0
2019,22226100,0
2020,22226100,0
2019,22226200,0
2020,22226200,0
2019,22226300,510
2020,22226300,496
2019,22227100,0
2020,22227100,0
2019,22227200,717
2020,22227200,697
2019,22228100,0
2020,22228100,0
2019,22228200,0
2020,22228200,0
2019,22229100,0
2020,22229100,0
2019,22229200,81
2020,22229200,79
2019,22229300,807
2020,22229300,784
2019,22230100,958
2020,22230100,930
2019,22230200,682
2020,22230200,662
2019,22230300,0
2020,22230300,0
2019,22231100,168
2020,22231100,163
2019,22231200,699
2020,22231200,679
2019,22231300,0
2020,22231300,0
2019,22231400,404
2020,22231400,392
2019,22231500,0
2020,22231500,0
2019,22232100,743
2020,22232100,721
2019,22232200,1964
2020,22232200,1907
2019,22233100,0
2020,22233100,0
2019,22233200,0
2020,22233200,0
2019,22233300,0
2020,22233300,0
2019,22233400,86
2020,22233400,84
2019,22234100,474
2020,22234100,460
2019,22234200,0
2020,22234200,0
2019,22234300,0
2020,22234300,0
2019,22235100,668
2020,22235100,649
2019,22235200,0
2020,22235200,0
2019,22235300,721
2020,22235300,700
2019,22236100,0
2020,22236100,0
2019,22236200,0
2020,22236200,0
2019,22236300,477
2020,22236300,463
2019,22236400,0
2020,22236400,0
2019,22237100,772
2020,22237100,750
2019,22238100,0
2020,22238100,0
2019,22238200,33
2020,22238200,32
2019,22238300,0
2020,22238300,0
2019,22239100,0
2020,22239100,0
2019,22239200,1260
2020,22239200,1224
2019,22240100,599
2020,22240100,582
2019,22240200,0
2020,22240200,0
2019,22240300,0
2020,22240300,0
2019,22241100,580
2020,22241100,564
2019,22241200,0
2020,22241200,0
2019,22241300,0
2020,22241300,0
2019,22242100,0
2020,22242100,0
2019,22242200,0
2020,22242200,0
2019,22242300,377
2020,22242300,366
2019,22242400,638
2020,22242400,620
2019,22243100,0
2020,22243100,0
2019,22243200,0
2020,22243200,0
2019,22243300,354
2020,22243300,344
2019,22243400,0
2020,22243400,0
2019,22244100,0
2020,22244100,0
2019,22245100,0
2020,22245100,0
2019,22245200,1422
2020,22245200,1381
2019,22246100,0
2020,22246100,0
2019,22246200,0
2020,22246200,0
2019,22246300,549
2020,22246300,533
2019,22246400,6
2020,22246400,6
2019,22247100,450
2020,22247100,437
2019,22247200,736
2020,22247200,715
2019,22247300,1603
2020,22247300,1557
2019,22248100,0
2020,22248100,0
2019,22248200,0
2020,22248200,0
2019,22249100,157
2020,22249100,153
2019,22249200,0
2020,22249200,0
2019,22249300,0
2020,22249300,0
2019,22249400,514
2020,22249400,499
2019,22249500,0
2020,22249500,0
2019,22250100,486
2020,22250100,472
2019,22250200,0
2020,22250200,0
2019,22250300,0
2020,22250300,0
2019,22250400,161
2020,22250400,157
2019,22251100,679
2020,22251100,659
2019,22252100,449
2020,22252100,436
2019,22252200,25
2020,22252200,25
2019,22253100,0
2020,22253100,0
2019,22253200,1706
2020,22253200,1657
2019,22253300,0
2020,22253300,0
2019,22254100,887
2020,22254100,861
2019,22255100,0
2020,22255100,0
2019,22255200,446
2020,22255200,433
2019,22255300,44
2020,22255300,42
2019,22255400,0
2020,22255400,0
2019,22255500,0
2020,22255500,0
2019,22256100,367
2020,22256100,357
2019,22256200,0
2020,22256200,0
2019,22257100,650
2020,22257100,631
2019,22258100,0
2020,22258100,0
2019,22259100,558
2020,22259100,542
2019,22259200,351
2020,22259200,341
2019,22260100,0
2020,22260100,0
2019,22260200,506
2020,22260200,492
2019,22261100,331
2020,22261100,321
2019,22261200,463
2020,22261200,449
2019,22261300,0
2020,22261300,0
2019,22262100,0
2020,22262100,0
2019,22262200,549
2020,22262200,533
2019,22262300,0
2020,22262300,0
2019,22263100,0
2020,22263100,0
2019,22264100,0
2020,22264100,0
2019,22264200,0
2020,22264200,0
2019,22265100,468
2020,22265100,454
2019,22265200,541
2020,22265200,525
2019,22265300,0
2020,22265300,0
2019,22266100,0
2020,22266100,0
2019,22266200,118
2020,22266200,114
2019,22267100,0
2020,22267100,0
2019,22267200,699
2020,22267200,679
2019,22268100,24
2020,22268100,24
2019,22268200,0
2020,22268200,0
2019,22269100,0
2020,22269100,0
2019,22270100,522
2020,22270100,507
2019,22270200,2616
2020,22270200,2541
2019,22270300,0
2020,22270300,0
2019,22271100,0
2020,22271100,0
2019,22271200,0
2020,22271200,0
2019,22271300,396
2020,22271300,384
2019,22272100,0
2020,22272100,0
2019,22272200,0
2020,22272200,0
2019,22272300,587
2020,22272300,570
2019,22272400,2572
2020,22272400,2499
2019,22273100,0
2020,22273100,0
2019,22273200,529
2020,22273200,514
2019,22273300,0
2020,22273300,0
2019,22274100,0
2020,22274100,0
2019,22274200,0
2020,22274200,0
2019,22275100,0
2020,22275100,0
2019,22275200,0
2020,22275200,0
2019,22275300,0
2020,22275300,0
2019,22276100,1024
2020,22276100,995
2019,22276200,0
2020,22276200,0
2019,22276300,738
2020,22276300,717
2019,22277100,482
2020,22277100,468
2019,22278100,115
2020,22278100,111
2019,22279100,1260
2020,22279100,1224
2019,22279200,1725
2020,22279200,1676
2019,22279300,40
2020,22279300,38
2019,22279400,443
2020,22279400,430
2019,22280100,396
2020,22280100,384
2019,22280200,594
2020,22280200,577
2019,22281100,0
2020,22281100,0
2019,22282100,431
2020,22282100,419
2019,22282200,0
2020,22282200,0
2019,22282300,493
2020,22282300,479
2019,22283100,0
2020,22283100,0
2019,22284100,1110
2020,22284100,1078
2019,22284200,0
2020,22284200,0
2019,22284300,647
2020,22284300,629
2019,22285100,0
2020,22285100,0
2019,22285200,0
2020,22285200,0
2019,22286100,340
2020,22286100,330
2019,22286200,610
2020,22286200,592
2019,22287100,0
2020,22287100,0
2019,22288100,0
2020,22288100,0
2019,22288200,0
2020,22288200,0
2019,22289100,0
2020,22289100,0
2019,22289200,300
2020,22289200,292
2019,22289300,19
2020,22289300,19
2019,22289400,0
2020,22289400,0
2019,22290100,778
2020,22290100,756
2019,22290200,660
2020,22290200,641
2019,22291100,0
2020,22291100,0
2019,22291200,1133
2020,22291200,1100
2019,22292100,0
2020,22292100,0
2019,22292200,346
2020,22292200,336
2019,22292300,0
2020,22292300,0
2019,22293100,609
2020,22293100,591
2019,22293200,0
2020,22293200,0
2019,22293300,0
2020,22293300,0
2019,22294100,0
2020,22294100,0
2019,22295100,0
2020,22295100,0
2019,22296100,0
2020,22296100,0
2019,22296200,2080
2020,22296200,2021
2019,22297100,1746
2020,22297100,1696
2019,22297200,426
2020,22297200,414
2019,22297300,16
2020,22297300,16
2019,22298100,1746
2020,22298100,1696
2019,22298200,0
2020,22298200,0
2019,22299100,0
2020,22299100,0
2019,22299200,346
2020,22299200,336
2019,22300100,0
2020,22300100,0
2019,22300200,0
2020,22300200,0
2019,22300300,1622
2020,22300300,1575
2019,22301100,901
2020,22301100,875
2019,22301200,0
2020,22301200,0
2019,22301300,0
2020,22301300,0
2019,22301400,575
2020,22301400,559
2019,22302100,0
2020,22302100,0
2019,22302200,0
2020,22302200,0
2019,22302300,654
2020,22302300,635
2019,22302400,0
2020,22302400,0
2019,22303100,0
2020,22303100,0
2019,22304100,0
2020,22304100,0
2019,22305100,0
2020,22305100,0
2019,22305200,0
2020,22305200,0
2019,22305300,0
2020,22305300,0
2019,22306100,0
2020,22306100,0
2019,22306200,209
2020,22306200,203
2019,22306300,17
2020,22306300,17
2019,22306400,496
2020,22306400,482
2019,22306500,0
2020,22306500,0
2019,22307100,443
2020,22307100,430
2019,22307200,0
2020,22307200,0
2019,22307300,0
2020,22307300,0
2019,22307400,0
2020,22307400,0
2019,22308100,597
2020,22308100,580
2019,22309100,0
2020,22309100,0
2019,22309200,179
2020,22309200,173
2019,22309300,0
2020,22309300,0
2019,22309400,284
2020,22309400,276
2019,22309500,222
2020,22309500,216
2019,22309600,0
2020,22309600,0
2019,22309700,0
2020,22309700,0
2019,22309800,0
2020,22309800,0
2019,22310100,0
2020,22310100,0
2019,22310200,344
2020,22310200,334
2019,22310300,0
2020,22310300,0
2019,22311100,0
2020,22311100,0
2019,22311200,420
2020,22311200,408
2019,22311300,0
2020,22311300,0
2019,22312100,0
2020,22312100,0
2019,22312200,475
2020,22312200,461
2019,22312300,0
2020,22312300,0
2019,22312400,1903
2020,22312400,1848
2019,22313100,0
2020,22313100,0
2019,22313200,509
2020,22313200,495
2019,22314100,0
2020,22314100,0
2019,22314200,0
2020,22314200,0
2019,22314300,0
2020,22314300,0
2019,22314400,0
2020,22314400,0
2019,22314500,0
2020,22314500,0
2019,22314600,0
2020,22314600,0
2019,22315100,0
2020,22315100,0
2019,22315200,579
2020,22315200,563
2019,22316100,0
2020,22316100,0
2019,22317100,570
2020,22317100,554
2019,22317200,0
2020,22317200,0
2019,22317300,0
2020,22317300,0
2019,22318100,0
2020,22318100,0
2019,22319100,0
2020,22319100,0
2019,22319200,0
2020,22319200,0
2019,22320100,2155
2020,22320100,2094
2019,22320200,421
2020,22320200,409
2019,22320300,0
2020,22320300,0
2019,22320400,0
2020,22320400,0
2019,22321100,10
2020,22321100,10
2019,22322100,0
2020,22322100,0
2019,22322200,0
2020,22322200,0
2019,22323100,414
2020,22323100,402
2019,22323200,0
2020,22323200,0
2019,22324100,587
2020,22324100,570
2019,22325100,0
2020,22325100,0
2019,22325200,1160
2020,22325200,1127
2019,22326100,0
2020,22326100,0
2019,22326200,0
2020,22326200,0
2019,22326300,0
2020,22326300,0
2019,22326400,1294
2020,22326400,1257
2019,22327100,1272
2020,22327100,1235
2019,22327200,810
2020,22327200,787
2019,22327300,0
2020,22327300,0
2019,22327400,0
2020,22327400,0
2019,22328100,449
2020,22328100,436
2019,22328200,459
2020,22328200,446
2019,22329100,640
2020,22329100,622
2019,22329200,0
2020,22329200,0
2019,22330100,0
2020,22330100,0
2019,22330200,1068
2020,22330200,1037
2019,22330300,443
2020,22330300,430
2019,22331100,0
2020,22331100,0
2019,22331200,0
2020,22331200,0
2019,22331300,26
2020,22331300,26
2019,22332100,0
2020,22332100,0
2019,22332200,0
2020,22332200,0
2019,22333100,453
2020,22333100,440
2019,22333200,462
2020,22333200,448
2019,22333300,0
2020,22333300,0
2019,22334100,699
2020,22334100,679
2019,22335100,0
2020,22335100,0
2019,22335200,0
2020,22335200,0
2019,22335300,0
2020,22335300,0
2019,22336100,676
2020,22336100,656
2019,22336200,0
2020,22336200,0
2019,22336300,1663
2020,22336300,1615
2019,22337100,0
2020,22337100,0
2019,22338100,554
2020,22338100,538
2019,22339100,0
2020,22339100,0
2019,22339200,0
2020,22339200,0
2019,22340100,453
2020,22340100,440
2019,22341100,471
2020,22341100,457
2019,22341200,837
2020,22341200,813
2019,22342100,0
2020,22342100,0
2019,22342200,295
2020,22342200,287
2019,22343100,0
2020,22343100,0
2019,22344100,593
2020,22344100,576
2019,22345100,2295
2020,22345100,2230
2019,22345200,0
2020,22345200,0
2019,22345300,469
2020,22345300,455
2019,22346100,0
2020,22346100,0
2019,22347100,395
2020,22347100,383
2019,22347200,0
2020,22347200,0
2019,22348100,0
2020,22348100,0
2019,22349100,716
2020,22349100,696
2019,22350100,187
2020,22350100,181
2019,22350200,1234
2020,22350200,1199
2019,22351100,451
2020,22351100,438
2019,22351200,0
2020,22351200,0
2019,22351300,0
2020,22351300,0
2019,22352100,0
2020,22352100,0
2019,22352200,0
2020,22352200,0
2019,22353100,622
2020,22353100,604
2019,22353200,78
2020,22353200,76
2019,22353300,0
2020,22353300,0
2019,22354100,272
2020,22354100,264
2019,22354200,508
2020,22354200,494
2019,22354300,1446
2020,22354300,1405
2019,22355100,169
2020,22355100,164
2019,22355200,0
2020,22355200,0
2019,22356100,0
2020,22356100,0
2019,22356200,0
2020,22356200,0
2019,22356300,0
2020,22356300,0
2019,22357100,0
2020,22357100,0
2019,22358100,0
2020,22358100,0
2019,22358200,360
2020,22358200,350
2019,22358300,0
2020,22358300,0
2019,22359100,0
2020,22359100,0
2019,22359200,0
2020,22359200,0
2019,22359300,1026
2020,22359300,996
2019,22359400,0
2020,22359400,0
2019,22360100,162
2020,22360100,158
2019,22360200,0
2020,22360200,0
2019,22360300,911
2020,22360300,885
2019,22361100,1327
2020,22361100,1289
2019,22361200,2043
2020,22361200,1984
2019,22361300,451
2020,22361300,438
2019,22362100,408
2020,22362100,396
2019,22362200,730
2020,22362200,709
2019,22363100,0
2020,22363100,0
2019,22363200,0
2020,22363200,0
2019,22363300,0
2020,22363300,0
2019,22364100,0
2020,22364100,0
2019,22364200,2454
2020,22364200,2383
2019,22365100,1523
2020,22365100,1479
2019,22365200,0
2020,22365200,0
2019,22365300,576
2020,22365300,560
2019,22366100,609
2020,22366100,591
2019,22367100,0
2020,22367100,0
2019,22367200,1772
2020,22367200,1721
2019,22367300,0
2020,22367300,0
2019,22368100,428
2020,22368100,416
2019,22368200,0
2020,22368200,0
2019,22369100,495
2020,22369100,481
2019,22369200,180
2020,22369200,174
2019,22369300,0
2020,22369300,0
2019,22370100,0
2020,22370100,0
2019,22371100,0
2020,22371100,0
2019,22371200,0
2020,22371200,0
2019,22371300,1128
2020,22371300,1096
2019,22372100,0
2020,22372100,0
2019,22372200,483
2020,22372200,469
2019,22372300,0
2020,22372300,0
2019,22373100,0
2020,22373100,0
2019,22373200,0
2020,22373200,0
2019,22373300,0
2020,22373300,0
2019,22374100,0
2020,22374100,0
2019,22374200,0
2020,22374200,0
2019,22375100,0
2020,22375100,0
2019,22376100,1294
2020,22376100,1257
2019,22377100,0
2020,22377100,0
2019,22377200,0
2020,22377200,0
2019,22377300,0
2020,22377300,0
2019,22377400,12
2020,22377400,12
2019,22378100,1450
2020,22378100,1409
2019,22378200,468
2020,22378200,454
2019,22379100,609
2020,22379100,591
2019,22379200,937
2020,22379200,910
2019,22380100,705
2020,22380100,685
2019,22380200,2277
2020,22380200,2212
2019,22381100,0
2020,22381100,0
2019,22381200,730
2020,22381200,709
2019,22382100,640
2020,22382100,622
2019,22383100,133
2020,22383100,129
2019,22384100,0
2020,22384100,0
2019,22384200,0
2020,22384200,0
2019,22385100,1251
2020,22385100,1215
2019,22386100,701
2020,22386100,681
2019,22386200,0
2020,22386200,0
2019,22387100,48
2020,22387100,46
2019,22388100,0
2020,22388100,0
2019,22389100,0
2020,22389100,0
2019,22389200,0
2020,22389200,0
2019,22390100,599
2020,22390100,582
2019,22390200,0
2020,22390200,0
2019,22391100,0
2020,22391100,0
2019,22392100,0
2020,22392100,0
2019,22392200,0
2020,22392200,0
2019,22392300,0
2020,22392300,0
2019,22393100,268
2020,22393100,260
2019,22393200,0
2020,22393200,0
2019,22394100,0
2020,22394100,0
2019,22394200,0
2020,22394200,0
2019,22395100,513
2020,22395100,498
2019,22395200,364
2020,22395200,354
2019,22395300,0
2020,22395300,0
2019,22396100,620
2020,22396100,602
2019,22396200,0
2020,22396200,0
2019,22397100,0
2020,22397100,0
2019,22397200,294
2020,22397200,286
2019,22398100,516
2020,22398100,501
2019,22398200,0
2020,22398200,0
2019,22398300,1249
2020,22398300,1213
2019,22399100,760
2020,22399100,738
2019,22399200,0
2020,22399200,0
2019,22400100,470
2020,22400100,456
2019,22401100,0
2020,22401100,0
2019,22401200,0
2020,22401200,0
2019,22401300,649
2020,22401300,631
2019,22402100,0
2020,22402100,0
2019,22402200,2535
2020,22402200,2462
2019,22403100,3945
2020,22403100,3831
2019,22404100,0
2020,22404100,0
2019,22404200,0
2020,22404200,0
2019,22404300,282
2020,22404300,274
2019,22405100,0
2020,22405100,0
2019,22405200,411
2020,22405200,399
2019,22406100,0
2020,22406100,0
2019,22406200,324
2020,22406200,314
2019,22406300,1548
2020,22406300,1503
2019,22407100,387
2020,22407100,376
2019,22407200,0
2020,22407200,0
2019,22408100,523
2020,22408100,508
2019,22408200,0
2020,22408200,0
2019,22408300,0
2020,22408300,0
2019,22409100,2528
2020,22409100,2455
2019,22410100,737
2020,22410100,716
2019,22410200,0
2020,22410200,0
2019,22410300,0
2020,22410300,0
2019,22411100,0
2020,22411100,0
2019,22412100,494
2020,22412100,480
2019,22413100,0
2020,22413100,0
2019,22413200,12
2020,22413200,12
2019,22413300,0
2020,22413300,0
2019,22413400,0
2020,22413400,0
2019,22414100,0
2020,22414100,0
2019,22414200,317
2020,22414200,308
2019,22415100,956
2020,22415100,928
2019,22415200,320
2020,22415200,310
2019,22415300,0
2020,22415300,0
2019,22416100,1030
2020,22416100,1000
2019,22416200,0
2020,22416200,0
2019,22416300,925
2020,22416300,899
2019,22417100,51
2020,22417100,49
2019,22417200,0
2020,22417200,0
2019,22418100,59
2020,22418100,57
2019,22418200,0
2020,22418200,0
2019,22419100,1511
2020,22419100,1468
2019,22420100,0
2020,22420100,0
2019,22420200,359
2020,22420200,349
2019,22421100,0
2020,22421100,0
2019,22421200,0
2020,22421200,0
2019,22421300,881
2020,22421300,856
2019,22422100,429
2020,22422100,417
2019,22423100,0
2020,22423100,0
2019,22423200,0
2020,22423200,0
2019,22424100,73
2020,22424100,71
2019,22424200,497
2020,22424200,483
2019,22425100,647
2020,22425100,629
2019,22425200,562
2020,22425200,546
2019,22426100,316
2020,22426100,307
2019,22426200,0
2020,22426200,0
2019,22426300,0
2020,22426300,0
2019,22427100,0
2020,22427100,0
2019,22427200,554
2020,22427200,538
2019,22428100,1955
2020,22428100,1899
2019,22428200,723
2020,22428200,702
2019,22429100,2334
2020,22429100,2267
2019,22429200,0
2020,22429200,0
2019,22429300,726
2020,22429300,705
2019,22430100,0
2020,22430100,0
2019,22430200,1345
2020,22430200,1306
2019,22431100,580
2020,22431100,564
2019,22431200,198
2020,22431200,192
2019,22432100,361
2020,22432100,351
2019,22432200,324
2020,22432200,314
2019,22432300,0
2020,22432300,0
2019,22432400,0
2020,22432400,0
2019,22432500,0
2020,22432500,0
2019,22433100,0
2020,22433100,0
2019,22433200,0
2020,22433200,0
2019,22434100,0
2020,22434100,0
2019,22434200,0
2020,22434200,0
2019,22434300,0
2020,22434300,0
2019,22434400,0
2020,22434400,0
2019,22434500,61
2020,22434500,59
2019,22434600,761
2020,22434600,739
2019,22435100,0
2020,22435100,0
2019,22435200,709
2020,22435200,689
2019,22436100,1501
2020,22436100,1458
2019,22436200,604
2020,22436200,586
2019,22436300,0
2020,22436300,0
2019,22437100,0
2020,22437100,0
2019,22437200,667
2020,22437200,648
2019,22437300,0
2020,22437300,0
2019,22437400,17
2020,22437400,17
2019,22437500,0
2020,22437500,0
2019,22438100,508
2020,22438100,494
2019,22438200,48
2020,22438200,46
2019,22439100,0
2020,22439100,0
2019,22439200,364
2020,22439200,354
2019,22439300,0
2020,22439300,0
2019,22440100,1578
2020,22440100,1533
2019,22440200,0
2020,22440200,0
2019,22440300,0
2020,22440300,0
2019,22441100,0
2020,22441100,0
2019,22441200,16
2020,22441200,16
2019,22441300,0
2020,22441300,0
2019,22442100,0
2020,22442100,0
2019,22442200,347
2020,22442200,337
2019,22443100,0
2020,22443100,0
2019,22443200,681
2020,22443200,661
2019,22443300,0
2020,22443300,0
2019,22444100,1023
2020,22444100,994
2019,22444200,0
2020,22444200,0
2019,22444300,461
2020,22444300,447
2019,22444400,0
2020,22444400,0
2019,22445100,412
2020,22445100,400
2019,22445200,348
2020,22445200,338
2019,22445300,0
2020,22445300,0
2019,22445400,1905
2020,22445400,1850
2019,22446100,0
2020,22446100,0
2019,22446200,570
2020,22446200,554
2019,22446300,255
2020,22446300,247
2019,22446400,0
2020,22446400,0
2019,22447100,0
2020,22447100,0
2019,22447200,277
2020,22447200,269
2019,22448100,0
2020,22448100,0
2019,22449100,284
2020,22449100,276
2019,22449200,59
2020,22449200,57
2019,22449300,0
2020,22449300,0
2019,22449400,352
2020,22449400,342
2019,22450100,408
2020,22450100,396
2019,22450200,0
2020,22450200,0
2019,22451100,100
2020,22451100,97
2019,22452100,3751
2020,22452100,3643
2019,22452200,21
2020,22452200,21
2019,22452300,0
2020,22452300,0
2019,22453100,0
2020,22453100,0
2019,22453200,0
2020,22453200,0
2019,32454100,1925
2020,32454100,1865
2019,32454200,0
2020,32454200,0
2019,32455100,0
2020,32455100,0
2019,32456100,647
2020,32456100,627
2019,32457100,3126
2020,32457100,3028
2019,32457200,0
2020,32457200,0
2019,32457300,1166
2020,32457300,1130
2019,32457400,0
2020,32457400,0
2019,32458100,0
2020,32458100,0
2019,32458200,0
2020,32458200,0
2019,32459100,1332
2020,32459100,1291
2019,32459200,738
2020,32459200,715
2019,32460100,0
2020,32460100,0
2019,32461100,0
2020,32461100,0
2019,32462100,0
2020,32462100,0
2019,32462200,13
2020,32462200,13
2019,32462300,0
2020,32462300,0
2019,32463100,0
2020,32463100,0
2019,32463200,0
2020,32463200,0
2019,32463300,0
2020,32463300,0
2019,32463400,322
2020,32463400,312
2019,32464100,0
2020,32464100,0
2019,32464200,1188
2020,32464200,1151
2019,32464300,720
2020,32464300,697
2019,32465100,0
2020,32465100,0
2019,32466100,0
2020,32466100,0
2019,32466200,2839
2020,32466200,2750
2019,32466300,0
2020,32466300,0
2019,32467100,661
2020,32467100,640
2019,32467200,358
2020,32467200,347
2019,32467300,45
2020,32467300,43
2019,32468100,442
2020,32468100,428
2019,32468200,0
2020,32468200,0
2019,32468300,558
2020,32468300,540
2019,32469100,564
2020,32469100,546
2019,32469200,314
2020,32469200,305
2019,32469300,1260
2020,32469300,1221
2019,32470100,95
2020,32470100,92
2019,32470200,0
2020,32470200,0
2019,32471100,0
2020,32471100,0
2019,32471200,0
2020,32471200,0
2019,32471300,0
2020,32471300,0
2019,32472100,3611
2020,32472100,3498
2019,32472200,0
2020,32472200,0
2019,32473100,0
2020,32473100,0
2019,32473200,0
2020,32473200,0
2019,32473300,528
2020,32473300,512
2019,32474100,1075
2020,32474100,1041
2019,32474200,618
2020,32474200,598
2019,32475100,0
2020,32475100,0
2019,32475200,0
2020,32475200,0
2019,32475300,0
2020,32475300,0
2019,32475400,0
2020,32475400,0
2019,32475500,0
2020,32475500,0
2019,32475600,0
2020,32475600,0
2019,32476100,0
2020,32476100,0
2019,32476200,915
2020,32476200,886
2019,32477100,0
2020,32477100,0
2019,32477200,0
2020,32477200,0
2019,32477300,0
2020,32477300,0
2019,32477400,0
2020,32477400,0
2019,32478100,690
2020,32478100,668
2019,32478200,422
2020,32478200,409
2019,32479100,0
2020,32479100,0
2019,32479200,960
2020,32479200,930
2019,32480100,869
2020,32480100,842
2019,32480200,505
2020,32480200,489
2019,32480300,0
2020,32480300,0
2019,32481100,665
2020,32481100,644
2019,32481200,0
2020,32481200,0
2019,32481300,469
2020,32481300,454
2019,32482100,0
2020,32482100,0
2019,32482200,0
2020,32482200,0
2019,32483100,0
2020,32483100,0
2019,32483200,105
2020,32483200,101
2019,32483300,708
2020,32483300,686
2019,32483400,0
2020,32483400,0
2019,32484100,580
2020,32484100,562
2019,32484200,293
2020,32484200,284
2019,32484300,0
2020,32484300,0
2019,32485100,0
2020,32485100,0
2019,32486100,0
2020,32486100,0
2019,32486200,0
2020,32486200,0
2019,32486300,0
2020,32486300,0
2019,32486400,507
2020,32486400,491
2019,32487100,22
2020,32487100,22
2019,32487200,0
2020,32487200,0
2019,32487300,0
2020,32487300,0
2019,32488100,0
2020,32488100,0
2019,32488200,0
2020,32488200,0
2019,32488300,0
2020,32488300,0
2019,32488400,0
2020,32488400,0
2019,32489100,442
2020,32489100,428
2019,32489200,0
2020,32489200,0
2019,32489300,617
2020,32489300,597
2019,32489400,0
2020,32489400,0
2019,32489500,0
2020,32489500,0
2019,32490100,751
2020,32490100,728
2019,32490200,638
2020,32490200,618
2019,32491100,0
2020,32491100,0
2019,32491200,1885
2020,32491200,1826
2019,32492100,503
2020,32492100,487
2019,32493100,438
2020,32493100,424
2019,32493200,0
2020,32493200,0
2019,32494100,0
2020,32494100,0
2019,32494200,0
2020,32494200,0
2019,32494300,0
2020,32494300,0
2019,32495100,0
2020,32495100,0
2019,32495200,0
2020,32495200,0
2019,32496100,0
2020,32496100,0
2019,32496200,0
2020,32496200,0
2019,32496300,438
2020,32496300,424
2019,32496400,0
2020,32496400,0
2019,32496500,0
2020,32496500,0
2019,32497100,0
2020,32497100,0
2019,32498100,15
2020,32498100,15
2019,32499100,495
2020,32499100,479
2019,32499200,2734
2020,32499200,2649
2019,32499300,0
2020,32499300,0
2019,32500100,465
2020,32500100,451
2019,32500200,0
2020,32500200,0
2019,32501100,0
2020,32501100,0
2019,32501200,591
2020,32501200,573
2019,32502100,541
2020,32502100,525
2019,32502200,0
2020,32502200,0
2019,32502300,0
2020,32502300,0
2019,32502400,0
2020,32502400,0
2019,32503100,634
2020,32503100,614
2019,32504100,829
2020,32504100,804
2019,32504200,1018
2020,32504200,986
2019,32504300,3265
2020,32504300,3163
2019,32505100,1075
2020,32505100,1041
2019,32506100,170
2020,32506100,165
2019,32507100,0
2020,32507100,0
2019,32507200,449
2020,32507200,435
2019,32508100,0
2020,32508100,0
2019,32509100,673
2020,32509100,652
2019,32509200,0
2020,32509200,0
2019,32510100,37
2020,32510100,35
2019,32511100,473
2020,32511100,458
2019,32511200,412
2020,32511200,399
2019,32512100,648
2020,32512100,628
2019,32512200,0
2020,32512200,0
2019,32512300,0
2020,32512300,0
2019,32513100,0
2020,32513100,0
2019,32513200,0
2020,32513200,0
2019,32514100,19
2020,32514100,19
2019,32515100,0
2020,32515100,0
2019,32515200,0
2020,32515200,0
2019,32516100,665
2020,32516100,644
2019,32516200,0
2020,32516200,0
2019,32517100,577
2020,32517100,559
2019,32517200,1742
2020,32517200,1688
2019,32518100,596
2020,32518100,578
2019,32518200,0
2020,32518200,0
2019,32518300,385
2020,32518300,373
2019,32519100,0
2020,32519100,0
2019,32519200,619
2020,32519200,599
2019,32520100,0
2020,32520100,0
2019,32520200,0
2020,32520200,0
2019,32520300,0
2020,32520300,0
2019,32521100,0
2020,32521100,0
2019,32521200,0
2020,32521200,0
2019,32522100,0
2020,32522100,0
2019,32522200,416
2020,32522200,403
2019,32522300,860
2020,32522300,833
2019,32522400,0
2020,32522400,0
2019,32523100,468
2020,32523100,454
2019,32523200,0
2020,32523200,0
2019,32524100,1973
2020,32524100,1912
2019,32524200,0
2020,32524200,0
2019,32524300,0
2020,32524300,0
2019,32525100,0
2020,32525100,0
2019,32525200,343
2020,32525200,332
2019,32525300,0
2020,32525300,0
2019,32525400,0
2020,32525400,0
2019,32526100,0
2020,32526100,0
2019,32526200,0
2020,32526200,0
2019,32527100,0
2020,32527100,0
2019,32527200,11
2020,32527200,11
2019,32527300,588
2020,32527300,570
2019,32528100,0
2020,32528100,0
2019,32528200,0
2020,32528200,0
2019,32529100,0
2020,32529100,0
2019,32529200,0
2020,32529200,0
2019,32529300,0
2020,32529300,0
2019,32530100,0
2020,32530100,0
2019,32530200,0
2020,32530200,0
2019,32530300,0
2020,32530300,0
2019,32531100,0
2020,32531100,0
2019,32531200,0
2020,32531200,0
2019,32531300,0
2020,32531300,0
2019,32531400,0
2020,32531400,0
2019,32531500,430
2020,32531500,416
2019,32531600,329
2020,32531600,318
2019,32532100,1403
2020,32532100,1360
2019,32532200,0
2020,32532200,0
2019,32532300,88
2020,32532300,85
2019,32533100,0
2020,32533100,0
2019,32534100,601
2020,32534100,583
2019,32535100,39
2020,32535100,37
2019,32535200,0
2020,32535200,0
2019,32535300,667
2020,32535300,646
2019,32536100,3464
2020,32536100,3356
2019,32537100,0
2020,32537100,0
2019,32537200,468
2020,32537200,454
2019,32537300,0
2020,32537300,0
2019,32538100,0
2020,32538100,0
2019,32538200,0
2020,32538200,0
2019,32538300,0
2020,32538300,0
2019,32538400,0
2020,32538400,0
2019,32539100,1279
2020,32539100,1239
2019,32539200,0
2020,32539200,0
2019,32540100,954
2020,32540100,924
2019,32541100,0
2020,32541100,0
2019,32541200,0
2020,32541200,0
2019,32542100,519
2020,32542100,503
2019,32543100,529
2020,32543100,513
2019,32543200,0
2020,32543200,0
2019,32544100,0
2020,32544100,0
2019,32544200,0
2020,32544200,0
2019,32544300,0
2020,32544300,0
2019,32545100,0
2020,32545100,0
2019,32546100,225
2020,32546100,218
2019,32547100,432
2020,32547100,418
2019,32547200,241
2020,32547200,234
2019,32548100,668
2020,32548100,647
2019,32548200,2057
2020,32548200,1993
2019,32549100,0
2020,32549100,0
2019,32549200,556
2020,32549200,538
2019,32549300,0
2020,32549300,0
2019,32549400,0
2020,32549400,0
2019,32550100,2390
2020,32550100,2315
2019,32550200,229
2020,32550200,222
2019,32551100,0
2020,32551100,0
2019,32551200,0
2020,32551200,0
2019,32552100,0
2020,32552100,0
2019,32552200,0
2020,32552200,0
2019,32552300,0
2020,32552300,0
2019,32553100,0
2020,32553100,0
2019,32553200,0
2020,32553200,0
2019,32553300,0
2020,32553300,0
2019,32554100,0
2020,32554100,0
2019,32554200,585
2020,32554200,567
2019,32555100,0
2020,32555100,0
2019,32555200,2348
2020,32555200,2275
2019,32556100,403
2020,32556100,390
2019,32556200,728
2020,32556200,705
2019,32557100,0
2020,32557100,0
2019,32557200,0
2020,32557200,0
2019,32558100,0
2020,32558100,0
2019,32558200,0
2020,32558200,0
2019,32558300,503
2020,32558300,487
2019,32559100,697
2020,32559100,675
2019,32559200,0
2020,32559200,0
2019,32559300,0
2020,32559300,0
2019,32560100,0
2020,32560100,0
2019,32560200,619
2020,32560200,599
2019,32560300,458
2020,32560300,444
2019,32561100,0
2020,32561100,0
2019,32561200,0
2020,32561200,0
2019,32561300,0
2020,32561300,0
2019,32562100,0
2020,32562100,0
2019,32562200,0
2020,32562200,0
2019,32562300,1786
2020,32562300,1730
2019,32563100,7
2020,32563100,7
2019,32563200,0
2020,32563200,0
2019,32563300,0
2020,32563300,0
2019,32564100,0
2020,32564100,0
2019,32564200,660
2020,32564200,639
2019,32564300,1045
2020,32564300,1013
2019,32565100,0
2020,32565100,0
2019,32565200,0
2020,32565200,0
2019,32565300,0
2020,32565300,0
2019,32566100,0
2020,32566100,0
2019,32566200,749
2020,32566200,726
2019,32567100,535
2020,32567100,519
2019,32567200,543
2020,32567200,526
2019,32568100,552
2020,32568100,534
2019,32568200,0
2020,32568200,0
2019,32569100,240
2020,32569100,233
2019,32569200,251
2020,32569200,243
2019,32570100,2367
2020,32570100,2294
2019,32570200,0
2020,32570200,0
2019,32570300,577
2020,32570300,559
2019,32571100,0
2020,32571100,0
2019,32571200,0
2020,32571200,0
2019,32571300,0
2020,32571300,0
2019,32572100,0
2020,32572100,0
2019,32572200,0
2020,32572200,0
2019,32572300,47
2020,32572300,45
2019,32573100,0
2020,32573100,0
2019,32573200,98
2020,32573200,95
2019,32573300,2319
2020,32573300,2247
2019,32574100,208
2020,32574100,201
2019,32574200,3032
2020,32574200,2937
2019,32574300,0
2020,32574300,0
2019,32574400,529
2020,32574400,513
2019,32575100,482
2020,32575100,467
2019,32575200,0
2020,32575200,0
2019,32576100,9
2020,32576100,9
2019,32576200,0
2020,32576200,0
2019,32576300,0
2020,32576300,0
2019,32577100,505
2020,32577100,489
2019,32577200,122
2020,32577200,118
2019,32577300,590
2020,32577300,572
2019,32578100,393
2020,32578100,381
2019,32578200,0
2020,32578200,0
2019,32579100,0
2020,32579100,0
2019,32579200,696
2020,32579200,674
2019,32580100,0
2020,32580100,0
2019,32580200,0
2020,32580200,0
2019,32581100,615
2020,32581100,596
2019,32581200,77
2020,32581200,75
2019,32582100,0
2020,32582100,0
2019,32582200,881
2020,32582200,854
2019,32583100,0
2020,32583100,0
2019,32583200,473
2020,32583200,458
2019,32584100,196
2020,32584100,190
2019,32584200,0
2020,32584200,0
2019,32584300,0
2020,32584300,0
2019,32585100,1010
2020,32585100,978
2019,32586100,0
2020,32586100,0
2019,32586200,0
2020,32586200,0
2019,32586300,0
2020,32586300,0
2019,32587100,0
2020,32587100,0
2019,32588100,549
2020,32588100,531
2019,32588200,363
2020,32588200,352
2019,32589100,465
2020,32589100,451
2019,32590100,180
2020,32590100,174
2019,32590200,430
2020,32590200,416
2019,32591100,427
2020,32591100,414
2019,32591200,0
2020,32591200,0
2019,32591300,667
2020,32591300,646
2019,32592100,2599
2020,32592100,2518
2019,32592200,1236
2020,32592200,1197
2019,32593100,77
2020,32593100,75
2019,32593200,1020
2020,32593200,988
2019,32593300,362
2020,32593300,351
2019,32594100,562
2020,32594100,544
2019,32594200,0
2020,32594200,0
2019,32594300,9
2020,32594300,9
2019,32594400,20
2020,32594400,20
2019,32594500,734
2020,32594500,711
2019,32595100,0
2020,32595100,0
2019,32596100,2281
2020,32596100,2210
2019,32596200,60
2020,32596200,58
2019,32597100,894
2020,32597100,866
2019,32597200,0
2020,32597200,0
2019,32598100,508
2020,32598100,492
2019,32599100,0
2020,32599100,0
2019,32599200,794
2020,32599200,769
2019,32600100,363
2020,32600100,352
2019,32600200,0
2020,32600200,0
2019,32601100,3158
2020,32601100,3060
2019,32601200,1402
2020,32601200,1359
2019,32601300,0
2020,32601300,0
2019,32602100,999
2020,32602100,968
2019,32603100,0
2020,32603100,0
2019,32603200,0
2020,32603200,0
2019,32603300,0
2020,32603300,0
2019,32603400,0
2020,32603400,0
2019,32604100,0
2020,32604100,0
2019,32604200,336
2020,32604200,325
2019,32605100,0
2020,32605100,0
2019,32605200,1106
2020,32605200,1072
2019,32606100,0
2020,32606100,0
2019,32607100,0
2020,32607100,0
2019,32607200,0
2020,32607200,0
2019,32607300,0
2020,32607300,0
2019,32607400,0
2020,32607400,0
2019,32608100,450
2020,32608100,436
2019,32608200,941
2020,32608200,912
2019,32609100,240
2020,32609100,233
2019,32609200,0
2020,32609200,0
2019,32610100,15
2020,32610100,15
2019,32610200,0
2020,32610200,0
2019,32611100,0
2020,32611100,0
2019,32611200,690
2020,32611200,668
2019,32612100,0
2020,32612100,0
2019,32613100,0
2020,32613100,0
2019,32613200,0
2020,32613200,0
2019,32613300,0
2020,32613300,0
2019,32614100,795
2020,32614100,770
2019,32615100,647
2020,32615100,627
2019,32615200,0
2020,32615200,0
2019,32616100,0
2020,32616100,0
2019,32616200,886
2020,32616200,859
2019,32617100,0
2020,32617100,0
2019,32617200,446
2020,32617200,432
2019,32618100,0
2020,32618100,0
2019,32618200,0
2020,32618200,0
2019,32619100,1081
2020,32619100,1047
2019,32619200,0
2020,32619200,0
2019,32620100,3548
2020,32620100,3436
2019,32620200,522
2020,32620200,506
2019,32621100,597
2020,32621100,579
2019,32621200,552
2020,32621200,534
2019,32622100,733
2020,32622100,710
2019,32622200,264
2020,32622200,255
2019,32623100,986
2020,32623100,955
2019,32624100,432
2020,32624100,418
2019,32624200,0
2020,32624200,0
2019,32624300,0
2020,32624300,0
2019,32624400,0
2020,32624400,0
2019,32625100,826
2020,32625100,801
2019,32625200,0
2020,32625200,0
2019,32626100,0
2020,32626100,0
2019,32626200,0
2020,32626200,0
2019,32626300,0
2020,32626300,0
2019,32626400,0
2020,32626400,0
2019,32626500,0
2020,32626500,0
2019,32626600,0
2020,32626600,0
2019,32627100,1428
2020,32627100,1383
2019,32628100,1010
2020,32628100,978
2019,32628200,0
2020,32628200,0
2019,32629100,189
2020,32629100,183
2019,32629200,0
2020,32629200,0
2019,32630100,0
2020,32630100,0
2019,32630200,0
2020,32630200,0
2019,32630300,0
2020,32630300,0
2019,32630400,0
2020,32630400,0
2019,32631100,2364
2020,32631100,2291
2019,32631200,0
2020,32631200,0
2019,32631300,0
2020,32631300,0
2019,32632100,0
2020,32632100,0
2019,32632200,3461
2020,32632200,3353
2019,32632300,0
2020,32632300,0
2019,32633100,0
2020,32633100,0
2019,32633200,0
2020,32633200,0
2019,32633300,0
2020,32633300,0
2019,32634100,620
2020,32634100,600
2019,32634200,0
2020,32634200,0
2019,32635100,0
2020,32635100,0
2019,32635200,801
2020,32635200,776
2019,32635300,0
2020,32635300,0
2019,32636100,0
2020,32636100,0
2019,32637100,0
2020,32637100,0
2019,32637200,12
2020,32637200,12
2019,32638100,0
2020,32638100,0
2019,32638200,0
2020,32638200,0
2019,32638300,801
2020,32638300,776
2019,32639100,0
2020,32639100,0
2019,32640100,0
2020,32640100,0
2019,32641100,0
2020,32641100,0
2019,32642100,0
2020,32642100,0
2019,32643100,0
2020,32643100,0
2019,32643200,0
2020,32643200,0
2019,32644100,0
2020,32644100,0
2019,32644200,0
2020,32644200,0
2019,32645100,44
2020,32645100,42
2019,32645200,673
2020,32645200,652
2019,32646100,0
2020,32646100,0
2019,32646200,0
2020,32646200,0
2019,32646300,0
2020,32646300,0
2019,32646400,0
2020,32646400,0
2019,32646500,0
2020,32646500,0
2019,32646600,0
2020,32646600,0
2019,32646700,0
2020,32646700,0
2019,32647100,0
2020,32647100,0
2019,32648100,427
2020,32648100,414
2019,32648200,0
2020,32648200,0
2019,32648300,36
2020,32648300,34
2019,32649100,649
2020,32649100,629
2019,32649200,0
2020,32649200,0
2019,32649300,0
2020,32649300,0
2019,32649400,0
2020,32649400,0
2019,32649500,0
2020,32649500,0
2019,32649600,0
2020,32649600,0
2019,32649700,0
2020,32649700,0
2019,32650100,551
2020,32650100,533
2019,32651100,0
2020,32651100,0
2019,32651200,0
2020,32651200,0
2019,32651300,0
2020,32651300,0
2019,32651400,0
2020,32651400,0
2019,32652100,0
2020,32652100,0
2019,32652200,0
2020,32652200,0
2019,32652300,181
2020,32652300,175
2019,32652400,2385
2020,32652400,2310
2019,32653100,514
2020,32653100,498
2019,32654100,105
2020,32654100,101
2019,32654200,0
2020,32654200,0
2019,32655100,0
2020,32655100,0
2019,32655200,1161
2020,32655200,1125
2019,32656100,534
2020,32656100,518
2019,32656200,741
2020,32656200,718
2019,32657100,0
2020,32657100,0
2019,32657200,628
2020,32657200,608
2019,32658100,211
2020,32658100,204
2019,32658200,1465
2020,32658200,1419
2019,32659100,0
2020,32659100,0
2019,32659200,0
2020,32659200,0
2019,32659300,0
2020,32659300,0
2019,32659400,0
2020,32659400,0
2019,32660100,632
2020,32660100,612
2019,32660200,0
2020,32660200,0
2019,32660300,0
2020,32660300,0
2019,32660400,0
2020,32660400,0
2019,32661100,465
2020,32661100,451
2019,32661200,367
2020,32661200,356
2019,32662100,0
2020,32662100,0
2019,32663100,388
2020,32663100,376
2019,32663200,0
2020,32663200,0
2019,32664100,0
2020,32664100,0
2019,32664200,25
2020,32664200,25
2019,32664300,0
2020,32664300,0
2019,32665100,321
2020,32665100,311
2019,32665200,849
2020,32665200,822
2019,32666100,0
2020,32666100,0
2019,32666200,696
2020,32666200,674
2019,32666300,0
2020,32666300,0
2019,32667100,2729
2020,32667100,2644
2019,32667200,651
2020,32667200,631
2019,32667300,0
2020,32667300,0
2019,32667400,0
2020,32667400,0
2019,32668100,0
2020,32668100,0
2019,32668200,0
2020,32668200,0
2019,32669100,12
2020,32669100,12
2019,32669200,2919
2020,32669200,2828
2019,32669300,1982
2020,32669300,1920
2019,32669400,12
2020,32669400,12
2019,32670100,0
2020,32670100,0
2019,32670200,0
2020,32670200,0
2019,32671100,0
2020,32671100,0
2019,32671200,354
2020,32671200,343
2019,32672100,0
2020,32672100,0
2019,32672200,0
2020,32672200,0
2019,32673100,0
2020,32673100,0
2019,32673200,0
2020,32673200,0
2019,32673300,139
2020,32673300,135
2019,32673400,0
2020,32673400,0
2019,32674100,1537
2020,32674100,1489
2019,32674200,643
2020,32674200,623
2019,32674300,0
2020,32674300,0
2019,32674400,0
2020,32674400,0
2019,32675100,0
2020,32675100,0
2019,32675200,0
2020,32675200,0
2019,32675300,0
2020,32675300,0
2019,32675400,0
2020,32675400,0
2019,32676100,0
2020,32676100,0
2019,32676200,0
2020,32676200,0
2019,32676300,0
2020,32676300,0
2019,32676400,0
2020,32676400,0
2019,32677100,0
2020,32677100,0
2019,32677200,0
2020,32677200,0
2019,32677300,0
2020,32677300,0
2019,32678100,0
2020,32678100,0
2019,32678200,8
2020,32678200,8
2019,32678300,0
2020,32678300,0
2019,32678400,283
2020,32678400,274
2019,32679100,0
2020,32679100,0
2019,32679200,0
2020,32679200,0
2019,32679300,0
2020,32679300,0
2019,32680100,0
2020,32680100,0
2019,32680200,342
2020,32680200,331
2019,32681100,0
2020,32681100,0
2019,32681200,487
2020,32681200,472
2019,32681300,0
2020,32681300,0
2019,32682100,0
2020,32682100,0
2019,32682200,436
2020,32682200,422
2019,32682300,0
2020,32682300,0
2019,32682400,36
2020,32682400,34
2019,32683100,0
2020,32683100,0
2019,32683200,0
2020,32683200,0
2019,32683300,708
2020,32683300,686
2019,32684100,0
2020,32684100,0
2019,32684200,0
2020,32684200,0
2019,32685100,404
2020,32685100,391
2019,32685200,0
2020,32685200,0
2019,32686100,357
2020,32686100,346
2019,32686200,0
2020,32686200,0
2019,32687100,0
2020,32687100,0
2019,32687200,623
2020,32687200,603
2019,32688100,1015
2020,32688100,983
2019,32688200,0
2020,32688200,0
2019,32688300,0
2020,32688300,0
2019,32688400,0
2020,32688400,0
2019,32689100,0
2020,32689100,0
2019,32689200,396
2020,32689200,383
2019,32690100,0
2020,32690100,0
2019,32690200,0
2020,32690200,0
2019,32691100,0
2020,32691100,0
2019,32691200,0
2020,32691200,0
2019,32691300,0
2020,32691300,0
2019,32691400,0
2020,32691400,0
2019,32691500,0
2020,32691500,0
2019,32692100,574
2020,32692100,556
2019,32692200,750
2020,32692200,727
2019,32693100,569
2020,32693100,551
2019,32693200,0
2020,32693200,0
2019,32694100,0
2020,32694100,0
2019,32694200,519
2020,32694200,503
2019,32695100,645
2020,32695100,625
2019,32695200,0
2020,32695200,0
2019,32695300,0
2020,32695300,0
2019,32695400,0
2020,32695400,0
2019,32696100,0
2020,32696100,0
2019,32696200,0
2020,32696200,0
2019,32696300,0
2020,32696300,0
2019,32697100,0
2020,32697100,0
2019,32697200,0
2020,32697200,0
2019,32697300,0
2020,32697300,0
2019,32698100,534
2020,32698100,518
2019,32698200,0
2020,32698200,0
2019,32699100,0
2020,32699100,0
2019,32699200,417
2020,32699200,404
2019,32700100,317
2020,32700100,307
2019,32700200,0
2020,32700200,0
2019,32700300,0
2020,32700300,0
2019,32700400,1045
2020,32700400,1013
2019,32701100,2346
2020,32701100,2273
2019,32701200,0
2020,32701200,0
2019,32701300,0
2020,32701300,0
2019,32701400,533
2020,32701400,517
2019,32701500,0
2020,32701500,0
2019,32701600,0
2020,32701600,0
2019,32701700,0
2020,32701700,0
2019,32702100,774
2020,32702100,749
2019,32702200,0
2020,32702200,0
2019,32702300,0
2020,32702300,0
2019,32703100,0
2020,32703100,0
2019,32703200,0
2020,32703200,0
2019,32703300,442
2020,32703300,428
2019,32704100,0
2020,32704100,0
2019,32704200,0
2020,32704200,0
2019,32704300,0
2020,32704300,0
2019,32704400,0
2020,32704400,0
2019,32705100,97
2020,32705100,94
2019,32705200,10
2020,32705200,10
2019,32705300,0
2020,32705300,0
2019,32706100,7
2020,32706100,7
2019,32706200,3797
2020,32706200,3678
2019,32707100,1339
2020,32707100,1298
2019,32707200,0
2020,32707200,0
2019,32707300,0
2020,32707300,0
2019,32708100,649
2020,32708100,629
2019,32708200,523
2020,32708200,507
2019,32709100,579
2020,32709100,561
2019,32709200,506
2020,32709200,490
2019,32710100,518
2020,32710100,502
2019,32710200,457
2020,32710200,443
2019,32711100,0
2020,32711100,0
2019,32711200,0
2020,32711200,0
2019,32712100,36
2020,32712100,34
2019,32712200,548
2020,32712200,530
2019,32713100,0
2020,32713100,0
2019,32713200,7
2020,32713200,7
2019,32714100,389
2020,32714100,377
2019,32714200,2122
2020,32714200,2056
2019,32715100,28
2020,32715100,28
2019,32715200,529
2020,32715200,513
2019,32716100,0
2020,32716100,0
2019,32717100,788
2020,32717100,763
2019,32717200,684
2020,32717200,663
2019,32717300,0
2020,32717300,0
2019,32718100,0
2020,32718100,0
2019,32718200,0
2020,32718200,0
2019,32719100,412
2020,32719100,399
2019,32719200,0
2020,32719200,0
2019,32719300,426
2020,32719300,413
2019,32720100,0
2020,32720100,0
2019,32720200,0
2020,32720200,0
2019,32720300,0
2020,32720300,0
2019,32720400,0
2020,32720400,0
2019,32721100,0
2020,32721100,0
2019,32721200,0
2020,32721200,0
2019,32721300,1722
2020,32721300,1668
2019,32722200,0
2020,32722200,0
2019,32722300,0
2020,32722300,0
2019,32723100,327
2020,32723100,316
2019,32724100,0
2020,32724100,0
2019,32724200,1882
2020,32724200,1823
2019,32725100,547
2020,32725100,529
2019,32726100,0
2020,32726100,0
2019,32726200,208
2020,32726200,201
2019,32727100,499
2020,32727100,483
2019,32727200,0
2020,32727200,0
2019,32728100,0
2020,32728100,0
2019,32728200,0
2020,32728200,0
2019,32729100,1074
2020,32729100,1040
2019,32730100,0
2020,32730100,0
2019,32730200,0
2020,32730200,0
2019,32731100,0
2020,32731100,0
2019,32731200,661
2020,32731200,640
2019,32732100,0
2020,32732100,0
2019,32732200,0
2020,32732200,0
2019,32732300,0
2020,32732300,0
2019,32733100,0
2020,32733100,0
2019,32734100,313
2020,32734100,304
2019,32735100,932
2020,32735100,903
2019,32736100,0
2020,32736100,0
2019,32736200,3462
2020,32736200,3354
2019,32736300,0
2020,32736300,0
2019,32737100,590
2020,32737100,572
2019,32738100,0
2020,32738100,0
2019,32738200,0
2020,32738200,0
2019,32739100,0
2020,32739100,0
2019,32739200,0
2020,32739200,0
2019,32740100,0
2020,32740100,0
2019,32741100,0
2020,32741100,0
2019,32741200,506
2020,32741200,490
2019,32742100,363
2020,32742100,352
2019,32742200,72
2020,32742200,70
2019,32743100,0
2020,32743100,0
2019,32744100,69
2020,32744100,67
2019,32745100,187
2020,32745100,181
2019,32746100,0
2020,32746100,0
2019,32746200,0
2020,32746200,0
2019,32747100,0
2020,32747100,0
2019,32747200,0
2020,32747200,0
2019,32748100,423
2020,32748100,410
2019,32749100,0
2020,32749100,0
2019,32749200,0
2020,32749200,0
2019,32750100,0
2020,32750100,0
2019,32750200,1181
2020,32750200,1144
2019,32751100,830
2020,32751100,805
2019,32752100,173
2020,32752100,168
2019,32752200,640
2020,32752200,620
2019,32752300,0
2020,32752300,0
2019,32752400,0
2020,32752400,0
2019,32753100,417
2020,32753100,404
2019,32753200,0
2020,32753200,0
2019,32753300,0
2020,32753300,0
2019,32753400,0
2020,32753400,0
2019,32754100,2787
2020,32754100,2700
2019,32754200,0
2020,32754200,0
2019,32755100,0
2020,32755100,0
2019,32755200,0
2020,32755200,0
2019,32755300,215
2020,32755300,208
2019,32756100,0
2020,32756100,0
2019,32756200,0
2020,32756200,0
2019,32757100,0
2020,32757100,0
2019,32757200,0
2020,32757200,0
2019,32757300,0
2020,32757300,0
2019,32758100,412
2020,32758100,399
2019,32758200,2794
2020,32758200,2707
2019,32758300,0
2020,32758300,0
2019,32758400,0
2020,32758400,0
2019,32759100,0
2020,32759100,0
2019,32759200,0
2020,32759200,0
2019,32759300,0
2020,32759300,0
2019,32760100,0
2020,32760100,0
2019,32760200,0
2020,32760200,0
2019,32760300,16
2020,32760300,16
2019,32761100,0
2020,32761100,0
2019,32762100,0
2020,32762100,0
2019,32762200,0
2020,32762200,0
2019,32762300,0
2020,32762300,0
2019,32763100,0
2020,32763100,0
2019,32763200,0
2020,32763200,0
2019,32763300,0
2020,32763300,0
2019,32763400,0
2020,32763400,0
2019,32763500,40
2020,32763500,38
2019,32764100,0
2020,32764100,0
2019,32764200,4036
2020,32764200,3910
2019,32765100,0
2020,32765100,0
2019,32765200,0
2020,32765200,0
2019,32765300,256
2020,32765300,248
2019,32765400,0
2020,32765400,0
2019,32765500,0
2020,32765500,0
2019,32765600,0
2020,32765600,0
2019,32766100,0
2020,32766100,0
2019,32766200,0
2020,32766200,0
2019,32767100,0
2020,32767100,0
2019,32768100,0
2020,32768100,0
2019,32768200,0
2020,32768200,0
2019,32768300,0
2020,32768300,0
2019,32768400,0
2020,32768400,0
2019,32768500,0
2020,32768500,0
2019,32768600,0
2020,32768600,0
2019,32769100,389
2020,32769100,377
2019,32769200,0
2020,32769200,0
2019,32770100,0
2020,32770100,0
2019,32770200,0
2020,32770200,0
2019,32770300,0
2020,32770300,0
2019,32771100,0
2020,32771100,0
2019,32771200,357
2020,32771200,346
2019,32771300,814
2020,32771300,789
2019,32772100,0
2020,32772100,0
2019,32772200,0
2020,32772200,0
2019,32772300,38
2020,32772300,36
2019,32772400,0
2020,32772400,0
2019,32773100,0
2020,32773100,0
2019,32773200,28
2020,32773200,28
2019,32774100,0
2020,32774100,0
2019,32774200,0
2020,32774200,0
2019,32774300,0
2020,32774300,0
2019,32774400,0
2020,32774400,0
2019,32774500,30
2020,32774500,29
2019,32774600,14
2020,32774600,14
2019,32774700,0
2020,32774700,0
2019,32775100,80
2020,32775100,78
2019,32776100,0
2020,32776100,0
2019,32776200,0
2020,32776200,0
2019,32776300,0
2020,32776300,0
2019,32776400,0
2020,32776400,0
2019,32777100,60
2020,32777100,58
2019,32778100,0
2020,32778100,0
2019,32778200,0
2020,32778200,0
2019,32778300,0
2020,32778300,0
2019,32779100,1533
2020,32779100,1485
2019,32779200,0
2020,32779200,0
2019,32780100,0
2020,32780100,0
2019,32780200,0
2020,32780200,0
2019,32780300,0
2020,32780300,0
2019,32780400,0
2020,32780400,0
2019,32780500,0
2020,32780500,0
2019,32780600,0
2020,32780600,0
2019,32780700,0
2020,32780700,0
2019,32781100,0
2020,32781100,0
2019,32782100,2227
2020,32782100,2157
2019,32783100,606
2020,32783100,587
2019,32783200,841
2020,32783200,814
2019,32784100,1293
2020,32784100,1252
2019,32785100,0
2020,32785100,0
2019,32786100,0
2020,32786100,0
2019,32786200,0
2020,32786200,0
2019,32787100,0
2020,32787100,0
2019,32787200,817
2020,32787200,792
2019,32787300,0
2020,32787300,0
2019,32787400,0
2020,32787400,0
2019,32787500,0
2020,32787500,0
2019,32787600,0
2020,32787600,0
2019,32787700,0
2020,32787700,0
2019,32788100,0
2020,32788100,0
2019,32788200,0
2020,32788200,0
2019,32788300,0
2020,32788300,0
2019,32788400,0
2020,32788400,0
2019,32788500,0
2020,32788500,0
2019,32788600,0
2020,32788600,0
2019,32788700,0
2020,32788700,0
2019,32788800,0
2020,32788800,0
2019,32788900,0
2020,32788900,0
2019,32789100,0
2020,32789100,0
2019,32789200,456
2020,32789200,442
2019,32789300,0
2020,32789300,0
2019,32789400,0
2020,32789400,0
2019,32789500,0
2020,32789500,0
2019,32789600,0
2020,32789600,0
2019,32790100,542
2020,32790100,525
2019,32790200,481
2020,32790200,466
2019,32790300,0
2020,32790300,0
2019,32790400,0
2020,32790400,0
2019,32790500,0
2020,32790500,0
2019,32790600,0
2020,32790600,0
2019,32791100,0
2020,32791100,0
2019,32791200,0
2020,32791200,0
2019,32791300,0
2020,32791300,0
2019,32792100,0
2020,32792100,0
2019,32793100,1036
2020,32793100,1004
2019,32794100,0
2020,32794100,0
2019,32795100,0
2020,32795100,0
2019,32795200,0
2020,32795200,0
2019,32795300,0
2020,32795300,0
2019,32795400,0
2020,32795400,0
2019,32795500,574
2020,32795500,556
2019,32795600,1015
2020,32795600,983
2019,32796100,0
2020,32796100,0
2019,32796200,0
2020,32796200,0
2019,32797100,93
2020,32797100,90
2019,32798100,0
2020,32798100,0
2019,32798200,517
2020,32798200,501
2019,32798400,1185
2020,32798400,1148
2019,32799100,0
2020,32799100,0
2019,32799200,83
2020,32799200,81
2019,32799300,313
2020,32799300,304
2019,32799400,0
2020,32799400,0
2019,32800100,71
2020,32800100,69
2019,32800200,0
2020,32800200,0
2019,32801100,0
2020,32801100,0
2019,32801200,0
2020,32801200,0
2019,32802100,0
2020,32802100,0
2019,32803100,2507
2020,32803100,2429
2019,32804100,0
2020,32804100,0
2019,32804200,0
2020,32804200,0
2019,32805100,0
2020,32805100,0
2019,32805200,0
2020,32805200,0
2019,32805300,0
2020,32805300,0
2019,32806100,0
2020,32806100,0
2019,32806200,0
2020,32806200,0
2019,32806300,0
2020,32806300,0
2019,32807100,348
2020,32807100,337
2019,32808100,58
2020,32808100,56
2019,32809100,3583
2020,32809100,3470
2019,32809200,0
2020,32809200,0
2019,32810100,0
2020,32810100,0
2019,32810200,0
2020,32810200,0
2019,32811100,644
2020,32811100,624
2019,32812100,0
2020,32812100,0
2019,32812200,0
2020,32812200,0
2019,32812300,37
2020,32812300,35
2019,32812400,0
2020,32812400,0
2019,32813100,946
2020,32813100,916
2019,32813200,0
2020,32813200,0
2019,32814100,0
2020,32814100,0
2019,32815100,0
2020,32815100,0
2019,32815200,0
2020,32815200,0
2019,32815300,0
2020,32815300,0
2019,32815400,246
2020,32815400,239
2019,32816100,15
2020,32816100,15
2019,32816200,16
2020,32816200,16
2019,32817100,0
2020,32817100,0
2019,32817200,0
2020,32817200,0
2019,32817300,0
2020,32817300,0
2019,32817400,0
2020,32817400,0
2019,32818100,0
2020,32818100,0
2019,32818200,0
2020,32818200,0
2019,32818300,32
2020,32818300,30
2019,32818400,0
2020,32818400,0
2019,32818500,0
2020,32818500,0
2019,32819100,2331
2020,32819100,2258
2019,32820100,0
2020,32820100,0
2019,32820200,1484
2020,32820200,1438
2019,32820300,0
2020,32820300,0
2019,32821100,0
2020,32821100,0
2019,32821200,0
2020,32821200,0
2019,32821300,0
2020,32821300,0
2019,32822100,455
2020,32822100,441
2019,32822200,0
2020,32822200,0
2019,32823100,0
2020,32823100,0
2019,32823200,619
2020,32823200,599
2019,32823300,540
2020,32823300,524
2019,32823400,0
2020,32823400,0
2019,32824100,424
2020,32824100,411
2019,32824200,0
2020,32824200,0
2019,32825100,0
2020,32825100,0
2019,32825200,0
2020,32825200,0
2019,32825300,0
2020,32825300,0
2019,32825400,0
2020,32825400,0
2019,32825500,0
2020,32825500,0
2019,32826100,12
2020,32826100,12
2019,32827100,0
2020,32827100,0
2019,32827200,0
2020,32827200,0
2019,32827300,0
2020,32827300,0
2019,32828100,12
2020,32828100,12
2019,32828200,602
2020,32828200,583
2019,32828300,0
2020,32828300,0
2019,32829100,358
2020,32829100,347
2019,32830100,0
2020,32830100,0
2019,32830200,0
2020,32830200,0
2019,32831100,581
2020,32831100,563
2019,32831200,0
2020,32831200,0
2019,32831300,0
2020,32831300,0
2019,32832100,0
2020,32832100,0
2019,32832200,748
2020,32832200,725
2019,32832300,0
2020,32832300,0
2019,32833100,517
2020,32833100,501
2019,32833200,0
2020,32833200,0
2019,32833300,0
2020,32833300,0
2019,32834100,0
2020,32834100,0
2019,32834200,0
2020,32834200,0
2019,32834300,0
2020,32834300,0
2019,32835100,0
2020,32835100,0
2019,32835200,0
2020,32835200,0
2019,32836100,2716
2020,32836100,2632
2019,32836200,0
2020,32836200,0
2019,32836300,0
2020,32836300,0
2019,32836400,0
2020,32836400,0
2019,32837100,0
2020,32837100,0
2019,32837200,0
2020,32837200,0
2019,32837300,780
2020,32837300,755
2019,32838100,7
2020,32838100,7
2019,32838200,882
2020,32838200,855
2019,32838300,0
2020,32838300,0
2019,32838400,0
2020,32838400,0
2019,32838500,0
2020,32838500,0
2019,32838600,0
2020,32838600,0
2019,32839100,246
2020,32839100,239
2019,32839200,0
2020,32839200,0
2019,32839300,107
2020,32839300,103
2019,32839400,407
2020,32839400,394
2019,32839500,0
2020,32839500,0
2019,32840100,2388
2020,32840100,2313
2019,32840200,725
2020,32840200,702
2019,32840300,0
2020,32840300,0
2019,32841100,11
2020,32841100,11
2019,32841200,0
2020,32841200,0
2019,32841300,1194
2020,32841300,1157
2019,32842100,0
2020,32842100,0
2019,32843100,347
2020,32843100,336
2019,32843200,0
2020,32843200,0
2019,32843300,0
2020,32843300,0
2019,32843400,0
2020,32843400,0
2019,32843500,0
2020,32843500,0
2019,32844100,0
2020,32844100,0
2019,32844200,0
2020,32844200,0
2019,32844300,0
2020,32844300,0
2019,32844400,0
2020,32844400,0
2019,32845100,874
2020,32845100,847
2019,32846100,0
2020,32846100,0
2019,32846200,0
2020,32846200,0
2019,32846300,0
2020,32846300,0
2019,32846400,0
2020,32846400,0
2019,32847100,0
2020,32847100,0
2019,32847200,20
2020,32847200,20
2019,32848100,878
2020,32848100,851
2019,32849100,1532
2020,32849100,1484
2019,32849200,0
2020,32849200,0
2019,32849300,0
2020,32849300,0
2019,32849400,308
2020,32849400,299
2019,32850100,3116
2020,32850100,3019
2019,32851100,0
2020,32851100,0
2019,32851200,555
2020,32851200,537
2019,32852100,0
2020,32852100,0
2019,32852200,392
2020,32852200,380
2019,32853100,0
2020,32853100,0
2019,32854100,1203
2020,32854100,1165
2019,32854200,0
2020,32854200,0
2019,32855100,10
2020,32855100,10
2019,32855200,588
2020,32855200,570
2019,32855300,155
2020,32855300,150
2019,32855400,0
2020,32855400,0
2019,32856100,0
2020,32856100,0
2019,32857100,648
2020,32857100,628
2019,32857200,3727
2020,32857200,3610
2019,32858100,488
2020,32858100,472
2019,32858200,6
2020,32858200,6
2019,32859100,0
2020,32859100,0
2019,32859200,0
2020,32859200,0
2019,32860100,0
2020,32860100,0
2019,32861100,2510
2020,32861100,2432
2019,32861200,0
2020,32861200,0
2019,32862100,0
2020,32862100,0
2019,32862200,815
2020,32862200,790
2019,32862300,0
2020,32862300,0
2019,32863100,658
2020,32863100,638
2019,32863200,0
2020,32863200,0
2019,32864100,812
2020,32864100,787
2019,32864200,0
2020,32864200,0
2019,32865100,0
2020,32865100,0
2019,32865200,439
2020,32865200,425
2019,32865300,0
2020,32865300,0
2019,32866100,0
2020,32866100,0
2019,32866200,0
2020,32866200,0
2019,32866300,0
2020,32866300,0
2019,32866400,0
2020,32866400,0
2019,32866500,0
2020,32866500,0
2019,32867100,0
2020,32867100,0
2019,32867200,1560
2020,32867200,1512
2019,32868100,426
2020,32868100,413
2019,32868200,0
2020,32868200,0
2019,32869100,22
2020,32869100,22
2019,32869200,423
2020,32869200,410
2019,32870100,793
2020,32870100,768
2019,32871100,0
2020,32871100,0
2019,32871200,0
2020,32871200,0
2019,32872100,150
2020,32872100,145
2019,32872200,0
2020,32872200,0
2019,32872300,0
2020,32872300,0
2019,32873100,0
2020,32873100,0
2019,32873200,0
2020,32873200,0
2019,32873300,0
2020,32873300,0
2019,32873400,1784
2020,32873400,1729
2019,32874100,0
2020,32874100,0
2019,32874200,0
2020,32874200,0
2019,32874300,0
2020,32874300,0
2019,32874400,573
2020,32874400,555
2019,32875100,851
2020,32875100,824
2019,32875200,0
2020,32875200,0
2019,32876100,0
2020,32876100,0
2019,32876200,84
2020,32876200,82
2019,32876300,616
2020,32876300,596
2019,32876400,0
2020,32876400,0
2019,32877100,0
2020,32877100,0
2019,32877200,111
2020,32877200,107
2019,32878100,0
2020,32878100,0
2019,32878200,47
2020,32878200,45
2019,32878300,755
2020,32878300,732
2019,32879100,433
2020,32879100,419
2019,32879200,0
2020,32879200,0
2019,32879300,0
2020,32879300,0
2019,32880100,1079
2020,32880100,1045
2019,32880200,1525
2020,32880200,1477
2019,32881100,0
2020,32881100,0
2019,32881200,1007
2020,32881200,975
2019,32881300,0
2020,32881300,0
2019,32882100,0
2020,32882100,0
2019,32882200,0
2020,32882200,0
2019,32883100,0
2020,32883100,0
2019,32883200,0
2020,32883200,0
2019,32884100,473
2020,32884100,458
2019,32885100,0
2020,32885100,0
2019,32885200,0
2020,32885200,0
2019,32885300,0
2020,32885300,0
2019,32885400,478
2020,32885400,463
2019,32885500,0
2020,32885500,0
2019,32885600,1782
2020,32885600,1727
2019,32885700,0
2020,32885700,0
2019,32885800,0
2020,32885800,0
2019,32886100,0
2020,32886100,0
2019,32886200,0
2020,32886200,0
2019,32887100,0
2020,32887100,0
2019,32888100,0
2020,32888100,0
2019,32888200,570
2020,32888200,552
2019,32888300,0
2020,32888300,0
2019,32889100,0
2020,32889100,0
2019,32889200,2919
2020,32889200,2828
2019,32889300,0
2020,32889300,0
2019,32890100,532
2020,32890100,516
2019,32890200,0
2020,32890200,0
2019,32891100,0
2020,32891100,0
2019,32891200,0
2020,32891200,0
2019,32892100,46
2020,32892100,44
2019,32893100,0
2020,32893100,0
2019,32893200,1332
2020,32893200,1291
2019,32893300,0
2020,32893300,0
2019,32894100,0
2020,32894100,0
2019,32895100,81
2020,32895100,79
2019,32895200,0
2020,32895200,0
2019,32895300,0
2020,32895300,0
2019,32895400,0
2020,32895400,0
2019,32896100,1182
2020,32896100,1145
2019,32896200,658
2020,32896200,638
2019,32897100,0
2020,32897100,0
2019,32897200,444
2020,32897200,430
2019,32898100,0
2020,32898100,0
2019,32898200,0
2020,32898200,0
2019,32898300,0
2020,32898300,0
2019,32898400,0
2020,32898400,0
2019,32899100,0
2020,32899100,0
2019,32899200,0
2020,32899200,0
2019,32899300,0
2020,32899300,0
2019,32899400,0
2020,32899400,0
2019,32899500,506
2020,32899500,490
2019,32899600,0
2020,32899600,0
2019,32900100,50
2020,32900100,48
2019,32901100,0
2020,32901100,0
2019,32901200,0
2020,32901200,0
2019,32902100,664
2020,32902100,643
2019,32903100,0
2020,32903100,0
2019,32903200,2491
2020,32903200,2414
2019,32903300,0
2020,32903300,0
2019,32903400,0
2020,32903400,0
2019,32903500,0
2020,32903500,0
2019,32903600,698
2020,32903600,676
2019,32903700,0
2020,32903700,0
2019,32904100,564
2020,32904100,546
2019,32905100,0
2020,32905100,0
2019,32905200,0
2020,32905200,0
2019,32905300,0
2020,32905300,0
2019,32905400,0
2020,32905400,0
2019,32906100,48
2020,32906100,46
2019,32906200,0
2020,32906200,0
2019,32907100,0
2020,32907100,0
2019,32907200,0
2020,32907200,0
2019,32907300,0
2020,32907300,0
2019,32907400,0
2020,32907400,0
2019,32908100,0
2020,32908100,0
2019,32908200,0
2020,32908200,0
2019,32909100,0
2020,32909100,0
2019,32909200,755
2020,32909200,732
2019,32910100,0
2020,32910100,0
2019,32910200,495
2020,32910200,479
2019,32910300,0
2020,32910300,0
2019,32911100,0
2020,32911100,0
2019,32911200,417
2020,32911200,404
2019,32912100,756
2020,32912100,733
2019,32912200,390
2020,32912200,378
2019,32912300,0
2020,32912300,0
2019,32913100,11
2020,32913100,11
2019,32913200,427
2020,32913200,414
2019,32914100,0
2020,32914100,0
2019,32915100,0
2020,32915100,0
2019,32915200,0
2020,32915200,0
2019,32915300,0
2020,32915300,0
2019,32915400,0
2020,32915400,0
2019,32915500,0
2020,32915500,0
2019,32916100,485
2020,32916100,470
2019,32917100,2329
2020,32917100,2256
2019,32918100,0
2020,32918100,0
2019,32919100,224
2020,32919100,217
2019,32919200,968
2020,32919200,938
2019,32920100,0
2020,32920100,0
2019,32921100,0
2020,32921100,0
2019,32921200,665
2020,32921200,644
2019,32921300,0
2020,32921300,0
2019,32922100,0
2020,32922100,0
2019,32923100,0
2020,32923100,0
2019,32924100,1371
2020,32924100,1328
2019,32925100,0
2020,32925100,0
2019,32926100,0
2020,32926100,0
2019,32926200,684
2020,32926200,663
2019,32927100,4435
2020,32927100,4296
2019,32928100,636
2020,32928100,616
2019,32928200,0
2020,32928200,0
2019,32929100,4319
2020,32929100,4184
2019,32929200,0
2020,32929200,0
2019,32929300,0
2020,32929300,0
2019,32930100,0
2020,32930100,0
2019,32930200,0
2020,32930200,0
2019,32931100,780
2020,32931100,755
2019,32931200,602
2020,32931200,583
2019,32932100,1780
2020,32932100,1725
2019,32933100,1413
2020,32933100,1369
2019,32934100,454
2020,32934100,440
2019,32935100,338
2020,32935100,327
2019,32935200,0
2020,32935200,0
2019,32936100,1432
2020,32936100,1387
2019,32936200,0
2020,32936200,0
2019,32937100,0
2020,32937100,0
2019,32938100,0
2020,32938100,0
2019,32938200,0
2020,32938200,0
2019,32938300,0
2020,32938300,0
2019,32938400,0
2020,32938400,0
2019,32939100,0
2020,32939100,0
2019,32939200,613
2020,32939200,594
2019,32940100,0
2020,32940100,0
2019,32941100,1509
2020,32941100,1462
2019,32941200,0
2020,32941200,0
2019,32942100,2120
2020,32942100,2054
2019,32943100,0
2020,32943100,0
2019,32944100,1129
2020,32944100,1093
2019,32945100,2547
2020,32945100,2468
2019,32945200,0
2020,32945200,0
2019,32946100,0
2020,32946100,0
2019,32946200,0
2020,32946200,0
2019,32946300,3225
2020,32946300,3125
2019,32947100,0
2020,32947100,0
2019,32947200,1091
2020,32947200,1057
2019,32947300,0
2020,32947300,0
2019,32948100,1177
2020,32948100,1140
2019,32948200,507
2020,32948200,491
2019,32949100,3107
2020,32949100,3010
2019,32950100,373
2020,32950100,361
2019,32950200,1088
2020,32950200,1054
2019,32951100,0
2020,32951100,0
2019,32951200,0
2020,32951200,0
2019,32951300,1131
2020,32951300,1095
2019,32951400,0
2020,32951400,0
2019,32952100,0
2020,32952100,0
2019,32952200,383
2020,32952200,371
2019,32953100,618
2020,32953100,598
2019,32953200,0
2020,32953200,4
2019,32954100,1711
2020,32954100,1658
2019,32954200,820
2020,32954200,795
2019,32955100,1101
2020,32955100,1067
2019,32955200,0
2020,32955200,0
2019,32955300,746
2020,32955300,723
2019,32956100,0
2020,32956100,0
2019,32956200,0
2020,32956200,0
2019,32957100,0
2020,32957100,0
2019,32958100,0
2020,32958100,0
2019,32958200,0
2020,32958200,0
2019,32958300,0
2020,32958300,0
2019,32959100,0
2020,32959100,0
2019,32959200,0
2020,32959200,0
2019,32959300,157
2020,32959300,152
2019,32960100,0
2020,32960100,0
2019,32960200,0
2020,32960200,0
2019,32961100,0
2020,32961100,0
2019,32961200,0
2020,32961200,0
2019,32962100,330
2020,32962100,319
2019,32963100,0
2020,32963100,0
2019,32963200,269
2020,32963200,260
2019,32963300,28
2020,32963300,28
2019,32964100,978
2020,32964100,948
2019,32964200,0
2020,32964200,0
2019,32965100,0
2020,32965100,0
2019,32966100,671
2020,32966100,650
2019,32966200,657
2020,32966200,637
2019,32966300,0
2020,32966300,0
2019,32967100,0
2020,32967100,0
2019,32967200,0
2020,32967200,0
2019,32968100,944
2020,32968100,915
2019,32969100,0
2020,32969100,0
2019,32969200,0
2020,32969200,0
2019,32970100,0
2020,32970100,0
2019,32970200,0
2020,32970200,0
2019,32970300,446
2020,32970300,432
2019,32971100,0
2020,32971100,0
2019,32971200,942
2020,32971200,913
2019,32972100,1084
2020,32972100,1050
2019,32972200,28
2020,32972200,28
2019,32972300,511
2020,32972300,495
2019,32973100,0
2020,32973100,0
2019,32973200,0
2020,32973200,0
2019,32973300,575
2020,32973300,557
2019,32973400,1845
2020,32973400,1788
2019,32973500,0
2020,32973500,0
2019,32974100,241
2020,32974100,234
2019,32974200,0
2020,32974200,0
2019,32974300,0
2020,32974300,0
2019,32974400,1750
2020,32974400,1695
2019,32975100,0
2020,32975100,0
2019,32975200,0
2020,32975200,0
2019,32975300,0
2020,32975300,0
2019,32975400,1360
2020,32975400,1317
2019,32976100,0
2020,32976100,0
2019,32976200,0
2020,32976200,0
2019,32977100,0
2020,32977100,0
2019,32977200,0
2020,32977200,0
2019,32977300,108
2020,32977300,104
2019,32977400,546
2020,32977400,528
2019,32978100,600
2020,32978100,582
2019,32979100,778
2020,32979100,753
2019,32980100,0
2020,32980100,0
2019,32980200,0
2020,32980200,0
2019,32980300,1138
2020,32980300,1102
2019,32980400,0
2020,32980400,0
2019,32981100,0
2020,32981100,0
2019,32981200,279
2020,32981200,270
2019,32981300,273
2020,32981300,264
2019,32982100,423
2020,32982100,410
2019,32982200,395
2020,32982200,383
2019,32983100,452
2020,32983100,438
2019,32983200,0
2020,32983200,0
2019,32983300,0
2020,32983300,0
2019,32984100,0
2020,32984100,0
2019,32984200,644
2020,32984200,624
2019,32984300,0
2020,32984300,0
2019,32985100,0
2020,32985100,0
2019,32986100,0
2020,32986100,0
2019,32987100,0
2020,32987100,0
2019,32988100,0
2020,32988100,0
2019,32988200,85
2020,32988200,83
2019,32988300,0
2020,32988300,0
2019,32989100,799
2020,32989100,774
2019,32989200,510
2020,32989200,494
2019,32990100,14
2020,32990100,14
2019,32990200,0
2020,32990200,0
2019,32991100,251
2020,32991100,243
2019,32991200,1363
2020,32991200,1320
2019,32992100,104
2020,32992100,100
2019,32992200,0
2020,32992200,0
2019,32992300,0
2020,32992300,0
2019,32992400,24
2020,32992400,24
2019,32993100,0
2020,32993100,0
2019,32993200,1644
2020,32993200,1592
2019,32993300,0
2020,32993300,0
2019,32994100,0
2020,32994100,0
2019,32994200,0
2020,32994200,0
2019,32994300,0
2020,32994300,0
2019,32994400,0
2020,32994400,0
2019,32994500,0
2020,32994500,0
2019,32995100,440
2020,32995100,426
2019,32996100,505
2020,32996100,489
2019,32997100,594
2020,32997100,576
2019,32997200,0
2020,32997200,0
2019,32998100,121
2020,32998100,117
2019,32998200,838
2020,32998200,811
2019,32999100,0
2020,32999100,0
2019,32999200,2091
2020,32999200,2026
2019,33000100,0
2020,33000100,0
2019,33001100,2284
2020,33001100,2213
2019,33001200,926
2020,33001200,897
2019,33002100,465
2020,33002100,451
2019,33002200,0
2020,33002200,0
2019,33002300,747
2020,33002300,724
2019,33003100,525
2020,33003100,509
2019,33003200,0
2020,33003200,0
2019,33003300,9
2020,33003300,9
2019,33004100,0
2020,33004100,0
2019,33004200,602
2020,33004200,583
2019,33005100,0
2020,33005100,0
2019,33005200,3656
2020,33005200,3541
2019,33006100,339
2020,33006100,328
2019,33006200,108
2020,33006200,104
2019,33006300,8
2020,33006300,8
2019,33006400,0
2020,33006400,0
2019,33007100,125
2020,33007100,121
2019,33007200,0
2020,33007200,0
2019,33007300,3742
2020,33007300,3625
2019,33007400,0
2020,33007400,0
2019,33008100,180
2020,33008100,174
2019,33008200,882
2020,33008200,855
2019,33009100,0
2020,33009100,0
2019,33009200,0
2020,33009200,0
2019,33009300,0
2020,33009300,0
2019,33010100,432
2020,33010100,418
2019,33010200,0
2020,33010200,0
2019,33011100,0
2020,33011100,0
2019,33011200,558
2020,33011200,540
2019,33012100,435
2020,33012100,421
2019,33012200,1015
2020,33012200,983
2019,33012300,0
2020,33012300,0
2019,33013100,0
2020,33013100,0
2019,33013200,0
2020,33013200,0
2019,33013300,425
2020,33013300,412
2019,33013400,628
2020,33013400,608
2019,33014100,547
2020,33014100,529
2019,33014200,505
2020,33014200,489
2019,33014300,0
2020,33014300,0
2019,33014400,2086
2020,33014400,2021
2019,33015100,0
2020,33015100,0
2019,33015200,260
2020,33015200,251
2019,33015300,0
2020,33015300,0
2019,33015400,0
2020,33015400,0
2019,33016100,0
2020,33016100,0
2019,33016200,459
2020,33016200,445
2019,33016300,0
2020,33016300,0
2019,33016400,0
2020,33016400,0
2019,33017100,0
2020,33017100,0
2019,33017200,0
2020,33017200,0
2019,33017300,0
2020,33017300,0
2019,33017400,0
2020,33017400,0
2019,33017500,0
2020,33017500,0
2019,33017600,0
2020,33017600,0
2019,33017700,568
2020,33017700,550
2019,33018100,639
2020,33018100,619
2019,33018200,464
2020,33018200,450
2019,33019100,165
2020,33019100,160
2019,33019200,0
2020,33019200,0
2019,33019300,986
2020,33019300,955
2019,33020100,632
2020,33020100,612
2019,33020200,1095
2020,33020200,1061
2019,33021100,2297
2020,33021100,2225
2019,33021200,515
2020,33021200,499
2019,33022100,767
2020,33022100,743
2019,33022200,0
2020,33022200,0
2019,33022300,575
2020,33022300,557
2019,33023100,0
2020,33023100,0
2019,33023200,520
2020,33023200,504
2019,33023300,0
2020,33023300,0
2019,33023400,0
2020,33023400,0
2019,33024100,0
2020,33024100,0
2019,33024200,0
2020,33024200,0
2019,33024300,0
2020,33024300,0
2019,33024400,0
2020,33024400,0
2019,33024500,16
2020,33024500,16
2019,33025100,0
2020,33025100,0
2019,33025200,0
2020,33025200,0
2019,33025300,0
2020,33025300,0
2019,33025400,0
2020,33025400,6
2019,33025500,0
2020,33025500,0
2019,33025600,17
2020,33025600,17
2019,33025700,0
2020,33025700,0
2019,33025800,0
2020,33025800,0
2019,33026100,769
2020,33026100,745
2019,33026200,0
2020,33026200,0
2019,33027100,0
2020,33027100,0
2019,33027200,84
2020,33027200,82
2019,33027300,313
2020,33027300,304
2019,33028100,573
2020,33028100,555
2019,33028200,1023
2020,33028200,991
2019,33029100,3294
2020,33029100,3192
2019,33029200,0
2020,33029200,0
2019,33030100,0
2020,33030100,0
2019,33030200,462
2020,33030200,448
2019,33030300,24
2020,33030300,24
2019,33031100,0
2020,33031100,0
2019,33031200,284
2020,33031200,275
2019,33031300,0
2020,33031300,0
2019,33032100,0
2020,33032100,0
2019,33032200,0
2020,33032200,0
2019,33032300,0
2020,33032300,0
2019,33032400,15
2020,33032400,15
2019,33032500,0
2020,33032500,0
2019,33032600,2047
2020,33032600,1983
2019,33032700,0
2020,33032700,0
2019,33032800,0
2020,33032800,0
2019,33033100,22
2020,33033100,22
2019,33033200,0
2020,33033200,0
2019,33033300,0
2020,33033300,0
2019,33033400,0
2020,33033400,0
2019,33034100,0
2020,33034100,0
2019,33034200,0
2020,33034200,0
2019,33034300,0
2020,33034300,0
2019,33035100,3211
2020,33035100,3111
2019,33035200,0
2020,33035200,0
2019,33036100,0
2020,33036100,0
2019,33037100,0
2020,33037100,0
2019,33037200,783
2020,33037200,758
2019,33038100,535
2020,33038100,519
2019,33038200,0
2020,33038200,0
2019,33039100,0
2020,33039100,0
2019,33039200,11
2020,33039200,11
2019,33040100,0
2020,33040100,0
2019,33040200,0
2020,33040200,0
2019,33040300,0
2020,33040300,0
2019,33041100,0
2020,33041100,0
2019,33041200,0
2020,33041200,0
2019,33041300,1141
2020,33041300,1105
2019,33041400,0
2020,33041400,0
2019,33041500,0
2020,33041500,0
2019,33041600,0
2020,33041600,0
2019,33041700,55
2020,33041700,53
2019,33042100,98
2020,33042100,95
2019,33043100,0
2020,33043100,0
2019,33043200,622
2020,33043200,602
2019,33043300,555
2020,33043300,537
2019,33044100,0
2020,33044100,0
2019,33044200,0
2020,33044200,0
2019,33044300,0
2020,33044300,0
2019,33045100,474
2020,33045100,459
2019,33045200,1213
2020,33045200,1175
2019,33045300,0
2020,33045300,0
2019,33046100,0
2020,33046100,0
2019,33046200,0
2020,33046200,0
2019,33046300,772
2020,33046300,748
2019,33046400,0
2020,33046400,0
2019,33046500,2121
2020,33046500,2055
2019,33046600,1441
2020,33046600,1396
2019,33046700,0
2020,33046700,0
2019,33046800,0
2020,33046800,0
2019,33046900,0
2020,33046900,0
2019,33047100,0
2020,33047100,0
2019,33047200,0
2020,33047200,0
2019,33048100,0
2020,33048100,0
2019,33049100,0
2020,33049100,0
2019,33049200,0
2020,33049200,0
2019,33049300,0
2020,33049300,0
2019,33049400,0
2020,33049400,0
2019,33050100,0
2020,33050100,0
2019,33050200,0
2020,33050200,0
2019,33050300,0
2020,33050300,0
2019,33050400,687
2020,33050400,666
2019,33050500,0
2020,33050500,0
2019,33051100,0
2020,33051100,0
2019,33051200,0
2020,33051200,0
2019,33051300,0
2020,33051300,0
2019,33051400,2780
2020,33051400,2693
2019,33052100,0
2020,33052100,0
2019,33052200,0
2020,33052200,0
2019,33052300,0
2020,33052300,0
2019,33053100,0
2020,33053100,0
2019,33053200,0
2020,33053200,0
2019,33053300,0
2020,33053300,0
2019,33054100,0
2020,33054100,0
2019,33054200,0
2020,33054200,0
2019,33055100,9
2020,33055100,9
2019,33055200,1028
2020,33055200,996
2019,33055300,0
2020,33055300,0
2019,33055400,56
2020,33055400,54
2019,33055500,0
2020,33055500,0
2019,33055600,0
2020,33055600,0
2019,33056100,60
2020,33056100,58
2019,33056200,0
2020,33056200,0
2019,33056300,0
2020,33056300,0
2019,33057100,313
2020,33057100,304
2019,33057200,907
2020,33057200,879
2019,33057300,1262
2020,33057300,1223
2019,33057400,0
2020,33057400,0
2019,33057500,0
2020,33057500,0
2019,33057600,0
2020,33057600,0
2019,33058100,176
2020,33058100,171
2019,33058200,0
2020,33058200,0
2019,33058300,1030
2020,33058300,998
2019,33058400,0
2020,33058400,0
2019,33058500,0
2020,33058500,0
2019,33059100,0
2020,33059100,0
2019,33059200,0
2020,33059200,0
2019,33059300,0
2020,33059300,0
2019,33060100,0
2020,33060100,0
2019,33060200,0
2020,33060200,0
2019,33060300,0
2020,33060300,0
2019,33060400,0
2020,33060400,0
2019,33061100,417
2020,33061100,404
2019,33061200,0
2020,33061200,0
2019,33062100,1232
2020,33062100,1194
2019,33063100,338
2020,33063100,327
2019,33063200,650
2020,33063200,630
2019,33063300,0
2020,33063300,0
2019,33064100,0
2020,33064100,0
2019,33064200,0
2020,33064200,0
2019,33064300,0
2020,33064300,0
2019,33064400,0
2020,33064400,0
2019,33064500,0
2020,33064500,0
2019,33064600,0
2020,33064600,0
2019,33064700,0
2020,33064700,0
2019,33065100,0
2020,33065100,0
2019,33065200,0
2020,33065200,0
2019,33065300,0
2020,33065300,0
2019,33065400,0
2020,33065400,0
2019,33065500,0
2020,33065500,0
2019,33065700,0
2020,33065700,0
2019,33066100,0
2020,33066100,0
2019,33066200,0
2020,33066200,0
2019,33066300,96
2020,33066300,93
2019,33066400,1598
2020,33066400,1548
2019,33066500,38
2020,33066500,36
2019,33066600,6
2020,33066600,6
2019,33066700,0
2020,33066700,0
2019,33067100,15
2020,33067100,15
2019,33068100,0
2020,33068100,0
2019,33069100,696
2020,33069100,674
2019,33069200,1623
2020,33069200,1573
2019,33070100,0
2020,33070100,8
2019,33070200,0
2020,33070200,8
2019,33070300,0
2020,33070300,0
2019,33071100,0
2020,33071100,0
2019,33071200,527
2020,33071200,511
2019,33071300,0
2020,33071300,0
2019,33072100,0
2020,33072100,0
2019,33072200,0
2020,33072200,0
2019,33073100,0
2020,33073100,0
2019,33073200,0
2020,33073200,0
2019,33073300,0
2020,33073300,0
2019,33073500,0
2020,33073500,0
2019,33073600,0
2020,33073600,0
2019,33074100,0
2020,33074100,0
2019,33074200,0
2020,33074200,0
2019,33074300,0
2020,33074300,0
2019,33074400,0
2020,33074400,0
2019,33074500,0
2020,33074500,0
2019,33074600,0
2020,33074600,0
2019,33075100,0
2020,33075100,0
2019,33076100,0
2020,33076100,0
2019,33076200,0
2020,33076200,0
2019,33077100,0
2020,33077100,0
2019,33077200,0
2020,33077200,0
2019,33078100,0
2020,33078100,0
2019,33078200,18
2020,33078200,18
2019,33078300,0
2020,33078300,0
2019,33079100,23
2020,33079100,23
2019,33079200,0
2020,33079200,0
2019,33079300,0
2020,33079300,0
2019,33079400,0
2020,33079400,0
2019,33079500,0
2020,33079500,0
2019,33079600,0
2020,33079600,0
2019,33079700,0
2020,33079700,0
2019,33079800,0
2020,33079800,0
2019,33080100,0
2020,33080100,0
2019,33080200,0
2020,33080200,0
2019,33081100,16
2020,33081100,16
2019,33081200,739
2020,33081200,716
2019,33082100,0
2020,33082100,0
2019,33082200,0
2020,33082200,0
2019,33083100,480
2020,33083100,465
2019,33083200,0
2020,33083200,0
2019,33083300,0
2020,33083300,0
2019,33083400,0
2020,33083400,0
2019,33083500,0
2020,33083500,0
2019,33083600,0
2020,33083600,0
2019,33083700,0
2020,33083700,0
2019,33083800,0
2020,33083800,0
2019,33083900,0
2020,33083900,0
2019,33084100,906
2020,33084100,878
2019,33085100,0
2020,33085100,0
2019,33086100,2387
2020,33086100,2312
2019,33086200,1274
2020,33086200,1234
2019,33087100,896
2020,33087100,868
2019,33087200,195
2020,33087200,189
2019,33087300,0
2020,33087300,0
2019,33088100,0
2020,33088100,0
2019,33088200,1293
2020,33088200,1252
2019,33088300,0
2020,33088300,0
2019,33089100,0
2020,33089100,0
2019,33089200,0
2020,33089200,0
2019,33089300,0
2020,33089300,0
2019,33089400,0
2020,33089400,0
2019,33090100,138
2020,33090100,134
2019,33090200,530
2020,33090200,514
2019,33090300,0
2020,33090300,0
2019,33091100,0
2020,33091100,0
2019,33091200,0
2020,33091200,0
2019,33091300,0
2020,33091300,0
2019,33091400,708
2020,33091400,686
2019,33091500,0
2020,33091500,0
2019,33092100,0
2020,33092100,0
2019,33092200,1289
2020,33092200,1249
2019,33093100,0
2020,33093100,0
2019,33093200,639
2020,33093200,619
2019,33093300,72
2020,33093300,70
2019,33094100,0
2020,33094100,0
2019,33094200,1895
2020,33094200,1836
2019,33094300,564
2020,33094300,546
2019,33095100,0
2020,33095100,0
2019,33095200,0
2020,33095200,0
2019,33095300,0
2020,33095300,0
2019,33095400,2919
2020,33095400,2828
2019,33096100,0
2020,33096100,0
2019,33097100,0
2020,33097100,0
2019,33097200,0
2020,33097200,0
2019,33097300,0
2020,33097300,0
2019,33097400,1026
2020,33097400,994
2019,33097500,0
2020,33097500,0
2019,33097600,0
2020,33097600,0
2019,33098100,561
2020,33098100,543
2019,33098200,0
2020,33098200,0
2019,33099100,20
2020,33099100,20
2019,33099200,0
2020,33099200,0
2019,33100100,1052
2020,33100100,1020
2019,33100200,558
2020,33100200,540
2019,33100300,0
2020,33100300,0
2019,33101100,0
2020,33101100,0
2019,33101200,0
2020,33101200,0
2019,33101300,0
2020,33101300,0
2019,33101400,10
2020,33101400,10
2019,33102100,0
2020,33102100,0
2019,33103100,586
2020,33103100,568
2019,33103200,925
2020,33103200,896
2019,33103300,724
2020,33103300,701
2019,33104100,0
2020,33104100,0
2019,33104200,548
2020,33104200,530
2019,33105100,1157
2020,33105100,1121
2019,33105200,245
2020,33105200,238
2019,33105300,0
2020,33105300,0
2019,33105400,0
2020,33105400,0
2019,33105500,1092
2020,33105500,1058
2019,33105600,1068
2020,33105600,1034
2019,33105700,0
2020,33105700,0
2019,33106100,659
2020,33106100,638
2019,33106200,531
2020,33106200,515
2019,33107100,0
2020,33107100,0
2019,33107200,0
2020,33107200,0
2019,33107300,0
2020,33107300,0
2019,33107400,0
2020,33107400,0
2019,33107500,0
2020,33107500,0
2019,33107600,0
2020,33107600,0
2019,33107700,0
2020,33107700,0
2019,33107800,0
2020,33107800,0
2019,33107900,0
2020,33107900,0
2019,33108100,0
2020,33108100,0
2019,33108200,0
2020,33108200,0
2019,33108300,0
2020,33108300,0
2019,33109100,0
2020,33109100,0
2019,33109200,0
2020,33109200,0
2019,33109300,1410
2020,33109300,1366
2019,33109400,0
2020,33109400,0
2019,33109500,2127
2020,33109500,2061
2019,33109600,0
2020,33109600,0
2019,33110100,1850
2020,33110100,1793
2019,33111100,0
2020,33111100,0
2019,33111200,0
2020,33111200,0
2019,33111300,0
2020,33111300,0
2019,33112100,948
2020,33112100,918
2019,33112200,651
2020,33112200,631
2019,33112300,0
2020,33112300,0
2019,33112400,1875
2020,33112400,1816
2019,33112500,0
2020,33112500,0
2019,33112600,0
2020,33112600,0
2019,33113100,0
2020,33113100,0
2019,33113200,0
2020,33113200,0
2019,33113300,0
2020,33113300,0
2019,33113400,0
2020,33113400,0
2019,33113500,0
2020,33113500,0
2019,33113600,0
2020,33113600,0
2019,33114100,0
2020,33114100,0
2019,33114200,0
2020,33114200,0
2019,33114300,0
2020,33114300,0
2019,33114400,0
2020,33114400,0
2019,33114500,97
2020,33114500,94
2019,33114600,0
2020,33114600,0
2019,33115100,0
2020,33115100,0
2019,33116100,250
2020,33116100,242
2019,33116200,911
2020,33116200,882
2019,33117100,0
2020,33117100,0
2019,33117200,0
2020,33117200,0
2019,33117300,0
2020,33117300,0
2019,33118100,0
2020,33118100,0
2019,33119200,0
2020,33119200,0
2019,43120100,0
2020,43120100,0
2019,43120200,0
2020,43120200,0
2019,43121100,1581
2020,43121100,1567
2019,43121200,0
2020,43121200,0
2019,43121300,0
2020,43121300,0
2019,43122100,0
2020,43122100,0
2019,43122200,4105
2020,43122200,4069
2019,43122300,5818
2020,43122300,5766
2019,43122400,1244
2020,43122400,1233
2019,43122500,1396
2020,43122500,1384
2019,43122600,93
2020,43122600,92
2019,43123100,0
2020,43123100,0
2019,43123200,0
2020,43123200,0
2019,43123300,0
2020,43123300,0
2019,43123400,0
2020,43123400,0
2019,43123500,0
2020,43123500,0
2019,43123600,0
2020,43123600,0
2019,43123700,0
2020,43123700,0
2019,43123800,1705
2020,43123800,1690
2019,43123900,1143
2020,43123900,1132
2019,43124100,0
2020,43124100,0
2019,43124200,0
2020,43124200,0
2019,43124300,0
2020,43124300,0
2019,43124400,0
2020,43124400,0
2019,43124500,944
2020,43124500,936
2019,43125100,0
2020,43125100,0
2019,43125200,0
2020,43125200,0
2019,43126100,478
2020,43126100,473
2019,43127100,0
2020,43127100,0
2019,43128100,0
2020,43128100,0
2019,43129100,691
2020,43129100,685
2019,43130100,0
2020,43130100,0
2019,43130200,0
2020,43130200,0
2019,43131100,1333
2020,43131100,1321
2019,43131200,0
2020,43131200,0
2019,43131300,0
2020,43131300,0
2019,43132100,0
2020,43132100,0
2019,43132200,0
2020,43132200,0
2019,43132300,658
2020,43132300,652
2019,43133100,489
2020,43133100,484
2019,43133200,396
2020,43133200,393
2019,43134100,0
2020,43134100,0
2019,43134200,1269
2020,43134200,1258
2019,43134300,0
2020,43134300,0
2019,43135100,723
2020,43135100,717
2019,43136100,533
2020,43136100,528
2019,43137100,0
2020,43137100,0
2019,43137200,2926
2020,43137200,2900
2019,43137300,812
2020,43137300,804
2019,43138100,0
2020,43138100,0
2019,43139100,1059
2020,43139100,1050
2019,43140100,0
2020,43140100,0
2019,43141100,749
2020,43141100,743
2019,43141200,2545
2020,43141200,2523
2019,43142100,518
2020,43142100,513
2019,43142200,0
2020,43142200,0
2019,43142300,0
2020,43142300,0
2019,43143100,652
2020,43143100,646
2019,43144100,0
2020,43144100,0
2019,43144200,0
2020,43144200,0
2019,43144300,0
2020,43144300,0
2019,43144400,0
2020,43144400,0
2019,43144500,0
2020,43144500,0
2019,43145100,542
2020,43145100,537
2019,43145200,0
2020,43145200,0
2019,43146100,131
2020,43146100,130
2019,43146200,694
2020,43146200,688
2019,43146300,691
2020,43146300,685
2019,43147100,0
2020,43147100,0
2019,43147200,938
2020,43147200,930
2019,43148100,0
2020,43148100,0
2019,43148200,0
2020,43148200,0
2019,43148300,0
2020,43148300,0
2019,43148400,0
2020,43148400,0
2019,43148500,0
2020,43148500,0
2019,43148600,0
2020,43148600,0
2019,43149100,534
2020,43149100,529
2019,43150100,0
2020,43150100,0
2019,43151100,803
2020,43151100,795
2019,43152100,0
2020,43152100,0
2019,43152200,0
2020,43152200,0
2019,43153100,2379
2020,43153100,2358
2019,43154100,0
2020,43154100,0
2019,43154200,133
2020,43154200,132
2019,43155100,0
2020,43155100,0
2019,43156100,0
2020,43156100,0
2019,43156200,0
2020,43156200,0
2019,43157100,0
2020,43157100,0
2019,43157200,0
2020,43157200,0
2019,43158100,827
2020,43158100,819
2019,43159100,0
2020,43159100,0
2019,43159200,143
2020,43159200,142
2019,43160100,1382
2020,43160100,1370
2019,43161100,704
2020,43161100,698
2019,43162100,0
2020,43162100,0
2019,43162200,8
2020,43162200,8
2019,43162300,0
2020,43162300,0
2019,43162400,0
2020,43162400,0
2019,43163100,1671
2020,43163100,1656
2019,43163200,0
2020,43163200,0
2019,43163300,0
2020,43163300,0
2019,43164100,1444
2020,43164100,1431
2019,43165100,660
2020,43165100,654
2019,43166100,697
2020,43166100,691
2019,43166200,1171
2020,43166200,1160
2019,43166300,883
2020,43166300,875
2019,43167100,0
2020,43167100,0
2019,43167200,0
2020,43167200,0
2019,43167300,0
2020,43167300,0
2019,43167400,243
2020,43167400,241
2019,43168100,0
2020,43168100,0
2019,43168200,0
2020,43168200,0
2019,43168300,30
2020,43168300,30
2019,43168400,0
2020,43168400,0
2019,43169100,1073
2020,43169100,1064
2019,43170100,0
2020,43170100,0
2019,43170200,0
2020,43170200,0
2019,43170300,0
2020,43170300,0
2019,43170400,720
2020,43170400,714
2019,43170500,3736
2020,43170500,3703
2019,43171100,0
2020,43171100,0
2019,43171200,711
2020,43171200,705
2019,43171300,0
2020,43171300,0
2019,43172100,0
2020,43172100,0
2019,43172200,2658
2020,43172200,2635
2019,43173100,941
2020,43173100,933
2019,43174100,0
2020,43174100,0
2019,43174200,0
2020,43174200,0
2019,43174300,0
2020,43174300,0
2019,43175100,831
2020,43175100,823
2019,43175200,0
2020,43175200,0
2019,43176100,3706
2020,43176100,3673
2019,43176200,0
2020,43176200,0
2019,43177100,0
2020,43177100,0
2019,43177200,388
2020,43177200,385
2019,43178100,0
2020,43178100,0
2019,43178200,0
2020,43178200,0
2019,43178300,809
2020,43178300,801
2019,43179100,781
2020,43179100,774
2019,43180100,22
2020,43180100,22
2019,43180200,0
2020,43180200,0
2019,43180300,255
2020,43180300,252
2019,43181100,0
2020,43181100,0
2019,43181200,0
2020,43181200,0
2019,43181300,973
2020,43181300,964
2019,43182100,943
2020,43182100,935
2019,43182200,0
2020,43182200,0
2019,43182300,668
2020,43182300,662
2019,43183100,0
2020,43183100,0
2019,43183200,0
2020,43183200,0
2019,43183300,1207
2020,43183300,1196
2019,43183400,0
2020,43183400,0
2019,43183500,0
2020,43183500,0
2019,43184100,0
2020,43184100,0
2019,43185100,668
2020,43185100,662
2019,43185200,0
2020,43185200,0
2019,43186100,1307
2020,43186100,1296
2019,43186200,0
2020,43186200,0
2019,43187100,1405
2020,43187100,1393
2019,43187200,0
2020,43187200,0
2019,43188100,0
2020,43188100,0
2019,43188200,1263
2020,43188200,1252
2019,43188300,0
2020,43188300,0
2019,43188400,0
2020,43188400,0
2019,43188500,0
2020,43188500,0
2019,43188600,0
2020,43188600,0
2019,43188700,988
2020,43188700,979
2019,43189100,0
2020,43189100,0
2019,43189200,10
2020,43189200,10
2019,43189300,0
2020,43189300,0
2019,43190100,553
2020,43190100,548
2019,43191100,0
2020,43191100,0
2019,43191200,0
2020,43191200,0
2019,43192100,0
2020,43192100,0
2019,43192200,0
2020,43192200,0
2019,43192300,0
2020,43192300,0
2019,43193100,454
2020,43193100,450
2019,43194100,692
2020,43194100,686
2019,43194200,0
2020,43194200,0
2019,43195100,0
2020,43195100,0
2019,43195200,0
2020,43195200,0
2019,43195300,301
2020,43195300,298
2019,43196100,0
2020,43196100,0
2019,43196200,0
2020,43196200,0
2019,43196300,0
2020,43196300,0
2019,43196400,0
2020,43196400,0
2019,43197100,490
2020,43197100,485
2019,43197200,582
2020,43197200,577
2019,43197300,455
2020,43197300,451
2019,43197400,0
2020,43197400,0
2019,43198100,0
2020,43198100,0
2019,43198200,1004
2020,43198200,995
2019,43198300,0
2020,43198300,0
2019,43198400,497
2020,43198400,492
2019,43198500,0
2020,43198500,0
2019,43199100,823
2020,43199100,815
2019,43199200,0
2020,43199200,0
2019,43199300,726
2020,43199300,720
2019,43199400,1727
2020,43199400,1712
2019,43199500,0
2020,43199500,0
2019,43200100,2845
2020,43200100,2820
2019,43201100,0
2020,43201100,0
2019,43201200,568
2020,43201200,563
2019,43202100,24
2020,43202100,24
2019,43202200,2184
2020,43202200,2165
2019,43203100,0
2020,43203100,0
2019,43203200,0
2020,43203200,0
2019,43204100,0
2020,43204100,0
2019,43205100,0
2020,43205100,0
2019,43206100,924
2020,43206100,916
2019,43207100,107
2020,43207100,106
2019,43207200,888
2020,43207200,880
2019,43208100,567
2020,43208100,562
2019,43209100,148
2020,43209100,147
2019,43209200,85
2020,43209200,84
2019,43209300,0
2020,43209300,0
2019,43209400,0
2020,43209400,0
2019,43209500,0
2020,43209500,0
2019,43209600,679
2020,43209600,673
2019,43210100,0
2020,43210100,0
2019,43210200,0
2020,43210200,0
2019,43211100,753
2020,43211100,747
2019,43211200,562
2020,43211200,557
2019,43211300,0
2020,43211300,0
2019,43211400,0
2020,43211400,0
2019,43212100,456
2020,43212100,452
2019,43213100,0
2020,43213100,0
2019,43213200,0
2020,43213200,0
2019,43213300,0
2020,43213300,0
2019,43214100,496
2020,43214100,491
2019,43214200,0
2020,43214200,0
2019,43214300,0
2020,43214300,0
2019,43215100,0
2020,43215100,0
2019,43215200,971
2020,43215200,962
2019,43215300,0
2020,43215300,0
2019,43215400,616
2020,43215400,610
2019,43216100,0
2020,43216100,0
2019,43216200,117
2020,43216200,116
2019,43216300,0
2020,43216300,0
2019,43216400,229
2020,43216400,227
2019,43217100,0
2020,43217100,0
2019,43217200,0
2020,43217200,0
2019,43218100,716
2020,43218100,710
2019,43218200,1869
2020,43218200,1852
2019,43218300,0
2020,43218300,0
2019,43218400,0
2020,43218400,0
2019,43219100,0
2020,43219100,0
2019,43219200,3025
2020,43219200,2998
2019,43220100,0
2020,43220100,0
2019,43220200,0
2020,43220200,0
2019,43221100,0
2020,43221100,0
2019,43221200,842
2020,43221200,834
2019,43222100,0
2020,43222100,0
2019,43222200,0
2020,43222200,0
2019,43222300,1025
2020,43222300,1016
2019,43223100,0
2020,43223100,0
2019,43223200,0
2020,43223200,0
2019,43223300,0
2020,43223300,0
2019,43223400,0
2020,43223400,0
2019,43223500,0
2020,43223500,0
2019,43223600,0
2020,43223600,0
2019,43223700,0
2020,43223700,0
2019,43223800,0
2020,43223800,0
2019,43223900,0
2020,43223900,0
2019,43224100,0
2020,43224100,0
2019,43224200,1815
2020,43224200,1799
2019,43224300,0
2020,43224300,0
2019,43225100,0
2020,43225100,0
2019,43225200,0
2020,43225200,0
2019,43225300,42
2020,43225300,42
2019,43226100,0
2020,43226100,0
2019,43226200,0
2020,43226200,0
2019,43226300,0
2020,43226300,0
2019,43226400,0
2020,43226400,0
2019,43226500,0
2020,43226500,0
2019,43227100,0
2020,43227100,0
2019,43227200,780
2020,43227200,774
2019,43227300,0
2020,43227300,0
2019,43227400,7
2020,43227400,7
2019,43228100,639
2020,43228100,633
2019,43228200,0
2020,43228200,0
2019,43228300,705
2020,43228300,699
2019,43228400,0
2020,43228400,0
2019,43229100,0
2020,43229100,0
2019,43229200,457
2020,43229200,453
2019,43230100,0
2020,43230100,0
2019,43230200,1383
2020,43230200,1371
2019,43230300,1787
2020,43230300,1771
2019,43230400,0
2020,43230400,0
2019,43231100,0
2020,43231100,0
2019,43231200,136
2020,43231200,135
2019,43231300,815
2020,43231300,807
2019,43231400,0
2020,43231400,0
2019,43231500,0
2020,43231500,0
2019,43231600,1786
2020,43231600,1770
2019,43231700,129
2020,43231700,128
2019,43231800,0
2020,43231800,0
2019,43232100,0
2020,43232100,0
2019,43232200,758
2020,43232200,752
2019,43232300,0
2020,43232300,0
2019,43233100,134
2020,43233100,133
2019,43233200,1362
2020,43233200,1350
2019,43233300,0
2020,43233300,0
2019,43234100,2533
2020,43234100,2511
2019,43234200,0
2020,43234200,0
2019,43235100,0
2020,43235100,0
2019,43235200,0
2020,43235200,0
2019,43235300,0
2020,43235300,0
2019,43235400,0
2020,43235400,0
2019,43235500,0
2020,43235500,0
2019,43236100,0
2020,43236100,0
2019,43236200,0
2020,43236200,0
2019,43236300,0
2020,43236300,0
2019,43236400,198
2020,43236400,196
2019,43236500,0
2020,43236500,0
2019,43236600,0
2020,43236600,0
2019,43237100,0
2020,43237100,0
2019,43237200,0
2020,43237200,0
2019,43237300,1042
2020,43237300,1033
2019,43238100,610
2020,43238100,604
2019,43238200,0
2020,43238200,0
2019,43238300,0
2020,43238300,0
2019,43238400,556
2020,43238400,551
2019,43238500,0
2020,43238500,0
2019,43239100,0
2020,43239100,0
2019,43239200,0
2020,43239200,0
2019,43239300,158
2020,43239300,157
2019,43239400,0
2020,43239400,0
2019,43240100,0
2020,43240100,0
2019,43240200,0
2020,43240200,0
2019,43240300,729
2020,43240300,723
2019,43240400,0
2020,43240400,0
2019,43241100,675
2020,43241100,669
2019,43241200,0
2020,43241200,0
2019,43242100,0
2020,43242100,0
2019,43242200,0
2020,43242200,0
2019,43242300,3625
2020,43242300,3593
2019,43242400,0
2020,43242400,0
2019,43243100,0
2020,43243100,0
2019,43244100,0
2020,43244100,0
2019,43244200,0
2020,43244200,0
2019,43245100,625
2020,43245100,619
2019,43246100,0
2020,43246100,0
2019,43246200,0
2020,43246200,0
2019,43246300,2270
2020,43246300,2250
2019,43246400,0
2020,43246400,0
2019,43246500,0
2020,43246500,0
2019,43247100,1833
2020,43247100,1817
2019,43247200,0
2020,43247200,0
2019,43247300,0
2020,43247300,0
2019,43248100,0
2020,43248100,0
2019,43249100,0
2020,43249100,0
2019,43249200,0
2020,43249200,0
2019,43249300,0
2020,43249300,0
2019,43249400,0
2020,43249400,0
2019,43250100,0
2020,43250100,0
2019,43250200,0
2020,43250200,0
2019,43251100,0
2020,43251100,0
2019,43251200,876
2020,43251200,868
2019,43252100,0
2020,43252100,8
2019,43252200,0
2020,43252200,0
2019,43252300,0
2020,43252300,0
2019,43253100,0
2020,43253100,0
2019,43253200,0
2020,43253200,0
2019,43254100,623
2020,43254100,617
2019,43255100,2549
2020,43255100,2526
2019,43255200,0
2020,43255200,0
2019,43255300,0
2020,43255300,0
2019,43255400,0
2020,43255400,0
2019,43255500,1004
2020,43255500,995
2019,43256100,0
2020,43256100,0
2019,43256200,0
2020,43256200,0
2019,43256300,0
2020,43256300,0
2019,43256400,656
2020,43256400,650
2019,43256500,0
2020,43256500,0
2019,43256600,1076
2020,43256600,1067
2019,43256700,0
2020,43256700,0
2019,43256800,0
2020,43256800,0
2019,43256900,0
2020,43256900,0
2019,43257100,661
2020,43257100,655
2019,43257200,663
2020,43257200,657
2019,43258100,0
2020,43258100,0
2019,43258200,793
2020,43258200,786
2019,43258300,0
2020,43258300,0
2019,43259100,0
2020,43259100,0
2019,43259200,0
2020,43259200,0
2019,43260100,0
2020,43260100,0
2019,43260200,0
2020,43260200,0
2019,43261100,0
2020,43261100,0
2019,43261200,0
2020,43261200,0
2019,43261300,0
2020,43261300,0
2019,43262100,883
2020,43262100,875
2019,43262200,0
2020,43262200,0
2019,43262300,0
2020,43262300,0
2019,43263100,0
2020,43263100,0
2019,43263200,0
2020,43263200,0
2019,43263300,585
2020,43263300,580
2019,43264100,0
2020,43264100,0
2019,43264200,0
2020,43264200,0
2019,43264300,660
2020,43264300,654
2019,43265100,0
2020,43265100,0
2019,43265200,0
2020,43265200,0
2019,43265300,0
2020,43265300,0
2019,43265400,0
2020,43265400,0
2019,43265500,0
2020,43265500,0
2019,43265600,0
2020,43265600,0
2019,43265700,1729
2020,43265700,1714
2019,43265800,0
2020,43265800,0
2019,43265900,0
2020,43265900,0
2019,43266100,0
2020,43266100,0
2019,43266200,753
2020,43266200,747
2019,43267100,114
2020,43267100,113
2019,43267200,0
2020,43267200,0
2019,43268100,0
2020,43268100,0
2019,43268200,0
2020,43268200,0
2019,43269100,0
2020,43269100,0
2019,43269200,0
2020,43269200,0
2019,43269300,0
2020,43269300,0
2019,43270100,0
2020,43270100,0
2019,43270200,2315
2020,43270200,2295
2019,43271100,617
2020,43271100,611
2019,43272100,639
2020,43272100,633
2019,43273100,0
2020,43273100,0
2019,43274100,0
2020,43274100,0
2019,43275100,3585
2020,43275100,3554
2019,43276100,1423
2020,43276100,1411
2019,43277100,0
2020,43277100,0
2019,43277200,536
2020,43277200,531
2019,43278100,478
2020,43278100,473
2019,43279100,869
2020,43279100,861
2019,43280100,609
2020,43280100,603
2019,43281100,0
2020,43281100,0
2019,43282100,0
2020,43282100,0
2019,43283100,589
2020,43283100,584
2019,43284100,0
2020,43284100,0
2019,43284200,0
2020,43284200,0
2019,43285100,0
2020,43285100,0
2019,43285200,1561
2020,43285200,1547
2019,43286100,1842
2020,43286100,1825
2019,43287100,0
2020,43287100,0
2019,43288100,1315
2020,43288100,1303
2019,43288200,265
2020,43288200,262
2019,43289100,0
2020,43289100,0
2019,43289200,0
2020,43289200,0
2019,43290100,0
2020,43290100,0
2019,43290200,0
2020,43290200,0
2019,43291100,0
2020,43291100,0
2019,43292100,759
2020,43292100,753
2019,43292200,0
2020,43292200,0
2019,43293100,593
2020,43293100,588
2019,43294100,536
2020,43294100,531
2019,43295100,888
2020,43295100,880
2019,43295200,0
2020,43295200,0
2019,43296100,0
2020,43296100,0
2019,43296200,1164
2020,43296200,1153
2019,43297100,740
2020,43297100,734
2019,43298100,0
2020,43298100,0
2019,43298200,183
2020,43298200,181
2019,43298300,0
2020,43298300,0
2019,43299100,0
2020,43299100,0
2019,43299200,0
2020,43299200,0
2019,43299300,0
2020,43299300,0
2019,43299400,0
2020,43299400,0
2019,43299500,0
2020,43299500,0
2019,43300100,6
2020,43300100,6
2019,43300200,0
2020,43300200,0
2019,43300300,0
2020,43300300,0
2019,43300400,0
2020,43300400,0
2019,43301100,0
2020,43301100,0
2019,43301200,0
2020,43301200,0
2019,43301300,584
2020,43301300,579
2019,43301400,0
2020,43301400,0
2019,43301500,0
2020,43301500,0
2019,43302100,0
2020,43302100,0
2019,43302200,0
2020,43302200,0
2019,43302300,0
2020,43302300,0
2019,43302400,0
2020,43302400,0
2019,43302500,0
2020,43302500,0
2019,43302600,0
2020,43302600,0
2019,43302700,757
2020,43302700,751
2019,43302800,0
2020,43302800,0
2019,43302900,0
2020,43302900,0
2019,43303100,0
2020,43303100,0
2019,43303200,0
2020,43303200,0
2019,43303300,0
2020,43303300,0
2019,43303400,0
2020,43303400,0
2019,43303500,0
2020,43303500,0
2019,43304100,0
2020,43304100,0
2019,43304200,0
2020,43304200,0
2019,43304300,0
2020,43304300,0
2019,43304400,0
2020,43304400,0
2019,43304500,0
2020,43304500,0
2019,43305100,0
2020,43305100,0
2019,43306100,0
2020,43306100,0
2019,43307100,574
2020,43307100,569
2019,43307200,0
2020,43307200,0
2019,43308100,0
2020,43308100,0
2019,43308200,485
2020,43308200,480
2019,43308300,0
2020,43308300,0
2019,43309100,341
2020,43309100,338
2019,43309200,0
2020,43309200,0
2019,43310100,619
2020,43310100,613
2019,43310200,0
2020,43310200,0
2019,43310300,0
2020,43310300,0
2019,43311100,0
2020,43311100,0
2019,43311200,413
2020,43311200,410
2019,43311300,0
2020,43311300,0
2019,43311400,812
2020,43311400,804
2019,43312100,766
2020,43312100,760
2019,43312200,0
2020,43312200,0
2019,43312300,445
2020,43312300,441
2019,43312400,2890
2020,43312400,2865
2019,43313100,0
2020,43313100,0
2019,43313200,0
2020,43313200,0
2019,43313300,842
2020,43313300,834
2019,43313400,0
2020,43313400,0
2019,43313500,0
2020,43313500,0
2019,43313600,1111
2020,43313600,1102
2019,43313700,0
2020,43313700,0
2019,43313800,0
2020,43313800,0
2019,43313900,0
2020,43313900,0
2019,43314100,701
2020,43314100,695
2019,43315100,0
2020,43315100,0
2019,43315200,0
2020,43315200,0
2019,43315300,0
2020,43315300,0
2019,43315400,0
2020,43315400,0
2019,43315500,0
2020,43315500,0
2019,43315600,0
2020,43315600,0
2019,43315700,0
2020,43315700,0
2019,43315800,0
2020,43315800,0
2019,43315900,0
2020,43315900,0
2019,43316100,948
2020,43316100,940
2019,43316200,683
2020,43316200,677
2019,43316300,0
2020,43316300,0
2019,43317100,0
2020,43317100,0
2019,43317200,0
2020,43317200,0
2019,43318100,0
2020,43318100,0
2019,43318200,1024
2020,43318200,1015
2019,43318300,661
2020,43318300,655
2019,43319100,820
2020,43319100,812
2019,43319200,836
2020,43319200,828
2019,43320100,2852
2020,43320100,2827
2019,43321100,0
2020,43321100,0
2019,43321200,0
2020,43321200,0
2019,43321300,0
2020,43321300,0
2019,43322100,0
2020,43322100,0
2019,43322200,4653
2020,43322200,4611
2019,43322300,821
2020,43322300,813
2019,43323100,0
2020,43323100,0
2019,43323200,0
2020,43323200,0
2019,43323300,0
2020,43323300,0
2019,43323400,0
2020,43323400,0
2019,43324100,1825
2020,43324100,1809
2019,43324200,0
2020,43324200,0
2019,43324300,2005
2020,43324300,1988
2019,43325100,0
2020,43325100,0
2019,43325200,0
2020,43325200,0
2019,43326100,0
2020,43326100,0
2019,43326200,418
2020,43326200,415
2019,43326300,1618
2020,43326300,1604
2019,43326400,0
2020,43326400,0
2019,43326500,3196
2020,43326500,3168
2019,43326600,1287
2020,43326600,1276
2019,43326700,0
2020,43326700,0
2019,43326800,689
2020,43326800,683
2019,43327100,0
2020,43327100,0
2019,43327200,0
2020,43327200,0
2019,43328100,813
2020,43328100,805
2019,43328200,0
2020,43328200,0
2019,43328300,1986
2020,43328300,1969
2019,43329100,0
2020,43329100,0
2019,43329200,0
2020,43329200,0
2019,43329300,0
2020,43329300,0
2019,43329400,0
2020,43329400,0
2019,43329500,0
2020,43329500,0
2019,43329600,0
2020,43329600,0
2019,43330100,0
2020,43330100,0
2019,43331100,2245
2020,43331100,2225
2019,43331200,1551
2020,43331200,1537
2019,43331300,15
2020,43331300,15
2019,43331400,0
2020,43331400,0
2019,43331500,0
2020,43331500,0
2019,43331600,0
2020,43331600,0
2019,43331700,0
2020,43331700,0
2019,43331800,2491
2020,43331800,2469
2019,43331900,0
2020,43331900,0
2019,43332100,0
2020,43332100,0
2019,43332200,521
2020,43332200,516
2019,43332300,0
2020,43332300,0
2019,43332400,0
2020,43332400,0
2019,43332500,0
2020,43332500,0
2019,43332600,0
2020,43332600,0
2019,43332700,42
2020,43332700,42
2019,43332800,0
2020,43332800,0
2019,43332900,737
2020,43332900,731
2019,43333100,0
2020,43333100,0
2019,43333200,0
2020,43333200,0
2019,43333300,0
2020,43333300,0
2019,43333400,719
2020,43333400,713
2019,43334100,892
2020,43334100,884
2019,43334200,694
2020,43334200,688
2019,43334300,0
2020,43334300,0
2019,43334400,0
2020,43334400,0
2019,43334500,0
2020,43334500,0
2019,43334600,0
2020,43334600,0
2019,43334700,749
2020,43334700,743
2019,43334800,0
2020,43334800,0
2019,43334900,2898
2020,43334900,2873
2019,43335100,0
2020,43335100,0
2019,43336100,0
2020,43336100,0
2019,43336200,0
2020,43336200,0
2019,43337100,73
2020,43337100,73
2019,43337200,832
2020,43337200,824
2019,43337300,0
2020,43337300,0
2019,43337400,725
2020,43337400,719
2019,43337500,1266
2020,43337500,1255
2019,43337600,0
2020,43337600,0
2019,43338100,0
2020,43338100,0
2019,43338200,586
2020,43338200,581
2019,43338300,0
2020,43338300,0
2019,43338400,0
2020,43338400,0
2019,43339100,0
2020,43339100,0
2019,43339200,613
2020,43339200,607
2019,43339300,0
2020,43339300,0
2019,43339400,7
2020,43339400,7
2019,43339500,1061
2020,43339500,1052
2019,43340100,0
2020,43340100,0
2019,43340200,0
2020,43340200,0
2019,43340300,0
2020,43340300,0
2019,43340400,0
2020,43340400,0
2019,43340500,0
2020,43340500,0
2019,43340600,0
2020,43340600,0
2019,43341100,0
2020,43341100,0
2019,43341200,1390
2020,43341200,1378
2019,43341300,0
2020,43341300,0
2019,43341400,514
2020,43341400,509
2019,43341500,0
2020,43341500,0
2019,43341600,0
2020,43341600,0
2019,43341700,0
2020,43341700,0
2019,43341800,8
2020,43341800,8
2019,43342100,0
2020,43342100,0
2019,43342200,0
2020,43342200,0
2019,43342300,0
2020,43342300,0
2019,43342400,0
2020,43342400,0
2019,43342500,0
2020,43342500,0
2019,43342600,0
2020,43342600,0
2019,43342700,0
2020,43342700,0
2019,43342800,0
2020,43342800,0
2019,43342900,0
2020,43342900,0
2019,43343100,0
2020,43343100,0
2019,43343200,0
2020,43343200,0
2019,43344100,0
2020,43344100,0
2019,43344200,0
2020,43344200,0
2019,43345100,0
2020,43345100,0
2019,43345200,0
2020,43345200,8
2019,43345300,538
2020,43345300,533
2019,43345400,0
2020,43345400,0
2019,43345500,0
2020,43345500,0
2019,43345600,0
2020,43345600,0
2019,43345700,0
2020,43345700,0
2019,43345800,0
2020,43345800,0
2019,43345900,0
2020,43345900,0
2019,43346100,0
2020,43346100,0
2019,43346200,0
2020,43346200,0
2019,43346300,0
2020,43346300,0
2019,43346400,0
2020,43346400,0
2019,43347100,0
2020,43347100,0
2019,43347200,0
2020,43347200,0
2019,43347300,0
2020,43347300,0
2019,43347400,0
2020,43347400,0
2019,43347500,0
2020,43347500,0
2019,43347600,0
2020,43347600,0
2019,43347700,0
2020,43347700,0
2019,43348100,0
2020,43348100,0
2019,43349100,0
2020,43349100,0
2019,43349200,0
2020,43349200,0
2019,43350100,0
2020,43350100,0
2019,43350200,0
2020,43350200,0
2019,43350300,717
2020,43350300,711
2019,43351100,0
2020,43351100,0
2019,43351200,0
2020,43351200,0
2019,43351300,0
2020,43351300,0
2019,43351400,790
2020,43351400,783
2019,43351500,0
2020,43351500,0
2019,43351600,3034
2020,43351600,3007
2019,43352100,0
2020,43352100,0
2019,43353100,0
2020,43353100,0
2019,43353200,0
2020,43353200,0
2019,43353300,0
2020,43353300,0
2019,43353400,0
2020,43353400,0
2019,43353500,0
2020,43353500,0
2019,43353600,616
2020,43353600,610
2019,43353700,0
2020,43353700,0
2019,43354100,0
2020,43354100,0
2019,43355100,0
2020,43355100,0
2019,43355200,774
2020,43355200,768
2019,43355300,0
2020,43355300,0
2019,43355400,1808
2020,43355400,1792
2019,43355500,0
2020,43355500,0
2019,43356100,0
2020,43356100,0
2019,43356200,0
2020,43356200,0
2019,43356300,0
2020,43356300,0
2019,43357100,0
2020,43357100,0
2019,43357200,0
2020,43357200,0
2019,43357300,0
2020,43357300,0
2019,43357400,0
2020,43357400,0
2019,43357500,0
2020,43357500,0
2019,43357600,0
2020,43357600,0
2019,43357700,0
2020,43357700,0
2019,43357800,866
2020,43357800,858
2019,43358100,0
2020,43358100,0
2019,43358200,0
2020,43358200,0
2019,43359100,0
2020,43359100,0
2019,43359200,0
2020,43359200,0
2019,43359300,1065
2020,43359300,1056
2019,43359400,0
2020,43359400,0
2019,43359500,0
2020,43359500,0
2019,43359600,0
2020,43359600,0
2019,43359700,0
2020,43359700,0
2019,43359800,0
2020,43359800,0
2019,43359900,0
2020,43359900,0
2019,43360100,0
2020,43360100,0
2019,43360200,0
2020,43360200,0
2019,43360300,0
2020,43360300,0
2019,43361100,0
2020,43361100,0
2019,43362100,0
2020,43362100,0
2019,43362200,0
2020,43362200,0
2019,43362300,0
2020,43362300,0
2019,43362400,947
2020,43362400,939
2019,43363100,1855
2020,43363100,1838
2019,43363200,0
2020,43363200,0
2019,43363300,0
2020,43363300,0
2019,43363400,0
2020,43363400,0
2019,43364100,0
2020,43364100,0
2019,43364200,0
2020,43364200,0
2019,43364300,0
2020,43364300,0
2019,43364400,0
2020,43364400,0
2019,43364500,9
2020,43364500,9
2019,43364600,0
2020,43364600,0
2019,43365100,0
2020,43365100,0
2019,43365200,708
2020,43365200,702
2019,43365300,692
2020,43365300,686
2019,43365400,0
2020,43365400,0
2019,43366100,0
2020,43366100,0
2019,43366200,1686
2020,43366200,1671
2019,43367100,842
2020,43367100,834
2019,43368100,0
2020,43368100,0
2019,43368200,80
2020,43368200,79
2019,43368300,0
2020,43368300,0
2019,43369100,801
2020,43369100,793
2019,43369200,3685
2020,43369200,3652
2019,43369300,0
2020,43369300,0
2019,43369400,0
2020,43369400,0
2019,43369500,0
2020,43369500,0
2019,43369600,0
2020,43369600,0
2019,43370100,0
2020,43370100,0
2019,43370200,0
2020,43370200,0
2019,43370300,0
2020,43370300,0
2019,43370400,0
2020,43370400,0
2019,43370500,0
2020,43370500,0
2019,43370600,1486
2020,43370600,1473
2019,43370700,0
2020,43370700,0
2019,43371100,375
2020,43371100,372
2019,43371200,0
2020,43371200,0
2019,43372100,61
2020,43372100,61
2019,43372200,0
2020,43372200,0
2019,43373100,0
2020,43373100,0
2019,43373200,0
2020,43373200,0
2019,43374100,0
2020,43374100,0
2019,43374200,0
2020,43374200,0
2019,43374300,0
2020,43374300,0
2019,43374400,0
2020,43374400,0
2019,43374500,0
2020,43374500,0
2019,43374600,14
2020,43374600,14
2019,43374700,0
2020,43374700,0
2019,43374800,0
2020,43374800,0
2019,43375100,788
2020,43375100,781
2019,43375200,3609
2020,43375200,3577
2019,43376100,0
2020,43376100,0
2019,43376200,837
2020,43376200,829
2019,43377100,0
2020,43377100,0
2019,43377200,1874
2020,43377200,1857
2019,43377300,0
2020,43377300,0
2019,43377400,0
2020,43377400,0
2019,43377500,922
2020,43377500,914
2019,43377600,421
2020,43377600,418
2019,43377700,0
2020,43377700,0
2019,43378100,0
2020,43378100,0
2019,43378200,0
2020,43378200,0
2019,43378300,0
2020,43378300,0
2019,43378400,0
2020,43378400,0
2019,43379100,20
2020,43379100,20
2019,43380100,0
2020,43380100,0
2019,43380200,44
2020,43380200,44
2019,43381100,0
2020,43381100,0
2019,43381200,0
2020,43381200,0
2019,43381300,0
2020,43381300,0
2019,43381400,982
2020,43381400,973
2019,43382100,0
2020,43382100,0
2019,43382200,0
2020,43382200,0
2019,43382300,0
2020,43382300,0
2019,43382400,0
2020,43382400,0
2019,43382500,0
2020,43382500,0
2019,43382600,0
2020,43382600,0
2019,43382700,0
2020,43382700,0
2019,43382800,0
2020,43382800,0
2019,43383100,0
2020,43383100,0
2019,43383200,0
2020,43383200,0
2019,43383300,0
2020,43383300,0
2019,43384100,0
2020,43384100,0
2019,43385100,134
2020,43385100,133
2019,43385200,0
2020,43385200,0
2019,43385300,0
2020,43385300,0
2019,43385400,0
2020,43385400,0
2019,43386100,0
2020,43386100,0
2019,43386200,744
2020,43386200,738
2019,43386300,0
2020,43386300,0
2019,43387100,0
2020,43387100,0
2019,43387200,35
2020,43387200,35
2019,43387300,0
2020,43387300,0
2019,43387400,0
2020,43387400,0
2019,43387500,907
2020,43387500,899
2019,43388100,0
2020,43388100,0
2019,43388200,0
2020,43388200,0
2019,43388300,0
2020,43388300,0
2019,43388400,0
2020,43388400,0
2019,43388500,254
2020,43388500,251
2019,43388600,0
2020,43388600,0
2019,43388700,0
2020,43388700,0
2019,43389100,660
2020,43389100,654
2019,43389200,0
2020,43389200,0
2019,43389300,0
2020,43389300,0
2019,43389400,2032
2020,43389400,2014
2019,43389500,0
2020,43389500,0
2019,43389600,0
2020,43389600,0
2019,43390100,1819
2020,43390100,1803
2019,43390200,0
2020,43390200,0
2019,43391100,0
2020,43391100,0
2019,43391200,632
2020,43391200,626
2019,43391300,0
2020,43391300,0
2019,43391400,0
2020,43391400,0
2019,43392100,0
2020,43392100,0
2019,43392200,0
2020,43392200,0
2019,43393100,2284
2020,43393100,2264
2019,43393200,0
2020,43393200,0
2019,43393300,0
2020,43393300,0
2019,43393400,0
2020,43393400,0
2019,43393500,0
2020,43393500,0
2019,43394100,0
2020,43394100,0
2019,43395100,2179
2020,43395100,2160
2019,43395200,0
2020,43395200,0
2019,43396100,826
2020,43396100,818
2019,43397100,0
2020,43397100,0
2019,43397200,0
2020,43397200,0
2019,43398100,0
2020,43398100,0
2019,43398200,614
2020,43398200,608
2019,43398300,916
2020,43398300,908
2019,43398400,2183
2020,43398400,2164
2019,43399100,0
2020,43399100,0
2019,43399200,682
2020,43399200,676
2019,43399300,0
2020,43399300,0
2019,43399400,796
2020,43399400,788
2019,43399500,0
2020,43399500,0
2019,43399600,0
2020,43399600,0
2019,43399700,0
2020,43399700,0
2019,43399800,0
2020,43399800,0
2019,43400100,0
2020,43400100,0
2019,43400200,0
2020,43400200,0
2019,43400300,0
2020,43400300,0
2019,43400400,0
2020,43400400,0
2019,43400500,1014
2020,43400500,1005
2019,43401100,0
2020,43401100,0
2019,43401200,0
2020,43401200,0
2019,43401300,0
2020,43401300,0
2019,43401400,0
2020,43401400,0
2019,43401500,0
2020,43401500,0
2019,43402100,595
2020,43402100,590
2019,43402200,0
2020,43402200,0
2019,43402300,646
2020,43402300,640
2019,43402400,0
2020,43402400,0
2019,43403100,0
2020,43403100,0
2019,43403200,0
2020,43403200,0
2019,43403300,0
2020,43403300,0
2019,43404100,0
2020,43404100,0
2019,43404200,0
2020,43404200,0
2019,43404300,597
2020,43404300,592
2019,43404400,4207
2020,43404400,4170
2019,43404500,1101
2020,43404500,1092
2019,43405100,712
2020,43405100,706
2019,43405200,229
2020,43405200,227
2019,43405300,0
2020,43405300,0
2019,43405400,0
2020,43405400,0
2019,43405500,1893
2020,43405500,1876
2019,43405600,0
2020,43405600,0
2019,43406100,121
2020,43406100,120
2019,43406200,0
2020,43406200,0
2019,43407100,0
2020,43407100,0
2019,43407200,0
2020,43407200,0
2019,43407300,0
2020,43407300,0
2019,43408100,0
2020,43408100,0
2019,43408200,0
2020,43408200,0
2019,43408300,0
2020,43408300,0
2019,43408400,0
2020,43408400,0
2019,43408500,0
2020,43408500,0
2019,43408600,0
2020,43408600,0
2019,43408700,0
2020,43408700,0
2019,43409100,0
2020,43409100,0
2019,43409200,803
2020,43409200,795
2019,43409300,1047
2020,43409300,1038
2019,43409400,0
2020,43409400,0
2019,43410100,0
2020,43410100,0
2019,43410200,0
2020,43410200,0
2019,43410300,0
2020,43410300,0
2019,43410400,0
2020,43410400,0
2019,43410500,0
2020,43410500,0
2019,43410600,0
2020,43410600,0
2019,43410700,923
2020,43410700,915
2019,43410800,0
2020,43410800,0
2019,43411100,0
2020,43411100,0
2019,43411200,0
2020,43411200,0
2019,43411300,0
2020,43411300,0
2019,43411400,0
2020,43411400,0
2019,43411500,0
2020,43411500,0
2019,43412100,0
2020,43412100,0
2019,43412200,0
2020,43412200,0
2019,43413100,0
2020,43413100,0
2019,43413200,0
2020,43413200,0
2019,43413300,3924
2020,43413300,3890
2019,43413400,0
2020,43413400,0
2019,43414100,1605
2020,43414100,1591
2019,43415100,0
2020,43415100,0
2019,43415200,0
2020,43415200,0
2019,43415300,7008
2020,43415300,6945
2019,43415400,0
2020,43415400,0
2019,43415500,13
2020,43415500,15
2019,43415600,13
2020,43415600,15
2019,43416100,889
2020,43416100,881
2019,43416200,10
2020,43416200,10
2019,43417100,931
2020,43417100,923
2019,43417200,926
2020,43417200,918
2019,43417300,0
2020,43417300,0
2019,43417400,0
2020,43417400,0
2019,43418100,0
2020,43418100,0
2019,43418200,0
2020,43418200,0
2019,43419100,0
2020,43419100,0
2019,43419200,0
2020,43419200,0
2019,43420100,2945
2020,43420100,2919
2019,43420200,839
2020,43420200,831
2019,43420300,0
2020,43420300,0
2019,43421100,0
2020,43421100,0
2019,43421200,0
2020,43421200,0
2019,43421300,0
2020,43421300,0
2019,43422100,0
2020,43422100,0
2019,43422200,4273
2020,43422200,4235
2019,43422300,901
2020,43422300,893
2019,43422400,0
2020,43422400,0
2019,43422500,0
2020,43422500,0
2019,43423100,2464
2020,43423100,2442
2019,43423200,0
2020,43423200,0
2019,43423300,936
2020,43423300,928
2019,43423400,0
2020,43423400,0
2019,43423500,0
2020,43423500,0
2019,43423600,0
2020,43423600,2
2019,43423700,0
2020,43423700,0
2019,43424100,0
2020,43424100,0
2019,43424200,604
2020,43424200,598
2019,43425100,0
2020,43425100,0
2019,43425200,33
2020,43425200,33
2019,43426100,978
2020,43426100,969
2019,43427100,445
2020,43427100,441
2019,43428100,1137
2020,43428100,1126
2019,43428200,678
2020,43428200,672
2019,43428300,0
2020,43428300,0
2019,43428400,0
2020,43428400,0
2019,43428500,0
2020,43428500,0
2019,43428600,0
2020,43428600,0
2019,43429100,792
2020,43429100,785
2019,43429200,0
2020,43429200,0
2019,43429300,2316
2020,43429300,2296
2019,43429400,0
2020,43429400,0
2019,43429500,20
2020,43429500,20
2019,43430100,1493
2020,43430100,1479
2019,43431100,10
2020,43431100,10
2019,43431200,0
2020,43431200,0
2019,43431300,0
2020,43431300,0
2019,43431400,0
2020,43431400,0
2019,43431500,0
2020,43431500,0
2019,43432100,0
2020,43432100,0
2019,43432200,0
2020,43432200,0
2019,43432300,0
2020,43432300,0
2019,43432400,0
2020,43432400,0
2019,43433100,873
2020,43433100,865
2019,43433200,0
2020,43433200,0
2019,43433300,0
2020,43433300,0
2019,43434100,4603
2020,43434100,4562
2019,43434200,0
2020,43434200,0
2019,43434300,0
2020,43434300,0
2019,43435100,883
2020,43435100,875
2019,43435200,0
2020,43435200,0
2019,43435300,0
2020,43435300,0
2019,43435400,0
2020,43435400,0
2019,43435500,2544
2020,43435500,2522
2019,43435600,0
2020,43435600,0
2019,43436100,921
2020,43436100,913
2019,43436200,3698
2020,43436200,3665
2019,43436300,0
2020,43436300,0
2019,43436400,2119
2020,43436400,2100
2019,43436500,959
2020,43436500,950
2019,43436600,577
2020,43436600,572
2019,43436700,554
2020,43436700,549
2019,43436800,0
2020,43436800,0
2019,43437100,0
2020,43437100,0
2019,43437200,750
2020,43437200,744
2019,43437300,2266
2020,43437300,2246
2019,43438100,0
2020,43438100,0
2019,43438200,0
2020,43438200,2
2019,43438300,0
2020,43438300,0
2019,43438400,0
2020,43438400,0
2019,43438500,0
2020,43438500,0
2019,43439100,0
2020,43439100,0
2019,43440100,0
2020,43440100,0
2019,43440200,0
2020,43440200,0
2019,43440300,0
2020,43440300,0
2019,43440400,0
2020,43440400,0
2019,43440500,0
2020,43440500,0
2019,43440600,457
2020,43440600,453
2019,43440700,0
2020,43440700,0
2019,43440800,0
2020,43440800,0
2019,43440900,605
2020,43440900,599
2019,43441100,0
2020,43441100,0
2019,43441200,0
2020,43441200,0
2019,43442100,0
2020,43442100,0
2019,43442200,0
2020,43442200,0
2019,43442300,0
2020,43442300,0
2019,43442400,0
2020,43442400,0
2019,43442500,0
2020,43442500,0
2019,43442600,0
2020,43442600,0
2019,43443100,0
2020,43443100,0
2019,43443200,0
2020,43443200,0
2019,43444100,0
2020,43444100,0
2019,43445100,0
2020,43445100,0
2019,43446100,0
2020,43446100,0
2019,43446200,728
2020,43446200,722
2019,43447100,0
2020,43447100,0
2019,43447200,0
2020,43447200,0
2019,43447300,0
2020,43447300,0
2019,43447400,0
2020,43447400,0
2019,43447500,0
2020,43447500,0
2019,43447600,0
2020,43447600,0
2019,43448100,0
2020,43448100,0
2019,43448200,0
2020,43448200,0
2019,43449100,0
2020,43449100,0
2019,43449200,706
2020,43449200,700
2019,43449300,0
2020,43449300,0
2019,43449400,892
2020,43449400,884
2019,43449500,0
2020,43449500,0
2019,43450100,284
2020,43450100,281
2019,43450200,0
2020,43450200,0
2019,43450300,3707
2020,43450300,3674
2019,43450400,0
2020,43450400,0
2019,43450500,0
2020,43450500,0
2019,43450600,0
2020,43450600,0
2019,43450700,0
2020,43450700,0
2019,43450800,0
2020,43450800,0
2019,43450900,0
2020,43450900,0
2019,43451100,0
2020,43451100,0
2019,43451200,4899
2020,43451200,4855
2019,43451300,1133
2020,43451300,1123
2019,43452100,0
2020,43452100,0
2019,43452200,0
2020,43452200,0
2019,43452300,0
2020,43452300,0
2019,43452400,525
2020,43452400,520
2019,43453100,207
2020,43453100,205
2019,43453200,341
2020,43453200,338
2019,43453300,0
2020,43453300,0
2019,43454100,1456
2020,43454100,1443
2019,43454200,0
2020,43454200,0
2019,43454300,0
2020,43454300,0
2019,43454400,0
2020,43454400,0
2019,43454500,0
2020,43454500,0
2019,43455100,0
2020,43455100,0
2019,43455200,0
2020,43455200,0
2019,43455300,0
2020,43455300,0
2019,43455400,931
2020,43455400,923
2019,43455500,0
2020,43455500,0
2019,43456100,0
2020,43456100,0
2019,43456200,250
2020,43456200,248
2019,43456300,0
2020,43456300,0
2019,43456400,0
2020,43456400,0
2019,43457100,0
2020,43457100,0
2019,43457200,0
2020,43457200,0
2019,43457300,0
2020,43457300,0
2019,43457400,0
2020,43457400,0
2019,43457500,94
2020,43457500,93
2019,43458100,0
2020,43458100,0
2019,43458200,0
2020,43458200,0
2019,43458300,0
2020,43458300,0
2019,43458400,0
2020,43458400,0
2019,43459100,0
2020,43459100,0
2019,43459200,0
2020,43459200,0
2019,43459300,75
2020,43459300,74
2019,43459400,0
2020,43459400,0
2019,43459500,0
2020,43459500,0
2019,43459600,0
2020,43459600,0
2019,43460100,0
2020,43460100,0
2019,43460200,0
2020,43460200,0
2019,43461100,743
2020,43461100,737
2019,43461200,0
2020,43461200,0
2019,43461300,580
2020,43461300,575
2019,43462100,1126
2020,43462100,1116
2019,43463100,0
2020,43463100,0
2019,43463200,0
2020,43463200,0
2019,43463300,0
2020,43463300,0
2019,43464100,1229
2020,43464100,1218
2019,43464200,520
2020,43464200,515
2019,43464300,0
2020,43464300,0
2019,43464400,0
2020,43464400,0
2019,43465100,0
2020,43465100,0
2019,43465200,0
2020,43465200,0
2019,43465300,0
2020,43465300,0
2019,43465400,97
2020,43465400,96
2019,43465500,0
2020,43465500,0
2019,43465600,0
2020,43465600,0
2019,43465700,0
2020,43465700,0
2019,43465800,0
2020,43465800,0
2019,43465900,0
2020,43465900,0
2019,43466100,0
2020,43466100,0
2019,43466200,0
2020,43466200,0
2019,43466300,328
2020,43466300,325
2019,43466400,0
2020,43466400,0
2019,43466500,0
2020,43466500,0
2019,43467100,204
2020,43467100,202
2019,43467200,7
2020,43467200,7
2019,43468100,664
2020,43468100,658
2019,43468200,0
2020,43468200,0
2019,43468300,0
2020,43468300,0
2019,43468400,0
2020,43468400,0
2019,43468500,0
2020,43468500,0
2019,43468600,0
2020,43468600,0
2019,43468700,0
2020,43468700,0
2019,43469100,0
2020,43469100,0
2019,43469200,741
2020,43469200,735
2019,43470100,6
2020,43470100,6
2019,43470200,0
2020,43470200,0
2019,43470300,0
2020,43470300,0
2019,43470400,0
2020,43470400,0
2019,43471100,0
2020,43471100,0
2019,43471200,0
2020,43471200,0
2019,43471300,0
2020,43471300,0
2019,43471400,0
2020,43471400,0
2019,43472100,0
2020,43472100,0
2019,43472200,0
2020,43472200,0
2019,43472300,0
2020,43472300,0
2019,43473100,0
2020,43473100,0
2019,43473200,0
2020,43473200,0
2019,43473300,0
2020,43473300,0
2019,43473400,0
2020,43473400,0
2019,43474100,0
2020,43474100,0
2019,43474200,0
2020,43474200,0
2019,43474300,0
2020,43474300,0
2019,43474400,0
2020,43474400,0
2019,43474500,0
2020,43474500,0
2019,43474600,0
2020,43474600,0
2019,43474700,0
2020,43474700,0
2019,43474800,0
2020,43474800,0
2019,43474900,0
2020,43474900,0
2019,43475100,0
2020,43475100,0
2019,43475200,0
2020,43475200,0
2019,43475300,0
2020,43475300,0
2019,43476100,0
2020,43476100,0
2019,43476200,0
2020,43476200,0
2019,43476300,718
2020,43476300,712
2019,43477100,0
2020,43477100,0
2019,43477200,0
2020,43477200,0
2019,43478100,0
2020,43478100,0
2019,43478200,0
2020,43478200,0
2019,43479100,0
2020,43479100,0
2019,43479200,0
2020,43479200,0
2019,43480100,841
2020,43480100,833
2019,43480200,608
2020,43480200,602
2019,43481100,0
2020,43481100,0
2019,43481200,0
2020,43481200,0
2019,43482100,0
2020,43482100,0
2019,43482200,0
2020,43482200,0
2019,43483100,486
2020,43483100,481
2019,43483200,0
2020,43483200,0
2019,43484100,0
2020,43484100,0
2019,43484200,0
2020,43484200,0
2019,43485100,0
2020,43485100,0
2019,43485200,539
2020,43485200,534
2019,43485300,0
2020,43485300,0
2019,43486100,0
2020,43486100,0
2019,43486200,829
2020,43486200,821
2019,43486300,0
2020,43486300,0
2019,43486400,0
2020,43486400,0
2019,43486500,0
2020,43486500,0
2019,43487100,0
2020,43487100,0
2019,43488100,0
2020,43488100,0
2019,43488200,0
2020,43488200,0
2019,43488300,0
2020,43488300,0
2019,43488400,0
2020,43488400,0
2019,43488500,0
2020,43488500,0
2019,43488600,0
2020,43488600,0
2019,43489100,2013
2020,43489100,1996
2019,43489200,0
2020,43489200,0
2019,43490100,17
2020,43490100,17
2019,43490200,0
2020,43490200,0
2019,43490300,0
2020,43490300,0
2019,43491100,157
2020,43491100,156
2019,43491200,0
2020,43491200,0
2019,43492100,0
2020,43492100,0
2019,43492200,0
2020,43492200,0
2019,43493100,789
2020,43493100,782
2019,43494100,2588
2020,43494100,2565
2019,43494200,0
2020,43494200,0
2019,43494300,0
2020,43494300,0
2019,43495100,0
2020,43495100,0
2019,43495200,0
2020,43495200,0
2019,43496100,601
2020,43496100,596
2019,43496200,0
2020,43496200,0
2019,43497100,0
2020,43497100,0
2019,43497200,0
2020,43497200,0
2019,43497300,875
2020,43497300,867
2019,43497400,0
2020,43497400,0
2019,43498100,0
2020,43498100,0
2019,43498200,0
2020,43498200,0
2019,43498300,0
2020,43498300,0
2019,43498400,175
2020,43498400,173
2019,43499100,689
2020,43499100,683
2019,43499200,0
2020,43499200,0
2019,43499300,0
2020,43499300,0
2019,43500100,0
2020,43500100,0
2019,43500200,0
2020,43500200,0
2019,43500300,0
2020,43500300,0
2019,43500400,0
2020,43500400,0
2019,43501100,0
2020,43501100,0
2019,43501200,0
2020,43501200,0
2019,43501300,0
2020,43501300,0
2019,43501400,748
2020,43501400,742
2019,43501500,925
2020,43501500,917
2019,43501600,0
2020,43501600,0
2019,43502100,0
2020,43502100,0
2019,43502200,0
2020,43502200,0
2019,43502300,0
2020,43502300,0
2019,43502400,0
2020,43502400,0
2019,43503100,0
2020,43503100,0
2019,43503200,0
2020,43503200,0
2019,43503300,0
2020,43503300,0
2019,43504100,0
2020,43504100,0
2019,43504200,1052
2020,43504200,1043
2019,43505100,0
2020,43505100,0
2019,43505200,0
2020,43505200,0
2019,43505300,0
2020,43505300,0
2019,43505400,0
2020,43505400,0
2019,43505500,0
2020,43505500,0
2019,43505600,0
2020,43505600,0
2019,43505700,0
2020,43505700,0
2019,43506100,0
2020,43506100,0
2019,43506200,484
2020,43506200,479
2019,43507100,0
2020,43507100,0
2019,43507200,0
2020,43507200,0
2019,43507300,0
2020,43507300,0
2019,43507400,0
2020,43507400,0
2019,43507500,0
2020,43507500,0
2019,43507600,0
2020,43507600,0
2019,43507700,0
2020,43507700,0
2019,43508100,0
2020,43508100,0
2019,43508200,0
2020,43508200,0
2019,43509100,0
2020,43509100,0
2019,43509200,0
2020,43509200,0
2019,43510100,0
2020,43510100,0
2019,43510200,0
2020,43510200,0
2019,43511100,0
2020,43511100,0
2019,43511200,0
2020,43511200,0
2019,43512100,723
2020,43512100,717
2019,43512200,1262
2020,43512200,1251
2019,43512300,1539
2020,43512300,1525
2019,43512400,0
2020,43512400,0
2019,43513100,0
2020,43513100,0
2019,43513200,1698
2020,43513200,1683
2019,43514100,1765
2020,43514100,1749
2019,43514200,253
2020,43514200,250
2019,43514300,0
2020,43514300,0
2019,43515100,0
2020,43515100,0
2019,43515200,0
2020,43515200,0
2019,43515300,0
2020,43515300,0
2019,43515400,0
2020,43515400,0
2019,43516100,0
2020,43516100,0
2019,43517100,0
2020,43517100,0
2019,43517200,0
2020,43517200,0
2019,43517300,0
2020,43517300,0
2019,43518100,0
2020,43518100,0
2019,43518200,0
2020,43518200,0
2019,43518300,0
2020,43518300,0
2019,43519100,0
2020,43519100,0
2019,43519200,0
2020,43519200,0
2019,43520100,0
2020,43520100,0
2019,43520200,0
2020,43520200,0
2019,43521100,0
2020,43521100,0
2019,43521200,0
2020,43521200,0
2019,43521300,385
2020,43521300,382
2019,43522100,0
2020,43522100,0
2019,43522200,0
2020,43522200,0
2019,43522300,0
2020,43522300,0
2019,43523100,0
2020,43523100,0
2019,43523200,0
2020,43523200,0
2019,43523300,0
2020,43523300,0
2019,43524100,0
2020,43524100,0
2019,43524200,0
2020,43524200,0
2019,43525100,0
2020,43525100,0
2019,43525200,0
2020,43525200,0
2019,43525300,0
2020,43525300,0
2019,43525400,0
2020,43525400,0
2019,43525500,0
2020,43525500,0
2019,43525600,0
2020,43525600,0
2019,43526100,0
2020,43526100,0
2019,43526200,0
2020,43526200,0
2019,43527100,0
2020,43527100,0
2019,43527200,605
2020,43527200,599
2019,43527300,0
2020,43527300,0
2019,43527400,0
2020,43527400,0
2019,43527500,0
2020,43527500,0
2019,43528100,0
2020,43528100,0
2019,43528200,806
2020,43528200,798
2019,43528300,0
2020,43528300,0
2019,43529100,41
2020,43529100,41
2019,43529200,0
2020,43529200,0
2019,43530100,0
2020,43530100,0
2019,43530200,0
2020,43530200,0
2019,43530300,589
2020,43530300,584
2019,43531100,13
2020,43531100,13
2019,43531200,0
2020,43531200,0
2019,43532100,0
2020,43532100,0
2019,43532200,4687
2020,43532200,4644
2019,43533100,0
2020,43533100,0
2019,43533200,0
2020,43533200,0
2019,43533300,0
2020,43533300,0
2019,43533400,0
2020,43533400,0
2019,43534100,0
2020,43534100,0
2019,43534200,0
2020,43534200,0
2019,43535100,0
2020,43535100,0
2019,43536100,588
2020,43536100,583
2019,43536200,0
2020,43536200,0
2019,43537100,0
2020,43537100,0
2019,43538100,0
2020,43538100,0
2019,43538200,0
2020,43538200,0
2019,43538300,0
2020,43538300,0
2019,43539100,870
2020,43539100,862
2019,43539200,0
2020,43539200,0
2019,43540100,0
2020,43540100,0
2019,43540200,0
2020,43540200,0
2019,43540300,0
2020,43540300,0
2019,43540400,0
2020,43540400,0
2019,43540500,0
2020,43540500,0
2019,43541100,751
2020,43541100,745
2019,43541200,0
2020,43541200,0
2019,43541300,184
2020,43541300,182
2019,43542100,0
2020,43542100,0
2019,43543100,0
2020,43543100,0
2019,43544100,0
2020,43544100,0
2019,43544200,616
2020,43544200,610
2019,43545100,27
2020,43545100,27
2019,43545200,1489
2020,43545200,1475
2019,43546100,0
2020,43546100,0
2019,43546200,0
2020,43546200,0
2019,43546300,0
2020,43546300,0
2019,43547100,3390
2020,43547100,3360
2019,43547200,0
2020,43547200,0
2019,43548100,1168
2020,43548100,1157
2019,43548200,690
2020,43548200,684
2019,43549100,434
2020,43549100,430
2019,43549200,0
2020,43549200,0
2019,43549300,0
2020,43549300,0
2019,43550100,0
2020,43550100,0
2019,43550200,0
2020,43550200,0
2019,43550300,3163
2020,43550300,3135
2019,43551100,0
2020,43551100,0
2019,43551200,485
2020,43551200,480
2019,43551300,0
2020,43551300,0
2019,43552100,0
2020,43552100,0
2019,43552200,0
2020,43552200,0
2019,43552300,0
2020,43552300,0
2019,43552400,0
2020,43552400,0
2019,43552500,0
2020,43552500,0
2019,43552600,0
2020,43552600,0
2019,43553100,0
2020,43553100,0
2019,43553200,748
2020,43553200,742
2019,43553300,0
2020,43553300,0
2019,43554100,0
2020,43554100,0
2019,43554200,0
2020,43554200,0
2019,43554300,0
2020,43554300,0
2019,43555100,0
2020,43555100,0
2019,43556100,0
2020,43556100,0
2019,43556200,0
2020,43556200,0
2019,43556300,572
2020,43556300,567
2019,43556400,2085
2020,43556400,2066
2019,43556500,0
2020,43556500,0
2019,43557100,0
2020,43557100,0
2019,43557200,2048
2020,43557200,2030
2019,43558100,564
2020,43558100,559
2019,43558200,0
2020,43558200,0
2019,43558300,459
2020,43558300,455
2019,43559100,421
2020,43559100,418
2019,43559200,165
2020,43559200,163
2019,43560100,663
2020,43560100,657
2019,43561100,681
2020,43561100,675
2019,43561200,0
2020,43561200,0
2019,43562100,588
2020,43562100,583
2019,43562200,0
2020,43562200,0
2019,43563100,0
2020,43563100,0
2019,43563200,304
2020,43563200,301
2019,43563300,0
2020,43563300,0
2019,43563400,0
2020,43563400,0
2019,43563500,0
2020,43563500,0
2019,43564100,0
2020,43564100,0
2019,43564200,0
2020,43564200,0
2019,43565100,0
2020,43565100,0
2019,43565200,0
2020,43565200,0
2019,43565300,0
2020,43565300,0
2019,43565400,901
2020,43565400,893
2019,43565500,892
2020,43565500,884
2019,43566100,0
2020,43566100,0
2019,43566200,0
2020,43566200,0
2019,43566300,0
2020,43566300,0
2019,43566400,0
2020,43566400,0
2019,43566500,0
2020,43566500,0
2019,43566600,0
2020,43566600,0
2019,43566700,0
2020,43566700,0
2019,43566800,0
2020,43566800,0
2019,43566900,0
2020,43566900,0
2019,43567100,2725
2020,43567100,2700
2019,43567200,0
2020,43567200,0
2019,43567300,0
2020,43567300,0
2019,43567400,0
2020,43567400,0
2019,43567500,0
2020,43567500,0
2019,43567600,0
2020,43567600,0
2019,43567700,461
2020,43567700,457
2019,43567800,0
2020,43567800,0
2019,43568100,582
2020,43568100,577
2019,43568200,0
2020,43568200,0
2019,43568300,0
2020,43568300,0
2019,43568400,1173
2020,43568400,1162
2019,43568500,0
2020,43568500,0
2019,43569100,0
2020,43569100,0
2019,43569200,773
2020,43569200,767
2019,43570100,0
2020,43570100,0
2019,43570200,0
2020,43570200,0
2019,43571100,0
2020,43571100,0
2019,43571200,1724
2020,43571200,1709
2019,43571300,426
2020,43571300,423
2019,43571400,0
2020,43571400,0
2019,43571500,0
2020,43571500,0
2019,43572100,0
2020,43572100,0
2019,43572200,0
2020,43572200,0
2019,43572300,0
2020,43572300,0
2019,43572400,0
2020,43572400,0
2019,43572500,0
2020,43572500,0
2019,43573100,0
2020,43573100,0
2019,43573200,682
2020,43573200,676
2019,43574100,769
2020,43574100,763
2019,43574200,761
2020,43574200,755
2019,43575100,0
2020,43575100,0
2019,43575200,682
2020,43575200,676
2019,43575300,0
2020,43575300,0
2019,43575400,0
2020,43575400,0
2019,43576100,0
2020,43576100,0
2019,43576200,0
2020,43576200,0
2019,43576300,0
2020,43576300,0
2019,43576400,0
2020,43576400,0
2019,43576500,0
2020,43576500,0
2019,43577100,580
2020,43577100,575
2019,43577200,0
2020,43577200,0
2019,43577300,0
2020,43577300,0
2019,43577400,0
2020,43577400,0
2019,43577500,0
2020,43577500,0
2019,43577600,0
2020,43577600,0
2019,43577700,3792
2020,43577700,3758
2019,43577800,0
2020,43577800,0
2019,43577900,0
2020,43577900,0
2019,43578100,0
2020,43578100,0
2019,43578200,0
2020,43578200,0
2019,43578300,0
2020,43578300,0
2019,43578400,0
2020,43578400,0
2019,43578500,0
2020,43578500,0
2019,43578600,0
2020,43578600,0
2019,43578700,0
2020,43578700,0
2019,43578800,0
2020,43578800,0
2019,43578900,0
2020,43578900,0
2019,43579100,0
2020,43579100,0
2019,43579200,0
2020,43579200,0
2019,43579300,0
2020,43579300,0
2019,43580100,0
2020,43580100,0
2019,43580200,0
2020,43580200,0
2019,43580300,0
2020,43580300,0
2019,43580400,0
2020,43580400,0
2019,43580500,0
2020,43580500,0
2019,43580600,0
2020,43580600,0
2019,43580700,1795
2020,43580700,1779
2019,43580800,0
2020,43580800,0
2019,43580900,0
2020,43580900,0
2019,43581100,0
2020,43581100,0
2019,43581200,0
2020,43581200,0
2019,43581300,0
2020,43581300,0
2019,43581400,0
2020,43581400,0
2019,43581500,0
2020,43581500,0
2019,43581600,0
2020,43581600,0
2019,43581700,0
2020,43581700,0
2019,43582100,0
2020,43582100,0
2019,43583100,0
2020,43583100,0
2019,43583200,0
2020,43583200,0
2019,43583300,0
2020,43583300,0
2019,43583400,0
2020,43583400,0
2019,43583500,0
2020,43583500,0
2019,43584100,0
2020,43584100,0
2019,43585100,29
2020,43585100,29
2019,43586100,0
2020,43586100,0
2019,43587100,0
2020,43587100,0
2019,43587200,0
2020,43587200,0
2019,43588100,0
2020,43588100,0
2019,43589100,0
2020,43589100,0
2019,43590100,0
2020,43590100,0
2019,43591100,1651
2020,43591100,1637
2019,43592100,657
2020,43592100,651
2019,43593100,1618
2020,43593100,1604
2019,43594100,0
2020,43594100,0
2019,43595100,0
2020,43595100,0
2019,43596100,0
2020,43596100,0
2019,43596200,0
2020,43596200,0
2019,43596300,0
2020,43596300,0
2019,43597100,0
2020,43597100,0
2019,43597200,0
2020,43597200,0
2019,43597300,0
2020,43597300,0
2019,53598100,0
2020,53598100,0
2019,53598200,452
2020,53598200,443
2019,53599100,0
2020,53599100,0
2019,53600100,601
2020,53600100,589
2019,53600200,0
2020,53600200,0
2019,53601100,1943
2020,53601100,1902
2019,53601200,0
2020,53601200,0
2019,53602100,618
2020,53602100,605
2019,53603100,635
2020,53603100,621
2019,53603200,3407
2020,53603200,3335
2019,53603300,0
2020,53603300,0
2019,53604100,0
2020,53604100,0
2019,53604200,572
2020,53604200,560
2019,53604300,1674
2020,53604300,1639
2019,53604400,0
2020,53604400,0
2019,53604500,0
2020,53604500,0
2019,53604600,0
2020,53604600,0
2019,53604700,0
2020,53604700,0
2019,53604800,0
2020,53604800,0
2019,53605100,1294
2020,53605100,1267
2019,53605200,451
2020,53605200,442
2019,53606100,364
2020,53606100,357
2019,53606200,12
2020,53606200,12
2019,53607100,800
2020,53607100,784
2019,53607200,0
2020,53607200,0
2019,53607300,0
2020,53607300,0
2019,53608100,0
2020,53608100,0
2019,53608200,0
2020,53608200,0
2019,53608300,0
2020,53608300,0
2019,53608400,721
2020,53608400,705
2019,53609100,0
2020,53609100,0
2019,53609200,735
2020,53609200,719
2019,53610100,0
2020,53610100,0
2019,53610200,566
2020,53610200,554
2019,53610300,0
2020,53610300,0
2019,53610400,0
2020,53610400,0
2019,53611100,0
2020,53611100,0
2019,53611200,2896
2020,53611200,2836
2019,53611300,0
2020,53611300,0
2019,53611400,619
2020,53611400,606
2019,53612100,564
2020,53612100,552
2019,53612200,0
2020,53612200,0
2019,53612300,562
2020,53612300,550
2019,53612400,20
2020,53612400,20
2019,53612500,83
2020,53612500,81
2019,53613100,0
2020,53613100,0
2019,53613200,220
2020,53613200,215
2019,53613300,0
2020,53613300,0
2019,53613400,0
2020,53613400,0
2019,53613500,0
2020,53613500,0
2019,53613600,0
2020,53613600,0
2019,53614100,0
2020,53614100,0
2019,53614200,0
2020,53614200,0
2019,53614300,760
2020,53614300,744
2019,53614400,0
2020,53614400,0
2019,53614500,836
2020,53614500,818
2019,53615100,0
2020,53615100,0
2019,53615200,0
2020,53615200,0
2019,53615300,0
2020,53615300,0
2019,53615400,0
2020,53615400,0
2019,53615500,0
2020,53615500,0
2019,53616100,0
2020,53616100,0
2019,53616200,0
2020,53616200,0
2019,53616300,0
2020,53616300,0
2019,53616400,535
2020,53616400,524
2019,53616500,0
2020,53616500,0
2019,53616600,36
2020,53616600,39
2019,53616700,806
2020,53616700,789
2019,53617100,0
2020,53617100,0
2019,53617200,0
2020,53617200,0
2019,53617300,423
2020,53617300,414
2019,53617400,0
2020,53617400,0
2019,53618100,0
2020,53618100,0
2019,53618200,627
2020,53618200,614
2019,53618300,0
2020,53618300,0
2019,53618400,551
2020,53618400,539
2019,53619100,0
2020,53619100,0
2019,53619200,0
2020,53619200,0
2019,53619300,1142
2020,53619300,1119
2019,53619400,616
2020,53619400,603
2019,53620100,608
2020,53620100,595
2019,53620200,0
2020,53620200,0
2019,53620300,0
2020,53620300,0
2019,53621100,0
2020,53621100,0
2019,53621200,0
2020,53621200,0
2019,53621300,595
2020,53621300,583
2019,53621400,0
2020,53621400,0
2019,53621500,1878
2020,53621500,1839
2019,53621600,795
2020,53621600,779
2019,53622100,596
2020,53622100,584
2019,53622200,0
2020,53622200,0
2019,53622300,58
2020,53622300,56
2019,53622400,0
2020,53622400,0
2019,53622500,0
2020,53622500,0
2019,53623100,0
2020,53623100,0
2019,53623200,0
2020,53623200,0
2019,53623300,0
2020,53623300,0
2019,53624100,1409
2020,53624100,1379
2019,53624200,0
2020,53624200,0
2019,53624300,0
2020,53624300,0
2019,53625100,0
2020,53625100,0
2019,53625200,0
2020,53625200,0
2019,53625300,0
2020,53625300,0
2019,53625400,0
2020,53625400,0
2019,53626100,2821
2020,53626100,2762
2019,53627100,411
2020,53627100,402
2019,53627200,722
2020,53627200,706
2019,53627300,0
2020,53627300,0
2019,53628100,817
2020,53628100,800
2019,53628200,456
2020,53628200,447
2019,53629100,0
2020,53629100,0
2019,53629200,537
2020,53629200,526
2019,53629300,0
2020,53629300,0
2019,53630100,0
2020,53630100,0
2019,53630200,0
2020,53630200,0
2019,53631100,0
2020,53631100,0
2019,53631200,769
2020,53631200,753
2019,53631300,808
2020,53631300,791
2019,53632100,0
2020,53632100,0
2019,53632200,619
2020,53632200,606
2019,53632300,0
2020,53632300,0
2019,53633100,0
2020,53633100,0
2019,53634100,580
2020,53634100,568
2019,53634200,146
2020,53634200,143
2019,53634300,603
2020,53634300,590
2019,53634400,0
2020,53634400,0
2019,53635100,0
2020,53635100,0
2019,53635200,0
2020,53635200,0
2019,53635300,0
2020,53635300,0
2019,53635400,0
2020,53635400,0
2019,53635500,0
2020,53635500,0
2019,53636100,565
2020,53636100,553
2019,53636200,3265
2020,53636200,3196
2019,53636300,0
2020,53636300,0
2019,53637100,0
2020,53637100,0
2019,53637200,460
2020,53637200,451
2019,53637300,751
2020,53637300,735
2019,53638100,626
2020,53638100,613
2019,53638200,0
2020,53638200,0
2019,53638300,0
2020,53638300,0
2019,53638400,0
2020,53638400,0
2019,53639100,624
2020,53639100,611
2019,53639200,3299
2020,53639200,3230
2019,53640100,0
2020,53640100,0
2019,53640200,676
2020,53640200,662
2019,53640300,0
2020,53640300,0
2019,53640400,0
2020,53640400,0
2019,53641100,3553
2020,53641100,3479
2019,53641200,0
2020,53641200,0
2019,53642100,0
2020,53642100,0
2019,53642200,0
2020,53642200,0
2019,53643100,0
2020,53643100,0
2019,53643200,0
2020,53643200,0
2019,53643300,0
2020,53643300,0
2019,53644100,0
2020,53644100,0
2019,53644200,679
2020,53644200,665
2019,53644300,924
2020,53644300,905
2019,53644400,28
2020,53644400,28
2019,53645100,735
2020,53645100,719
2019,53645200,282
2020,53645200,276
2019,53645300,0
2020,53645300,0
2019,53645400,6
2020,53645400,6
2019,53646100,0
2020,53646100,0
2019,53646200,783
2020,53646200,767
2019,53647100,0
2020,53647100,0
2019,53647200,0
2020,53647200,0
2019,53647300,0
2020,53647300,0
2019,53647400,480
2020,53647400,470
2019,53647500,0
2020,53647500,0
2019,53647600,1401
2020,53647600,1372
2019,53647700,0
2020,53647700,0
2019,53648100,0
2020,53648100,0
2019,53648200,0
2020,53648200,0
2019,53648300,0
2020,53648300,0
2019,53648400,0
2020,53648400,0
2019,53649100,0
2020,53649100,0
2019,53649200,0
2020,53649200,0
2019,53649300,0
2020,53649300,0
2019,53649400,0
2020,53649400,0
2019,53650100,0
2020,53650100,0
2019,53650200,1548
2020,53650200,1516
2019,53650300,0
2020,53650300,0
2019,53650400,0
2020,53650400,0
2019,53650500,0
2020,53650500,0
2019,53650600,0
2020,53650600,0
2019,53651100,0
2020,53651100,0
2019,53651200,1001
2020,53651200,980
2019,53651300,0
2020,53651300,0
2019,53652100,0
2020,53652100,0
2019,53652200,0
2020,53652200,0
2019,53652300,0
2020,53652300,0
2019,53652400,0
2020,53652400,0
2019,53652500,0
2020,53652500,0
2019,53652600,0
2020,53652600,0
2019,53652700,0
2020,53652700,0
2019,53653100,0
2020,53653100,1
2019,53653200,0
2020,53653200,0
2019,53653300,0
2020,53653300,0
2019,53653400,0
2020,53653400,0
2019,53654100,576
2020,53654100,564
2019,53654200,449
2020,53654200,440
2019,53655100,0
2020,53655100,0
2019,53655200,0
2020,53655200,0
2019,53655300,0
2020,53655300,0
2019,53656100,0
2020,53656100,0
2019,53656200,0
2020,53656200,0
2019,53656300,0
2020,53656300,0
2019,53657100,1432
2020,53657100,1402
2019,53657200,0
2020,53657200,0
2019,53657300,0
2020,53657300,0
2019,53657400,0
2020,53657400,0
2019,53657500,0
2020,53657500,0
2019,53657600,0
2020,53657600,0
2019,53658100,0
2020,53658100,0
2019,53658200,0
2020,53658200,0
2019,53659100,1648
2020,53659100,1614
2019,53659200,598
2020,53659200,586
2019,53659300,0
2020,53659300,0
2019,53659400,0
2020,53659400,0
2019,53659500,0
2020,53659500,0
2019,53659600,0
2020,53659600,0
2019,53660100,0
2020,53660100,0
2019,53660200,458
2020,53660200,449
2019,53660300,754
2020,53660300,738
2019,53661100,0
2020,53661100,0
2019,53661200,0
2020,53661200,0
2019,53661300,916
2020,53661300,897
2019,53661400,491
2020,53661400,481
2019,53661500,742
2020,53661500,726
2019,53662100,0
2020,53662100,0
2019,53662200,0
2020,53662200,0
2019,53662300,0
2020,53662300,0
2019,53662400,0
2020,53662400,0
2019,53662500,0
2020,53662500,0
2019,53662600,0
2020,53662600,0
2019,53663100,0
2020,53663100,0
2019,53663200,0
2020,53663200,0
2019,53663300,0
2020,53663300,0
2019,53663400,696
2020,53663400,682
2019,53663500,0
2020,53663500,0
2019,53663600,0
2020,53663600,0
2019,53664100,0
2020,53664100,0
2019,53664200,567
2020,53664200,555
2019,53664300,0
2020,53664300,0
2019,53665100,470
2020,53665100,460
2019,53665200,436
2020,53665200,427
2019,53666100,764
2020,53666100,748
2019,53666200,0
2020,53666200,0
2019,53666300,773
2020,53666300,757
2019,53666400,0
2020,53666400,0
2019,53666500,0
2020,53666500,0
2019,53666600,0
2020,53666600,0
2019,53666700,0
2020,53666700,0
2019,53666800,0
2020,53666800,0
2019,53667100,0
2020,53667100,0
2019,53667200,0
2020,53667200,0
2019,53667300,0
2020,53667300,1
2019,53667400,0
2020,53667400,1
2019,53668100,0
2020,53668100,0
2019,53668200,0
2020,53668200,0
2019,53668300,96
2020,53668300,94
2019,53668400,493
2020,53668400,483
2019,53669100,0
2020,53669100,0
2019,53669200,0
2020,53669200,1
2019,53669300,0
2020,53669300,0
2019,53669400,0
2020,53669400,0
2019,53669500,0
2020,53669500,0
2019,53669600,0
2020,53669600,0
2019,53669700,0
2020,53669700,0
2019,53670100,0
2020,53670100,0
2019,53670200,3022
2020,53670200,2959
2019,53670300,0
2020,53670300,0
2019,53671100,0
2020,53671100,0
2019,53671200,0
2020,53671200,0
2019,53672100,0
2020,53672100,0
2019,53672200,0
2020,53672200,0
2019,53672300,0
2020,53672300,0
2019,53672400,0
2020,53672400,0
2019,53672500,0
2020,53672500,0
2019,53673100,0
2020,53673100,0
2019,53673200,0
2020,53673200,0
2019,53673300,0
2020,53673300,0
2019,53673400,0
2020,53673400,0
2019,53673500,0
2020,53673500,0
2019,53674100,0
2020,53674100,0
2019,53674200,22
2020,53674200,22
2019,53674300,6
2020,53674300,6
2019,53675100,0
2020,53675100,0
2019,53675200,500
2020,53675200,489
2019,53675300,0
2020,53675300,0
2019,53675400,0
2020,53675400,0
2019,53675500,0
2020,53675500,0
2019,53675600,0
2020,53675600,0
2019,53676100,106
2020,53676100,104
2019,53676200,1315
2020,53676200,1288
2019,53676300,0
2020,53676300,0
2019,53676400,0
2020,53676400,0
2019,53676500,17
2020,53676500,17
2019,53677100,568
2020,53677100,556
2019,53677200,792
2020,53677200,776
2019,53677300,0
2020,53677300,0
2019,53677400,439
2020,53677400,430
2019,53678100,196
2020,53678100,192
2019,53678200,507
2020,53678200,496
2019,53678300,629
2020,53678300,616
2019,53679100,0
2020,53679100,0
2019,53679200,597
2020,53679200,585
2019,53679300,0
2020,53679300,0
2019,53680100,0
2020,53680100,0
2019,53680200,0
2020,53680200,0
2019,53680300,0
2020,53680300,0
2019,53680400,0
2020,53680400,0
2019,53681100,0
2020,53681100,0
2019,53681200,0
2020,53681200,0
2019,53681300,1291
2020,53681300,1264
2019,53681400,0
2020,53681400,0
2019,53682100,0
2020,53682100,0
2019,53682200,0
2020,53682200,1
2019,53682300,0
2020,53682300,0
2019,53683100,647
2020,53683100,633
2019,53683200,0
2020,53683200,0
2019,53683300,0
2020,53683300,0
2019,53683400,0
2020,53683400,0
2019,53683500,0
2020,53683500,0
2019,53683600,0
2020,53683600,0
2019,53683700,0
2020,53683700,0
2019,53683800,0
2020,53683800,0
2019,53683900,2193
2020,53683900,2147
2019,53684100,477
2020,53684100,467
2019,53684200,535
2020,53684200,524
2019,53684300,896
2020,53684300,877
2019,53685100,0
2020,53685100,0
2019,53685200,0
2020,53685200,0
2019,53685300,0
2020,53685300,0
2019,53686100,0
2020,53686100,0
2019,53686200,71
2020,53686200,69
2019,53686300,0
2020,53686300,0
2019,53687100,0
2020,53687100,0
2019,53687200,0
2020,53687200,0
2019,53687300,0
2020,53687300,0
2019,53687400,0
2020,53687400,0
2019,53687500,0
2020,53687500,0
2019,53687600,0
2020,53687600,0
2019,53687700,0
2020,53687700,0
2019,53687800,0
2020,53687800,0
2019,53687900,0
2020,53687900,0
2019,53688100,0
2020,53688100,0
2019,53688200,0
2020,53688200,0
2019,53689100,19
2020,53689100,19
2019,53689200,1019
2020,53689200,998
2019,53689300,721
2020,53689300,705
2019,53689400,38
2020,53689400,37
2019,53690100,0
2020,53690100,0
2019,53690200,0
2020,53690200,0
2019,53691100,0
2020,53691100,0
2019,53691200,0
2020,53691200,0
2019,53691300,674
2020,53691300,660
2019,53692100,637
2020,53692100,623
2019,53692200,0
2020,53692200,1
2019,53692300,0
2020,53692300,0
2019,53692400,0
2020,53692400,0
2019,53693100,3420
2020,53693100,3348
2019,53693200,592
2020,53693200,580
2019,53693300,628
2020,53693300,615
2019,53694100,0
2020,53694100,0
2019,53694200,0
2020,53694200,0
2019,53694300,0
2020,53694300,0
2019,53694400,0
2020,53694400,1
2019,53694500,0
2020,53694500,0
2019,53695100,966
2020,53695100,946
2019,53695200,0
2020,53695200,0
2019,53696100,0
2020,53696100,0
2019,53697100,1265
2020,53697100,1238
2019,53697200,3574
2020,53697200,3498
2019,53697300,933
2020,53697300,913
2019,53698100,0
2020,53698100,0
2019,53698200,0
2020,53698200,0
2019,53699100,0
2020,53699100,0
2019,53699200,0
2020,53699200,0
2019,53699300,0
2020,53699300,0
2019,53700100,0
2020,53700100,0
2019,53700200,0
2020,53700200,0
2019,53700300,0
2020,53700300,0
2019,53700400,0
2020,53700400,0
2019,53700500,0
2020,53700500,0
2019,53701100,0
2020,53701100,0
2019,53701200,567
2020,53701200,555
2019,53702100,0
2020,53702100,0
2019,53702200,0
2020,53702200,0
2019,53702300,0
2020,53702300,0
2019,53702400,0
2020,53702400,0
2019,53703100,0
2020,53703100,0
2019,53703200,1067
2020,53703200,1044
2019,53703300,12
2020,53703300,12
2019,53703400,0
2020,53703400,2
2019,53704100,0
2020,53704100,0
2019,53704200,0
2020,53704200,0
2019,53704300,0
2020,53704300,0
2019,53704400,0
2020,53704400,0
2019,53705100,3615
2020,53705100,3539
2019,53705200,1909
2020,53705200,1870
2019,53706100,0
2020,53706100,0
2019,53706200,0
2020,53706200,0
2019,53706300,0
2020,53706300,0
2019,53707100,0
2020,53707100,0
2019,53708100,37
2020,53708100,36
2019,53708200,523
2020,53708200,512
2019,53709100,1715
2020,53709100,1679
2019,53709200,0
2020,53709200,0
2019,53710100,619
2020,53710100,606
2019,53710200,0
2020,53710200,0
2019,53710300,2158
2020,53710300,2113
2019,53710400,0
2020,53710400,0
2019,53711100,2122
2020,53711100,2078
2019,53711200,0
2020,53711200,0
2019,53712100,1409
2020,53712100,1379
2019,53712200,324
2020,53712200,317
2019,53713100,0
2020,53713100,0
2019,53713200,0
2020,53713200,0
2019,53714100,0
2020,53714100,0
2019,53714200,503
2020,53714200,492
2019,53714300,911
2020,53714300,892
2019,53715100,1165
2020,53715100,1140
2019,53715200,514
2020,53715200,503
2019,53715300,0
2020,53715300,0
2019,53716100,0
2020,53716100,0
2019,53716200,1332
2020,53716200,1304
2019,53716300,442
2020,53716300,433
2019,53716400,0
2020,53716400,0
2019,53717100,0
2020,53717100,0
2019,53717200,660
2020,53717200,646
2019,53717300,817
2020,53717300,800
2019,53718100,0
2020,53718100,0
2019,53718200,0
2020,53718200,0
2019,53718300,2541
2020,53718300,2488
2019,53718400,0
2020,53718400,0
2019,53719100,498
2020,53719100,487
2019,53719200,480
2020,53719200,470
2019,53719300,0
2020,53719300,0
2019,53719400,454
2020,53719400,445
2019,53719500,442
2020,53719500,433
2019,53720100,0
2020,53720100,0
2019,53720200,552
2020,53720200,540
2019,53720300,0
2020,53720300,0
2019,53720400,0
2020,53720400,0
2019,53720500,858
2020,53720500,840
2019,53720600,0
2020,53720600,0
2019,53721100,0
2020,53721100,0
2019,53721200,0
2020,53721200,0
2019,53721300,0
2020,53721300,0
2019,53722100,757
2020,53722100,741
2019,53722200,562
2020,53722200,550
2019,53722300,0
2020,53722300,0
2019,53723100,0
2020,53723100,0
2019,53723200,0
2020,53723200,0
2019,53723300,452
2020,53723300,443
2019,53724100,2278
2020,53724100,2230
2019,53724200,0
2020,53724200,0
2019,53724300,0
2020,53724300,0
2019,53725100,0
2020,53725100,0
2019,53725200,636
2020,53725200,622
2019,53725300,0
2020,53725300,0
2019,53725400,3045
2020,53725400,2981
2019,53726100,0
2020,53726100,0
2019,53726200,0
2020,53726200,0
2019,53726300,0
2020,53726300,0
2019,53726400,0
2020,53726400,0
2019,53726500,768
2020,53726500,752
2019,53727100,0
2020,53727100,0
2019,53727200,1770
2020,53727200,1733
2019,53727300,0
2020,53727300,0
2019,53728100,524
2020,53728100,513
2019,53728200,1114
2020,53728200,1091
2019,53728300,0
2020,53728300,0
2019,53728400,3508
2020,53728400,3434
2019,53728500,0
2020,53728500,0
2019,53729100,0
2020,53729100,0
2019,53729200,0
2020,53729200,0
2019,53729300,0
2020,53729300,0
2019,53730100,0
2020,53730100,0
2019,53730200,1208
2020,53730200,1183
2019,53730300,0
2020,53730300,0
2019,53731100,0
2020,53731100,0
2019,53731200,750
2020,53731200,734
2019,53731300,0
2020,53731300,0
2019,53732100,486
2020,53732100,476
2019,53732200,0
2020,53732200,0
2019,53732300,636
2020,53732300,622
2019,53733100,1597
2020,53733100,1563
2019,53733200,766
2020,53733200,750
2019,53733300,3118
2020,53733300,3053
2019,53733400,0
2020,53733400,0
2019,53733500,0
2020,53733500,0
2019,53734100,0
2020,53734100,0
2019,53734200,0
2020,53734200,0
2019,53734300,0
2020,53734300,0
2019,53734400,0
2020,53734400,0
2019,53735100,0
2020,53735100,0
2019,53735200,162
2020,53735200,159
2019,53735300,1418
2020,53735300,1388
2019,53735400,0
2020,53735400,0
2019,53735500,0
2020,53735500,0
2019,53735600,0
2020,53735600,0
2019,53735700,0
2020,53735700,0
2019,53736100,989
2020,53736100,968
2019,53736200,604
2020,53736200,591
2019,53737100,643
2020,53737100,629
2019,53737200,590
2020,53737200,578
2019,53738100,402
2020,53738100,393
2019,53738200,63
2020,53738200,61
2019,53738300,0
2020,53738300,0
2019,53739100,30
2020,53739100,30
2019,53739200,662
2020,53739200,648
2019,53739300,0
2020,53739300,0
2019,53739400,0
2020,53739400,1
2019,53740100,1101
2020,53740100,1078
2019,53740200,419
2020,53740200,410
2019,53740300,557
2020,53740300,545
2019,53741100,0
2020,53741100,0
2019,53741200,2378
2020,53741200,2328
2019,53741300,0
2020,53741300,0
2019,53741400,0
2020,53741400,0
2019,53741500,0
2020,53741500,0
2019,53742100,0
2020,53742100,0
2019,53742200,608
2020,53742200,595
2019,53743100,0
2020,53743100,0
2019,53743200,0
2020,53743200,0
2019,53743300,0
2020,53743300,0
2019,53743400,960
2020,53743400,940
2019,53743500,0
2020,53743500,1
2019,53743600,0
2020,53743600,2
2019,53744100,0
2020,53744100,0
2019,53744200,971
2020,53744200,951
2019,53744300,24
2020,53744300,24
2019,53744400,692
2020,53744400,678
2019,53744500,0
2020,53744500,0
2019,53744600,0
2020,53744600,0
2019,53745100,636
2020,53745100,622
2019,53745200,0
2020,53745200,0
2019,53745300,0
2020,53745300,0
2019,53746100,1206
2020,53746100,1181
2019,53746200,570
2020,53746200,558
2019,53746300,355
2020,53746300,348
2019,53747100,0
2020,53747100,0
2019,53747200,0
2020,53747200,0
2019,53747300,0
2020,53747300,0
2019,53748100,0
2020,53748100,0
2019,53748200,0
2020,53748200,0
2019,53748300,0
2020,53748300,0
2019,53748400,0
2020,53748400,0
2019,53748500,2071
2020,53748500,2028
2019,53748600,0
2020,53748600,0
2019,53748700,0
2020,53748700,0
2019,53748800,617
2020,53748800,604
2019,53748900,140
2020,53748900,137
2019,53749100,0
2020,53749100,0
2019,53749200,730
2020,53749200,714
2019,53749300,0
2020,53749300,0
2019,53750100,0
2020,53750100,0
2019,53750200,1995
2020,53750200,1954
2019,53750300,0
2020,53750300,0
2019,53751100,581
2020,53751100,569
2019,53751200,2441
2020,53751200,2390
2019,53751300,563
2020,53751300,551
2019,53752100,871
2020,53752100,853
2019,53752200,337
2020,53752200,330
2019,53752300,771
2020,53752300,755
2019,53753100,0
2020,53753100,0
2019,53753200,0
2020,53753200,0
2019,53753300,0
2020,53753300,0
2019,53753400,0
2020,53753400,0
2019,53754100,0
2020,53754100,0
2019,53754200,0
2020,53754200,0
2019,53754300,0
2020,53754300,0
2019,53754400,0
2020,53754400,0
2019,53755100,0
2020,53755100,0
2019,53755200,0
2020,53755200,0
2019,53756100,858
2020,53756100,840
2019,53756200,581
2020,53756200,569
2019,53757100,8
2020,53757100,8
2019,53757200,2243
2020,53757200,2197
2019,53757300,0
2020,53757300,0
2019,53757400,0
2020,53757400,1
2019,53757500,0
2020,53757500,0
2019,53758100,0
2020,53758100,0
2019,53758200,3576
2020,53758200,3500
2019,53759100,1107
2020,53759100,1084
2019,53759200,1023
2020,53759200,1002
2019,53759300,621
2020,53759300,608
2019,53759400,422
2020,53759400,413
2019,53759500,0
2020,53759500,0
2019,53759600,0
2020,53759600,0
2019,53759700,0
2020,53759700,0
2019,53760100,0
2020,53760100,0
2019,53760200,0
2020,53760200,0
2019,53760300,0
2020,53760300,0
2019,53761100,0
2020,53761100,0
2019,53761200,557
2020,53761200,545
2019,53761300,0
2020,53761300,0
2019,53762100,0
2020,53762100,0
2019,53763100,0
2020,53763100,0
2019,53763200,0
2020,53763200,0
2019,53763300,0
2020,53763300,0
2019,53764100,0
2020,53764100,0
2019,53764200,0
2020,53764200,0
2019,53764300,0
2020,53764300,0
2019,53764400,0
2020,53764400,0
2019,53764500,559
2020,53764500,547
2019,53764600,0
2020,53764600,0
2019,53764700,1121
2020,53764700,1098
2019,53764800,678
2020,53764800,664
2019,53764900,0
2020,53764900,0
2019,53765100,252
2020,53765100,247
2019,53765200,2599
2020,53765200,2545
2019,53766100,588
2020,53766100,576
2019,53766200,1319
2020,53766200,1291
2019,53766300,1059
2020,53766300,1037
2019,53767100,1466
2020,53767100,1436
2019,53767200,0
2020,53767200,0
2019,53767300,2827
2020,53767300,2768
2019,53768100,0
2020,53768100,0
2019,53768200,535
2020,53768200,524
2019,53768300,596
2020,53768300,584
2019,53769100,0
2020,53769100,0
2019,53769200,0
2020,53769200,0
2019,53769300,0
2020,53769300,0
2019,53769400,0
2020,53769400,0
2019,53770100,0
2020,53770100,0
2019,53770200,1836
2020,53770200,1797
2019,53770300,0
2020,53770300,0
2019,53771100,0
2020,53771100,0
2019,53771200,456
2020,53771200,447
2019,53771300,0
2020,53771300,0
2019,53772100,0
2020,53772100,0
2019,53772200,0
2020,53772200,0
2019,53773100,0
2020,53773100,0
2019,53773200,0
2020,53773200,0
2019,53774100,0
2020,53774100,0
2019,53774200,0
2020,53774200,0
2019,53774300,0
2020,53774300,0
2019,53774400,0
2020,53774400,0
2019,53774500,569
2020,53774500,557
2019,53775100,0
2020,53775100,0
2019,53775200,0
2020,53775200,0
2019,53775300,0
2020,53775300,0
2019,53775400,0
2020,53775400,0
2019,53776100,0
2020,53776100,0
2019,53776200,554
2020,53776200,542
2019,53777100,0
2020,53777100,0
2019,53778100,634
2020,53778100,621
2019,53778200,682
2020,53778200,668
2019,53778300,90
2020,53778300,88
2019,53778400,0
2020,53778400,0
2019,53779100,0
2020,53779100,0
2019,53779200,1514
2020,53779200,1482
2019,53779300,0
2020,53779300,0
2019,53780100,801
2020,53780100,785
2019,53780200,664
2020,53780200,650
2019,53780300,0
2020,53780300,0
2019,53781100,0
2020,53781100,0
2019,53782100,0
2020,53782100,0
2019,53782200,0
2020,53782200,0
2019,53782300,1551
2020,53782300,1519
2019,53783100,1247
2020,53783100,1221
2019,53783200,0
2020,53783200,0
2019,53784100,419
2020,53784100,410
2019,53784200,0
2020,53784200,0
2019,53784300,0
2020,53784300,0
2019,53784400,0
2020,53784400,0
2019,53784500,423
2020,53784500,414
2019,53784600,0
2020,53784600,0
2019,53784700,1111
2020,53784700,1088
2019,53785100,683
2020,53785100,669
2019,53785200,0
2020,53785200,0
2019,53786100,549
2020,53786100,537
2019,53786200,0
2020,53786200,0
2019,53786300,3025
2020,53786300,2962
2019,53786400,1079
2020,53786400,1056
2019,53786500,912
2020,53786500,893
2019,53786600,0
2020,53786600,0
2019,53787100,0
2020,53787100,0
2019,53788100,0
2020,53788100,0
2019,53788200,993
2020,53788200,972
2019,53789100,0
2020,53789100,0
2019,53789200,566
2020,53789200,554
2019,53789300,0
2020,53789300,0
2019,53790100,0
2020,53790100,0
2019,53790200,414
2020,53790200,405
2019,53790300,0
2020,53790300,0
2019,53790400,0
2020,53790400,0
2019,53790500,0
2020,53790500,0
2019,53790600,0
2020,53790600,0
2019,53790700,0
2020,53790700,0
2019,53790800,0
2020,53790800,0
2019,53791100,1970
2020,53791100,1929
2019,53791200,128
2020,53791200,125
2019,53792100,0
2020,53792100,0
2019,53792200,0
2020,53792200,0
2019,53792300,1576
2020,53792300,1543
2019,53793100,0
2020,53793100,0
2019,53793200,0
2020,53793200,0
2019,53793300,0
2020,53793300,0
2019,53793400,0
2020,53793400,0
2019,53794100,694
2020,53794100,680
2019,53794200,0
2020,53794200,0
2019,53794300,559
2020,53794300,547
2019,53794400,0
2020,53794400,0
2019,53795100,458
2020,53795100,449
2019,53795200,407
2020,53795200,398
2019,53795300,495
2020,53795300,484
2019,53795400,393
2020,53795400,384
2019,53795500,0
2020,53795500,0
2019,53796100,0
2020,53796100,0
2019,53796200,0
2020,53796200,0
2019,53796300,820
2020,53796300,803
2019,53796400,0
2020,53796400,0
2019,53796500,0
2020,53796500,0
2019,53797100,0
2020,53797100,0
2019,53797200,23
2020,53797200,23
2019,53797300,0
2020,53797300,0
2019,53798100,875
2020,53798100,857
2019,53798200,818
2020,53798200,801
2019,53798300,0
2020,53798300,0
2019,53798400,0
2020,53798400,0
2019,53798500,0
2020,53798500,0
2019,53799100,0
2020,53799100,0
2019,53799200,0
2020,53799200,0
2019,53800100,517
2020,53800100,506
2019,53800200,0
2020,53800200,0
2019,53800300,0
2020,53800300,0
2019,53800400,0
2020,53800400,0
2019,53801100,0
2020,53801100,0
2019,53802100,0
2020,53802100,0
2019,53802200,523
2020,53802200,512
2019,53802300,0
2020,53802300,0
2019,53802400,0
2020,53802400,0
2019,53803100,1528
2020,53803100,1496
2019,53803200,0
2020,53803200,0
2019,53803300,780
2020,53803300,764
2019,53803400,533
2020,53803400,522
2019,53804100,0
2020,53804100,0
2019,53804200,0
2020,53804200,0
2019,53804300,166
2020,53804300,162
2019,53804400,0
2020,53804400,0
2019,53804500,1248
2020,53804500,1222
2019,53804600,0
2020,53804600,0
2019,53805100,854
2020,53805100,836
2019,53805200,0
2020,53805200,0
2019,53806100,0
2020,53806100,0
2019,53806200,827
2020,53806200,809
2019,53806300,0
2020,53806300,0
2019,53807100,0
2020,53807100,0
2019,53807200,0
2020,53807200,0
2019,53807300,0
2020,53807300,0
2019,53807400,0
2020,53807400,0
2019,53807500,0
2020,53807500,0
2019,53807600,0
2020,53807600,0
2019,53808100,0
2020,53808100,0
2019,53808200,0
2020,53808200,0
2019,53808300,0
2020,53808300,0
2019,53809100,11
2020,53809100,11
2019,53809200,552
2020,53809200,540
2019,53810100,0
2020,53810100,0
2019,53810200,560
2020,53810200,548
2019,53810300,0
2020,53810300,0
2019,53810400,198
2020,53810400,194
2019,53810500,0
2020,53810500,0
2019,53811100,0
2020,53811100,0
2019,53811200,515
2020,53811200,504
2019,53812100,0
2020,53812100,0
2019,53812200,0
2020,53812200,0
2019,53813100,0
2020,53813100,0
2019,53813200,0
2020,53813200,0
2019,53813300,0
2020,53813300,0
2019,53814100,0
2020,53814100,0
2019,53814200,0
2020,53814200,0
2019,53814300,491
2020,53814300,481
2019,53814400,0
2020,53814400,0
2019,53814500,0
2020,53814500,0
2019,53815100,3562
2020,53815100,3486
2019,53815200,0
2020,53815200,0
2019,53816100,0
2020,53816100,0
2019,53816200,1229
2020,53816200,1204
2019,53816300,599
2020,53816300,587
2019,53816400,0
2020,53816400,0
2019,53817100,0
2020,53817100,0
2019,53817200,689
2020,53817200,675
2019,53817300,0
2020,53817300,0
2019,53818100,0
2020,53818100,0
2019,53818200,0
2020,53818200,0
2019,53818300,424
2020,53818300,415
2019,53819100,0
2020,53819100,0
2019,53819200,0
2020,53819200,0
2019,53819300,554
2020,53819300,542
2019,53820100,579
2020,53820100,567
2019,53820200,701
2020,53820200,687
2019,53821100,1870
2020,53821100,1831
2019,53822100,0
2020,53822100,0
2019,53822200,513
2020,53822200,502
2019,53822300,0
2020,53822300,0
2019,53822400,669
2020,53822400,655
2019,53822500,0
2020,53822500,0
2019,53823100,1753
2020,53823100,1716
2019,53823200,0
2020,53823200,0
2019,53823300,0
2020,53823300,0
2019,53824100,166
2020,53824100,162
2019,53824200,0
2020,53824200,0
2019,53824300,1099
2020,53824300,1076
2019,53824400,0
2020,53824400,0
2019,53824500,0
2020,53824500,0
2019,53824600,0
2020,53824600,0
2019,53824700,0
2020,53824700,0
2019,53824800,0
2020,53824800,0
2019,53825100,0
2020,53825100,0
2019,53825200,0
2020,53825200,0
2019,53825300,0
2020,53825300,0
2019,53826100,0
2020,53826100,0
2019,53827100,0
2020,53827100,0
2019,53827200,76
2020,53827200,74
2019,53827300,0
2020,53827300,0
2019,53827400,436
2020,53827400,427
2019,53827500,345
2020,53827500,338
2019,53828100,0
2020,53828100,0
2019,53828200,361
2020,53828200,354
2019,53828300,0
2020,53828300,0
2019,53828400,1189
2020,53828400,1164
2019,53828500,355
2020,53828500,348
2019,53828600,0
2020,53828600,0
2019,53829100,560
2020,53829100,548
2019,53829200,855
2020,53829200,837
2019,53829300,0
2020,53829300,0
2019,53830100,0
2020,53830100,0
2019,53831100,701
2020,53831100,687
2019,53831200,0
2020,53831200,0
2019,53831300,555
2020,53831300,543
2019,53831400,0
2020,53831400,0
2019,53831500,0
2020,53831500,0
2019,53831600,0
2020,53831600,0
2019,53832100,1396
2020,53832100,1367
2019,53832200,0
2020,53832200,0
2019,53832300,704
2020,53832300,690
2019,53832400,0
2020,53832400,0
2019,53833100,0
2020,53833100,0
2019,53833200,0
2020,53833200,0
2019,53834100,0
2020,53834100,0
2019,53834200,0
2020,53834200,0
2019,53834300,0
2020,53834300,0
2019,53834400,401
2020,53834400,392
2019,53834500,18
2020,53834500,18
2019,53834600,0
2020,53834600,0
2019,53834700,0
2020,53834700,0
2019,53835100,1670
2020,53835100,1635
2019,53835200,604
2020,53835200,591
2019,53835300,0
2020,53835300,0
2019,53835400,0
2020,53835400,0
2019,53835500,0
2020,53835500,0
2019,53835600,341
2020,53835600,334
2019,53835700,0
2020,53835700,0
2019,53836100,0
2020,53836100,0
2019,53836200,0
2020,53836200,0
2019,53836300,2105
2020,53836300,2061
2019,53836400,0
2020,53836400,0
2019,53837100,0
2020,53837100,0
2019,53837200,649
2020,53837200,635
2019,53837300,477
2020,53837300,467
2019,53838100,0
2020,53838100,0
2019,53838200,0
2020,53838200,0
2019,53838300,0
2020,53838300,0
2019,53838400,0
2020,53838400,0
2019,53838500,0
2020,53838500,0
2019,53838600,0
2020,53838600,0
2019,53839100,0
2020,53839100,0
2019,53839200,673
2020,53839200,659
2019,53839300,0
2020,53839300,0
2019,53840100,2318
2020,53840100,2270
2019,53840200,1202
2020,53840200,1177
2019,53840300,0
2020,53840300,0
2019,53840400,0
2020,53840400,0
2019,53841100,568
2020,53841100,556
2019,53841200,0
2020,53841200,0
2019,53841300,0
2020,53841300,0
2019,53841400,65
2020,53841400,63
2019,53842100,0
2020,53842100,0
2019,53842200,1739
2020,53842200,1703
2019,53842300,0
2020,53842300,0
2019,53842400,1167
2020,53842400,1142
2019,53842500,0
2020,53842500,0
2019,53843100,0
2020,53843100,0
2019,53843200,733
2020,53843200,717
2019,53844100,1983
2020,53844100,1942
2019,53844200,18
2020,53844200,18
2019,53845100,0
2020,53845100,0
2019,53845200,598
2020,53845200,586
2019,53845300,23
2020,53845300,23
2019,53845400,534
2020,53845400,523
2019,53845500,0
2020,53845500,0
2019,53845600,0
2020,53845600,0
2019,53846100,0
2020,53846100,0
2019,53846200,0
2020,53846200,0
2019,53847100,345
2020,53847100,338
2019,53847200,0
2020,53847200,0
2019,53848100,0
2020,53848100,0
2019,53848200,478
2020,53848200,468
2019,53848300,0
2020,53848300,2
2019,53849100,0
2020,53849100,0
2019,53849200,0
2020,53849200,0
2019,53849300,0
2020,53849300,0
2019,53849400,0
2020,53849400,0
2019,53850100,72
2020,53850100,70
2019,53850200,0
2020,53850200,0
2019,53850300,0
2020,53850300,0
2019,53850400,0
2020,53850400,0
2019,53850500,490
2020,53850500,480
2019,53851100,747
2020,53851100,731
2019,53851200,1645
2020,53851200,1611
2019,53851300,678
2020,53851300,664
2019,53851400,2886
2020,53851400,2826
2019,53851500,0
2020,53851500,0
2019,53852100,0
2020,53852100,0
2019,53852200,0
2020,53852200,0
2019,53852300,0
2020,53852300,0
2019,53852400,461
2020,53852400,452
2019,53853100,0
2020,53853100,0
2019,53853200,0
2020,53853200,0
2019,53853300,1047
2020,53853300,1025
2019,53854100,0
2020,53854100,0
2019,53854200,0
2020,53854200,0
2019,53855100,0
2020,53855100,0
2019,53855200,0
2020,53855200,0
2019,53856100,794
2020,53856100,778
2019,53856200,0
2020,53856200,0
2019,53856300,0
2020,53856300,0
2019,53856400,0
2020,53856400,0
2019,53857100,0
2020,53857100,0
2019,53857200,320
2020,53857200,313
2019,53857300,0
2020,53857300,0
2019,53858100,0
2020,53858100,0
2019,53858200,0
2020,53858200,0
2019,53859100,0
2020,53859100,0
2019,53859200,0
2020,53859200,0
2019,53860100,0
2020,53860100,0
2019,53860200,0
2020,53860200,0
2019,53860300,0
2020,53860300,0
2019,53861100,0
2020,53861100,0
2019,53861200,0
2020,53861200,0
2019,53861300,0
2020,53861300,0
2019,53861400,557
2020,53861400,545
2019,53862100,0
2020,53862100,0
2019,53862200,0
2020,53862200,0
2019,53862300,0
2020,53862300,0
2019,53862400,50
2020,53862400,49
2019,53863100,0
2020,53863100,0
2019,53864100,0
2020,53864100,0
2019,53864200,960
2020,53864200,940
2019,53864300,0
2020,53864300,0
2019,53864400,0
2020,53864400,0
2019,53864500,0
2020,53864500,0
2019,53865100,0
2020,53865100,0
2019,53866100,713
2020,53866100,698
2019,53866200,0
2020,53866200,0
2019,53866300,788
2020,53866300,772
2019,53866400,12
2020,53866400,12
2019,53866500,0
2020,53866500,0
2019,53867100,0
2020,53867100,0
2019,53868100,0
2020,53868100,0
2019,53868200,0
2020,53868200,0
2019,53868300,0
2020,53868300,0
2019,53868400,0
2020,53868400,0
2019,53868500,0
2020,53868500,0
2019,53869100,318
2020,53869100,311
2019,53870100,0
2020,53870100,0
2019,53871100,0
2020,53871100,0
2019,53871200,0
2020,53871200,0
2019,53871300,225
2020,53871300,220
2019,53871400,550
2020,53871400,538
2019,53871500,0
2020,53871500,0
2019,53871600,0
2020,53871600,0
2019,53871700,0
2020,53871700,0
2019,53872100,0
2020,53872100,0
2019,53872200,14
2020,53872200,14
2019,53872300,0
2020,53872300,0
2019,53873100,478
2020,53873100,468
2019,53874100,0
2020,53874100,0
2019,53874200,0
2020,53874200,0
2019,53874300,0
2020,53874300,0
2019,53874400,0
2020,53874400,0
2019,53874500,0
2020,53874500,0
2019,53875100,70
2020,53875100,68
2019,53875200,0
2020,53875200,0
2019,53876100,0
2020,53876100,0
2019,53876200,44
2020,53876200,43
2019,53876300,0
2020,53876300,0
2019,53876400,0
2020,53876400,0
2019,53876500,0
2020,53876500,0
2019,53876600,0
2020,53876600,0
2019,53876700,1081
2020,53876700,1058
2019,53876800,0
2020,53876800,0
2019,53876900,0
2020,53876900,0
2019,53877100,0
2020,53877100,0
2019,53878100,9
2020,53878100,9
2019,53878200,266
2020,53878200,261
2019,53879100,0
2020,53879100,0
2019,53879200,0
2020,53879200,0
2019,53879300,99
2020,53879300,97
2019,53880100,0
2020,53880100,0
2019,53880200,0
2020,53880200,0
2019,53881100,0
2020,53881100,0
2019,53881200,1237
2020,53881200,1211
2019,53881300,0
2020,53881300,0
2019,53882100,31
2020,53882100,31
2019,53883100,0
2020,53883100,0
2019,53884100,0
2020,53884100,0
2019,53884200,131
2020,53884200,128
2019,53885100,0
2020,53885100,0
2019,53885200,0
2020,53885200,0
2019,53886100,0
2020,53886100,0
2019,53887100,0
2020,53887100,0
2019,53887200,470
2020,53887200,460
2019,53888100,0
2020,53888100,0
2019,53889100,0
2020,53889100,0
2019,53889200,0
2020,53889200,0
2019,53889300,0
2020,53889300,0
2019,53889400,140
2020,53889400,137
2019,53890100,0
2020,53890100,0
2019,53891100,0
2020,53891100,0
2019,53892100,3166
2020,53892100,3099
2019,53892200,1061
2020,53892200,1039
2019,53893100,116
2020,53893100,114
2019,53893200,0
2020,53893200,0
2019,53893300,0
2020,53893300,0
2019,53893400,0
2020,53893400,0
2019,53894100,0
2020,53894100,0
2019,53894200,0
2020,53894200,0
2019,53895100,0
2020,53895100,0
2019,53895200,0
2020,53895200,0
2019,53895300,0
2020,53895300,0
2019,53895400,0
2020,53895400,0
2019,53895500,0
2020,53895500,0
2019,53896100,0
2020,53896100,0
2019,53896200,0
2020,53896200,0
2019,53897100,0
2020,53897100,0
2019,53897200,0
2020,53897200,1
2019,53898100,701
2020,53898100,687
2019,53898200,0
2020,53898200,0
2019,53898300,0
2020,53898300,2
2019,53899100,970
2020,53899100,950
2019,53899200,1218
2020,53899200,1193
2019,53899300,0
2020,53899300,0
2019,53899400,0
2020,53899400,0
2019,53899500,0
2020,53899500,0
2019,53899600,0
2020,53899600,0
2019,53899700,0
2020,53899700,0
2019,53899800,0
2020,53899800,2
2019,53900100,0
2020,53900100,0
2019,53900200,1784
2020,53900200,1747
2019,53900300,0
2020,53900300,0
2019,53900400,0
2020,53900400,0
2019,53901100,0
2020,53901100,0
2019,53901200,0
2020,53901200,0
2019,53901300,0
2020,53901300,0
2019,53901400,0
2020,53901400,0
2019,53902100,0
2020,53902100,0
2019,53902200,0
2020,53902200,0
2019,53902300,337
2020,53902300,330
2019,53902400,0
2020,53902400,1
2019,53903100,0
2020,53903100,0
2019,53903200,0
2020,53903200,0
2019,53903300,0
2020,53903300,0
2019,53903400,1313
2020,53903400,1286
2019,53903500,0
2020,53903500,0
2019,53904100,0
2020,53904100,0
2019,53904200,0
2020,53904200,0
2019,53905100,0
2020,53905100,0
2019,53905200,0
2020,53905200,0
2019,53905300,0
2020,53905300,0
2019,53906100,0
2020,53906100,0
2019,53907100,0
2020,53907100,0
2019,53907200,0
2020,53907200,0
2019,53908100,0
2020,53908100,0
2019,53908200,0
2020,53908200,0
2019,53908300,0
2020,53908300,0
2019,53909100,0
2020,53909100,0
2019,53909200,0
2020,53909200,0
2019,53909300,1912
2020,53909300,1873
2019,53909400,0
2020,53909400,0
2019,53910100,0
2020,53910100,0
2019,53910200,1666
2020,53910200,1631
2019,53910300,2546
2020,53910300,2493
2019,53910400,2078
2020,53910400,2035
2019,53910500,0
2020,53910500,0
2019,53911100,0
2020,53911100,0
2019,53911200,1734
2020,53911200,1698
2019,53911300,3453
2020,53911300,3380
2019,53911400,617
2020,53911400,604
2019,53912100,0
2020,53912100,0
2019,53912200,227
2020,53912200,222
2019,53912300,0
2020,53912300,0
2019,53913100,669
2020,53913100,655
2019,53913200,2746
2020,53913200,2689
2019,53913300,0
2020,53913300,0
2019,53914100,0
2020,53914100,0
2019,53914200,350
2020,53914200,343
2019,53914300,0
2020,53914300,0
2019,53915100,0
2020,53915100,0
2019,53915200,1121
2020,53915200,1098
2019,53916100,0
2020,53916100,0
2019,53916200,0
2020,53916200,0
2019,53916300,0
2020,53916300,0
2019,53917100,0
2020,53917100,0
2019,53917200,0
2020,53917200,0
2019,53917300,0
2020,53917300,0
2019,53917400,0
2020,53917400,0
2019,53917500,0
2020,53917500,0
2019,53917600,0
2020,53917600,0
2019,53917700,0
2020,53917700,0
2019,53918100,0
2020,53918100,0
2019,53918200,0
2020,53918200,0
2019,53918300,3000
2020,53918300,2938
2019,53919100,2024
2020,53919100,1982
2019,53919200,919
2020,53919200,900
2019,53920100,910
2020,53920100,891
2019,53920200,253
2020,53920200,248
2019,53921100,0
2020,53921100,0
2019,53921200,14
2020,53921200,14
2019,53921300,700
2020,53921300,686
2019,53921400,842
2020,53921400,824
2019,53922100,0
2020,53922100,0
2019,53922200,0
2020,53922200,0
2019,53922300,0
2020,53922300,0
2019,53922400,0
2020,53922400,0
2019,53922500,1582
2020,53922500,1549
2019,53923100,1707
2020,53923100,1671
2019,53923200,0
2020,53923200,0
2019,53923300,0
2020,53923300,0
2019,53923400,679
2020,53923400,665
2019,53923500,0
2020,53923500,0
2019,53923600,0
2020,53923600,0
2019,53924100,0
2020,53924100,0
2019,53924200,0
2020,53924200,0
2019,53925100,0
2020,53925100,0
2019,53925200,0
2020,53925200,0
2019,53925300,54
2020,53925300,53
2019,53925400,463
2020,53925400,454
2019,53926100,0
2020,53926100,0
2019,53926200,0
2020,53926200,0
2019,53926300,2722
2020,53926300,2665
2019,53927100,0
2020,53927100,0
2019,53927200,0
2020,53927200,0
2019,53927300,30
2020,53927300,30
2019,53927400,0
2020,53927400,0
2019,53927500,828
2020,53927500,810
2019,53928100,979
2020,53928100,958
2019,53928200,0
2020,53928200,0
2019,53928300,0
2020,53928300,0
2019,53929100,0
2020,53929100,0
2019,53929200,0
2020,53929200,0
2019,53929300,0
2020,53929300,0
2019,53929400,964
2020,53929400,944
2019,53929500,0
2020,53929500,0
2019,53929600,0
2020,53929600,0
2019,53930100,269
2020,53930100,264
2019,53930200,0
2020,53930200,0
2019,53931100,0
2020,53931100,0
2019,53931200,3055
2020,53931200,2991
2019,53931300,1105
2020,53931300,1082
2019,53931400,0
2020,53931400,0
2019,53932100,0
2020,53932100,0
2019,53932200,1592
2020,53932200,1558
2019,53932300,851
2020,53932300,833
2019,53933100,296
2020,53933100,289
2019,53933200,0
2020,53933200,0
2019,53933300,2781
2020,53933300,2723
2019,53933400,0
2020,53933400,0
2019,53934100,1758
2020,53934100,1721
2019,53934200,0
2020,53934200,0
2019,53934300,838
2020,53934300,820
2019,53935100,975
2020,53935100,955
2019,53935200,0
2020,53935200,0
2019,53936100,2535
2020,53936100,2482
2019,53937100,0
2020,53937100,0
2019,53937200,0
2020,53937200,0
2019,53938100,0
2020,53938100,0
2019,53938200,0
2020,53938200,0
2019,53938300,0
2020,53938300,0
2019,53938400,0
2020,53938400,0
2019,53938500,0
2020,53938500,0
2019,53938600,0
2020,53938600,0
2019,53938700,0
2020,53938700,0
2019,53938800,0
2020,53938800,1
2019,53938900,0
2020,53938900,0
2019,53939100,0
2020,53939100,0
2019,53939200,0
2020,53939200,0
2019,53940100,0
2020,53940100,0
2019,53940200,742
2020,53940200,726
2019,53941100,0
2020,53941100,0
2019,53941200,736
2020,53941200,720
2019,53942100,1857
2020,53942100,1818
2019,53942200,1912
2020,53942200,1873
2019,53943100,2060
2020,53943100,2017
2019,53943200,0
2020,53943200,0
2019,53944100,1277
2020,53944100,1250
2019,53944200,0
2020,53944200,0
2019,53944300,2567
2020,53944300,2514
2019,53944400,0
2020,53944400,0
2019,53944500,0
2020,53944500,0
2019,53944600,0
2020,53944600,0
2019,53945100,0
2020,53945100,0
2019,53945200,0
2020,53945200,0
2019,53945300,0
2020,53945300,0
2019,53945400,0
2020,53945400,0
2019,53945500,0
2020,53945500,0
2019,53945600,0
2020,53945600,0
2019,53945700,0
2020,53945700,0
2019,53945800,0
2020,53945800,0
2019,53946100,793
2020,53946100,777
2019,53946200,708
2020,53946200,694
2019,53947100,0
2020,53947100,0
2019,53948100,0
2020,53948100,0
2019,53948200,0
2020,53948200,0
2019,53949100,0
2020,53949100,0
2019,53949200,0
2020,53949200,0
2019,53949300,1223
2020,53949300,1198
2019,53950100,949
2020,53950100,929
2019,53950200,0
2020,53950200,0
2019,53950300,1733
2020,53950300,1697
2019,53950400,0
2020,53950400,0
2019,53950500,0
2020,53950500,0
2019,53951100,0
2020,53951100,0
2019,53951200,0
2020,53951200,0
2019,53951300,0
2020,53951300,0
2019,53952100,54
2020,53952100,53
2019,53952200,0
2020,53952200,0
2019,53952300,0
2020,53952300,0
2019,53953100,0
2020,53953100,0
2019,53953200,11
2020,53953200,11
2019,53953300,0
2020,53953300,0
2019,53954100,623
2020,53954100,610
2019,53954200,0
2020,53954200,0
2019,53955100,3083
2020,53955100,3018
2019,53955200,709
2020,53955200,695
2019,53956100,0
2020,53956100,0
2019,53956200,0
2020,53956200,0
2019,53956300,368
2020,53956300,361
2019,53956400,0
2020,53956400,0
2019,53957100,0
2020,53957100,0
2019,53957200,0
2020,53957200,0
2019,53957300,0
2020,53957300,0
2019,53957400,0
2020,53957400,0
2019,53958100,0
2020,53958100,0
2019,53958200,1571
2020,53958200,1539
2019,53958300,0
2020,53958300,0
2019,53958400,699
2020,53958400,685
2019,53958500,0
2020,53958500,0
2019,53959100,0
2020,53959100,0
2019,53960100,0
2020,53960100,0
2019,53960200,0
2020,53960200,0
2019,53960300,0
2020,53960300,0
2019,53960400,287
2020,53960400,281
2019,53960500,1294
2020,53960500,1267
2019,53961100,0
2020,53961100,0
2019,53961200,0
2020,53961200,0
2019,53961300,0
2020,53961300,0
2019,53962100,0
2020,53962100,0
2019,53962200,0
2020,53962200,0
2019,53962300,544
2020,53962300,533
2019,53962400,0
2020,53962400,0
2019,53962500,0
2020,53962500,0
2019,53962600,0
2020,53962600,0
2019,53962700,0
2020,53962700,0
2019,53962800,0
2020,53962800,0
2019,53962900,0
2020,53962900,0
2019,53963100,0
2020,53963100,0
2019,53963200,0
2020,53963200,0
2019,53963300,0
2020,53963300,0
2019,53963400,0
2020,53963400,0
2019,53964100,0
2020,53964100,0
2019,53965100,0
2020,53965100,0
2019,53965200,0
2020,53965200,0
2019,53965300,693
2020,53965300,679
2019,53965400,0
2020,53965400,0
2019,53966100,0
2020,53966100,0
2019,53966200,402
2020,53966200,393
2019,53967100,0
2020,53967100,0
2019,53968100,0
2020,53968100,0
2019,53968200,0
2020,53968200,0
2019,53968300,0
2020,53968300,0
2019,53968400,0
2020,53968400,0
2019,53968500,0
2020,53968500,0
2019,53968600,0
2020,53968600,0
2019,53969100,0
2020,53969100,0
2019,53969200,1468
2020,53969200,1438
2019,53969300,385
2020,53969300,376
2019,53969400,0
2020,53969400,0
2019,53969500,155
2020,53969500,152
2019,53969600,0
2020,53969600,0
2019,53970100,0
2020,53970100,0
2019,53970200,0
2020,53970200,0
2019,53971100,0
2020,53971100,0
2019,53971200,0
2020,53971200,0
2019,53971300,0
2020,53971300,0
2019,53971400,651
2020,53971400,637
2019,53971500,1547
2020,53971500,1515
2019,53971600,0
2020,53971600,0
2019,53972100,0
2020,53972100,0
2019,53972200,722
2020,53972200,706
2019,53972300,578
2020,53972300,566
2019,53972400,0
2020,53972400,0
2019,53972500,0
2020,53972500,0
2019,53972600,0
2020,53972600,0
2019,53972700,467
2020,53972700,457
2019,53972800,0
2020,53972800,0
2019,53972900,0
2020,53972900,0
2019,53973100,0
2020,53973100,0
2019,53973200,395
2020,53973200,386
2019,53974100,0
2020,53974100,0
2019,53974200,3450
2020,53974200,3378
2019,53974300,0
2020,53974300,0
2019,53974400,0
2020,53974400,0
2019,53975100,0
2020,53975100,0
2019,53975200,820
2020,53975200,803
2019,53975300,0
2020,53975300,0
2019,53975400,0
2020,53975400,0
2019,53975500,0
2020,53975500,0
2019,53976100,0
2020,53976100,0
2019,53976200,67
2020,53976200,65
2019,53976300,0
2020,53976300,0
2019,53977100,0
2020,53977100,0
2019,53977200,0
2020,53977200,0
2019,53978100,0
2020,53978100,0
2019,53979100,0
2020,53979100,0
2019,53980100,0
2020,53980100,0
2019,53980200,0
2020,53980200,0
2019,53980300,171
2020,53980300,167
2019,53980400,0
2020,53980400,0
2019,53981100,1360
2020,53981100,1332
2019,53981200,0
2020,53981200,0
2019,53981300,0
2020,53981300,0
2019,53981400,647
2020,53981400,633
2019,53982100,0
2020,53982100,0
2019,53982200,0
2020,53982200,0
2019,53982300,0
2020,53982300,0
2019,53982400,0
2020,53982400,0
2019,53982500,0
2020,53982500,0
2019,53982600,10
2020,53982600,10
2019,53983100,0
2020,53983100,0
2019,53983200,131
2020,53983200,128
2019,53984100,0
2020,53984100,0
2019,53984200,94
2020,53984200,92
2019,53984300,0
2020,53984300,0
2019,53984400,921
2020,53984400,902
2019,53984500,0
2020,53984500,0
2019,53984600,693
2020,53984600,679
2019,53985100,453
2020,53985100,444
2019,53985200,0
2020,53985200,0
2019,53986100,18
2020,53986100,18
2019,53986200,0
2020,53986200,0
2019,53986300,0
2020,53986300,0
2019,53986400,0
2020,53986400,0
2019,53986500,329
2020,53986500,322
2019,53987100,0
2020,53987100,0
2019,53987200,0
2020,53987200,0
2019,53987300,0
2020,53987300,0
2019,53987400,356
2020,53987400,349
2019,53988100,0
2020,53988100,0
2019,53989100,0
2020,53989100,0
2019,53989200,0
2020,53989200,0
2019,53989300,0
2020,53989300,0
2019,53989400,0
2020,53989400,0
2019,53989500,8
2020,53989500,8
2019,53989600,0
2020,53989600,0
2019,53990100,0
2020,53990100,0
2019,53991100,854
2020,53991100,836
2019,53991200,0
2020,53991200,0
2019,53992100,0
2020,53992100,0
2019,53992200,1632
2020,53992200,1598
2019,53992300,0
2020,53992300,0
2019,53992400,0
2020,53992400,0
2019,53992500,421
2020,53992500,412
2019,53992600,570
2020,53992600,558
2019,53993100,0
2020,53993100,0
2019,53993200,0
2020,53993200,0
2019,53993300,0
2020,53993300,0
2019,53993400,0
2020,53993400,0
2019,53993500,0
2020,53993500,0
2019,53993600,0
2020,53993600,0
2019,53994100,0
2020,53994100,0
2019,53995100,0
2020,53995100,0
2019,53995200,39
2020,53995200,38
2019,53995300,0
2020,53995300,0
2019,53996100,0
2020,53996100,0
2019,53997100,35
2020,53997100,35
2019,53997200,16
2020,53997200,16
2019,53997300,941
2020,53997300,921
2019,53998100,0
2020,53998100,0
2019,53999100,0
2020,53999100,0
2019,60001100,0
2020,60001100,0
2019,60001200,0
2020,60001200,0
2019,60001300,0
2020,60001300,0
2019,60002100,0
2020,60002100,0
2019,60002200,0
2020,60002200,0
2019,60002300,0
2020,60002300,0
2019,60003100,0
2020,60003100,0
2019,60003200,0
2020,60003200,0
2019,60003300,50
2020,60003300,49
2019,60003400,0
2020,60003400,0
2019,60003500,0
2020,60003500,0
2019,60003600,0
2020,60003600,0
2019,60004100,388
2020,60004100,380
2019,60004200,401
2020,60004200,392
2019,60004300,0
2020,60004300,0
2019,60005100,0
2020,60005100,0
2019,60005200,327
2020,60005200,320
2019,60006100,219
2020,60006100,214
2019,60006200,0
2020,60006200,0
2019,60006300,0
2020,60006300,0
2019,60006400,0
2020,60006400,0
2019,60007100,77
2020,60007100,76
2019,60008100,25
2020,60008100,25
2019,60008200,0
2020,60008200,0
2019,60008300,1174
2020,60008300,1149
2019,60009100,0
2020,60009100,0
2019,60009200,0
2020,60009200,0
2019,60009300,61
2020,60009300,60
2019,60009400,1594
2020,60009400,1560
2019,60010100,214
2020,60010100,209
2019,60010200,0
2020,60010200,0
2019,60011100,0
2020,60011100,0
2019,60011200,951
2020,60011200,931
2019,60011300,0
2020,60011300,0
2019,60011400,0
2020,60011400,0
2019,60012100,1990
2020,60012100,1949
2019,60012200,23
2020,60012200,23
2019,60012300,0
2020,60012300,0
2019,60012400,0
2020,60012400,0
2019,60013100,0
2020,60013100,0
2019,60013200,0
2020,60013200,0
2019,60013300,264
2020,60013300,259
2019,60013400,0
2020,60013400,0
2019,60014100,0
2020,60014100,0
2019,60014200,0
2020,60014200,0
2019,60014300,786
2020,60014300,769
2019,60014400,2875
2020,60014400,2816
2019,60015100,0
2020,60015100,0
2019,60015200,274
2020,60015200,268
2019,60015300,0
2020,60015300,0
2019,60015400,0
2020,60015400,0
2019,60015500,490
2020,60015500,480
2019,60015600,0
2020,60015600,0
2019,60016100,617
2020,60016100,604
2019,60016200,0
2020,60016200,0
2019,60016300,362
2020,60016300,354
2019,60016400,0
2020,60016400,0
2019,60017100,0
2020,60017100,0
2019,60017200,0
2020,60017200,0
2019,60018100,0
2020,60018100,0
2019,60018200,0
2020,60018200,0
2019,60018300,1006
2020,60018300,985
2019,60019100,0
2020,60019100,0
2019,60020100,0
2020,60020100,0
2019,60021100,0
2020,60021100,0
2019,60022100,0
2020,60022100,0
2019,60022200,945
2020,60022200,925
2019,60022300,0
2020,60022300,0
2019,60022400,258
2020,60022400,253
2019,60023100,405
2020,60023100,396
2019,60023200,1791
2020,60023200,1753
2019,60023300,0
2020,60023300,0
2019,60024100,0
2020,60024100,0
2019,60024200,0
2020,60024200,0
2019,60024300,0
2020,60024300,0
2019,60024400,0
2020,60024400,0
2019,60024500,0
2020,60024500,0
2019,60024600,0
2020,60024600,0
2019,60025100,0
2020,60025100,0
2019,60025200,0
2020,60025200,0
2019,60026100,473
2020,60026100,463
2019,60026200,0
2020,60026200,0
2019,60026300,0
2020,60026300,0
2019,60027100,0
2020,60027100,0
2019,60027200,0
2020,60027200,0
2019,60027300,0
2020,60027300,0
2019,60028100,356
2020,60028100,348
2019,60029100,412
2020,60029100,403
2019,60029200,0
2020,60029200,0
2019,60030100,1650
2020,60030100,1616
2019,60030200,0
2020,60030200,0
2019,60031100,0
2020,60031100,0
2019,60032100,0
2020,60032100,0
2019,60032200,0
2020,60032200,0
2019,60032300,0
2020,60032300,0
2019,60032400,0
2020,60032400,0
2019,60032500,370
2020,60032500,362
2019,60033100,0
2020,60033100,0
2019,60033200,103
2020,60033200,101
2019,60033300,542
2020,60033300,530
2019,60033400,0
2020,60033400,0
2019,60033500,0
2020,60033500,0
2019,60033600,0
2020,60033600,0
2019,60034100,185
2020,60034100,181
2019,60034200,211
2020,60034200,206
2019,60034300,0
2020,60034300,0
2019,60034400,274
2020,60034400,268
2019,60035100,462
2020,60035100,452
2019,60035200,83
2020,60035200,82
2019,60035300,0
2020,60035300,0
2019,60035400,0
2020,60035400,0
2019,60036100,0
2020,60036100,0
2019,60036200,0
2020,60036200,0
2019,60036300,0
2020,60036300,0
2019,60036400,0
2020,60036400,0
2019,60036500,0
2020,60036500,0
2019,60037100,0
2020,60037100,0
2019,60038100,0
2020,60038100,0
2019,60038200,0
2020,60038200,0
2019,60038300,462
2020,60038300,452
2019,60039100,475
2020,60039100,465
2019,60039200,0
2020,60039200,0
2019,60039300,0
2020,60039300,0
2019,60039400,0
2020,60039400,0
2019,60039500,0
2020,60039500,0
2019,60040100,0
2020,60040100,0
2019,60040200,0
2020,60040200,0
2019,60040300,517
2020,60040300,507
2019,60041100,0
2020,60041100,0
2019,60041200,178
2020,60041200,174
2019,60041300,0
2020,60041300,0
2019,60041400,0
2020,60041400,0
2019,60042100,0
2020,60042100,0
2019,60042200,0
2020,60042200,0
2019,60042300,0
2020,60042300,0
2019,60042400,584
2020,60042400,572
2019,60042500,0
2020,60042500,0
2019,60042600,0
2020,60042600,0
2019,60042700,0
2020,60042700,0
2019,60043100,0
2020,60043100,0
2019,60043200,0
2020,60043200,0
2019,60044100,242
2020,60044100,237
2019,60045100,0
2020,60045100,0
2019,60045200,0
2020,60045200,0
2019,60045300,0
2020,60045300,0
2019,60046100,258
2020,60046100,253
2019,60046200,0
2020,60046200,0
2019,60047100,292
2020,60047100,286
2019,60047200,540
2020,60047200,528
2019,60047300,0
2020,60047300,0
2019,60047400,0
2020,60047400,0
2019,60048100,324
2020,60048100,317
2019,60048200,6
2020,60048200,6
2019,60048300,1670
2020,60048300,1635
2019,60049100,119
2020,60049100,116
2019,60049200,0
2020,60049200,0
2019,60049300,1151
2020,60049300,1127
2019,60049400,373
2020,60049400,365
2019,60049500,0
2020,60049500,0
2019,60050100,281
2020,60050100,275
2019,60050200,0
2020,60050200,0
2019,60050300,303
2020,60050300,297
2019,60051100,0
2020,60051100,0
2019,60051200,0
2020,60051200,0
2019,60051300,0
2020,60051300,0
2019,60051400,0
2020,60051400,0
2019,60051500,0
2020,60051500,0
2019,60051600,0
2020,60051600,0
2019,60052100,159
2020,60052100,155
2019,60052200,0
2020,60052200,0
2019,60053100,0
2020,60053100,0
2019,60054100,0
2020,60054100,0
2019,60055100,0
2020,60055100,0
2019,60055200,0
2020,60055200,0
2019,60055300,0
2020,60055300,0
2019,60056100,323
2020,60056100,316
2019,60056200,0
2020,60056200,0
2019,60057100,944
2020,60057100,924
2019,60057200,607
2020,60057200,594
2019,60057300,0
2020,60057300,0
2019,60058100,0
2020,60058100,0
2019,60059100,0
2020,60059100,0
2019,60059200,0
2020,60059200,0
2019,60060100,0
2020,60060100,0
2019,60061100,572
2020,60061100,560
2019,60061200,0
2020,60061200,0
2019,60061300,2661
2020,60061300,2605
2019,60061400,0
2020,60061400,0
2019,60061500,0
2020,60061500,0
2019,60062100,0
2020,60062100,0
2019,60062200,690
2020,60062200,676
2019,60062300,0
2020,60062300,0
2019,60063100,539
2020,60063100,527
2019,60063200,0
2020,60063200,0
2019,60064100,0
2020,60064100,0
2019,60065100,601
2020,60065100,588
2019,60065200,358
2020,60065200,350
2019,60065300,0
2020,60065300,0
2019,60066100,550
2020,60066100,538
2019,60066200,590
2020,60066200,578
2019,60066300,0
2020,60066300,0
2019,60067100,648
2020,60067100,635
2019,60067200,0
2020,60067200,0
2019,60068100,0
2020,60068100,0
2019,60068200,0
2020,60068200,0
2019,60069100,0
2020,60069100,0
2019,60069200,0
2020,60069200,0
2019,60069300,1209
2020,60069300,1183
2019,60070100,216
2020,60070100,211
2019,60070200,0
2020,60070200,0
2019,60070300,0
2020,60070300,0
2019,60070400,0
2020,60070400,0
2019,60070500,512
2020,60070500,502
2019,60071100,84
2020,60071100,83
2019,60071200,0
2020,60071200,0
2019,60071300,975
2020,60071300,954
2019,60071400,919
2020,60071400,900
2019,60071500,0
2020,60071500,0
2019,60072100,0
2020,60072100,0
2019,60072200,581
2020,60072200,569
2019,60072300,0
2020,60072300,0
2019,60073100,868
2020,60073100,850
2019,60073200,1208
2020,60073200,1183
2019,60073300,0
2020,60073300,0
2019,60073400,263
2020,60073400,258
2019,60074100,922
2020,60074100,903
2019,60074200,2058
2020,60074200,2015
2019,60075100,0
2020,60075100,0
2019,60075200,452
2020,60075200,443
2019,60075300,0
2020,60075300,0
2019,60076100,0
2020,60076100,0
2019,60076200,0
2020,60076200,0
2019,60076300,1192
2020,60076300,1167
2019,60076400,0
2020,60076400,0
2019,60077100,1337
2020,60077100,1309
2019,60077200,0
2020,60077200,0
2019,60078100,0
2020,60078100,0
2019,60078200,0
2020,60078200,0
2019,60079100,500
2020,60079100,490
2019,60079200,0
2020,60079200,0
2019,60080100,630
2020,60080100,617
2019,60080200,0
2020,60080200,0
2019,60080300,0
2020,60080300,0
2019,60080400,1340
2020,60080400,1312
2019,60081100,0
2020,60081100,0
2019,60081200,558
2020,60081200,546
2019,60082100,0
2020,60082100,0
2019,60082200,0
2020,60082200,0
2019,60082300,0
2020,60082300,0
2019,60083100,1785
2020,60083100,1747
2019,60083200,0
2020,60083200,0
2019,60084100,0
2020,60084100,0
2019,60084200,0
2020,60084200,0
2019,60084300,0
2020,60084300,0
2019,60084400,0
2020,60084400,0
2019,60085100,852
2020,60085100,834
2019,60085200,0
2020,60085200,0
2019,60085300,0
2020,60085300,0
2019,60086100,539
2020,60086100,527
2019,60086200,543
2020,60086200,531
2019,60086300,0
2020,60086300,0
2019,60087100,4675
2020,60087100,4579
2019,60087200,102
2020,60087200,100
2019,60088100,466
2020,60088100,456
2019,60089100,2679
2020,60089100,2623
2019,60089200,608
2020,60089200,595
2019,60089300,68
2020,60089300,67
2019,60089400,0
2020,60089400,0
2019,60089500,0
2020,60089500,0
2019,60090100,0
2020,60090100,0
2019,60090200,0
2020,60090200,0
2019,60090300,534
2020,60090300,522
2019,60090400,654
2020,60090400,640
2019,60091100,0
2020,60091100,0
2019,60091200,0
2020,60091200,0
2019,60091300,836
2020,60091300,819
2019,60091400,0
2020,60091400,0
2019,60091500,0
2020,60091500,0
2019,60092100,34
2020,60092100,33
2019,60092200,0
2020,60092200,0
2019,60092300,0
2020,60092300,0
2019,60092400,543
2020,60092400,531
2019,60092500,0
2020,60092500,0
2019,60092600,479
2020,60092600,469
2019,60093100,1284
2020,60093100,1257
2019,60093200,610
2020,60093200,597
2019,60094100,0
2020,60094100,0
2019,60094200,785
2020,60094200,768
2019,60094300,0
2020,60094300,0
2019,60094400,0
2020,60094400,0
2019,60095100,0
2020,60095100,0
2019,60095200,0
2020,60095200,0
2019,60096100,0
2020,60096100,0
2019,60096200,0
2020,60096200,0
2019,60096300,0
2020,60096300,0
2019,60097100,0
2020,60097100,0
2019,60097200,0
2020,60097200,0
2019,60097300,0
2020,60097300,0
2019,60098100,0
2020,60098100,0
2019,60099100,0
2020,60099100,0
2019,60099200,677
2020,60099200,663
2019,60099300,0
2020,60099300,0
2019,60100100,0
2020,60100100,0
2019,60100200,0
2020,60100200,0
2019,60100300,0
2020,60100300,0
2019,60100400,0
2020,60100400,0
2019,60101100,0
2020,60101100,0
2019,60101200,0
2020,60101200,0
2019,60102100,2245
2020,60102100,2198
2019,60102200,0
2020,60102200,0
2019,60102300,0
2020,60102300,0
2019,60102400,593
2020,60102400,580
2019,60102500,84
2020,60102500,83
2019,60102600,0
2020,60102600,0
2019,60103100,409
2020,60103100,400
2019,60103200,1396
2020,60103200,1366
2019,60104100,0
2020,60104100,0
2019,60104200,0
2020,60104200,0
2019,60104300,0
2020,60104300,0
2019,60105100,0
2020,60105100,0
2019,60105200,0
2020,60105200,0
2019,60105300,266
2020,60105300,261
2019,60106100,0
2020,60106100,0
2019,60106200,520
2020,60106200,510
2019,60106300,0
2020,60106300,0
2019,60107100,507
2020,60107100,497
2019,60107200,138
2020,60107200,135
2019,60108100,0
2020,60108100,0
2019,60109100,0
2020,60109100,0
2019,60109200,354
2020,60109200,346
2019,60109300,0
2020,60109300,0
2019,60110100,0
2020,60110100,0
2019,60111100,548
2020,60111100,536
2019,60111200,0
2020,60111200,0
2019,60112100,303
2020,60112100,297
2019,60112200,768
2020,60112200,752
2019,60113100,250
2020,60113100,245
2019,60113200,0
2020,60113200,0
2019,60113300,1029
2020,60113300,1007
2019,60113400,0
2020,60113400,0
2019,60113500,0
2020,60113500,0
2019,60114100,561
2020,60114100,549
2019,60114200,0
2020,60114200,0
2019,60115100,588
2020,60115100,576
2019,60115200,2102
2020,60115200,2058
2019,60115300,0
2020,60115300,0
2019,60116100,611
2020,60116100,598
2019,60116200,0
2020,60116200,0
2019,60116300,0
2020,60116300,0
2019,60116400,0
2020,60116400,0
2019,60116500,0
2020,60116500,0
2019,60116600,0
2020,60116600,0
2019,60116700,0
2020,60116700,0
2019,60117100,0
2020,60117100,0
2019,60117200,0
2020,60117200,0
2019,60117300,379
2020,60117300,371
2019,60118100,843
2020,60118100,825
2019,60118200,0
2020,60118200,0
2019,60118300,0
2020,60118300,0
2019,60119100,0
2020,60119100,0
2019,60119200,0
2020,60119200,0
2019,60120100,0
2020,60120100,0
2019,60121100,0
2020,60121100,0
2019,60122100,6
2020,60122100,6
2019,60122200,0
2020,60122200,0
2019,60122300,545
2020,60122300,533
2019,60122400,0
2020,60122400,0
2019,60123100,617
2020,60123100,604
2019,60123200,0
2020,60123200,0
2019,60124100,410
2020,60124100,401
2019,60124200,0
2020,60124200,0
2019,60125100,0
2020,60125100,0
2019,60125200,423
2020,60125200,414
2019,60125300,0
2020,60125300,0
2019,60126100,2220
2020,60126100,2173
2019,60126200,0
2020,60126200,0
2019,60126300,452
2020,60126300,443
2019,60127100,437
2020,60127100,428
2019,60127200,0
2020,60127200,0
2019,60128100,0
2020,60128100,0
2019,60128200,0
2020,60128200,0
2019,60128300,655
2020,60128300,641
2019,60129100,0
2020,60129100,0
2019,60129200,677
2020,60129200,663
2019,60129300,0
2020,60129300,0
2019,60129400,0
2020,60129400,0
2019,60129500,67
2020,60129500,66
2019,60129600,0
2020,60129600,0
2019,60129700,0
2020,60129700,0
2019,60130100,0
2020,60130100,0
2019,60130200,0
2020,60130200,0
2019,60131100,0
2020,60131100,0
2019,60131200,0
2020,60131200,0
2019,60131300,0
2020,60131300,0
2019,60131400,671
2020,60131400,657
2019,60131500,0
2020,60131500,0
2019,60132100,0
2020,60132100,0
2019,60132200,0
2020,60132200,0
2019,60132300,0
2020,60132300,0
2019,60132400,0
2020,60132400,0
2019,60132500,0
2020,60132500,0
2019,60132600,0
2020,60132600,0
2019,60133100,0
2020,60133100,0
2019,60133200,0
2020,60133200,0
2019,60133300,0
2020,60133300,0
2019,60133400,0
2020,60133400,0
2019,60133500,0
2020,60133500,0
2019,60134100,589
2020,60134100,577
2019,60134200,0
2020,60134200,0
2019,60134300,0
2020,60134300,0
2019,60135100,0
2020,60135100,0
2019,60135200,0
2020,60135200,0
2019,60135300,0
2020,60135300,0
2019,60135400,319
2020,60135400,312
2019,60136100,3741
2020,60136100,3664
2019,60136200,919
2020,60136200,900
2019,60136300,0
2020,60136300,0
2019,60136400,224
2020,60136400,219
2019,60136500,0
2020,60136500,0
2019,60137100,0
2020,60137100,0
2019,60138100,2044
2020,60138100,2001
2019,60138200,0
2020,60138200,0
2019,60139100,0
2020,60139100,0
2019,60139200,185
2020,60139200,181
2019,60139300,0
2020,60139300,0
2019,60140100,0
2020,60140100,0
2019,60140200,0
2020,60140200,0
2019,60140300,374
2020,60140300,366
2019,60141100,0
2020,60141100,0
2019,60141200,951
2020,60141200,931
2019,60142100,0
2020,60142100,0
2019,60142200,0
2020,60142200,0
2019,60142300,0
2020,60142300,0
2019,60142400,0
2020,60142400,0
2019,60142500,0
2020,60142500,0
2019,60143100,0
2020,60143100,0
2019,60143200,0
2020,60143200,0
2019,60143300,0
2020,60143300,0
2019,60143400,1249
2020,60143400,1223
2019,60143500,0
2020,60143500,0
2019,60144100,0
2020,60144100,0
2019,60144200,493
2020,60144200,483
2019,60144300,0
2020,60144300,0
2019,60145100,504
2020,60145100,494
2019,60145200,0
2020,60145200,0
2019,60146100,0
2020,60146100,0
2019,60146200,0
2020,60146200,0
2019,60146300,0
2020,60146300,0
2019,60146400,614
2020,60146400,601
2019,60146500,0
2020,60146500,0
2019,60147100,0
2020,60147100,0
2019,60147200,452
2020,60147200,443
2019,60147300,0
2020,60147300,0
2019,60147400,0
2020,60147400,0
2019,60147500,0
2020,60147500,0
2019,60147600,0
2020,60147600,0
2019,60148100,342
2020,60148100,334
2019,60148200,0
2020,60148200,0
2019,60148300,0
2020,60148300,0
2019,60148400,0
2020,60148400,0
2019,60149100,0
2020,60149100,0
2019,60149200,43
2020,60149200,42
2019,60150100,0
2020,60150100,0
2019,60150200,0
2020,60150200,0
2019,60150300,0
2020,60150300,0
2019,60151100,0
2020,60151100,0
2019,60151200,0
2020,60151200,0
2019,60151300,401
2020,60151300,392
2019,60151400,0
2020,60151400,0
2019,60151500,0
2020,60151500,0
2019,60152100,0
2020,60152100,0
2019,60152200,992
2020,60152200,971
2019,60152300,338
2020,60152300,330
2019,60153100,0
2020,60153100,0
2019,60154100,0
2020,60154100,0
2019,60154200,0
2020,60154200,0
2019,60154300,1664
2020,60154300,1629
2019,60154400,543
2020,60154400,531
2019,60154500,0
2020,60154500,0
2019,60155100,0
2020,60155100,0
2019,60155200,0
2020,60155200,0
2019,60155300,6
2020,60155300,6
2019,60155400,303
2020,60155400,297
2019,60155500,0
2020,60155500,0
2019,60155600,0
2020,60155600,0
2019,60155700,0
2020,60155700,0
2019,60156100,0
2020,60156100,0
2019,60156200,0
2020,60156200,0
2019,60156300,0
2020,60156300,0
2019,60156400,0
2020,60156400,0
2019,60157100,0
2020,60157100,0
2019,60157200,331
2020,60157200,324
2019,60157300,234
2020,60157300,229
2019,60158100,384
2020,60158100,376
2019,60158200,0
2020,60158200,0
2019,60158300,0
2020,60158300,0
2019,60158400,0
2020,60158400,0
2019,60158500,0
2020,60158500,0
2019,60159100,0
2020,60159100,0
2019,60159200,0
2020,60159200,0
2019,60160100,0
2020,60160100,0
2019,60160200,0
2020,60160200,0
2019,60160300,0
2020,60160300,0
2019,60160400,2021
2020,60160400,1979
2019,60161100,422
2020,60161100,413
2019,60161200,0
2020,60161200,0
2019,60161300,19
2020,60161300,19
2019,60161400,0
2020,60161400,0
2019,60161500,0
2020,60161500,0
2019,60162100,0
2020,60162100,0
2019,60162200,0
2020,60162200,0
2019,60162300,0
2020,60162300,0
2019,60162400,0
2020,60162400,0
2019,60163100,0
2020,60163100,0
2019,60163200,0
2020,60163200,0
2019,60163300,0
2020,60163300,0
2019,60163400,185
2020,60163400,181
2019,60164100,0
2020,60164100,0
2019,60164200,0
2020,60164200,0
2019,60164300,0
2020,60164300,0
2019,60164400,0
2020,60164400,0
2019,60164500,301
2020,60164500,295
2019,60164600,1097
2020,60164600,1074
2019,60165100,0
2020,60165100,0
2019,60165200,0
2020,60165200,0
2019,60166100,275
2020,60166100,269
2019,60166200,0
2020,60166200,0
2019,60166300,0
2020,60166300,0
2019,60166400,0
2020,60166400,0
2019,60166500,424
2020,60166500,415
2019,60167100,0
2020,60167100,0
2019,60167200,0
2020,60167200,0
2019,60167300,1438
2020,60167300,1408
2019,60167400,2628
2020,60167400,2573
2019,60167500,0
2020,60167500,0
2019,60168100,0
2020,60168100,0
2019,60169100,17
2020,60169100,17
2019,60169200,0
2020,60169200,0
2019,60169300,0
2020,60169300,0
2019,60169400,208
2020,60169400,204
2019,60169500,0
2020,60169500,0
2019,60170100,0
2020,60170100,0
2019,60170200,0
2020,60170200,0
2019,60170300,0
2020,60170300,0
2019,60171100,31
2020,60171100,30
2019,60171200,97
2020,60171200,95
2019,60172100,0
2020,60172100,0
2019,60172200,0
2020,60172200,0
2019,60172300,0
2020,60172300,0
2019,60172400,0
2020,60172400,0
2019,60173100,0
2020,60173100,0
2019,60173200,0
2020,60173200,0
2019,60173300,343
2020,60173300,335
2019,60174100,0
2020,60174100,0
2019,60174200,0
2020,60174200,0
2019,60175100,0
2020,60175100,0
2019,60175200,419
2020,60175200,410
2019,60175300,0
2020,60175300,0
2019,60176100,0
2020,60176100,0
2019,60176200,0
2020,60176200,0
2019,60176300,0
2020,60176300,0
2019,60177100,0
2020,60177100,0
2019,60177200,0
2020,60177200,0
2019,60178100,367
2020,60178100,359
2019,60178200,1549
2020,60178200,1517
2019,60178300,0
2020,60178300,0
2019,60179100,0
2020,60179100,0
2019,60179200,0
2020,60179200,0
2019,60179300,0
2020,60179300,0
2019,60179400,0
2020,60179400,0
2019,60179500,0
2020,60179500,0
2019,60180100,0
2020,60180100,0
2019,60180200,0
2020,60180200,0
2019,60181100,1960
2020,60181100,1919
2019,60181200,235
2020,60181200,230
2019,60181300,0
2020,60181300,0
2019,60182100,0
2020,60182100,0
2019,60182200,0
2020,60182200,0
2019,60182300,0
2020,60182300,0
2019,60182400,0
2020,60182400,0
2019,60182500,0
2020,60182500,0
2019,60182600,0
2020,60182600,0
2019,60183100,11
2020,60183100,11
2019,60183200,661
2020,60183200,647
2019,60183300,0
2020,60183300,0
2019,60183400,41
2020,60183400,40
2019,60183500,174
2020,60183500,170
2019,60184100,0
2020,60184100,0
2019,60184200,0
2020,60184200,0
2019,60185100,124
2020,60185100,121
2019,60185200,0
2020,60185200,0
2019,60185300,551
2020,60185300,539
2019,60185400,0
2020,60185400,0
2019,60185500,0
2020,60185500,0
2019,60185600,0
2020,60185600,0
2019,60185700,0
2020,60185700,0
2019,60186100,524
2020,60186100,513
2019,60186200,0
2020,60186200,0
2019,60186300,299
2020,60186300,293
2019,60186400,0
2020,60186400,0
2019,60186500,0
2020,60186500,0
2019,60187100,12
2020,60187100,12
2019,60187200,0
2020,60187200,0
2019,60188100,0
2020,60188100,0
2019,60188200,0
2020,60188200,0
2019,60189100,0
2020,60189100,0
2019,60189200,901
2020,60189200,882
2019,60189300,198
2020,60189300,194
2019,60190100,88
2020,60190100,86
2019,60190200,0
2020,60190200,0
2019,60190300,134
2020,60190300,131
2019,60190400,0
2020,60190400,0
2019,60191100,0
2020,60191100,0
2019,60191200,920
2020,60191200,901
2019,60191300,0
2020,60191300,0
2019,60192100,0
2020,60192100,0
2019,60192200,0
2020,60192200,0
2019,60192300,0
2020,60192300,0
2019,60193100,0
2020,60193100,0
2019,60193200,258
2020,60193200,253
2019,60193300,0
2020,60193300,0
2019,60194100,413
2020,60194100,404
2019,60195100,1165
2020,60195100,1140
2019,60196100,537
2020,60196100,525
2019,60196200,0
2020,60196200,0
2019,60197100,0
2020,60197100,0
2019,60198100,2216
2020,60198100,2169
2019,60198200,0
2020,60198200,0
2019,60198300,0
2020,60198300,0
2019,60198400,0
2020,60198400,0
2019,60198500,0
2020,60198500,0
2019,60199100,0
2020,60199100,0
2019,60199200,0
2020,60199200,0
2019,60200100,1652
2020,60200100,1617
2019,60200200,589
2020,60200200,577
2019,60201100,1038
2020,60201100,1016
2019,60201200,566
2020,60201200,554
2019,60201300,498
2020,60201300,488
2019,60202100,0
2020,60202100,0
2019,60202200,0
2020,60202200,0
2019,60203100,0
2020,60203100,0
2019,60203200,0
2020,60203200,0
2019,60204100,55
2020,60204100,54
2019,60204200,0
2020,60204200,0
2019,60204300,0
2020,60204300,0
2019,60205100,0
2020,60205100,0
2019,60205200,0
2020,60205200,0
2019,60205300,1362
2020,60205300,1334
2019,60206100,79
2020,60206100,78
2019,60206200,1866
2020,60206200,1827
2019,60206300,0
2020,60206300,0
2019,60207100,0
2020,60207100,0
2019,60207200,0
2020,60207200,0
2019,60207300,0
2020,60207300,0
2019,60208100,0
2020,60208100,0
2019,60208200,0
2020,60208200,0
2019,60209100,0
2020,60209100,0
2019,60209200,0
2020,60209200,0
2019,60209300,275
2020,60209300,269
2019,60210100,0
2020,60210100,0
2019,60210200,0
2020,60210200,0
2019,60210300,0
2020,60210300,0
2019,60210400,0
2020,60210400,0
2019,99999999,522
2020,99999999,507
