"year","TAZ","count"
2019,14000100,262
2020,14000100,262
2019,14001100,3
2020,14001100,3
2019,14001200,1812
2020,14001200,1812
2019,14001300,7
2020,14001300,7
2019,14002100,2
2020,14002100,2
2019,14002200,46
2020,14002200,46
2019,14003100,1
2020,14003100,1
2019,14003200,2
2020,14003200,2
2019,14003300,1
2020,14003300,1
2019,14003400,7
2020,14003400,7
2019,14003500,104
2020,14003500,104
2019,14003600,0
2020,14003600,0
2019,14003700,1
2020,14003700,1
2019,14003800,0
2020,14003800,0
2019,14004100,12
2020,14004100,12
2019,14004200,14
2020,14004200,14
2019,14004300,0
2020,14004300,0
2019,14005100,32
2020,14005100,32
2019,14005200,52
2020,14005200,52
2019,14006100,0
2020,14006100,0
2019,14006200,261
2020,14006200,261
2019,14007100,18
2020,14007100,18
2019,14007200,79
2020,14007200,79
2019,14007300,30
2020,14007300,30
2019,14008100,9
2020,14008100,9
2019,14009100,24
2020,14009100,24
2019,14010100,56
2020,14010100,56
2019,14010200,108
2020,14010200,108
2019,14010300,479
2020,14010300,479
2019,14010400,107
2020,14010400,107
2019,14011100,4
2020,14011100,4
2019,14011200,1
2020,14011200,1
2019,14012100,373
2020,14012100,373
2019,14012200,273
2020,14012200,273
2019,14013100,2
2020,14013100,2
2019,14013200,64
2020,14013200,64
2019,14013300,37
2020,14013300,37
2019,14014100,23
2020,14014100,23
2019,14014200,8
2020,14014200,8
2019,14014300,15
2020,14014300,15
2019,14015100,8
2020,14015100,8
2019,14015200,1
2020,14015200,1
2019,14016100,9
2020,14016100,9
2019,14016200,17
2020,14016200,17
2019,14016300,22
2020,14016300,22
2019,14017100,6
2020,14017100,6
2019,14017200,75
2020,14017200,75
2019,14018100,87
2020,14018100,91
2019,14018200,20
2020,14018200,20
2019,14019100,385
2020,14019100,385
2019,14019200,715
2020,14019200,715
2019,14019300,135
2020,14019300,135
2019,14020100,19
2020,14020100,19
2019,14021100,321
2020,14021100,321
2019,14021200,1328
2020,14021200,1358
2019,14021300,5
2020,14021300,5
2019,14022100,0
2020,14022100,0
2019,14022200,423
2020,14022200,423
2019,14022300,51
2020,14022300,80
2019,14022400,62
2020,14022400,62
2019,14022500,855
2020,14022500,857
2019,14023100,185
2020,14023100,185
2019,14024100,5
2020,14024100,5
2019,14024200,10
2020,14024200,10
2019,14024300,9
2020,14024300,9
2019,14025100,563
2020,14025100,563
2019,14025200,413
2020,14025200,413
2019,14026100,914
2020,14026100,914
2019,14027100,480
2020,14027100,480
2019,14027200,496
2020,14027200,496
2019,14028100,485
2020,14028100,485
2019,14028200,728
2020,14028200,728
2019,14029100,568
2020,14029100,568
2019,14030100,2
2020,14030100,2
2019,14030200,123
2020,14030200,123
2019,14031100,447
2020,14031100,451
2019,14031200,656
2020,14031200,656
2019,14032100,447
2020,14032100,447
2019,14032200,407
2020,14032200,407
2019,14033100,648
2020,14033100,648
2019,14033200,230
2020,14033200,230
2019,14034100,215
2020,14034100,215
2019,14034200,588
2020,14034200,588
2019,14035100,312
2020,14035100,312
2019,14036100,12
2020,14036100,12
2019,14036200,814
2020,14036200,819
2019,14037100,200
2020,14037100,200
2019,14037200,230
2020,14037200,230
2019,14038100,22
2020,14038100,23
2019,14039100,720
2020,14039100,720
2019,14039200,617
2020,14039200,617
2019,14040100,297
2020,14040100,297
2019,14040200,849
2020,14040200,849
2019,14041100,294
2020,14041100,294
2019,14041200,235
2020,14041200,235
2019,14042100,337
2020,14042100,337
2019,14042200,190
2020,14042200,190
2019,14043100,966
2020,14043100,967
2019,14043200,496
2020,14043200,496
2019,14043300,177
2020,14043300,177
2019,14044100,461
2020,14044100,461
2019,14044200,702
2020,14044200,712
2019,14045100,8
2020,14045100,8
2019,14045200,605
2020,14045200,605
2019,14046100,731
2020,14046100,756
2019,14047100,3
2020,14047100,3
2019,14047200,1
2020,14047200,1
2019,14047300,1
2020,14047300,1
2019,14047400,8
2020,14047400,8
2019,14047500,24
2020,14047500,24
2019,14048100,580
2020,14048100,580
2019,14048200,188
2020,14048200,188
2019,14049100,428
2020,14049100,428
2019,14050100,182
2020,14050100,182
2019,14050200,2
2020,14050200,2
2019,14051100,506
2020,14051100,553
2019,14051200,553
2020,14051200,553
2019,14052100,0
2020,14052100,0
2019,14052200,4
2020,14052200,4
2019,14053100,15
2020,14053100,15
2019,14053200,5
2020,14053200,5
2019,14054100,771
2020,14054100,779
2019,14055100,552
2020,14055100,586
2019,14055200,227
2020,14055200,227
2019,14056100,391
2020,14056100,391
2019,14056200,366
2020,14056200,366
2019,14057100,25
2020,14057100,25
2019,14058100,847
2020,14058100,847
2019,14058200,547
2020,14058200,547
2019,14059100,11
2020,14059100,11
2019,14059200,473
2020,14059200,503
2019,14059300,85
2020,14059300,88
2019,14059400,18
2020,14059400,18
2019,14060100,699
2020,14060100,699
2019,14060200,549
2020,14060200,549
2019,14061100,1
2020,14061100,1
2019,14061200,102
2020,14061200,102
2019,14062100,274
2020,14062100,274
2019,14063100,6
2020,14063100,6
2019,14063200,16
2020,14063200,16
2019,14063300,0
2020,14063300,0
2019,14063400,1
2020,14063400,1
2019,14063500,700
2020,14063500,700
2019,14063600,256
2020,14063600,258
2019,14064100,552
2020,14064100,552
2019,14064200,482
2020,14064200,488
2019,14065100,51
2020,14065100,51
2019,14065200,0
2020,14065200,0
2019,14066100,553
2020,14066100,556
2019,14066200,0
2020,14066200,0
2019,14067100,291
2020,14067100,291
2019,14067200,454
2020,14067200,460
2019,14068100,0
2020,14068100,0
2019,14068200,1
2020,14068200,1
2019,14068300,81
2020,14068300,81
2019,14068400,3
2020,14068400,3
2019,14068500,1
2020,14068500,5
2019,14069100,520
2020,14069100,523
2019,14069200,100
2020,14069200,100
2019,14070100,147
2020,14070100,147
2019,14071100,188
2020,14071100,188
2019,14071200,28
2020,14071200,28
2019,14072100,606
2020,14072100,606
2019,14073100,280
2020,14073100,280
2019,14073200,522
2020,14073200,522
2019,14074100,352
2020,14074100,352
2019,14075100,15
2020,14075100,15
2019,14075200,20
2020,14075200,20
2019,14075300,5
2020,14075300,5
2019,14076100,365
2020,14076100,365
2019,14076200,1014
2020,14076200,1014
2019,14077100,215
2020,14077100,215
2019,14077200,0
2020,14077200,0
2019,14077300,1354
2020,14077300,1437
2019,14077400,1132
2020,14077400,1139
2019,14078100,565
2020,14078100,565
2019,14078200,563
2020,14078200,570
2019,14079100,556
2020,14079100,556
2019,14079200,475
2020,14079200,475
2019,14079300,0
2020,14079300,0
2019,14080100,4
2020,14080100,4
2019,14080200,57
2020,14080200,57
2019,14081100,69
2020,14081100,69
2019,14082100,52
2020,14082100,52
2019,14083100,16
2020,14083100,16
2019,14083200,8
2020,14083200,8
2019,14084100,1
2020,14084100,1
2019,14084200,2
2020,14084200,2
2019,14084300,10
2020,14084300,10
2019,14084400,0
2020,14084400,0
2019,14084500,8
2020,14084500,8
2019,14085100,21
2020,14085100,21
2019,14085200,15
2020,14085200,15
2019,14086100,13
2020,14086100,13
2019,14086200,43
2020,14086200,43
2019,14086300,0
2020,14086300,0
2019,14087100,4
2020,14087100,4
2019,14088100,3
2020,14088100,3
2019,14088200,9
2020,14088200,9
2019,14088300,13
2020,14088300,13
2019,14089100,12
2020,14089100,12
2019,14089200,13
2020,14089200,13
2019,14090100,30
2020,14090100,30
2019,14090200,1
2020,14090200,1
2019,14090300,0
2020,14090300,0
2019,14091100,26
2020,14091100,26
2019,14091200,21
2020,14091200,21
2019,14092100,20
2020,14092100,20
2019,14093100,571
2020,14093100,571
2019,14094100,13
2020,14094100,13
2019,14094200,13
2020,14094200,13
2019,14095100,134
2020,14095100,138
2019,14095200,100
2020,14095200,104
2019,14096100,30
2020,14096100,30
2019,14096200,20
2020,14096200,20
2019,14097100,751
2020,14097100,751
2019,14097200,423
2020,14097200,430
2019,14098100,126
2020,14098100,126
2019,14098200,67
2020,14098200,67
2019,14099100,10
2020,14099100,10
2019,14100100,23
2020,14100100,23
2019,14101100,10
2020,14101100,10
2019,14101200,15
2020,14101200,15
2019,14102100,21
2020,14102100,21
2019,14103100,28
2020,14103100,28
2019,14104100,16
2020,14104100,16
2019,14105100,0
2020,14105100,0
2019,14105200,6
2020,14105200,6
2019,14106100,1
2020,14106100,1
2019,14106200,1
2020,14106200,1
2019,14106300,1
2020,14106300,1
2019,14106400,2
2020,14106400,2
2019,14106500,25
2020,14106500,25
2019,14107100,94
2020,14107100,94
2019,14107200,0
2020,14107200,0
2019,14108100,29
2020,14108100,29
2019,14109100,335
2020,14109100,335
2019,14109200,470
2020,14109200,470
2019,14109300,117
2020,14109300,117
2019,20211100,713
2020,20211100,713
2019,20212100,780
2020,20212100,784
2019,20212200,694
2020,20212200,694
2019,20213100,210
2020,20213100,211
2019,20213200,257
2020,20213200,257
2019,20213300,597
2020,20213300,597
2019,20214100,420
2020,20214100,420
2019,20214200,466
2020,20214200,466
2019,20214300,408
2020,20214300,408
2019,20214400,369
2020,20214400,369
2019,20214500,373
2020,20214500,373
2019,20214600,371
2020,20214600,371
2019,20214700,3
2020,20214700,40
2019,20215100,344
2020,20215100,344
2019,20215200,697
2020,20215200,704
2019,20215300,1335
2020,20215300,1335
2019,20216100,1510
2020,20216100,1519
2019,20216200,756
2020,20216200,756
2019,20216300,293
2020,20216300,293
2019,20216400,313
2020,20216400,315
2019,20217100,387
2020,20217100,387
2019,20217200,624
2020,20217200,624
2019,20217300,1046
2020,20217300,1046
2019,20217400,425
2020,20217400,425
2019,20217500,437
2020,20217500,437
2019,20218100,351
2020,20218100,351
2019,20218200,1688
2020,20218200,1688
2019,20219100,628
2020,20219100,628
2019,20219200,1591
2020,20219200,1591
2019,20220100,931
2020,20220100,931
2019,20220200,762
2020,20220200,800
2019,20221100,1055
2020,20221100,1055
2019,20221200,938
2020,20221200,938
2019,20221300,894
2020,20221300,894
2019,20222100,381
2020,20222100,381
2019,20222200,681
2020,20222200,681
2019,20222300,894
2020,20222300,894
2019,20403200,900
2020,20403200,901
2019,20732100,679
2020,20732100,680
2019,20733100,396
2020,20733100,396
2019,20733200,525
2020,20733200,525
2019,20733300,1066
2020,20733300,1066
2019,20733400,358
2020,20733400,358
2019,20734100,581
2020,20734100,581
2019,20735100,669
2020,20735100,669
2019,20736100,345
2020,20736100,345
2019,20737100,540
2020,20737100,540
2019,20737200,781
2020,20737200,781
2019,20738100,1290
2020,20738100,1293
2019,20739100,1317
2020,20739100,1321
2019,20739200,595
2020,20739200,597
2019,20739300,670
2020,20739300,671
2019,20740100,1650
2020,20740100,1658
2019,20741100,1353
2020,20741100,1355
2019,20223100,856
2020,20223100,863
2019,20224100,902
2020,20224100,934
2019,20224200,2
2020,20224200,2
2019,20225100,3934
2020,20225100,3939
2019,20226100,4358
2020,20226100,4690
2019,20227100,2708
2020,20227100,2713
2019,20228100,0
2020,20228100,0
2019,20230100,1719
2020,20230100,1764
2019,20247100,2135
2020,20247100,2136
2019,20250100,599
2020,20250100,613
2019,20250200,786
2020,20250200,798
2019,20259100,840
2020,20259100,843
2019,20259200,1335
2020,20259200,1341
2019,20262100,1381
2020,20262100,1392
2019,20264100,84
2020,20264100,84
2019,20271100,170
2020,20271100,172
2019,20273100,119
2020,20273100,124
2019,20275100,0
2020,20275100,0
2019,20277100,48
2020,20277100,48
2019,20277200,1095
2020,20277200,1112
2019,20278100,824
2020,20278100,863
2019,20279100,9
2020,20279100,9
2019,20280100,137
2020,20280100,527
2019,20281100,102
2020,20281100,102
2019,20281200,58
2020,20281200,58
2019,20281300,36
2020,20281300,36
2019,20281400,86
2020,20281400,86
2019,20282100,43
2020,20282100,43
2019,20283100,177
2020,20283100,177
2019,20284100,207
2020,20284100,207
2019,20284200,651
2020,20284200,651
2019,20285100,11
2020,20285100,11
2019,20285200,10
2020,20285200,10
2019,20285300,7
2020,20285300,7
2019,20286100,1
2020,20286100,1
2019,20286200,1
2020,20286200,1
2019,20286300,1
2020,20286300,1
2019,20286400,1
2020,20286400,1
2019,20286500,1
2020,20286500,1
2019,20287100,430
2020,20287100,430
2019,20287200,15
2020,20287200,15
2019,20288100,547
2020,20288100,547
2019,20288200,0
2020,20288200,0
2019,20288300,7
2020,20288300,7
2019,20288400,178
2020,20288400,178
2019,20288500,392
2020,20288500,392
2019,20288600,192
2020,20288600,193
2019,20288700,29
2020,20288700,29
2019,20316100,16
2020,20316100,16
2019,20316200,12
2020,20316200,12
2019,20316300,12
2020,20316300,12
2019,20316400,74
2020,20316400,74
2019,20316500,1
2020,20316500,1
2019,20316600,14
2020,20316600,14
2019,20324100,1
2020,20324100,1
2019,20324200,4
2020,20324200,4
2019,20324300,0
2020,20324300,0
2019,20324400,5
2020,20324400,5
2019,20324500,16
2020,20324500,16
2019,20329100,10
2020,20329100,10
2019,20329200,4
2020,20329200,4
2019,20329300,3
2020,20329300,3
2019,20329400,1
2020,20329400,1
2019,20329500,14
2020,20329500,14
2019,20329600,2
2020,20329600,2
2019,20330100,109
2020,20330100,109
2019,20330200,7
2020,20330200,7
2019,20330300,180
2020,20330300,180
2019,20330400,575
2020,20330400,575
2019,20330500,3
2020,20330500,3
2019,20330600,19
2020,20330600,19
2019,20330700,49
2020,20330700,49
2019,20330800,104
2020,20330800,104
2019,20330900,4
2020,20330900,4
2019,20331100,7
2020,20331100,7
2019,20331200,4
2020,20331200,4
2019,20332100,26
2020,20332100,26
2019,20332200,13
2020,20332200,13
2019,20332300,3
2020,20332300,3
2019,20332400,1
2020,20332400,1
2019,20332500,0
2020,20332500,0
2019,20332600,0
2020,20332600,0
2019,20333100,3
2020,20333100,3
2019,20333200,1
2020,20333200,1
2019,20333300,26
2020,20333300,26
2019,20333400,2
2020,20333400,2
2019,20333500,2
2020,20333500,2
2019,20333600,19
2020,20333600,19
2019,20333700,1
2020,20333700,1
2019,20333800,2
2020,20333800,2
2019,20333900,0
2020,20333900,0
2019,20334100,19
2020,20334100,19
2019,20334200,0
2020,20334200,0
2019,20334300,30
2020,20334300,30
2019,20334400,13
2020,20334400,13
2019,20334500,5
2020,20334500,5
2019,20334600,10
2020,20334600,10
2019,20334700,14
2020,20334700,14
2019,20334800,21
2020,20334800,21
2019,20334900,22
2020,20334900,22
2019,20335100,8
2020,20335100,8
2019,20335200,2
2020,20335200,2
2019,20335300,4
2020,20335300,4
2019,20335400,0
2020,20335400,0
2019,20335500,1
2020,20335500,1
2019,20335600,0
2020,20335600,0
2019,20336100,65
2020,20336100,65
2019,20336200,6
2020,20336200,6
2019,20336300,12
2020,20336300,12
2019,20336400,3
2020,20336400,3
2019,20336500,7
2020,20336500,7
2019,20336600,7
2020,20336600,7
2019,20336700,12
2020,20336700,12
2019,20336800,5
2020,20336800,5
2019,20336900,47
2020,20336900,47
2019,20337100,44
2020,20337100,44
2019,20338100,1831
2020,20338100,1831
2019,20338200,1791
2020,20338200,1791
2019,20338300,12
2020,20338300,12
2019,20339100,3
2020,20339100,3
2019,20340100,55
2020,20340100,55
2019,20341100,42
2020,20341100,42
2019,20341200,61
2020,20341200,61
2019,20342100,136
2020,20342100,136
2019,20343100,34
2020,20343100,34
2019,20343200,58
2020,20343200,58
2019,20344100,67
2020,20344100,67
2019,20345100,50
2020,20345100,50
2019,20346100,38
2020,20346100,38
2019,20347100,187
2020,20347100,187
2019,20348100,639
2020,20348100,639
2019,20348200,663
2020,20348200,677
2019,20349100,25
2020,20349100,25
2019,20351100,663
2020,20351100,663
2019,20351200,960
2020,20351200,960
2019,20357100,110
2020,20357100,110
2019,20357200,1048
2020,20357200,1049
2019,20373100,55
2020,20373100,55
2019,20378100,58
2020,20378100,58
2019,20378200,5
2020,20378200,5
2019,20378300,22
2020,20378300,22
2019,20378400,51
2020,20378400,51
2019,20378500,10
2020,20378500,10
2019,20378600,21
2020,20378600,21
2019,20378700,2
2020,20378700,2
2019,20388100,66
2020,20388100,66
2019,20388200,26
2020,20388200,26
2019,20388300,78
2020,20388300,78
2019,20388400,284
2020,20388400,284
2019,20388500,258
2020,20388500,258
2019,20388600,47
2020,20388600,47
2019,20388700,5
2020,20388700,5
2019,20388800,35
2020,20388800,35
2019,20388900,396
2020,20388900,396
2019,20389100,86
2020,20389100,86
2019,20389200,503
2020,20389200,503
2019,20389300,228
2020,20389300,228
2019,20389400,576
2020,20389400,576
2019,20389500,280
2020,20389500,280
2019,20389600,20
2020,20389600,20
2019,20389700,173
2020,20389700,173
2019,20389800,115
2020,20389800,115
2019,20389900,44
2020,20389900,44
2019,20390100,3
2020,20390100,3
2019,20390200,6
2020,20390200,6
2019,20390300,3
2020,20390300,3
2019,20390400,5
2020,20390400,5
2019,20390500,0
2020,20390500,0
2019,20390600,0
2020,20390600,0
2019,20390700,0
2020,20390700,0
2019,20390800,123
2020,20390800,123
2019,20390900,6
2020,20390900,6
2019,20391100,465
2020,20391100,465
2019,20391200,156
2020,20391200,156
2019,20392100,509
2020,20392100,509
2019,20392200,35
2020,20392200,35
2019,20392300,20
2020,20392300,20
2019,20392400,38
2020,20392400,38
2019,20393100,11
2020,20393100,11
2019,20393200,36
2020,20393200,36
2019,20393300,30
2020,20393300,30
2019,20393400,2
2020,20393400,2
2019,20393500,209
2020,20393500,209
2019,20395100,175
2020,20395100,175
2019,20397100,119
2020,20397100,119
2019,20422100,617
2020,20422100,631
2019,20229100,1856
2020,20229100,1857
2019,20229200,198
2020,20229200,199
2019,20231100,465
2020,20231100,466
2019,20231200,411
2020,20231200,411
2019,20232100,185
2020,20232100,185
2019,20232200,316
2020,20232200,317
2019,20232300,773
2020,20232300,773
2019,20232400,557
2020,20232400,562
2019,20233100,2208
2020,20233100,2213
2019,20234100,285
2020,20234100,297
2019,20234200,383
2020,20234200,389
2019,20234300,1029
2020,20234300,1033
2019,20234400,622
2020,20234400,624
2019,20235100,670
2020,20235100,678
2019,20235200,1094
2020,20235200,1095
2019,20235300,586
2020,20235300,587
2019,20235400,508
2020,20235400,508
2019,20235500,275
2020,20235500,311
2019,20235600,586
2020,20235600,586
2019,20236100,463
2020,20236100,479
2019,20236200,266
2020,20236200,269
2019,20236300,237
2020,20236300,237
2019,20236400,681
2020,20236400,684
2019,20237100,47
2020,20237100,83
2019,20237200,1039
2020,20237200,1045
2019,20237300,576
2020,20237300,585
2019,20237400,1144
2020,20237400,1158
2019,20238100,358
2020,20238100,359
2019,20238200,752
2020,20238200,755
2019,20239100,1854
2020,20239100,1858
2019,20239200,324
2020,20239200,326
2019,20240100,586
2020,20240100,595
2019,20240200,731
2020,20240200,735
2019,20241100,1035
2020,20241100,1054
2019,20242100,578
2020,20242100,585
2019,20242200,525
2020,20242200,531
2019,20242300,482
2020,20242300,484
2019,20243100,492
2020,20243100,492
2019,20243200,534
2020,20243200,534
2019,20244100,322
2020,20244100,345
2019,20244200,544
2020,20244200,544
2019,20244300,710
2020,20244300,724
2019,20244400,157
2020,20244400,157
2019,20244500,313
2020,20244500,313
2019,20244600,975
2020,20244600,975
2019,20244700,639
2020,20244700,639
2019,20245100,1378
2020,20245100,1416
2019,20245200,853
2020,20245200,853
2019,20246100,611
2020,20246100,612
2019,20246200,151
2020,20246200,164
2019,20248100,443
2020,20248100,448
2019,20248200,961
2020,20248200,983
2019,20249100,370
2020,20249100,370
2019,20249200,658
2020,20249200,658
2019,20251100,266
2020,20251100,266
2019,20251200,389
2020,20251200,389
2019,20252100,584
2020,20252100,606
2019,20252200,810
2020,20252200,1144
2019,20252300,1137
2020,20252300,1140
2019,20253100,1151
2020,20253100,1171
2019,20253200,551
2020,20253200,551
2019,20253300,647
2020,20253300,648
2019,20254100,796
2020,20254100,799
2019,20255100,1302
2020,20255100,1304
2019,20255200,886
2020,20255200,888
2019,20255300,41
2020,20255300,42
2019,20256100,2438
2020,20256100,2447
2019,20257100,896
2020,20257100,897
2019,20257200,935
2020,20257200,940
2019,20258100,1773
2020,20258100,1773
2019,20258200,267
2020,20258200,267
2019,20260100,361
2020,20260100,361
2019,20260200,950
2020,20260200,951
2019,20260300,1628
2020,20260300,1630
2019,20261100,333
2020,20261100,333
2019,20261200,161
2020,20261200,166
2019,20261300,483
2020,20261300,487
2019,20263100,756
2020,20263100,762
2019,20263200,296
2020,20263200,300
2019,20263300,643
2020,20263300,649
2019,20263400,687
2020,20263400,688
2019,20265100,2544
2020,20265100,2547
2019,20266100,861
2020,20266100,864
2019,20266200,444
2020,20266200,444
2019,20267100,1248
2020,20267100,1251
2019,20267200,1802
2020,20267200,1868
2019,20268100,574
2020,20268100,574
2019,20268200,526
2020,20268200,526
2019,20269100,579
2020,20269100,579
2019,20270100,468
2020,20270100,468
2019,20272100,1326
2020,20272100,1327
2019,20274100,1271
2020,20274100,1271
2019,20274200,611
2020,20274200,613
2019,20276100,760
2020,20276100,769
2019,20289100,2
2020,20289100,2
2019,20289200,94
2020,20289200,94
2019,20289300,0
2020,20289300,0
2019,20289400,63
2020,20289400,63
2019,20289500,3
2020,20289500,3
2019,20289600,11
2020,20289600,11
2019,20289700,2
2020,20289700,2
2019,20290100,0
2020,20290100,0
2019,20290200,4
2020,20290200,4
2019,20290300,13
2020,20290300,13
2019,20290400,60
2020,20290400,60
2019,20290500,3
2020,20290500,3
2019,20290600,19
2020,20290600,19
2019,20290700,5
2020,20290700,5
2019,20290800,243
2020,20290800,243
2019,20291100,12
2020,20291100,12
2019,20291200,4
2020,20291200,4
2019,20291300,409
2020,20291300,409
2019,20291400,6
2020,20291400,6
2019,20291500,9
2020,20291500,9
2019,20291600,700
2020,20291600,700
2019,20291700,428
2020,20291700,428
2019,20291800,1276
2020,20291800,1276
2019,20291900,2
2020,20291900,2
2019,20292100,10
2020,20292100,10
2019,20292200,12
2020,20292200,12
2019,20292300,41
2020,20292300,41
2019,20292400,7
2020,20292400,7
2019,20292500,1
2020,20292500,1
2019,20292600,886
2020,20292600,886
2019,20292700,2
2020,20292700,2
2019,20292800,27
2020,20292800,27
2019,20292900,7
2020,20292900,7
2019,20293100,194
2020,20293100,194
2019,20293200,13
2020,20293200,13
2019,20293300,18
2020,20293300,18
2019,20293400,12
2020,20293400,12
2019,20293500,12
2020,20293500,12
2019,20293600,8
2020,20293600,8
2019,20294100,155
2020,20294100,155
2019,20294200,217
2020,20294200,217
2019,20294300,291
2020,20294300,291
2019,20294400,324
2020,20294400,324
2019,20294500,529
2020,20294500,529
2019,20294600,462
2020,20294600,462
2019,20295100,0
2020,20295100,0
2019,20296100,84
2020,20296100,84
2019,20296200,5
2020,20296200,5
2019,20296300,113
2020,20296300,113
2019,20296400,63
2020,20296400,63
2019,20296500,520
2020,20296500,520
2019,20296600,339
2020,20296600,339
2019,20296700,310
2020,20296700,310
2019,20296800,382
2020,20296800,382
2019,20296900,320
2020,20296900,320
2019,20297100,314
2020,20297100,314
2019,20297200,283
2020,20297200,283
2019,20297300,683
2020,20297300,684
2019,20297400,405
2020,20297400,407
2019,20297500,132
2020,20297500,132
2019,20297600,68
2020,20297600,68
2019,20298100,2
2020,20298100,2
2019,20298200,2
2020,20298200,2
2019,20298300,3
2020,20298300,3
2019,20298400,1
2020,20298400,1
2019,20298500,1
2020,20298500,1
2019,20298600,0
2020,20298600,0
2019,20298700,9
2020,20298700,9
2019,20299100,11
2020,20299100,11
2019,20299200,1
2020,20299200,1
2019,20299300,0
2020,20299300,0
2019,20299400,5
2020,20299400,5
2019,20299500,271
2020,20299500,271
2019,20299600,20
2020,20299600,20
2019,20299700,1
2020,20299700,1
2019,20299800,249
2020,20299800,249
2019,20299900,0
2020,20299900,0
2019,20300100,8
2020,20300100,8
2019,20300200,4
2020,20300200,4
2019,20300300,8
2020,20300300,8
2019,20300400,3
2020,20300400,3
2019,20300500,25
2020,20300500,25
2019,20300600,8
2020,20300600,8
2019,20300700,1
2020,20300700,1
2019,20300800,7
2020,20300800,7
2019,20301100,30
2020,20301100,30
2019,20301200,288
2020,20301200,288
2019,20301300,138
2020,20301300,138
2019,20301400,1154
2020,20301400,1154
2019,20301500,426
2020,20301500,426
2019,20301600,164
2020,20301600,164
2019,20302100,357
2020,20302100,357
2019,20302200,159
2020,20302200,159
2019,20302300,84
2020,20302300,84
2019,20302400,2
2020,20302400,2
2019,20302500,115
2020,20302500,115
2019,20303100,898
2020,20303100,898
2019,20303200,813
2020,20303200,813
2019,20303300,578
2020,20303300,578
2019,20303400,607
2020,20303400,607
2019,20303500,606
2020,20303500,606
2019,20303600,539
2020,20303600,539
2019,20304100,952
2020,20304100,1010
2019,20304200,564
2020,20304200,564
2019,20304300,443
2020,20304300,443
2019,20305100,0
2020,20305100,0
2019,20305200,632
2020,20305200,632
2019,20305300,0
2020,20305300,0
2019,20305400,384
2020,20305400,384
2019,20306100,1340
2020,20306100,1340
2019,20306200,1299
2020,20306200,1400
2019,20307100,807
2020,20307100,807
2019,20307200,1
2020,20307200,1
2019,20307300,1128
2020,20307300,1128
2019,20307400,15
2020,20307400,15
2019,20307500,145
2020,20307500,145
2019,20308100,366
2020,20308100,366
2019,20308200,372
2020,20308200,372
2019,20308300,381
2020,20308300,381
2019,20308400,4
2020,20308400,4
2019,20308500,781
2020,20308500,781
2019,20309100,483
2020,20309100,483
2019,20309200,452
2020,20309200,472
2019,20309300,252
2020,20309300,252
2019,20309400,427
2020,20309400,427
2019,20310100,210
2020,20310100,210
2019,20310200,0
2020,20310200,0
2019,20310300,0
2020,20310300,0
2019,20310400,0
2020,20310400,0
2019,20311100,1
2020,20311100,1
2019,20311200,1
2020,20311200,1
2019,20311300,0
2020,20311300,0
2019,20311400,21
2020,20311400,21
2019,20312100,1114
2020,20312100,1136
2019,20313100,1348
2020,20313100,1348
2019,20313200,736
2020,20313200,736
2019,20314100,1772
2020,20314100,1909
2019,20315100,1378
2020,20315100,1378
2019,20315200,230
2020,20315200,230
2019,20315300,32
2020,20315300,32
2019,20317100,422
2020,20317100,422
2019,20317200,806
2020,20317200,806
2019,20318100,701
2020,20318100,701
2019,20318200,528
2020,20318200,528
2019,20319100,1
2020,20319100,1
2019,20319200,1562
2020,20319200,1564
2019,20319300,548
2020,20319300,548
2019,20320100,6
2020,20320100,6
2019,20320200,239
2020,20320200,239
2019,20320300,639
2020,20320300,639
2019,20320400,801
2020,20320400,801
2019,20321100,0
2020,20321100,0
2019,20321200,645
2020,20321200,645
2019,20321300,541
2020,20321300,541
2019,20321400,354
2020,20321400,354
2019,20321500,107
2020,20321500,107
2019,20321600,171
2020,20321600,171
2019,20321700,103
2020,20321700,103
2019,20322100,508
2020,20322100,537
2019,20322200,1424
2020,20322200,1424
2019,20322300,825
2020,20322300,825
2019,20323100,927
2020,20323100,927
2019,20323200,488
2020,20323200,488
2019,20323300,661
2020,20323300,661
2019,20323400,695
2020,20323400,695
2019,20326100,621
2020,20326100,621
2019,20326200,315
2020,20326200,315
2019,20326300,330
2020,20326300,330
2019,20326400,335
2020,20326400,335
2019,20326500,383
2020,20326500,383
2019,20326600,408
2020,20326600,408
2019,20327100,3
2020,20327100,3
2019,20327200,287
2020,20327200,287
2019,20328100,416
2020,20328100,416
2019,20328200,396
2020,20328200,396
2019,20328300,266
2020,20328300,266
2019,20328400,882
2020,20328400,882
2019,20328500,637
2020,20328500,637
2019,20328600,145
2020,20328600,145
2019,20328700,90
2020,20328700,90
2019,20328800,770
2020,20328800,770
2019,20325100,0
2020,20325100,0
2019,20325200,0
2020,20325200,0
2019,20325300,0
2020,20325300,0
2019,20325400,0
2020,20325400,0
2019,20350100,8
2020,20350100,8
2019,20350200,3
2020,20350200,3
2019,20350300,1
2020,20350300,1
2019,20350400,0
2020,20350400,0
2019,20350500,1
2020,20350500,1
2019,20350600,0
2020,20350600,0
2019,20350700,17
2020,20350700,17
2019,20352100,893
2020,20352100,893
2019,20352200,625
2020,20352200,625
2019,20352300,691
2020,20352300,691
2019,20353100,257
2020,20353100,257
2019,20353200,172
2020,20353200,172
2019,20353300,211
2020,20353300,211
2019,20353400,506
2020,20353400,506
2019,20353500,358
2020,20353500,358
2019,20354100,20
2020,20354100,20
2019,20354200,1
2020,20354200,1
2019,20354300,1
2020,20354300,1
2019,20354400,191
2020,20354400,191
2019,20354500,0
2020,20354500,0
2019,20354600,716
2020,20354600,716
2019,20354700,6
2020,20354700,6
2019,20354800,606
2020,20354800,606
2019,20355100,481
2020,20355100,481
2019,20355200,2243
2020,20355200,2463
2019,20355300,360
2020,20355300,360
2019,20355400,563
2020,20355400,563
2019,20356100,570
2020,20356100,570
2019,20356200,146
2020,20356200,146
2019,20358100,0
2020,20358100,0
2019,20358200,282
2020,20358200,282
2019,20358300,343
2020,20358300,343
2019,20358400,187
2020,20358400,187
2019,20358500,503
2020,20358500,503
2019,20358600,91
2020,20358600,91
2019,20358700,292
2020,20358700,292
2019,20359100,116
2020,20359100,116
2019,20359200,139
2020,20359200,139
2019,20359300,54
2020,20359300,54
2019,20359400,108
2020,20359400,108
2019,20359500,64
2020,20359500,64
2019,20359600,101
2020,20359600,101
2019,20359700,90
2020,20359700,90
2019,20359800,46
2020,20359800,46
2019,20359900,44
2020,20359900,44
2019,20360100,279
2020,20360100,279
2019,20360200,1
2020,20360200,1
2019,20361100,1
2020,20361100,1
2019,20361200,78
2020,20361200,78
2019,20361300,650
2020,20361300,650
2019,20361400,352
2020,20361400,352
2019,20361500,418
2020,20361500,418
2019,20361600,629
2020,20361600,629
2019,20362100,883
2020,20362100,883
2019,20362200,63
2020,20362200,63
2019,20362300,0
2020,20362300,0
2019,20362400,5
2020,20362400,5
2019,20362500,4
2020,20362500,4
2019,20362600,1155
2020,20362600,1155
2019,20362700,73
2020,20362700,73
2019,20363100,89
2020,20363100,89
2019,20363200,109
2020,20363200,109
2019,20363300,102
2020,20363300,102
2019,20363400,124
2020,20363400,124
2019,20364100,1
2020,20364100,1
2019,20364200,46
2020,20364200,46
2019,20365100,698
2020,20365100,698
2019,20365200,0
2020,20365200,0
2019,20365300,16
2020,20365300,16
2019,20365400,0
2020,20365400,0
2019,20365500,183
2020,20365500,183
2019,20365600,5
2020,20365600,5
2019,20365700,0
2020,20365700,0
2019,20365800,328
2020,20365800,328
2019,20365900,178
2020,20365900,178
2019,20366100,0
2020,20366100,0
2019,20366200,963
2020,20366200,963
2019,20366300,171
2020,20366300,171
2019,20367100,1
2020,20367100,1
2019,20367200,218
2020,20367200,218
2019,20367300,446
2020,20367300,446
2019,20368100,360
2020,20368100,360
2019,20368200,700
2020,20368200,700
2019,20368300,176
2020,20368300,176
2019,20369100,355
2020,20369100,355
2019,20369200,746
2020,20369200,746
2019,20369300,544
2020,20369300,544
2019,20369400,676
2020,20369400,676
2019,20370100,1279
2020,20370100,1279
2019,20370200,622
2020,20370200,622
2019,20370300,286
2020,20370300,286
2019,20371100,517
2020,20371100,517
2019,20371200,760
2020,20371200,760
2019,20372100,1470
2020,20372100,1470
2019,20372200,332
2020,20372200,332
2019,20372300,0
2020,20372300,0
2019,20372400,28
2020,20372400,28
2019,20374100,715
2020,20374100,715
2019,20374200,887
2020,20374200,887
2019,20374300,511
2020,20374300,511
2019,20375100,0
2020,20375100,0
2019,20375200,0
2020,20375200,0
2019,20376100,627
2020,20376100,627
2019,20376200,808
2020,20376200,808
2019,20377100,489
2020,20377100,489
2019,20377200,163
2020,20377200,163
2019,20377300,606
2020,20377300,606
2019,20377400,511
2020,20377400,511
2019,20379100,1984
2020,20379100,1986
2019,20379200,1775
2020,20379200,1776
2019,20380100,663
2020,20380100,663
2019,20380200,698
2020,20380200,698
2019,20380300,108
2020,20380300,108
2019,20380400,711
2020,20380400,715
2019,20381100,592
2020,20381100,592
2019,20381200,1009
2020,20381200,1009
2019,20381300,834
2020,20381300,835
2019,20382100,781
2020,20382100,781
2019,20383100,0
2020,20383100,0
2019,20383200,0
2020,20383200,0
2019,20383300,0
2020,20383300,0
2019,20383400,0
2020,20383400,0
2019,20383500,262
2020,20383500,262
2019,20383600,6
2020,20383600,6
2019,20383700,146
2020,20383700,146
2019,20383800,51
2020,20383800,51
2019,20383900,0
2020,20383900,0
2019,20384100,0
2020,20384100,0
2019,20384200,12
2020,20384200,12
2019,20384300,122
2020,20384300,122
2019,20384400,0
2020,20384400,0
2019,20384500,24
2020,20384500,24
2019,20384600,125
2020,20384600,125
2019,20384700,176
2020,20384700,176
2019,20384800,48
2020,20384800,48
2019,20384900,19
2020,20384900,19
2019,20385100,531
2020,20385100,531
2019,20385200,967
2020,20385200,967
2019,20385300,945
2020,20385300,952
2019,20386100,733
2020,20386100,733
2019,20386200,670
2020,20386200,670
2019,20386300,664
2020,20386300,664
2019,20386400,517
2020,20386400,517
2019,20386500,446
2020,20386500,446
2019,20386600,6
2020,20386600,6
2019,20387100,3
2020,20387100,3
2019,20387200,1275
2020,20387200,1280
2019,20387300,34
2020,20387300,34
2019,20387400,3
2020,20387400,5
2019,20387500,191
2020,20387500,191
2019,20387600,90
2020,20387600,90
2019,20387700,2
2020,20387700,2
2019,20387800,0
2020,20387800,0
2019,20387900,0
2020,20387900,0
2019,20394100,232
2020,20394100,232
2019,20682100,275
2020,20682100,276
2019,20682200,213
2020,20682200,213
2019,20682300,12
2020,20682300,12
2019,20682400,264
2020,20682400,264
2019,20682500,470
2020,20682500,480
2019,20682600,657
2020,20682600,680
2019,20683100,956
2020,20683100,966
2019,20685100,797
2020,20685100,801
2019,20688100,538
2020,20688100,542
2019,20688200,298
2020,20688200,301
2019,20688300,354
2020,20688300,357
2019,20688400,420
2020,20688400,423
2019,20689100,512
2020,20689100,524
2019,20689200,580
2020,20689200,585
2019,20690100,447
2020,20690100,447
2019,20690200,295
2020,20690200,295
2019,20690300,310
2020,20690300,310
2019,20690400,361
2020,20690400,361
2019,20690500,805
2020,20690500,805
2019,20690600,421
2020,20690600,421
2019,20691100,416
2020,20691100,418
2019,20691200,611
2020,20691200,623
2019,20692100,288
2020,20692100,289
2019,20692200,272
2020,20692200,276
2019,20692300,280
2020,20692300,282
2019,20693100,516
2020,20693100,520
2019,20693200,297
2020,20693200,299
2019,20693300,231
2020,20693300,235
2019,20693400,377
2020,20693400,380
2019,20695100,647
2020,20695100,659
2019,20695200,425
2020,20695200,426
2019,20696100,534
2020,20696100,534
2019,20696200,382
2020,20696200,382
2019,20696300,489
2020,20696300,489
2019,20696400,371
2020,20696400,371
2019,20698100,238
2020,20698100,240
2019,20698200,323
2020,20698200,325
2019,20700100,689
2020,20700100,701
2019,20702100,278
2020,20702100,279
2019,20702200,696
2020,20702200,704
2019,20703100,191
2020,20703100,192
2019,20703200,458
2020,20703200,464
2019,20703300,523
2020,20703300,529
2019,20704100,719
2020,20704100,728
2019,20705100,852
2020,20705100,854
2019,20705200,551
2020,20705200,554
2019,20706100,244
2020,20706100,245
2019,20706200,631
2020,20706200,634
2019,20707100,219
2020,20707100,221
2019,20707200,850
2020,20707200,853
2019,20708100,592
2020,20708100,595
2019,20708200,974
2020,20708200,978
2019,20709100,448
2020,20709100,452
2019,20709200,676
2020,20709200,678
2019,20710100,808
2020,20710100,820
2019,20710200,494
2020,20710200,500
2019,20711100,1700
2020,20711100,1714
2019,20712100,237
2020,20712100,238
2019,20712200,1277
2020,20712200,1291
2019,20712300,377
2020,20712300,379
2019,20714100,531
2020,20714100,534
2019,20714200,1295
2020,20714200,1313
2019,20714300,9
2020,20714300,10
2019,20715100,834
2020,20715100,841
2019,20716100,433
2020,20716100,438
2019,20716200,1185
2020,20716200,1186
2019,20718100,1054
2020,20718100,1063
2019,20720100,414
2020,20720100,418
2019,20396100,40
2020,20396100,40
2019,22015100,551
2020,22015100,551
2019,22015200,772
2020,22015200,772
2019,22018100,448
2020,22018100,448
2019,22018200,322
2020,22018200,322
2019,22018300,535
2020,22018300,535
2019,22018400,612
2020,22018400,614
2019,22020100,587
2020,22020100,587
2019,22020200,824
2020,22020200,824
2019,22020300,609
2020,22020300,609
2019,22028100,2535
2020,22028100,2539
2019,22077100,752
2020,22077100,755
2019,22078100,731
2020,22078100,731
2019,22079100,1663
2020,22079100,1663
2019,22080100,1444
2020,22080100,1444
2019,22081100,1812
2020,22081100,1813
2019,22084100,360
2020,22084100,360
2019,22088100,775
2020,22088100,775
2019,22088200,463
2020,22088200,463
2019,22088300,235
2020,22088300,235
2019,22088400,296
2020,22088400,296
2019,22094100,700
2020,22094100,700
2019,22094200,317
2020,22094200,317
2019,22094300,355
2020,22094300,355
2019,22097100,278
2020,22097100,278
2019,22097200,718
2020,22097200,718
2019,22097300,661
2020,22097300,662
2019,22115100,359
2020,22115100,359
2019,22115200,617
2020,22115200,617
2019,22115300,681
2020,22115300,681
2019,22123100,214
2020,22123100,214
2019,22123200,449
2020,22123200,449
2019,22123300,335
2020,22123300,335
2019,22123400,606
2020,22123400,607
2019,22123500,484
2020,22123500,484
2019,22149100,859
2020,22149100,859
2019,22149200,341
2020,22149200,341
2019,22149300,515
2020,22149300,515
2019,22151100,403
2020,22151100,403
2019,22151200,196
2020,22151200,196
2019,22151300,579
2020,22151300,579
2019,22151400,586
2020,22151400,586
2019,22151500,732
2020,22151500,732
2019,22155100,536
2020,22155100,536
2019,22155200,320
2020,22155200,320
2019,22155300,692
2020,22155300,692
2019,22155400,409
2020,22155400,409
2019,22155500,360
2020,22155500,360
2019,22182100,410
2020,22182100,410
2019,22182200,111
2020,22182200,111
2019,22182300,1205
2020,22182300,1205
2019,22182400,74
2020,22182400,74
2019,22208100,990
2020,22208100,991
2019,22208200,697
2020,22208200,703
2019,22208300,277
2020,22208300,277
2019,22208400,425
2020,22208400,425
2019,22208500,682
2020,22208500,682
2019,22212100,825
2020,22212100,825
2019,22212200,902
2020,22212200,902
2019,22246100,677
2020,22246100,677
2019,22246200,918
2020,22246200,918
2019,22246300,390
2020,22246300,390
2019,22246400,400
2020,22246400,400
2019,22248100,819
2020,22248100,819
2019,22248200,862
2020,22248200,862
2019,20398100,586
2020,20398100,592
2019,20398200,210
2020,20398200,212
2019,20402100,714
2020,20402100,719
2019,20402200,496
2020,20402200,499
2019,20402300,962
2020,20402300,966
2019,20407100,196
2020,20407100,199
2019,20407200,696
2020,20407200,696
2019,20407300,566
2020,20407300,568
2019,20407400,742
2020,20407400,751
2019,20414100,855
2020,20414100,859
2019,20414200,606
2020,20414200,613
2019,20416100,1642
2020,20416100,1644
2019,20420100,1629
2020,20420100,1645
2019,20421100,1050
2020,20421100,1070
2019,20428100,2469
2020,20428100,2485
2019,20432100,1553
2020,20432100,1572
2019,20436100,2363
2020,20436100,2382
2019,20439100,1266
2020,20439100,1274
2019,20439200,358
2020,20439200,364
2019,20439300,406
2020,20439300,408
2019,20441100,677
2020,20441100,686
2019,20441200,1411
2020,20441200,1420
2019,20442100,3126
2020,20442100,3140
2019,20446100,775
2020,20446100,782
2019,20446200,586
2020,20446200,592
2019,20446300,19
2020,20446300,32
2019,20449100,520
2020,20449100,527
2019,20449200,599
2020,20449200,605
2019,20449300,991
2020,20449300,1001
2019,20453100,608
2020,20453100,614
2019,20453200,781
2020,20453200,787
2019,20457100,799
2020,20457100,804
2019,20459100,934
2020,20459100,942
2019,20459200,463
2020,20459200,467
2019,20459300,667
2020,20459300,674
2019,20461100,1146
2020,20461100,1148
2019,20462100,815
2020,20462100,829
2019,20463100,603
2020,20463100,604
2019,20468100,405
2020,20468100,408
2019,20468200,1212
2020,20468200,1228
2019,20469100,997
2020,20469100,1005
2019,20474100,320
2020,20474100,326
2019,20474200,27
2020,20474200,28
2019,20474300,496
2020,20474300,502
2019,20478100,1605
2020,20478100,1618
2019,20478200,1275
2020,20478200,1287
2019,20479100,1020
2020,20479100,1030
2019,20479200,555
2020,20479200,558
2019,20479300,307
2020,20479300,312
2019,20484100,1
2020,20484100,1
2019,20484200,492
2020,20484200,499
2019,20484300,556
2020,20484300,562
2019,20491100,1635
2020,20491100,1643
2019,20491200,204
2020,20491200,210
2019,20493100,908
2020,20493100,911
2019,20493200,1112
2020,20493200,1119
2019,20495100,584
2020,20495100,588
2019,20495200,1120
2020,20495200,1131
2019,20504100,691
2020,20504100,696
2019,20504200,420
2020,20504200,425
2019,20504300,641
2020,20504300,647
2019,20507100,714
2020,20507100,718
2019,20507200,308
2020,20507200,312
2019,20649100,1251
2020,20649100,1257
2019,20650100,767
2020,20650100,771
2019,20650200,1144
2020,20650200,1153
2019,20651100,571
2020,20651100,576
2019,20652100,1040
2020,20652100,1047
2019,20653100,785
2020,20653100,794
2019,20654100,332
2020,20654100,334
2019,20654200,557
2020,20654200,564
2019,20654300,808
2020,20654300,817
2019,20654400,586
2020,20654400,590
2019,20399100,623
2020,20399100,627
2019,20399200,910
2020,20399200,914
2019,20400100,805
2020,20400100,809
2019,20400200,330
2020,20400200,332
2019,20400300,504
2020,20400300,507
2019,20400400,348
2020,20400400,349
2019,20400500,470
2020,20400500,470
2019,20401100,1383
2020,20401100,1387
2019,20403100,779
2020,20403100,786
2019,20404100,842
2020,20404100,847
2019,20404200,616
2020,20404200,619
2019,20405100,753
2020,20405100,757
2019,20406100,559
2020,20406100,562
2019,20406200,1078
2020,20406200,1084
2019,20408100,584
2020,20408100,592
2019,20408200,252
2020,20408200,254
2019,20409100,726
2020,20409100,728
2019,20409200,517
2020,20409200,521
2019,20409300,896
2020,20409300,904
2019,20410100,793
2020,20410100,798
2019,20410200,430
2020,20410200,433
2019,20411100,449
2020,20411100,451
2019,20411200,339
2020,20411200,342
2019,20411300,433
2020,20411300,436
2019,20412100,1551
2020,20412100,1558
2019,20412200,382
2020,20412200,387
2019,20412300,516
2020,20412300,520
2019,20413100,533
2020,20413100,536
2019,20413200,681
2020,20413200,685
2019,20413300,552
2020,20413300,555
2019,20415100,562
2020,20415100,573
2019,20415200,564
2020,20415200,568
2019,20415300,711
2020,20415300,726
2019,20417100,3628
2020,20417100,3629
2019,20418100,712
2020,20418100,716
2019,20418200,443
2020,20418200,445
2019,20419100,285
2020,20419100,287
2019,20419200,589
2020,20419200,593
2019,20423100,2403
2020,20423100,2444
2019,20423200,0
2020,20423200,0
2019,20424100,1060
2020,20424100,1115
2019,20425100,0
2020,20425100,105
2019,20426100,1192
2020,20426100,1197
2019,20427100,1059
2020,20427100,1063
2019,20429100,1212
2020,20429100,1224
2019,20429200,671
2020,20429200,680
2019,20430100,1037
2020,20430100,1042
2019,20430200,957
2020,20430200,962
2019,20431100,52
2020,20431100,60
2019,20431200,899
2020,20431200,904
2019,20431300,711
2020,20431300,715
2019,20433100,2733
2020,20433100,2765
2019,20433200,2071
2020,20433200,2178
2019,20434100,580
2020,20434100,584
2019,20434200,210
2020,20434200,211
2019,20434300,1014
2020,20434300,1020
2019,20435100,133
2020,20435100,181
2019,20435200,0
2020,20435200,18
2019,20437100,336
2020,20437100,339
2019,20437200,316
2020,20437200,317
2019,20437300,553
2020,20437300,556
2019,20438100,746
2020,20438100,749
2019,20438200,701
2020,20438200,705
2019,20438300,572
2020,20438300,575
2019,20440100,565
2020,20440100,568
2019,20440200,723
2020,20440200,726
2019,20443100,675
2020,20443100,679
2019,20444100,922
2020,20444100,929
2019,20445100,353
2020,20445100,354
2019,20445200,1085
2020,20445200,1090
2019,20447100,863
2020,20447100,865
2019,20447200,700
2020,20447200,704
2019,20448100,365
2020,20448100,368
2019,20448200,1629
2020,20448200,1638
2019,20450100,1360
2020,20450100,1366
2019,20451100,671
2020,20451100,675
2019,20452100,440
2020,20452100,443
2019,20452200,481
2020,20452200,483
2019,20452300,424
2020,20452300,428
2019,20452400,530
2020,20452400,534
2019,20454100,1106
2020,20454100,1111
2019,20454200,500
2020,20454200,503
2019,20455100,617
2020,20455100,620
2019,20455200,827
2020,20455200,831
2019,20458100,804
2020,20458100,810
2019,20458200,351
2020,20458200,353
2019,20456100,1351
2020,20456100,1357
2019,20460100,408
2020,20460100,412
2019,20464100,352
2020,20464100,357
2019,20464200,884
2020,20464200,889
2019,20465100,813
2020,20465100,818
2019,20465200,791
2020,20465200,799
2019,20466100,854
2020,20466100,861
2019,20466200,2000
2020,20466200,2015
2019,20467100,540
2020,20467100,544
2019,20467200,655
2020,20467200,663
2019,20467300,246
2020,20467300,248
2019,20470100,833
2020,20470100,834
2019,20470200,1513
2020,20470200,1517
2019,20470300,426
2020,20470300,428
2019,20471100,1241
2020,20471100,1249
2019,20472100,794
2020,20472100,801
2019,20472200,369
2020,20472200,373
2019,20472300,688
2020,20472300,697
2019,20473100,607
2020,20473100,617
2019,20473200,908
2020,20473200,919
2019,20473300,290
2020,20473300,297
2019,20475100,1668
2020,20475100,1679
2019,20475200,330
2020,20475200,333
2019,20476100,775
2020,20476100,786
2019,20476200,971
2020,20476200,983
2019,20477100,1998
2020,20477100,2002
2019,20480100,1303
2020,20480100,1308
2019,20480200,648
2020,20480200,651
2019,20481100,1002
2020,20481100,1010
2019,20482100,1306
2020,20482100,1318
2019,20483100,981
2020,20483100,987
2019,20483200,916
2020,20483200,923
2019,20485100,435
2020,20485100,442
2019,20485200,784
2020,20485200,789
2019,20486100,489
2020,20486100,494
2019,20486200,293
2020,20486200,296
2019,20486300,751
2020,20486300,758
2019,20487100,1300
2020,20487100,1307
2019,20487200,352
2020,20487200,357
2019,20487300,651
2020,20487300,666
2019,20488100,647
2020,20488100,653
2019,20488200,995
2020,20488200,1006
2019,20489100,811
2020,20489100,819
2019,20489200,1445
2020,20489200,1462
2019,20490100,4495
2020,20490100,4509
2019,20492100,221
2020,20492100,224
2019,20492200,260
2020,20492200,263
2019,20492300,716
2020,20492300,721
2019,20494100,420
2020,20494100,423
2019,20494200,704
2020,20494200,711
2019,20496100,2324
2020,20496100,2346
2019,20497100,830
2020,20497100,838
2019,20497200,594
2020,20497200,600
2019,20497300,447
2020,20497300,450
2019,20497400,389
2020,20497400,392
2019,20498100,340
2020,20498100,343
2019,20498200,365
2020,20498200,369
2019,20498300,688
2020,20498300,696
2019,20499100,492
2020,20499100,496
2019,20499200,556
2020,20499200,560
2019,20500100,798
2020,20500100,805
2019,20500200,502
2020,20500200,505
2019,20500300,887
2020,20500300,891
2019,20501100,403
2020,20501100,406
2019,20501200,707
2020,20501200,714
2019,20502100,316
2020,20502100,338
2019,20502200,629
2020,20502200,634
2019,20503100,1112
2020,20503100,1120
2019,20503200,1025
2020,20503200,1033
2019,20505100,2173
2020,20505100,2183
2019,20506100,256
2020,20506100,261
2019,20506200,331
2020,20506200,337
2019,20506300,140
2020,20506300,142
2019,20506400,261
2020,20506400,264
2019,20509100,70
2020,20509100,75
2019,20508100,461
2020,20508100,465
2019,20508200,747
2020,20508200,753
2019,20513100,615
2020,20513100,623
2019,20513200,763
2020,20513200,770
2019,20516100,474
2020,20516100,479
2019,20516200,1071
2020,20516200,1079
2019,20516300,548
2020,20516300,550
2019,20519100,1733
2020,20519100,1750
2019,20520100,841
2020,20520100,848
2019,20521100,1338
2020,20521100,1345
2019,20523100,1643
2020,20523100,1653
2019,20524100,702
2020,20524100,710
2019,20525100,1046
2020,20525100,1051
2019,20526100,1086
2020,20526100,1088
2019,20533100,480
2020,20533100,491
2019,20533200,1783
2020,20533200,1797
2019,20536100,601
2020,20536100,607
2019,20536200,513
2020,20536200,516
2019,20537100,2952
2020,20537100,2966
2019,20541100,1189
2020,20541100,1199
2019,20542100,713
2020,20542100,719
2019,20543100,1160
2020,20543100,1168
2019,20544100,1356
2020,20544100,1365
2019,20544200,811
2020,20544200,825
2019,20545100,1973
2020,20545100,1982
2019,20550100,1592
2020,20550100,1601
2019,20554100,353
2020,20554100,355
2019,20554200,348
2020,20554200,352
2019,20554300,726
2020,20554300,731
2019,20556100,342
2020,20556100,347
2019,20556200,351
2020,20556200,354
2019,20556300,471
2020,20556300,477
2019,20556400,452
2020,20556400,456
2019,20562100,474
2020,20562100,477
2019,20562200,1109
2020,20562200,1113
2019,20562300,459
2020,20562300,464
2019,20667100,431
2020,20667100,436
2019,20668100,284
2020,20668100,288
2019,20673100,498
2020,20673100,505
2019,20673200,410
2020,20673200,414
2019,20673300,441
2020,20673300,444
2019,20677100,630
2020,20677100,639
2019,20677200,302
2020,20677200,305
2019,20677300,496
2020,20677300,500
2019,20679100,628
2020,20679100,630
2019,20679200,315
2020,20679200,318
2019,20699100,470
2020,20699100,471
2019,20699200,798
2020,20699200,805
2019,20702300,292
2020,20702300,294
2019,20509200,605
2020,20509200,608
2019,20509300,0
2020,20509300,0
2019,20510100,1528
2020,20510100,1537
2019,20510200,499
2020,20510200,502
2019,20512100,1255
2020,20512100,1264
2019,20512200,891
2020,20512200,899
2019,20514100,494
2020,20514100,500
2019,20514200,587
2020,20514200,594
2019,20514300,224
2020,20514300,225
2019,20517100,635
2020,20517100,646
2019,20517200,1138
2020,20517200,1144
2019,20518100,1458
2020,20518100,1477
2019,20518200,885
2020,20518200,895
2019,20518300,253
2020,20518300,267
2019,20527100,387
2020,20527100,394
2019,20527200,395
2020,20527200,400
2019,20527300,412
2020,20527300,417
2019,20527400,586
2020,20527400,590
2019,20528100,304
2020,20528100,307
2019,20528200,672
2020,20528200,679
2019,20528300,886
2020,20528300,892
2019,20530100,531
2020,20530100,538
2019,20530200,630
2020,20530200,633
2019,20530300,698
2020,20530300,708
2019,20531100,760
2020,20531100,769
2019,20531200,683
2020,20531200,690
2019,20532100,642
2020,20532100,649
2019,20532200,689
2020,20532200,698
2019,20532300,749
2020,20532300,754
2019,20532400,2005
2020,20532400,2036
2019,20534100,303
2020,20534100,310
2019,20534200,603
2020,20534200,607
2019,20534300,837
2020,20534300,843
2019,20534400,634
2020,20534400,638
2019,20535100,886
2020,20535100,900
2019,20535200,877
2020,20535200,883
2019,20535300,1693
2020,20535300,1700
2019,20539100,364
2020,20539100,372
2019,20539200,827
2020,20539200,832
2019,20540100,433
2020,20540100,438
2019,20540200,1237
2020,20540200,1248
2019,20546100,357
2020,20546100,366
2019,20546200,1787
2020,20546200,1809
2019,20546300,434
2020,20546300,439
2019,20547100,898
2020,20547100,906
2019,20547200,644
2020,20547200,648
2019,20548100,531
2020,20548100,535
2019,20548200,1016
2020,20548200,1035
2019,20549100,1748
2020,20549100,1770
2019,20552100,1110
2020,20552100,1119
2019,20552200,1093
2020,20552200,1097
2019,20552300,562
2020,20552300,566
2019,20553100,825
2020,20553100,833
2019,20553200,442
2020,20553200,445
2019,20553300,979
2020,20553300,988
2019,20553400,477
2020,20553400,483
2019,20557100,1119
2020,20557100,1127
2019,20557200,837
2020,20557200,843
2019,20557300,553
2020,20557300,556
2019,20558100,1208
2020,20558100,1225
2019,20559100,1347
2020,20559100,1355
2019,20560100,1221
2020,20560100,1228
2019,20560200,846
2020,20560200,850
2019,20560300,486
2020,20560300,492
2019,20563100,773
2020,20563100,781
2019,20563200,471
2020,20563200,477
2019,20564100,911
2020,20564100,920
2019,20564200,375
2020,20564200,379
2019,20565100,961
2020,20565100,967
2019,20565200,702
2020,20565200,708
2019,20566100,1198
2020,20566100,1210
2019,20567100,893
2020,20567100,896
2019,20569100,834
2020,20569100,840
2019,20569200,615
2020,20569200,622
2019,20569300,364
2020,20569300,365
2019,20573100,847
2020,20573100,861
2019,20573200,980
2020,20573200,984
2019,20573300,538
2020,20573300,541
2019,20511100,1106
2020,20511100,1114
2019,20515100,773
2020,20515100,780
2019,20515200,441
2020,20515200,449
2019,20515300,723
2020,20515300,733
2019,20522100,690
2020,20522100,704
2019,20522200,729
2020,20522200,734
2019,20522300,1542
2020,20522300,1555
2019,20529100,743
2020,20529100,749
2019,20529200,899
2020,20529200,902
2019,20538100,1689
2020,20538100,1695
2019,20538200,555
2020,20538200,563
2019,20538300,928
2020,20538300,934
2019,20551100,1061
2020,20551100,1069
2019,20551200,1077
2020,20551200,1084
2019,20551300,786
2020,20551300,792
2019,20551400,361
2020,20551400,366
2019,20551500,261
2020,20551500,262
2019,20555100,286
2020,20555100,287
2019,20555200,941
2020,20555200,942
2019,20561100,1760
2020,20561100,1766
2019,20561200,375
2020,20561200,378
2019,20561300,1180
2020,20561300,1191
2019,20563300,293
2020,20563300,295
2019,20563400,496
2020,20563400,497
2019,20572100,816
2020,20572100,825
2019,20572200,518
2020,20572200,523
2019,20575100,840
2020,20575100,849
2019,20575200,1091
2020,20575200,1093
2019,20575300,1055
2020,20575300,1061
2019,20576100,1060
2020,20576100,1068
2019,20576200,810
2020,20576200,814
2019,20576300,487
2020,20576300,491
2019,20587100,1608
2020,20587100,1614
2019,20595100,417
2020,20595100,420
2019,20595200,892
2020,20595200,899
2019,20595300,980
2020,20595300,983
2019,20596100,374
2020,20596100,378
2019,20596200,687
2020,20596200,693
2019,20596300,523
2020,20596300,526
2019,20596400,1141
2020,20596400,1146
2019,20596500,425
2020,20596500,426
2019,20603100,742
2020,20603100,748
2019,20603200,1268
2020,20603200,1273
2019,20603300,364
2020,20603300,365
2019,20609100,1580
2020,20609100,1587
2019,20609200,561
2020,20609200,567
2019,20611100,263
2020,20611100,266
2019,20611200,1905
2020,20611200,1911
2019,20611300,1287
2020,20611300,1294
2019,20622200,684
2020,20622200,687
2019,20622300,1109
2020,20622300,1122
2019,20623100,415
2020,20623100,422
2019,20623200,614
2020,20623200,619
2019,20623300,1197
2020,20623300,1202
2019,20626100,0
2020,20626100,0
2019,20742100,377
2020,20742100,377
2019,20742200,927
2020,20742200,931
2019,20743100,1176
2020,20743100,1179
2019,20745100,525
2020,20745100,527
2019,20745200,1043
2020,20745200,1044
2019,20751100,892
2020,20751100,894
2019,20756100,503
2020,20756100,503
2019,20756200,619
2020,20756200,620
2019,20759100,551
2020,20759100,553
2019,20759200,540
2020,20759200,541
2019,20759300,199
2020,20759300,200
2019,20764100,1201
2020,20764100,1203
2019,20764200,1142
2020,20764200,1148
2019,20764300,442
2020,20764300,442
2019,20764400,171
2020,20764400,172
2019,20765100,655
2020,20765100,655
2019,20765200,498
2020,20765200,500
2019,20774100,1788
2020,20774100,1795
2019,20775100,1701
2020,20775100,1702
2019,20775200,1505
2020,20775200,1508
2019,20779100,785
2020,20779100,786
2019,20779200,1201
2020,20779200,1203
2019,20779300,1123
2020,20779300,1124
2019,20789100,463
2020,20789100,470
2019,20789200,753
2020,20789200,761
2019,20838100,1714
2020,20838100,1722
2019,20852100,296
2020,20852100,300
2019,20852200,1312
2020,20852200,1320
2019,20861100,949
2020,20861100,962
2019,20861200,666
2020,20861200,672
2019,20568100,1268
2020,20568100,1272
2019,20570100,851
2020,20570100,857
2019,20570200,559
2020,20570200,572
2019,20574100,920
2020,20574100,923
2019,20577100,1029
2020,20577100,1041
2019,20577200,611
2020,20577200,618
2019,20578100,569
2020,20578100,573
2019,20578200,509
2020,20578200,514
2019,20578300,424
2020,20578300,426
2019,20580100,707
2020,20580100,715
2019,20580200,982
2020,20580200,990
2019,20581100,513
2020,20581100,519
2019,20581200,577
2020,20581200,583
2019,20581300,959
2020,20581300,965
2019,20584100,1517
2020,20584100,1531
2019,20584200,1648
2020,20584200,1660
2019,20585100,1403
2020,20585100,1406
2019,20585200,217
2020,20585200,221
2019,20586100,534
2020,20586100,540
2019,20586200,895
2020,20586200,898
2019,20586300,928
2020,20586300,939
2019,20588100,994
2020,20588100,1004
2019,20589100,771
2020,20589100,781
2019,20589200,1554
2020,20589200,1564
2019,20589300,701
2020,20589300,708
2019,20590100,955
2020,20590100,963
2019,20590200,412
2020,20590200,417
2019,20590300,867
2020,20590300,874
2019,20590400,324
2020,20590400,344
2019,20591100,474
2020,20591100,479
2019,20591200,598
2020,20591200,605
2019,20597100,817
2020,20597100,832
2019,20597200,1060
2020,20597200,1062
2019,20598100,482
2020,20598100,494
2019,20598200,944
2020,20598200,956
2019,20599100,326
2020,20599100,330
2019,20599200,539
2020,20599200,546
2019,20599300,1642
2020,20599300,1661
2019,20600100,462
2020,20600100,465
2019,20600200,296
2020,20600200,300
2019,20604100,778
2020,20604100,784
2019,20604200,1095
2020,20604200,1107
2019,20605100,415
2020,20605100,417
2019,20605200,717
2020,20605200,726
2019,20606100,870
2020,20606100,876
2019,20608100,2904
2020,20608100,2931
2019,20608200,884
2020,20608200,894
2019,20608300,835
2020,20608300,845
2019,20608400,356
2020,20608400,358
2019,20613100,1361
2020,20613100,1370
2019,20613200,1434
2020,20613200,1451
2019,20614100,505
2020,20614100,509
2019,20614200,380
2020,20614200,385
2019,20614300,1334
2020,20614300,1398
2019,20615100,1243
2020,20615100,1253
2019,20615200,1347
2020,20615200,1359
2019,20615300,938
2020,20615300,949
2019,20617100,677
2020,20617100,681
2019,20617200,842
2020,20617200,844
2019,20618100,1026
2020,20618100,1033
2019,20618200,515
2020,20618200,519
2019,20619100,867
2020,20619100,873
2019,20619200,452
2020,20619200,459
2019,20624100,373
2020,20624100,376
2019,20624200,833
2020,20624200,842
2019,20571100,592
2020,20571100,597
2019,20571200,578
2020,20571200,582
2019,20571300,282
2020,20571300,285
2019,20571400,39
2020,20571400,40
2019,20579100,837
2020,20579100,842
2019,20582100,560
2020,20582100,561
2019,20582200,492
2020,20582200,495
2019,20583100,406
2020,20583100,408
2019,20583200,288
2020,20583200,290
2019,20583300,533
2020,20583300,536
2019,20592100,869
2020,20592100,871
2019,20592200,324
2020,20592200,324
2019,20593100,228
2020,20593100,230
2019,20593200,796
2020,20593200,800
2019,20593300,871
2020,20593300,873
2019,20594100,341
2020,20594100,342
2019,20594200,615
2020,20594200,621
2019,20601100,434
2020,20601100,435
2019,20601200,882
2020,20601200,887
2019,20602100,201
2020,20602100,205
2019,20602200,794
2020,20602200,798
2019,20607100,627
2020,20607100,628
2019,20607200,394
2020,20607200,395
2019,20610100,912
2020,20610100,919
2019,20610200,166
2020,20610200,166
2019,20610300,363
2020,20610300,366
2019,20612100,1052
2020,20612100,1055
2019,20616100,774
2020,20616100,777
2019,20621100,867
2020,20621100,868
2019,20621200,391
2020,20621200,393
2019,20621300,475
2020,20621300,477
2019,20702400,286
2020,20702400,287
2019,20713100,661
2020,20713100,668
2019,20713200,868
2020,20713200,869
2019,20717100,74
2020,20717100,74
2019,20717200,427
2020,20717200,429
2019,20717300,280
2020,20717300,281
2019,20717400,505
2020,20717400,506
2019,20717500,1
2020,20717500,1
2019,20719100,947
2020,20719100,951
2019,20719200,590
2020,20719200,593
2019,20719300,232
2020,20719300,233
2019,20719400,656
2020,20719400,660
2019,20720200,1102
2020,20720200,1109
2019,20721100,571
2020,20721100,574
2019,20721200,1615
2020,20721200,1624
2019,20722100,516
2020,20722100,518
2019,20722200,549
2020,20722200,552
2019,20722300,466
2020,20722300,468
2019,20722400,1029
2020,20722400,1038
2019,20723100,1228
2020,20723100,1240
2019,20724100,318
2020,20724100,319
2019,20724200,586
2020,20724200,591
2019,20724300,380
2020,20724300,381
2019,20724400,386
2020,20724400,390
2019,20725100,960
2020,20725100,965
2019,20726100,521
2020,20726100,525
2019,20726200,948
2020,20726200,961
2019,20727100,1069
2020,20727100,1075
2019,20727200,670
2020,20727200,674
2019,20728100,633
2020,20728100,637
2019,20728200,1677
2020,20728200,1683
2019,20729100,1297
2020,20729100,1305
2019,20730100,462
2020,20730100,464
2019,20730200,632
2020,20730200,636
2019,20730300,464
2020,20730300,469
2019,20731100,533
2020,20731100,539
2019,20731200,815
2020,20731200,819
2019,20620100,1
2020,20620100,1
2019,20620200,0
2020,20620200,0
2019,20622100,1103
2020,20622100,1106
2019,20625100,849
2020,20625100,849
2019,20625200,514
2020,20625200,735
2019,20627100,1324
2020,20627100,1324
2019,20628100,1019
2020,20628100,1019
2019,20628200,0
2020,20628200,0
2019,20629100,573
2020,20629100,573
2019,20629200,201
2020,20629200,201
2019,20629300,319
2020,20629300,319
2019,20630100,515
2020,20630100,539
2019,20630200,910
2020,20630200,910
2019,20631100,1527
2020,20631100,1527
2019,20632100,184
2020,20632100,184
2019,20632200,200
2020,20632200,200
2019,20632300,5
2020,20632300,5
2019,20632400,19
2020,20632400,19
2019,20632500,0
2020,20632500,0
2019,20632600,5
2020,20632600,5
2019,20632700,1012
2020,20632700,1012
2019,20632800,4
2020,20632800,4
2019,20633100,976
2020,20633100,976
2019,20633200,1
2020,20633200,1
2019,20633300,6
2020,20633300,6
2019,20633400,46
2020,20633400,46
2019,20633500,692
2020,20633500,692
2019,20633600,763
2020,20633600,763
2019,20633700,0
2020,20633700,0
2019,20634100,1588
2020,20634100,1588
2019,20634200,829
2020,20634200,829
2019,20635100,621
2020,20635100,621
2019,20635200,679
2020,20635200,679
2019,20635300,1
2020,20635300,1
2019,20636100,350
2020,20636100,350
2019,20636200,24
2020,20636200,24
2019,20636300,5
2020,20636300,5
2019,20637100,709
2020,20637100,709
2019,20637200,725
2020,20637200,725
2019,20637300,3
2020,20637300,3
2019,20637400,1107
2020,20637400,1107
2019,20638100,2239
2020,20638100,2239
2019,20638200,478
2020,20638200,478
2019,20638300,516
2020,20638300,516
2019,20638400,258
2020,20638400,258
2019,20639100,39
2020,20639100,39
2019,20639200,948
2020,20639200,948
2019,20639300,331
2020,20639300,331
2019,20639400,13
2020,20639400,13
2019,20639500,715
2020,20639500,715
2019,20640100,9
2020,20640100,9
2019,20640200,511
2020,20640200,511
2019,20640300,369
2020,20640300,369
2019,20640400,517
2020,20640400,517
2019,20640500,664
2020,20640500,664
2019,20640600,587
2020,20640600,587
2019,20641100,1057
2020,20641100,1057
2019,20642100,781
2020,20642100,781
2019,20642200,390
2020,20642200,390
2019,20643100,1064
2020,20643100,1064
2019,20643200,954
2020,20643200,954
2019,20644100,366
2020,20644100,366
2019,20644200,565
2020,20644200,565
2019,20645100,1015
2020,20645100,1015
2019,20645200,274
2020,20645200,274
2019,20645300,373
2020,20645300,373
2019,20645400,482
2020,20645400,482
2019,20645500,655
2020,20645500,655
2019,20646100,1802
2020,20646100,1802
2019,20646200,17
2020,20646200,17
2019,20646300,954
2020,20646300,954
2019,20647100,2057
2020,20647100,2057
2019,20647200,1852
2020,20647200,1852
2019,20648100,4
2020,20648100,4
2019,20648200,969
2020,20648200,969
2019,20648300,10
2020,20648300,10
2019,20648400,1129
2020,20648400,1129
2019,20971100,1167
2020,20971100,1189
2019,20971200,796
2020,20971200,798
2019,20990100,422
2020,20990100,422
2019,21957100,3057
2020,21957100,3084
2019,21971100,898
2020,21971100,901
2019,21971200,413
2020,21971200,416
2019,21971300,432
2020,21971300,433
2019,21979100,481
2020,21979100,483
2019,21979200,896
2020,21979200,900
2019,22007100,667
2020,22007100,669
2019,22007200,492
2020,22007200,494
2019,22007300,581
2020,22007300,583
2019,20655100,1274
2020,20655100,1285
2019,20656100,968
2020,20656100,985
2019,20657100,391
2020,20657100,394
2019,20657200,1868
2020,20657200,1874
2019,20658100,568
2020,20658100,588
2019,20658200,2209
2020,20658200,2215
2019,20659100,1244
2020,20659100,1251
2019,20659200,527
2020,20659200,536
2019,20660100,824
2020,20660100,836
2019,20661100,762
2020,20661100,765
2019,20662100,986
2020,20662100,1001
2019,20663100,1938
2020,20663100,1942
2019,20663200,793
2020,20663200,822
2019,20664100,815
2020,20664100,831
2019,20664200,511
2020,20664200,513
2019,20664300,398
2020,20664300,401
2019,20665100,567
2020,20665100,570
2019,20665200,604
2020,20665200,615
2019,20665300,901
2020,20665300,907
2019,20666100,1715
2020,20666100,1718
2019,20667200,680
2020,20667200,684
2019,20667300,343
2020,20667300,346
2019,20667400,357
2020,20667400,361
2019,20668200,690
2020,20668200,701
2019,20668300,423
2020,20668300,427
2019,20669100,448
2020,20669100,453
2019,20669200,425
2020,20669200,431
2019,20669300,445
2020,20669300,450
2019,20670100,318
2020,20670100,322
2019,20670200,590
2020,20670200,592
2019,20671100,18
2020,20671100,18
2019,20671200,620
2020,20671200,624
2019,20671300,361
2020,20671300,364
2019,20671400,363
2020,20671400,368
2019,20672100,10
2020,20672100,12
2019,20674100,575
2020,20674100,581
2019,20674200,513
2020,20674200,516
2019,20674300,323
2020,20674300,324
2019,20675100,886
2020,20675100,890
2019,20675200,955
2020,20675200,960
2019,20676100,631
2020,20676100,638
2019,20678100,1224
2020,20678100,1233
2019,20678200,1184
2020,20678200,1195
2019,20680100,1299
2020,20680100,1318
2019,20681100,720
2020,20681100,722
2019,20684100,1438
2020,20684100,1440
2019,20686100,157
2020,20686100,158
2019,20686200,670
2020,20686200,681
2019,20687100,867
2020,20687100,869
2019,20687200,776
2020,20687200,776
2019,20694100,1594
2020,20694100,1609
2019,20697100,1452
2020,20697100,1458
2019,20697200,356
2020,20697200,369
2019,20701100,975
2020,20701100,997
2019,20744100,367
2020,20744100,367
2019,20744200,213
2020,20744200,213
2019,20744300,328
2020,20744300,328
2019,20744400,784
2020,20744400,784
2019,20744500,1455
2020,20744500,1455
2019,20746100,1482
2020,20746100,1482
2019,20746200,962
2020,20746200,962
2019,20746300,1039
2020,20746300,1039
2019,20746400,597
2020,20746400,597
2019,20747100,1215
2020,20747100,1215
2019,20747200,1612
2020,20747200,1612
2019,20748100,300
2020,20748100,300
2019,20749100,1893
2020,20749100,1893
2019,20749200,131
2020,20749200,131
2019,20749300,557
2020,20749300,557
2019,20750100,264
2020,20750100,264
2019,20750200,358
2020,20750200,358
2019,20750300,644
2020,20750300,644
2019,20750400,284
2020,20750400,284
2019,20752100,1550
2020,20752100,1550
2019,20752200,1180
2020,20752200,1180
2019,20753100,1769
2020,20753100,1769
2019,20754100,383
2020,20754100,383
2019,20755100,404
2020,20755100,404
2019,20755200,652
2020,20755200,652
2019,20755300,721
2020,20755300,721
2019,20757100,1707
2020,20757100,1707
2019,20757200,699
2020,20757200,699
2019,20757300,930
2020,20757300,930
2019,20758100,436
2020,20758100,436
2019,20758200,627
2020,20758200,627
2019,20758300,819
2020,20758300,819
2019,20760100,392
2020,20760100,392
2019,20760200,596
2020,20760200,596
2019,20760300,1068
2020,20760300,1068
2019,20760400,411
2020,20760400,411
2019,20760500,328
2020,20760500,328
2019,20760600,946
2020,20760600,946
2019,20761100,969
2020,20761100,969
2019,20761200,296
2020,20761200,296
2019,20761300,499
2020,20761300,499
2019,20762100,7
2020,20762100,7
2019,20762200,810
2020,20762200,810
2019,20762300,7
2020,20762300,7
2019,20762400,1053
2020,20762400,1053
2019,20763100,565
2020,20763100,572
2019,20763200,489
2020,20763200,494
2019,20763300,831
2020,20763300,838
2019,20766100,774
2020,20766100,774
2019,20766200,834
2020,20766200,834
2019,20766300,398
2020,20766300,398
2019,20767100,668
2020,20767100,668
2019,20767200,425
2020,20767200,425
2019,20768100,813
2020,20768100,818
2019,20768200,618
2020,20768200,623
2019,20768300,200
2020,20768300,202
2019,20769100,849
2020,20769100,849
2019,20769200,673
2020,20769200,673
2019,20769300,261
2020,20769300,261
2019,20770100,350
2020,20770100,350
2019,20770200,418
2020,20770200,418
2019,20770300,308
2020,20770300,308
2019,20772100,377
2020,20772100,380
2019,20772200,540
2020,20772200,546
2019,20772300,671
2020,20772300,676
2019,20773100,545
2020,20773100,545
2019,20773200,266
2020,20773200,266
2019,20773300,372
2020,20773300,372
2019,20773400,504
2020,20773400,504
2019,20777100,435
2020,20777100,577
2019,20777200,256
2020,20777200,256
2019,20777300,452
2020,20777300,452
2019,20780100,127
2020,20780100,127
2019,20780200,1445
2020,20780200,1445
2019,20783100,1032
2020,20783100,1033
2019,20783200,304
2020,20783200,306
2019,20783300,243
2020,20783300,248
2019,20787100,602
2020,20787100,602
2019,20787200,201
2020,20787200,201
2019,20787300,867
2020,20787300,867
2019,20787400,538
2020,20787400,538
2019,20787500,735
2020,20787500,735
2019,20771100,493
2020,20771100,497
2019,20771200,568
2020,20771200,573
2019,20771300,596
2020,20771300,604
2019,20778100,475
2020,20778100,479
2019,20778200,567
2020,20778200,570
2019,20778300,656
2020,20778300,663
2019,20778400,531
2020,20778400,532
2019,20782100,873
2020,20782100,874
2019,20782200,391
2020,20782200,397
2019,20782300,821
2020,20782300,829
2019,20782400,593
2020,20782400,598
2019,20784100,209
2020,20784100,212
2019,20784200,253
2020,20784200,254
2019,20784300,183
2020,20784300,186
2019,20784400,375
2020,20784400,377
2019,20790100,741
2020,20790100,749
2019,20790200,456
2020,20790200,460
2019,20793100,782
2020,20793100,789
2019,20793200,703
2020,20793200,712
2019,20794100,2139
2020,20794100,2144
2019,20794200,415
2020,20794200,417
2019,20795100,3516
2020,20795100,3532
2019,20795200,1252
2020,20795200,1267
2019,20795300,168
2020,20795300,177
2019,20795400,1826
2020,20795400,1832
2019,20799100,392
2020,20799100,395
2019,20802100,469
2020,20802100,471
2019,20802200,1822
2020,20802200,1828
2019,20806100,1122
2020,20806100,1137
2019,20807100,316
2020,20807100,319
2019,20807200,1332
2020,20807200,1349
2019,20808100,205
2020,20808100,206
2019,20808200,214
2020,20808200,214
2019,20808300,415
2020,20808300,417
2019,20808400,477
2020,20808400,479
2019,20808500,422
2020,20808500,425
2019,20809100,339
2020,20809100,348
2019,20809200,421
2020,20809200,421
2019,20809300,92
2020,20809300,92
2019,20809400,291
2020,20809400,291
2019,20815100,908
2020,20815100,915
2019,20815200,1215
2020,20815200,1220
2019,20817100,1687
2020,20817100,1701
2019,20818100,424
2020,20818100,424
2019,20818200,1395
2020,20818200,1399
2019,20821100,236
2020,20821100,238
2019,20821200,341
2020,20821200,343
2019,20821300,444
2020,20821300,446
2019,20822100,5139
2020,20822100,5172
2019,20824100,982
2020,20824100,987
2019,20825100,477
2020,20825100,478
2019,20826100,492
2020,20826100,498
2019,20826200,967
2020,20826200,973
2019,20826300,419
2020,20826300,423
2019,20827100,334
2020,20827100,337
2019,20827200,339
2020,20827200,342
2019,20853100,415
2020,20853100,422
2019,20853200,371
2020,20853200,372
2019,20853300,86
2020,20853300,86
2019,20858100,179
2020,20858100,179
2019,20858200,945
2020,20858200,946
2019,20860100,428
2020,20860100,428
2019,20860200,554
2020,20860200,570
2019,20866100,361
2020,20866100,361
2019,20866200,306
2020,20866200,306
2019,20866300,626
2020,20866300,628
2019,20867100,217
2020,20867100,217
2019,20867200,437
2020,20867200,437
2019,20870100,1
2020,20870100,1
2019,20870200,199
2020,20870200,199
2019,20870300,656
2020,20870300,656
2019,20870400,873
2020,20870400,873
2019,20870500,266
2020,20870500,266
2019,20870600,98
2020,20870600,98
2019,20878100,250
2020,20878100,250
2019,20878200,522
2020,20878200,522
2019,20878300,349
2020,20878300,349
2019,20878400,499
2020,20878400,499
2019,20879100,282
2020,20879100,282
2019,20879200,1
2020,20879200,1
2019,20881100,1363
2020,20881100,1363
2019,20881200,669
2020,20881200,669
2019,20882100,437
2020,20882100,437
2019,20882200,578
2020,20882200,578
2019,20882300,354
2020,20882300,354
2019,20885100,2640
2020,20885100,2641
2019,20893100,1
2020,20893100,1
2019,20897100,52
2020,20897100,52
2019,20897200,607
2020,20897200,607
2019,20901100,668
2020,20901100,678
2019,20901200,1133
2020,20901200,1161
2019,20901300,1016
2020,20901300,1019
2019,20924100,713
2020,20924100,741
2019,20924200,401
2020,20924200,427
2019,20924300,549
2020,20924300,589
2019,20924400,347
2020,20924400,372
2019,20924500,311
2020,20924500,326
2019,20946100,484
2020,20946100,507
2019,20946200,575
2020,20946200,612
2019,20946300,385
2020,20946300,403
2019,20946400,236
2020,20946400,236
2019,20946500,204
2020,20946500,209
2019,20946600,427
2020,20946600,427
2019,21110100,409
2020,21110100,413
2019,21111100,340
2020,21111100,342
2019,21111200,297
2020,21111200,300
2019,21112100,1406
2020,21112100,1410
2019,21112200,4227
2020,21112200,4240
2019,21116100,497
2020,21116100,518
2019,21116200,240
2020,21116200,260
2019,21119100,2
2020,21119100,2
2019,21119200,0
2020,21119200,0
2019,21120100,324
2020,21120100,331
2019,21120200,414
2020,21120200,416
2019,21120300,306
2020,21120300,308
2019,21120400,475
2020,21120400,479
2019,21122100,257
2020,21122100,259
2019,21122200,1
2020,21122200,1
2019,21122300,337
2020,21122300,340
2019,21129100,415
2020,21129100,419
2019,21129200,448
2020,21129200,455
2019,21129300,468
2020,21129300,474
2019,21130100,285
2020,21130100,288
2019,21130200,505
2020,21130200,522
2019,21134100,1
2020,21134100,1
2019,21134200,490
2020,21134200,491
2019,21142100,976
2020,21142100,978
2019,21142200,599
2020,21142200,612
2019,21142300,509
2020,21142300,517
2019,21142400,332
2020,21142400,337
2019,21142500,231
2020,21142500,233
2019,21142600,318
2020,21142600,322
2019,21147100,941
2020,21147100,961
2019,21147200,3
2020,21147200,4
2019,21152100,343
2020,21152100,348
2019,21152200,757
2020,21152200,769
2019,21154100,1
2020,21154100,1
2019,21156100,113
2020,21156100,116
2019,21156200,3216
2020,21156200,3225
2019,21156300,239
2020,21156300,243
2019,20776100,1106
2020,20776100,1120
2019,20776200,1541
2020,20776200,1553
2019,20781100,853
2020,20781100,860
2019,20781200,736
2020,20781200,744
2019,20785100,59
2020,20785100,59
2019,20786100,2438
2020,20786100,2460
2019,20786200,1213
2020,20786200,1225
2019,20788100,1023
2020,20788100,1029
2019,20788200,1676
2020,20788200,1689
2019,20791100,619
2020,20791100,627
2019,20791200,161
2020,20791200,165
2019,20791300,449
2020,20791300,455
2019,20792100,42
2020,20792100,42
2019,20796100,424
2020,20796100,432
2019,20796200,1269
2020,20796200,1284
2019,20796300,1456
2020,20796300,1470
2019,20797100,239
2020,20797100,240
2019,20797200,441
2020,20797200,443
2019,20797300,240
2020,20797300,241
2019,20797400,402
2020,20797400,404
2019,20798100,363
2020,20798100,366
2019,20798200,521
2020,20798200,525
2019,20798300,590
2020,20798300,594
2019,20800100,393
2020,20800100,397
2019,20800200,339
2020,20800200,343
2019,20800300,339
2020,20800300,341
2019,20800400,669
2020,20800400,673
2019,20801100,7
2020,20801100,10
2019,20801200,73
2020,20801200,75
2019,20801300,896
2020,20801300,906
2019,20803100,729
2020,20803100,735
2019,20803200,376
2020,20803200,384
2019,20803300,422
2020,20803300,426
2019,20803400,332
2020,20803400,336
2019,20804100,695
2020,20804100,699
2019,20804200,619
2020,20804200,623
2019,20805100,614
2020,20805100,619
2019,20805200,2052
2020,20805200,2068
2019,20810100,808
2020,20810100,815
2019,20810200,497
2020,20810200,500
2019,20811100,704
2020,20811100,712
2019,20811200,284
2020,20811200,287
2019,20811300,943
2020,20811300,952
2019,20811400,538
2020,20811400,544
2019,20812100,1927
2020,20812100,1944
2019,20813100,227
2020,20813100,231
2019,20813200,737
2020,20813200,755
2019,20813300,539
2020,20813300,543
2019,20813400,180
2020,20813400,183
2019,20814100,703
2020,20814100,713
2019,20814200,670
2020,20814200,713
2019,20816100,860
2020,20816100,867
2019,20816200,476
2020,20816200,480
2019,20819100,1407
2020,20819100,1420
2019,20819200,778
2020,20819200,783
2019,20820100,1398
2020,20820100,1414
2019,20820200,803
2020,20820200,809
2019,20820300,440
2020,20820300,443
2019,20823100,1522
2020,20823100,1533
2019,20823200,1074
2020,20823200,1082
2019,20828100,639
2020,20828100,640
2019,20829100,749
2020,20829100,761
2019,20830100,1572
2020,20830100,1594
2019,20831100,907
2020,20831100,928
2019,20832100,45
2020,20832100,45
2019,20833100,1017
2020,20833100,1039
2019,20834100,0
2020,20834100,0
2019,20835100,20
2020,20835100,22
2019,20836100,1574
2020,20836100,1595
2019,20836200,588
2020,20836200,596
2019,20837100,211
2020,20837100,221
2019,20837200,420
2020,20837200,425
2019,20839100,0
2020,20839100,0
2019,20840100,455
2020,20840100,459
2019,20840200,440
2020,20840200,445
2019,20840300,1356
2020,20840300,1372
2019,20841100,3
2020,20841100,3
2019,20842100,675
2020,20842100,683
2019,20842200,292
2020,20842200,298
2019,20842300,1137
2020,20842300,1150
2019,20843100,1540
2020,20843100,1560
2019,20843200,953
2020,20843200,961
2019,20843300,440
2020,20843300,443
2019,20844100,1006
2020,20844100,1015
2019,20844200,982
2020,20844200,996
2019,20844300,1151
2020,20844300,1161
2019,20845100,330
2020,20845100,336
2019,20845200,255
2020,20845200,263
2019,20845300,660
2020,20845300,673
2019,20846100,889
2020,20846100,899
2019,20847100,721
2020,20847100,725
2019,20847200,768
2020,20847200,774
2019,20848100,719
2020,20848100,726
2019,20848200,516
2020,20848200,520
2019,20849100,1392
2020,20849100,1409
2019,20849200,1110
2020,20849200,1124
2019,20850100,733
2020,20850100,739
2019,20851100,738
2020,20851100,747
2019,20854100,417
2020,20854100,422
2019,20856100,552
2020,20856100,558
2019,20856200,586
2020,20856200,594
2019,20856300,346
2020,20856300,351
2019,20856400,254
2020,20856400,256
2019,20857100,2156
2020,20857100,2177
2019,20857200,398
2020,20857200,401
2019,20859100,1193
2020,20859100,1204
2019,20859200,795
2020,20859200,801
2019,20859300,1822
2020,20859300,1836
2019,20864100,1397
2020,20864100,1411
2019,20864200,2592
2020,20864200,2616
2019,20864300,541
2020,20864300,545
2019,20865100,933
2020,20865100,942
2019,20865200,267
2020,20865200,268
2019,20865300,286
2020,20865300,290
2019,20865400,283
2020,20865400,287
2019,20865500,390
2020,20865500,402
2019,20872100,471
2020,20872100,476
2019,20872200,1896
2020,20872200,1919
2019,20855100,345
2020,20855100,345
2019,20855200,597
2020,20855200,597
2019,20855300,129
2020,20855300,129
2019,20862100,313
2020,20862100,313
2019,20862200,751
2020,20862200,751
2019,20863100,259
2020,20863100,259
2019,20863200,649
2020,20863200,649
2019,20863300,563
2020,20863300,569
2019,20868100,514
2020,20868100,514
2019,20868200,9
2020,20868200,9
2019,20869100,438
2020,20869100,438
2019,20869200,656
2020,20869200,656
2019,20869300,409
2020,20869300,409
2019,20869400,260
2020,20869400,260
2019,20873100,1694
2020,20873100,1694
2019,20875100,733
2020,20875100,733
2019,20875200,831
2020,20875200,831
2019,20876100,673
2020,20876100,673
2019,20876200,894
2020,20876200,894
2019,20880100,1006
2020,20880100,1006
2019,20880200,261
2020,20880200,261
2019,20880300,72
2020,20880300,72
2019,20883100,1063
2020,20883100,1063
2019,20883200,536
2020,20883200,536
2019,20883300,196
2020,20883300,196
2019,20884100,954
2020,20884100,962
2019,20887100,445
2020,20887100,445
2019,20887200,253
2020,20887200,253
2019,20887300,212
2020,20887300,236
2019,20887400,610
2020,20887400,610
2019,20889100,8
2020,20889100,8
2019,20889200,308
2020,20889200,308
2019,20889300,245
2020,20889300,245
2019,20894100,2461
2020,20894100,2461
2019,20894200,1257
2020,20894200,1257
2019,20898100,634
2020,20898100,639
2019,20898200,214
2020,20898200,214
2019,20899100,1101
2020,20899100,1125
2019,20899200,309
2020,20899200,309
2019,20899300,1231
2020,20899300,1231
2019,20900100,1390
2020,20900100,1424
2019,20900200,1133
2020,20900200,1147
2019,20900300,529
2020,20900300,536
2019,20903100,685
2020,20903100,685
2019,20903200,2015
2020,20903200,2026
2019,20903300,1155
2020,20903300,1171
2019,20910100,1321
2020,20910100,1332
2019,20910200,553
2020,20910200,558
2019,20910300,712
2020,20910300,722
2019,20910400,691
2020,20910400,701
2019,20915100,1924
2020,20915100,1924
2019,20915200,485
2020,20915200,489
2019,20915300,678
2020,20915300,681
2019,20915400,1324
2020,20915400,1324
2019,20920100,1041
2020,20920100,1049
2019,20920200,1605
2020,20920200,1620
2019,20920300,642
2020,20920300,648
2019,20921100,1012
2020,20921100,1014
2019,20921200,499
2020,20921200,503
2019,20929100,636
2020,20929100,638
2019,20929200,175
2020,20929200,177
2019,20929300,631
2020,20929300,641
2019,20929400,670
2020,20929400,679
2019,20929500,407
2020,20929500,411
2019,20930100,998
2020,20930100,1012
2019,20930200,900
2020,20930200,907
2019,20930300,1218
2020,20930300,1267
2019,20930400,716
2020,20930400,730
2019,20930500,849
2020,20930500,860
2019,20930600,1048
2020,20930600,1117
2019,20930700,664
2020,20930700,687
2019,20935100,1199
2020,20935100,1208
2019,20935200,1894
2020,20935200,1903
2019,20937100,2745
2020,20937100,2756
2019,20937200,985
2020,20937200,991
2019,20937300,886
2020,20937300,888
2019,20871100,1055
2020,20871100,1067
2019,20871200,495
2020,20871200,499
2019,20874100,575
2020,20874100,580
2019,20874200,420
2020,20874200,430
2019,20874300,691
2020,20874300,697
2019,20874400,547
2020,20874400,550
2019,20877100,297
2020,20877100,299
2019,20877200,268
2020,20877200,269
2019,20877300,496
2020,20877300,499
2019,20877400,339
2020,20877400,341
2019,20886100,1485
2020,20886100,1494
2019,20886200,589
2020,20886200,608
2019,20891100,421
2020,20891100,427
2019,20891200,302
2020,20891200,304
2019,20891300,453
2020,20891300,461
2019,20891400,169
2020,20891400,171
2019,20891500,659
2020,20891500,668
2019,20891600,915
2020,20891600,926
2019,20895100,975
2020,20895100,988
2019,20895200,1099
2020,20895200,1116
2019,20895300,1301
2020,20895300,1319
2019,20896100,0
2020,20896100,2
2019,20896200,634
2020,20896200,647
2019,20896300,951
2020,20896300,960
2019,20902100,715
2020,20902100,723
2019,20902200,525
2020,20902200,533
2019,20902300,246
2020,20902300,250
2019,20904100,637
2020,20904100,651
2019,20904200,418
2020,20904200,422
2019,20904300,567
2020,20904300,576
2019,20907100,421
2020,20907100,425
2019,20907200,711
2020,20907200,722
2019,20907300,393
2020,20907300,400
2019,20908100,832
2020,20908100,836
2019,20908200,303
2020,20908200,313
2019,20909100,370
2020,20909100,375
2019,20913100,904
2020,20913100,916
2019,20913200,421
2020,20913200,428
2019,20914100,488
2020,20914100,493
2019,20914200,860
2020,20914200,871
2019,20916100,379
2020,20916100,383
2019,20916200,278
2020,20916200,282
2019,20916300,548
2020,20916300,553
2019,20916400,399
2020,20916400,405
2019,20916500,752
2020,20916500,764
2019,20918100,897
2020,20918100,905
2019,20918200,666
2020,20918200,673
2019,20918300,541
2020,20918300,549
2019,20918400,29
2020,20918400,31
2019,20922100,1236
2020,20922100,1243
2019,20922200,446
2020,20922200,451
2019,20925100,609
2020,20925100,617
2019,20925200,525
2020,20925200,531
2019,20925300,269
2020,20925300,272
2019,20925400,907
2020,20925400,909
2019,20926100,276
2020,20926100,288
2019,20926200,3405
2020,20926200,3424
2019,20926300,1335
2020,20926300,1349
2019,20926400,971
2020,20926400,972
2019,20928100,1200
2020,20928100,1211
2019,20928200,1479
2020,20928200,1496
2019,20928300,1021
2020,20928300,1030
2019,20936100,673
2020,20936100,679
2019,20936200,342
2020,20936200,346
2019,20936300,287
2020,20936300,291
2019,20938100,294
2020,20938100,298
2019,20938200,553
2020,20938200,560
2019,20938300,1238
2020,20938300,1249
2019,20938400,727
2020,20938400,734
2019,20942100,861
2020,20942100,867
2019,20942200,342
2020,20942200,345
2019,20943100,817
2020,20943100,828
2019,20943200,303
2020,20943200,310
2019,20943300,439
2020,20943300,444
2019,20949100,326
2020,20949100,331
2019,20949200,266
2020,20949200,269
2019,20949300,566
2020,20949300,574
2019,20949400,491
2020,20949400,496
2019,20951100,661
2020,20951100,669
2019,20951200,393
2020,20951200,398
2019,20952100,375
2020,20952100,383
2019,20952200,1073
2020,20952200,1089
2019,20956100,317
2020,20956100,321
2019,20956200,223
2020,20956200,225
2019,20956300,212
2020,20956300,214
2019,20956400,181
2020,20956400,183
2019,20956500,298
2020,20956500,302
2019,20956600,926
2020,20956600,942
2019,20961100,517
2020,20961100,524
2019,20961200,855
2020,20961200,865
2019,20964100,792
2020,20964100,799
2019,20964200,346
2020,20964200,353
2019,20973100,658
2020,20973100,668
2019,20973200,754
2020,20973200,764
2019,20973300,677
2020,20973300,685
2019,20973400,232
2020,20973400,238
2019,20981100,1482
2020,20981100,1491
2019,20983100,863
2020,20983100,864
2019,20983200,532
2020,20983200,542
2019,20988100,1198
2020,20988100,1211
2019,20988200,116
2020,20988200,117
2019,20991100,427
2020,20991100,432
2019,20991200,1336
2020,20991200,1349
2019,20992100,954
2020,20992100,962
2019,20992200,891
2020,20992200,905
2019,20996100,850
2020,20996100,859
2019,20996200,922
2020,20996200,932
2019,20997100,965
2020,20997100,978
2019,21008100,2088
2020,21008100,2102
2019,21008200,1457
2020,21008200,1470
2019,20888100,496
2020,20888100,504
2019,20888200,562
2020,20888200,564
2019,20888300,548
2020,20888300,549
2019,20890100,878
2020,20890100,899
2019,20892100,568
2020,20892100,570
2019,20892200,710
2020,20892200,711
2019,20892300,831
2020,20892300,837
2019,20905100,351
2020,20905100,356
2019,20905200,403
2020,20905200,408
2019,20905300,369
2020,20905300,382
2019,20905400,225
2020,20905400,230
2019,20906100,836
2020,20906100,857
2019,20906200,815
2020,20906200,832
2019,20906300,458
2020,20906300,463
2019,20911100,801
2020,20911100,813
2019,20911200,630
2020,20911200,639
2019,20911300,288
2020,20911300,299
2019,20912100,598
2020,20912100,613
2019,20912200,393
2020,20912200,413
2019,20917100,732
2020,20917100,748
2019,20917200,313
2020,20917200,319
2019,20917300,776
2020,20917300,789
2019,20919100,554
2020,20919100,568
2019,20919200,278
2020,20919200,285
2019,20919300,747
2020,20919300,761
2019,20919400,412
2020,20919400,421
2019,20923100,774
2020,20923100,785
2019,20923200,599
2020,20923200,608
2019,20927100,1344
2020,20927100,1354
2019,20927200,982
2020,20927200,992
2019,20931100,400
2020,20931100,413
2019,20931200,646
2020,20931200,662
2019,20932100,1341
2020,20932100,1356
2019,20932200,609
2020,20932200,614
2019,20933100,900
2020,20933100,905
2019,20933200,78
2020,20933200,95
2019,20934100,390
2020,20934100,391
2019,20934200,415
2020,20934200,418
2019,20934300,523
2020,20934300,528
2019,20934400,398
2020,20934400,402
2019,20939100,1982
2020,20939100,2012
2019,20939200,808
2020,20939200,812
2019,20940100,324
2020,20940100,329
2019,20940200,700
2020,20940200,706
2019,20940300,437
2020,20940300,444
2019,20941100,302
2020,20941100,308
2019,20941200,535
2020,20941200,556
2019,20941300,1011
2020,20941300,1028
2019,20941400,942
2020,20941400,965
2019,20947100,703
2020,20947100,718
2019,20948100,561
2020,20948100,574
2019,20948200,463
2020,20948200,476
2019,20948300,516
2020,20948300,528
2019,20948400,499
2020,20948400,501
2019,20954100,1052
2020,20954100,1070
2019,20954200,496
2020,20954200,505
2019,20955100,1254
2020,20955100,1276
2019,20955200,530
2020,20955200,546
2019,20955300,859
2020,20955300,875
2019,20957100,749
2020,20957100,773
2019,20957200,634
2020,20957200,650
2019,20959100,837
2020,20959100,854
2019,20959200,981
2020,20959200,981
2019,20960100,649
2020,20960100,659
2019,20960200,419
2020,20960200,428
2019,20962100,501
2020,20962100,502
2019,20962200,444
2020,20962200,446
2019,20962300,457
2020,20962300,458
2019,20962400,871
2020,20962400,875
2019,20965100,508
2020,20965100,512
2019,20965200,505
2020,20965200,511
2019,20965300,320
2020,20965300,322
2019,20967100,477
2020,20967100,478
2019,20967200,280
2020,20967200,280
2019,20967300,374
2020,20967300,375
2019,20967400,523
2020,20967400,527
2019,20972100,705
2020,20972100,708
2019,20972200,452
2020,20972200,456
2019,20972300,513
2020,20972300,516
2019,20972400,279
2020,20972400,288
2019,20974100,1072
2020,20974100,1091
2019,20974200,972
2020,20974200,995
2019,20975100,546
2020,20975100,546
2019,20975200,497
2020,20975200,498
2019,20975300,349
2020,20975300,350
2019,20976100,832
2020,20976100,834
2019,20977100,885
2020,20977100,897
2019,20978100,570
2020,20978100,572
2019,20978200,347
2020,20978200,348
2019,20979100,224
2020,20979100,224
2019,20979200,493
2020,20979200,493
2019,20979300,392
2020,20979300,393
2019,20980100,616
2020,20980100,617
2019,20980200,570
2020,20980200,572
2019,20980300,385
2020,20980300,385
2019,20980400,355
2020,20980400,356
2019,20944100,1051
2020,20944100,1075
2019,20945100,287
2020,20945100,292
2019,20945200,1136
2020,20945200,1148
2019,20945300,828
2020,20945300,836
2019,20945400,777
2020,20945400,786
2019,20950100,1042
2020,20950100,1048
2019,20950200,947
2020,20950200,952
2019,20950300,778
2020,20950300,785
2019,20950400,475
2020,20950400,479
2019,20950500,169
2020,20950500,171
2019,20953100,686
2020,20953100,691
2019,20953200,453
2020,20953200,458
2019,20953300,609
2020,20953300,616
2019,20958100,2129
2020,20958100,2144
2019,20958200,1666
2020,20958200,1680
2019,20963100,1080
2020,20963100,1091
2019,20963200,969
2020,20963200,984
2019,20966100,257
2020,20966100,261
2019,20966200,1327
2020,20966200,1335
2019,20968100,511
2020,20968100,518
2019,20968200,1123
2020,20968200,1132
2019,20969100,896
2020,20969100,908
2019,20969200,433
2020,20969200,437
2019,20970100,755
2020,20970100,760
2019,20970200,1045
2020,20970200,1058
2019,20970300,638
2020,20970300,643
2019,20970400,321
2020,20970400,324
2019,20982100,1326
2020,20982100,1335
2019,20982200,1400
2020,20982200,1412
2019,20984100,878
2020,20984100,900
2019,20984200,990
2020,20984200,1000
2019,20984300,382
2020,20984300,385
2019,20984400,930
2020,20984400,939
2019,20985100,423
2020,20985100,426
2019,20985200,753
2020,20985200,759
2019,20986100,292
2020,20986100,295
2019,20986200,695
2020,20986200,704
2019,20986300,641
2020,20986300,646
2019,20987100,531
2020,20987100,537
2019,20987200,452
2020,20987200,461
2019,20987300,760
2020,20987300,769
2019,20989100,2059
2020,20989100,2074
2019,20989200,619
2020,20989200,624
2019,20990200,1203
2020,20990200,1216
2019,21001100,764
2020,21001100,769
2019,21001200,568
2020,21001200,573
2019,21002100,92
2020,21002100,94
2019,21002200,798
2020,21002200,802
2019,21002300,259
2020,21002300,262
2019,21002400,312
2020,21002400,316
2019,21003100,419
2020,21003100,422
2019,21003200,290
2020,21003200,292
2019,21003300,549
2020,21003300,553
2019,21010100,1341
2020,21010100,1348
2019,21010200,597
2020,21010200,600
2019,21011100,552
2020,21011100,561
2019,21011200,927
2020,21011200,937
2019,21016100,1187
2020,21016100,1202
2019,21025100,768
2020,21025100,776
2019,21025200,696
2020,21025200,702
2019,21026100,906
2020,21026100,915
2019,21026200,659
2020,21026200,665
2019,21027100,822
2020,21027100,828
2019,21027200,305
2020,21027200,307
2019,21028100,3072
2020,21028100,3093
2019,21029100,550
2020,21029100,553
2019,21029200,1048
2020,21029200,1054
2019,21030100,950
2020,21030100,972
2019,21035100,871
2020,21035100,881
2019,21035200,616
2020,21035200,627
2019,21051100,823
2020,21051100,830
2019,21057100,672
2020,21057100,680
2019,21057200,543
2020,21057200,549
2019,21058100,754
2020,21058100,765
2019,21058200,750
2020,21058200,758
2019,21059100,130
2020,21059100,132
2019,21059200,371
2020,21059200,375
2019,21059300,1213
2020,21059300,1218
2019,21060100,102
2020,21060100,102
2019,21060200,806
2020,21060200,814
2019,21060300,745
2020,21060300,751
2019,21061100,667
2020,21061100,672
2019,21061200,590
2020,21061200,594
2019,21061300,1979
2020,21061300,1994
2019,21067100,1120
2020,21067100,1129
2019,21087100,875
2020,21087100,882
2019,21087200,347
2020,21087200,351
2019,21088100,800
2020,21088100,806
2019,21088200,335
2020,21088200,337
2019,21089100,607
2020,21089100,618
2019,21089200,927
2020,21089200,935
2019,21090100,647
2020,21090100,652
2019,21090200,535
2020,21090200,539
2019,21090300,430
2020,21090300,435
2019,21090400,574
2020,21090400,578
2019,21090500,1115
2020,21090500,1126
2019,21102100,203
2020,21102100,210
2019,21102200,762
2020,21102200,767
2019,21102300,187
2020,21102300,189
2019,21102400,669
2020,21102400,673
2019,20993100,463
2020,20993100,465
2019,20993200,458
2020,20993200,458
2019,20993300,318
2020,20993300,321
2019,20993400,610
2020,20993400,611
2019,20993500,406
2020,20993500,408
2019,20994100,778
2020,20994100,797
2019,20994200,734
2020,20994200,748
2019,20995100,544
2020,20995100,544
2019,20995200,906
2020,20995200,913
2019,21004100,709
2020,21004100,720
2019,21004200,565
2020,21004200,572
2019,21006100,650
2020,21006100,657
2019,21006200,1128
2020,21006200,1132
2019,21018100,774
2020,21018100,781
2019,21018200,279
2020,21018200,282
2019,21018300,520
2020,21018300,523
2019,21019100,867
2020,21019100,877
2019,21019200,401
2020,21019200,403
2019,21020100,605
2020,21020100,606
2019,21020200,1391
2020,21020200,1394
2019,21031100,529
2020,21031100,539
2019,21031200,605
2020,21031200,607
2019,21032100,839
2020,21032100,841
2019,21034100,1256
2020,21034100,1261
2019,21045100,1127
2020,21045100,1140
2019,21052100,401
2020,21052100,416
2019,21052200,543
2020,21052200,550
2019,21053100,752
2020,21053100,764
2019,21053200,903
2020,21053200,917
2019,21054100,1037
2020,21054100,1038
2019,21054200,389
2020,21054200,393
2019,21068100,1018
2020,21068100,1025
2019,21071100,917
2020,21071100,940
2019,21071200,239
2020,21071200,243
2019,21074100,872
2020,21074100,873
2019,21074200,271
2020,21074200,274
2019,21074300,149
2020,21074300,150
2019,21082100,820
2020,21082100,830
2019,21083100,1032
2020,21083100,1036
2019,21084100,1
2020,21084100,11
2019,21084200,32
2020,21084200,56
2019,21093100,1050
2020,21093100,1060
2019,21100100,459
2020,21100100,462
2019,21100200,538
2020,21100200,540
2019,21100300,376
2020,21100300,380
2019,21105100,53
2020,21105100,65
2019,21913100,1019
2020,21913100,1029
2019,21914100,692
2020,21914100,709
2019,21914200,820
2020,21914200,835
2019,21916100,714
2020,21916100,734
2019,21921100,74
2020,21921100,74
2019,20998100,524
2020,20998100,531
2019,20998200,492
2020,20998200,500
2019,20998300,664
2020,20998300,669
2019,20999100,284
2020,20999100,286
2019,20999200,399
2020,20999200,399
2019,20999300,581
2020,20999300,585
2019,21000100,405
2020,21000100,407
2019,21000200,694
2020,21000200,695
2019,21000300,428
2020,21000300,429
2019,21000400,413
2020,21000400,414
2019,21005100,463
2020,21005100,466
2019,21005200,345
2020,21005200,348
2019,21005300,636
2020,21005300,637
2019,21007100,593
2020,21007100,594
2019,21007200,409
2020,21007200,410
2019,21007300,612
2020,21007300,615
2019,21007400,274
2020,21007400,277
2019,21009100,496
2020,21009100,503
2019,21009200,891
2020,21009200,895
2019,21012100,261
2020,21012100,263
2019,21012200,659
2020,21012200,663
2019,21012300,314
2020,21012300,315
2019,21012400,402
2020,21012400,405
2019,21012500,436
2020,21012500,437
2019,21013100,352
2020,21013100,354
2019,21013200,596
2020,21013200,600
2019,21013300,759
2020,21013300,766
2019,21014100,288
2020,21014100,290
2019,21014200,736
2020,21014200,740
2019,21014300,481
2020,21014300,483
2019,21014400,74
2020,21014400,74
2019,21014500,230
2020,21014500,241
2019,21038100,1083
2020,21038100,1093
2019,21038200,544
2020,21038200,555
2019,21038300,475
2020,21038300,481
2019,21039100,305
2020,21039100,306
2019,21039200,541
2020,21039200,548
2019,21039300,405
2020,21039300,408
2019,21040100,499
2020,21040100,500
2019,21040200,572
2020,21040200,573
2019,21040300,429
2020,21040300,429
2019,21040400,460
2020,21040400,461
2019,21040500,296
2020,21040500,297
2019,21041100,638
2020,21041100,641
2019,21041200,1132
2020,21041200,1140
2019,21042100,506
2020,21042100,506
2019,21042200,591
2020,21042200,594
2019,21043100,275
2020,21043100,277
2019,21043200,580
2020,21043200,581
2019,21044100,597
2020,21044100,604
2019,21044200,440
2020,21044200,444
2019,21044300,426
2020,21044300,430
2019,21044400,561
2020,21044400,564
2019,21069100,1086
2020,21069100,1101
2019,21072100,854
2020,21072100,866
2019,21073100,728
2020,21073100,737
2019,21073200,521
2020,21073200,525
2019,21076100,465
2020,21076100,467
2019,21076200,456
2020,21076200,458
2019,21077100,384
2020,21077100,385
2019,21077200,427
2020,21077200,428
2019,21077300,744
2020,21077300,749
2019,21078100,726
2020,21078100,730
2019,21078200,428
2020,21078200,433
2019,21078300,563
2020,21078300,565
2019,21079100,616
2020,21079100,619
2019,21079200,596
2020,21079200,600
2019,21079300,564
2020,21079300,567
2019,21080100,344
2020,21080100,345
2019,21080200,487
2020,21080200,488
2019,21080300,499
2020,21080300,517
2019,21080400,381
2020,21080400,385
2019,21081100,740
2020,21081100,741
2019,21081200,534
2020,21081200,538
2019,21094100,539
2020,21094100,551
2019,21094200,769
2020,21094200,780
2019,21095100,604
2020,21095100,615
2019,21095200,971
2020,21095200,980
2019,21096100,239
2020,21096100,241
2019,21096200,667
2020,21096200,669
2019,21098100,1282
2020,21098100,1293
2019,21099100,1012
2020,21099100,1024
2019,21101100,927
2020,21101100,927
2019,21101200,356
2020,21101200,360
2019,21104200,440
2020,21104200,440
2019,21104300,541
2020,21104300,541
2019,21104400,321
2020,21104400,321
2019,21246100,826
2020,21246100,829
2019,21246200,137
2020,21246200,139
2019,21247100,608
2020,21247100,610
2019,21248100,1312
2020,21248100,1316
2019,21489300,501
2020,21489300,502
2019,21492100,292
2020,21492100,293
2019,21015100,1153
2020,21015100,1166
2019,21017100,962
2020,21017100,972
2019,21017200,1747
2020,21017200,1763
2019,21021100,930
2020,21021100,940
2019,21021200,1444
2020,21021200,1462
2019,21022100,1715
2020,21022100,1733
2019,21022200,1366
2020,21022200,1385
2019,21023100,1311
2020,21023100,1322
2019,21024100,666
2020,21024100,676
2019,21024200,824
2020,21024200,837
2019,21024300,358
2020,21024300,365
2019,21033100,913
2020,21033100,921
2019,21033200,414
2020,21033200,419
2019,21036100,1163
2020,21036100,1182
2019,21037100,484
2020,21037100,490
2019,21037200,1059
2020,21037200,1066
2019,21046100,1241
2020,21046100,1252
2019,21046200,559
2020,21046200,565
2019,21047100,1347
2020,21047100,1359
2019,21048100,970
2020,21048100,990
2019,21049100,1137
2020,21049100,1148
2019,21050100,819
2020,21050100,827
2019,21055100,1851
2020,21055100,1864
2019,21055200,1135
2020,21055200,1143
2019,21056100,1354
2020,21056100,1363
2019,21056200,628
2020,21056200,635
2019,21062100,1133
2020,21062100,1149
2019,21063100,1054
2020,21063100,1062
2019,21063200,1355
2020,21063200,1366
2019,21064100,448
2020,21064100,454
2019,21064200,784
2020,21064200,790
2019,21065100,592
2020,21065100,601
2019,21065200,454
2020,21065200,463
2019,21066100,1666
2020,21066100,1677
2019,21070100,1495
2020,21070100,1507
2019,21075100,406
2020,21075100,413
2019,21075200,1330
2020,21075200,1346
2019,21085100,365
2020,21085100,375
2019,21085200,1415
2020,21085200,1417
2019,21086100,1161
2020,21086100,1184
2019,21091100,1704
2020,21091100,1721
2019,21092100,396
2020,21092100,404
2019,21092200,739
2020,21092200,746
2019,21092300,1229
2020,21092300,1239
2019,21097100,1274
2020,21097100,1292
2019,21103100,1390
2020,21103100,1406
2019,21096300,171
2020,21096300,173
2019,21104100,356
2020,21104100,359
2019,21489100,740
2020,21489100,741
2019,21489200,750
2020,21489200,751
2019,21490100,531
2020,21490100,541
2019,21490200,602
2020,21490200,602
2019,21490300,520
2020,21490300,521
2019,21491100,651
2020,21491100,665
2019,21491200,374
2020,21491200,382
2019,21491300,285
2020,21491300,294
2019,21492200,931
2020,21492200,935
2019,21492300,470
2020,21492300,478
2019,21493100,815
2020,21493100,816
2019,21494100,668
2020,21494100,668
2019,21499100,622
2020,21499100,623
2019,21499200,564
2020,21499200,576
2019,21499300,526
2020,21499300,528
2019,21500100,724
2020,21500100,725
2019,21500200,699
2020,21500200,699
2019,21501100,485
2020,21501100,488
2019,21501200,317
2020,21501200,318
2019,21507100,282
2020,21507100,283
2019,21507200,268
2020,21507200,268
2019,21507300,366
2020,21507300,366
2019,21507400,386
2020,21507400,387
2019,21508100,566
2020,21508100,574
2019,21508200,622
2020,21508200,622
2019,21508300,319
2020,21508300,321
2019,21508400,245
2020,21508400,254
2019,21509100,481
2020,21509100,481
2019,21509200,764
2020,21509200,764
2019,21510100,224
2020,21510100,229
2019,21510200,759
2020,21510200,760
2019,21511100,395
2020,21511100,396
2019,21511200,667
2020,21511200,667
2019,21511300,382
2020,21511300,383
2019,21511400,421
2020,21511400,425
2019,21511500,307
2020,21511500,311
2019,21513100,672
2020,21513100,673
2019,21513200,314
2020,21513200,314
2019,21513300,376
2020,21513300,379
2019,21513400,440
2020,21513400,445
2019,21514100,228
2020,21514100,228
2019,21514200,452
2020,21514200,455
2019,21515100,214
2020,21515100,214
2019,21515200,527
2020,21515200,537
2019,21515300,627
2020,21515300,636
2019,21516100,266
2020,21516100,267
2019,21516200,787
2020,21516200,789
2019,21518100,399
2020,21518100,400
2019,21518200,251
2020,21518200,257
2019,21518300,332
2020,21518300,338
2019,21518400,403
2020,21518400,414
2019,21518500,407
2020,21518500,421
2019,21527100,342
2020,21527100,342
2019,21527200,418
2020,21527200,419
2019,21527300,338
2020,21527300,339
2019,21527400,498
2020,21527400,499
2019,21538100,632
2020,21538100,634
2019,21538200,747
2020,21538200,747
2019,21539100,710
2020,21539100,711
2019,21539200,432
2020,21539200,442
2019,21549100,773
2020,21549100,780
2019,21549200,397
2020,21549200,415
2019,21556100,499
2020,21556100,506
2019,21556200,185
2020,21556200,188
2019,21556300,283
2020,21556300,285
2019,21556400,280
2020,21556400,281
2019,21564100,373
2020,21564100,376
2019,21564200,904
2020,21564200,909
2019,21564300,426
2020,21564300,427
2019,21568100,393
2020,21568100,409
2019,21570100,647
2020,21570100,648
2019,21570200,847
2020,21570200,848
2019,21573100,371
2020,21573100,371
2019,21573200,644
2020,21573200,645
2019,21573300,358
2020,21573300,359
2019,21106100,398
2020,21106100,399
2019,21106200,821
2020,21106200,824
2019,21107100,713
2020,21107100,713
2019,21107200,1131
2020,21107200,1137
2019,21108100,805
2020,21108100,805
2019,21108200,285
2020,21108200,289
2019,21108300,472
2020,21108300,473
2019,21109100,117
2020,21109100,117
2019,21109200,413
2020,21109200,415
2019,21502100,698
2020,21502100,698
2019,21503100,783
2020,21503100,786
2019,21504100,517
2020,21504100,517
2019,21504200,780
2020,21504200,783
2019,21505100,433
2020,21505100,433
2019,21505200,696
2020,21505200,696
2019,21506100,349
2020,21506100,349
2019,21506200,382
2020,21506200,382
2019,21506300,355
2020,21506300,355
2019,21512100,133
2020,21512100,133
2019,21512200,571
2020,21512200,573
2019,21517100,428
2020,21517100,430
2019,21517200,349
2020,21517200,354
2019,21517300,93
2020,21517300,97
2019,21517400,211
2020,21517400,216
2019,21519100,412
2020,21519100,417
2019,21519200,625
2020,21519200,638
2019,21519300,330
2020,21519300,334
2019,21520100,475
2020,21520100,478
2019,21520200,346
2020,21520200,347
2019,21523100,481
2020,21523100,484
2019,21523200,543
2020,21523200,543
2019,21524100,1163
2020,21524100,1165
2019,21525100,627
2020,21525100,627
2019,21525200,470
2020,21525200,477
2019,21528100,352
2020,21528100,353
2019,21528200,921
2020,21528200,929
2019,21531100,582
2020,21531100,582
2019,21531200,399
2020,21531200,401
2019,21532100,942
2020,21532100,949
2019,21535100,960
2020,21535100,960
2019,21536100,542
2020,21536100,543
2019,21536200,399
2020,21536200,403
2019,21537100,432
2020,21537100,435
2019,21537200,309
2020,21537200,315
2019,21545100,567
2020,21545100,568
2019,21545200,422
2020,21545200,423
2019,21550100,732
2020,21550100,732
2019,21550200,294
2020,21550200,295
2019,21552100,82
2020,21552100,82
2019,21552200,487
2020,21552200,491
2019,21552300,497
2020,21552300,498
2019,21557100,354
2020,21557100,354
2019,21557200,487
2020,21557200,487
2019,21557300,480
2020,21557300,483
2019,21558100,474
2020,21558100,474
2019,21558200,479
2020,21558200,479
2019,21924100,598
2020,21924100,601
2019,21924200,63
2020,21924200,63
2019,21924300,207
2020,21924300,208
2019,21113100,638
2020,21113100,638
2019,21113200,1613
2020,21113200,1613
2019,21114100,886
2020,21114100,886
2019,21115100,468
2020,21115100,468
2019,21115200,366
2020,21115200,366
2019,21115300,892
2020,21115300,892
2019,21117100,316
2020,21117100,316
2019,21117200,299
2020,21117200,299
2019,21117300,253
2020,21117300,253
2019,21117400,530
2020,21117400,530
2019,21117500,714
2020,21117500,714
2019,21117600,468
2020,21117600,468
2019,21117700,134
2020,21117700,134
2019,21118100,0
2020,21118100,0
2019,21121100,158
2020,21121100,158
2019,21121200,413
2020,21121200,413
2019,21121300,175
2020,21121300,175
2019,21121400,428
2020,21121400,428
2019,21123100,488
2020,21123100,488
2019,21123200,730
2020,21123200,730
2019,21123300,407
2020,21123300,407
2019,21124100,442
2020,21124100,442
2019,21124200,1138
2020,21124200,1140
2019,21125100,501
2020,21125100,501
2019,21125200,466
2020,21125200,466
2019,21125300,572
2020,21125300,576
2019,21126100,446
2020,21126100,446
2019,21126200,417
2020,21126200,417
2019,21126300,768
2020,21126300,768
2019,21127100,475
2020,21127100,475
2019,21127200,385
2020,21127200,385
2019,21127300,278
2020,21127300,278
2019,21127400,412
2020,21127400,412
2019,21127500,731
2020,21127500,731
2019,21127600,404
2020,21127600,404
2019,21127700,0
2020,21127700,0
2019,21128100,764
2020,21128100,764
2019,21128200,186
2020,21128200,186
2019,21131100,761
2020,21131100,761
2019,21131200,1265
2020,21131200,1265
2019,21131300,967
2020,21131300,969
2019,21131400,406
2020,21131400,406
2019,21132100,1676
2020,21132100,1677
2019,21132200,254
2020,21132200,254
2019,21133100,1406
2020,21133100,1406
2019,21133200,468
2020,21133200,468
2019,21135100,615
2020,21135100,615
2019,21135200,1464
2020,21135200,1465
2019,21136100,1332
2020,21136100,1332
2019,21136200,503
2020,21136200,503
2019,21137100,1194
2020,21137100,1204
2019,21138100,17
2020,21138100,17
2019,21138200,0
2020,21138200,0
2019,21139100,600
2020,21139100,600
2019,21139200,368
2020,21139200,368
2019,21139300,412
2020,21139300,412
2019,21139400,408
2020,21139400,408
2019,21139500,259
2020,21139500,259
2019,21139600,197
2020,21139600,197
2019,21139700,423
2020,21139700,423
2019,21140100,517
2020,21140100,517
2019,21140200,429
2020,21140200,430
2019,21140300,332
2020,21140300,332
2019,21140400,154
2020,21140400,154
2019,21141100,615
2020,21141100,621
2019,21143100,918
2020,21143100,919
2019,21143200,763
2020,21143200,764
2019,21143300,986
2020,21143300,987
2019,21144100,546
2020,21144100,546
2019,21145100,983
2020,21145100,984
2019,21145200,821
2020,21145200,821
2019,21145300,1097
2020,21145300,1097
2019,21146100,2
2020,21146100,2
2019,21146200,0
2020,21146200,0
2019,21148100,727
2020,21148100,732
2019,21148200,632
2020,21148200,632
2019,21148300,663
2020,21148300,664
2019,21149100,1135
2020,21149100,1136
2019,21149200,1087
2020,21149200,1087
2019,21149300,790
2020,21149300,792
2019,21150100,785
2020,21150100,786
2019,21150200,508
2020,21150200,509
2019,21150300,978
2020,21150300,979
2019,21150400,363
2020,21150400,363
2019,21151100,1
2020,21151100,1
2019,21153100,742
2020,21153100,743
2019,21153200,616
2020,21153200,617
2019,21153300,569
2020,21153300,570
2019,21157100,130
2020,21157100,136
2019,21157200,255
2020,21157200,255
2019,21157300,238
2020,21157300,238
2019,21157400,417
2020,21157400,417
2019,21157500,508
2020,21157500,509
2019,21157600,538
2020,21157600,540
2019,21160100,531
2020,21160100,531
2019,21160200,605
2020,21160200,605
2019,21160300,527
2020,21160300,528
2019,21163100,733
2020,21163100,733
2019,21163200,288
2020,21163200,289
2019,21163300,591
2020,21163300,599
2019,21163400,440
2020,21163400,441
2019,21164100,529
2020,21164100,548
2019,21164200,589
2020,21164200,589
2019,21164300,1300
2020,21164300,1301
2019,21155100,574
2020,21155100,574
2019,21155200,428
2020,21155200,428
2019,21155300,540
2020,21155300,540
2019,21158100,923
2020,21158100,923
2019,21158200,227
2020,21158200,227
2019,21158300,140
2020,21158300,140
2019,21158400,200
2020,21158400,200
2019,21158500,188
2020,21158500,188
2019,21158600,459
2020,21158600,459
2019,21158700,522
2020,21158700,522
2019,21158800,100
2020,21158800,100
2019,21161100,438
2020,21161100,442
2019,21161200,811
2020,21161200,834
2019,21161300,255
2020,21161300,260
2019,21161400,453
2020,21161400,457
2019,21165100,686
2020,21165100,686
2019,21165200,409
2020,21165200,409
2019,21166100,873
2020,21166100,873
2019,21172100,1330
2020,21172100,1330
2019,21172200,861
2020,21172200,861
2019,21174100,410
2020,21174100,410
2019,21174200,486
2020,21174200,486
2019,21174300,423
2020,21174300,423
2019,21174400,468
2020,21174400,468
2019,21174500,486
2020,21174500,486
2019,21175100,727
2020,21175100,727
2019,21175200,615
2020,21175200,615
2019,21175300,822
2020,21175300,928
2019,21182100,463
2020,21182100,486
2019,21182200,404
2020,21182200,425
2019,21182300,388
2020,21182300,416
2019,21183100,636
2020,21183100,636
2019,21183200,342
2020,21183200,342
2019,21187100,1113
2020,21187100,1113
2019,21187200,826
2020,21187200,826
2019,21188100,1171
2020,21188100,1171
2019,21188200,515
2020,21188200,515
2019,21189100,608
2020,21189100,608
2019,21189200,779
2020,21189200,779
2019,21190100,887
2020,21190100,887
2019,21190200,833
2020,21190200,833
2019,21196100,352
2020,21196100,352
2019,21196200,473
2020,21196200,473
2019,21198100,3468
2020,21198100,3468
2019,21199100,874
2020,21199100,874
2019,21205100,501
2020,21205100,501
2019,21205200,325
2020,21205200,325
2019,21205300,362
2020,21205300,362
2019,21205400,1063
2020,21205400,1063
2019,21205500,1306
2020,21205500,1306
2019,21206100,2
2020,21206100,2
2019,21210100,3654
2020,21210100,3654
2019,21224100,342
2020,21224100,345
2019,21224200,570
2020,21224200,570
2019,21224300,330
2020,21224300,330
2019,21159100,998
2020,21159100,999
2019,21159200,629
2020,21159200,636
2019,21159300,17
2020,21159300,28
2019,21159400,238
2020,21159400,238
2019,21162100,487
2020,21162100,492
2019,21162200,539
2020,21162200,545
2019,21162300,283
2020,21162300,286
2019,21167100,380
2020,21167100,380
2019,21167200,643
2020,21167200,643
2019,21168100,616
2020,21168100,622
2019,21168200,164
2020,21168200,166
2019,21169100,1538
2020,21169100,1538
2019,21169200,252
2020,21169200,259
2019,21169300,1029
2020,21169300,1031
2019,21171100,903
2020,21171100,904
2019,21171200,1119
2020,21171200,1119
2019,21176100,536
2020,21176100,545
2019,21176200,531
2020,21176200,547
2019,21177100,437
2020,21177100,441
2019,21177200,612
2020,21177200,619
2019,21178100,1064
2020,21178100,1064
2019,21178200,1027
2020,21178200,1037
2019,21180100,1124
2020,21180100,1136
2019,21181100,1109
2020,21181100,1115
2019,21181200,438
2020,21181200,438
2019,21181300,1043
2020,21181300,1051
2019,21184100,848
2020,21184100,848
2019,21191100,711
2020,21191100,717
2019,21192100,1314
2020,21192100,1315
2019,21192200,737
2020,21192200,737
2019,21193100,340
2020,21193100,364
2019,21194100,770
2020,21194100,773
2019,21194200,1310
2020,21194200,1310
2019,21195100,666
2020,21195100,671
2019,21195200,874
2020,21195200,874
2019,21200100,1296
2020,21200100,1329
2019,21201100,760
2020,21201100,760
2019,21201200,537
2020,21201200,537
2019,21203100,1138
2020,21203100,1139
2019,21208100,675
2020,21208100,682
2019,21208200,466
2020,21208200,471
2019,21211100,1077
2020,21211100,1078
2019,21212100,745
2020,21212100,759
2019,21213100,655
2020,21213100,662
2019,21213200,844
2020,21213200,860
2019,21214100,378
2020,21214100,382
2019,21214200,329
2020,21214200,333
2019,21215100,1239
2020,21215100,1251
2019,21217100,935
2020,21217100,945
2019,21218100,467
2020,21218100,469
2019,21218200,493
2020,21218200,500
2019,21219100,363
2020,21219100,367
2019,21219200,261
2020,21219200,264
2019,21219300,609
2020,21219300,615
2019,21170100,195
2020,21170100,195
2019,21170200,211
2020,21170200,211
2019,21170300,494
2020,21170300,506
2019,21170400,527
2020,21170400,527
2019,21170500,900
2020,21170500,906
2019,21173100,637
2020,21173100,637
2019,21173200,551
2020,21173200,551
2019,21173300,226
2020,21173300,226
2019,21173400,811
2020,21173400,811
2019,21173500,644
2020,21173500,644
2019,21185100,431
2020,21185100,431
2019,21185200,388
2020,21185200,388
2019,21185300,415
2020,21185300,415
2019,21185400,419
2020,21185400,419
2019,21185500,366
2020,21185500,366
2019,21186100,878
2020,21186100,878
2019,21186200,576
2020,21186200,576
2019,21186300,741
2020,21186300,741
2019,21186400,415
2020,21186400,415
2019,21204100,378
2020,21204100,378
2019,21204200,2
2020,21204200,2
2019,21204300,773
2020,21204300,778
2019,21204400,427
2020,21204400,435
2019,21209100,361
2020,21209100,361
2019,21209200,939
2020,21209200,939
2019,21209300,830
2020,21209300,830
2019,21216100,810
2020,21216100,810
2019,21216200,589
2020,21216200,589
2019,21221100,585
2020,21221100,585
2019,21221200,390
2020,21221200,390
2019,21223100,339
2020,21223100,339
2019,21223200,175
2020,21223200,175
2019,21223300,361
2020,21223300,361
2019,21223400,463
2020,21223400,463
2019,21223500,361
2020,21223500,361
2019,21223600,482
2020,21223600,482
2019,21223700,616
2020,21223700,616
2019,21225100,1036
2020,21225100,1036
2019,21225200,509
2020,21225200,509
2019,21226100,442
2020,21226100,443
2019,21226200,525
2020,21226200,525
2019,21226300,189
2020,21226300,189
2019,21226400,304
2020,21226400,304
2019,21227100,148
2020,21227100,148
2019,21227200,112
2020,21227200,112
2019,21227300,138
2020,21227300,138
2019,21228100,579
2020,21228100,579
2019,21228200,555
2020,21228200,555
2019,21228300,390
2020,21228300,390
2019,21229100,1251
2020,21229100,1258
2019,21229200,483
2020,21229200,483
2019,21230100,711
2020,21230100,711
2019,21230200,926
2020,21230200,926
2019,21230300,602
2020,21230300,602
2019,21230400,528
2020,21230400,528
2019,21231100,481
2020,21231100,481
2019,21231200,615
2020,21231200,615
2019,21232100,849
2020,21232100,920
2019,21232200,477
2020,21232200,477
2019,21233100,1056
2020,21233100,1056
2019,21233200,635
2020,21233200,650
2019,21233300,390
2020,21233300,390
2019,21233400,512
2020,21233400,512
2019,21234100,607
2020,21234100,621
2019,21234200,1571
2020,21234200,1581
2019,21235100,546
2020,21235100,558
2019,21235200,785
2020,21235200,803
2019,21236100,731
2020,21236100,731
2019,21237100,517
2020,21237100,517
2019,21237200,1004
2020,21237200,1004
2019,21237300,831
2020,21237300,831
2019,21238100,527
2020,21238100,527
2019,21238200,917
2020,21238200,917
2019,21239100,554
2020,21239100,554
2019,21239200,1027
2020,21239200,1027
2019,21240100,287
2020,21240100,287
2019,21240200,615
2020,21240200,615
2019,21241100,684
2020,21241100,686
2019,21241200,525
2020,21241200,530
2019,21241300,661
2020,21241300,661
2019,21241400,376
2020,21241400,376
2019,21242100,909
2020,21242100,927
2019,21242200,1214
2020,21242200,1238
2019,21243100,680
2020,21243100,684
2019,21243200,339
2020,21243200,343
2019,21243300,478
2020,21243300,479
2019,21244100,319
2020,21244100,324
2019,21244200,649
2020,21244200,654
2019,21245100,736
2020,21245100,737
2019,21245200,260
2020,21245200,263
2019,21179100,308
2020,21179100,309
2019,21179200,488
2020,21179200,488
2019,21179300,1061
2020,21179300,1061
2019,21179400,697
2020,21179400,697
2019,21197100,92
2020,21197100,92
2019,21197200,392
2020,21197200,392
2019,21197300,155
2020,21197300,155
2019,21197400,386
2020,21197400,386
2019,21197500,346
2020,21197500,346
2019,21197600,531
2020,21197600,533
2019,21202100,434
2020,21202100,434
2019,21202200,512
2020,21202200,512
2019,21202300,1221
2020,21202300,1221
2019,21202400,744
2020,21202400,744
2019,21207100,614
2020,21207100,615
2019,21207200,131
2020,21207200,131
2019,21220100,490
2020,21220100,490
2019,21220200,767
2020,21220200,767
2019,21220300,686
2020,21220300,686
2019,21220400,263
2020,21220400,263
2019,21222100,638
2020,21222100,642
2019,21222200,995
2020,21222200,999
2019,21222300,415
2020,21222300,415
2019,21262100,563
2020,21262100,563
2019,21262200,1016
2020,21262200,1016
2019,21263100,914
2020,21263100,914
2019,21263200,597
2020,21263200,597
2019,21264100,320
2020,21264100,320
2019,21264200,225
2020,21264200,225
2019,21264300,707
2020,21264300,707
2019,21264400,336
2020,21264400,336
2019,21265100,411
2020,21265100,411
2019,21265200,498
2020,21265200,498
2019,21265300,400
2020,21265300,400
2019,21265400,378
2020,21265400,378
2019,21266100,1908
2020,21266100,1908
2019,21266200,906
2020,21266200,906
2019,21267100,2063
2020,21267100,2068
2019,21267200,264
2020,21267200,264
2019,21268100,335
2020,21268100,335
2019,21268200,297
2020,21268200,297
2019,21268300,194
2020,21268300,194
2019,21268400,225
2020,21268400,225
2019,21270100,122
2020,21270100,122
2019,21270200,161
2020,21270200,161
2019,21270300,259
2020,21270300,263
2019,21271100,309
2020,21271100,311
2019,21272100,1398
2020,21272100,1398
2019,21274100,3612
2020,21274100,3613
2019,21275100,155
2020,21275100,167
2019,21276100,0
2020,21276100,12
2019,21277100,1721
2020,21277100,1722
2019,21280100,1
2020,21280100,1
2019,21280200,1
2020,21280200,1
2019,21281100,4
2020,21281100,4
2019,21281200,10
2020,21281200,10
2019,21282100,432
2020,21282100,432
2019,21283100,3082
2020,21283100,3090
2019,21284100,360
2020,21284100,365
2019,21284200,473
2020,21284200,474
2019,21284300,330
2020,21284300,330
2019,21284400,340
2020,21284400,341
2019,21285100,930
2020,21285100,930
2019,21285200,418
2020,21285200,418
2019,21287100,518
2020,21287100,518
2019,21287200,413
2020,21287200,413
2019,21287300,809
2020,21287300,809
2019,21291100,683
2020,21291100,691
2019,21291200,907
2020,21291200,914
2019,21291300,1100
2020,21291300,1103
2019,21292100,604
2020,21292100,607
2019,21292200,463
2020,21292200,464
2019,21292300,561
2020,21292300,562
2019,21292400,415
2020,21292400,421
2019,21292500,385
2020,21292500,392
2019,21293100,97
2020,21293100,97
2019,21293200,29
2020,21293200,29
2019,21293300,60
2020,21293300,60
2019,21295100,433
2020,21295100,433
2019,21295200,405
2020,21295200,406
2019,21295300,1067
2020,21295300,1068
2019,21249100,919
2020,21249100,919
2019,21249200,702
2020,21249200,702
2019,21250100,1524
2020,21250100,1524
2019,21251100,539
2020,21251100,539
2019,21251200,826
2020,21251200,826
2019,21252100,1786
2020,21252100,1786
2019,21253100,698
2020,21253100,698
2019,21254100,1038
2020,21254100,1038
2019,21254200,1164
2020,21254200,1164
2019,21255100,402
2020,21255100,402
2019,21255200,312
2020,21255200,312
2019,21255300,956
2020,21255300,956
2019,21255400,407
2020,21255400,407
2019,21255500,338
2020,21255500,338
2019,21256100,1568
2020,21256100,1568
2019,21257100,749
2020,21257100,750
2019,21257200,666
2020,21257200,668
2019,21257300,571
2020,21257300,572
2019,21258100,1222
2020,21258100,1222
2019,21259100,1027
2020,21259100,1027
2019,21259200,884
2020,21259200,885
2019,21259300,879
2020,21259300,879
2019,21259400,56
2020,21259400,56
2019,21260100,513
2020,21260100,513
2019,21260200,763
2020,21260200,763
2019,21260300,208
2020,21260300,208
2019,21260400,266
2020,21260400,266
2019,21260500,347
2020,21260500,347
2019,21260600,335
2020,21260600,335
2019,21261100,932
2020,21261100,942
2019,21269100,923
2020,21269100,923
2019,21273100,645
2020,21273100,646
2019,21278100,624
2020,21278100,631
2019,21278200,501
2020,21278200,501
2019,21278300,816
2020,21278300,816
2019,21278400,662
2020,21278400,662
2019,21278500,773
2020,21278500,773
2019,21279100,1514
2020,21279100,1514
2019,21286100,654
2020,21286100,654
2019,21286200,375
2020,21286200,375
2019,21286300,965
2020,21286300,965
2019,21289100,877
2020,21289100,877
2019,21289200,529
2020,21289200,529
2019,21289300,999
2020,21289300,999
2019,21290100,565
2020,21290100,566
2019,21290200,772
2020,21290200,774
2019,21294100,939
2020,21294100,939
2019,21294200,709
2020,21294200,710
2019,21294300,831
2020,21294300,831
2019,21296100,306
2020,21296100,308
2019,21296200,818
2020,21296200,819
2019,21296300,1642
2020,21296300,1642
2019,21298100,1495
2020,21298100,1502
2019,99999999,1481
2020,99999999,1481
2019,21288100,543
2020,21288100,549
2019,21288200,1016
2020,21288200,1027
2019,21297100,755
2020,21297100,765
2019,21297200,376
2020,21297200,377
2019,21299100,416
2020,21299100,421
2019,21299200,273
2020,21299200,276
2019,21299300,648
2020,21299300,651
2019,21299400,957
2020,21299400,965
2019,21300100,439
2020,21300100,441
2019,21300200,1000
2020,21300200,1007
2019,21300300,929
2020,21300300,934
2019,21301100,1411
2020,21301100,1416
2019,21302100,340
2020,21302100,341
2019,21302200,1524
2020,21302200,1527
2019,21303100,897
2020,21303100,900
2019,21303200,723
2020,21303200,728
2019,21304100,352
2020,21304100,352
2019,21304200,239
2020,21304200,239
2019,21305100,365
2020,21305100,368
2019,21305200,646
2020,21305200,647
2019,21305300,1134
2020,21305300,1136
2019,21306100,1414
2020,21306100,1418
2019,21306200,781
2020,21306200,782
2019,21307100,1043
2020,21307100,1049
2019,21308100,426
2020,21308100,427
2019,21308200,897
2020,21308200,899
2019,21308300,517
2020,21308300,523
2019,21309100,701
2020,21309100,704
2019,21309200,671
2020,21309200,676
2019,21310100,574
2020,21310100,575
2019,21310200,1418
2020,21310200,1423
2019,21311100,1409
2020,21311100,1414
2019,21311200,650
2020,21311200,655
2019,21311300,550
2020,21311300,555
2019,21311400,629
2020,21311400,633
2019,21312100,6
2020,21312100,6
2019,21312200,62
2020,21312200,63
2019,21313100,487
2020,21313100,491
2019,21313200,724
2020,21313200,725
2019,21313300,678
2020,21313300,681
2019,21313400,1288
2020,21313400,1294
2019,21314100,98
2020,21314100,119
2019,21314200,1991
2020,21314200,2006
2019,21314300,70
2020,21314300,70
2019,21315100,400
2020,21315100,403
2019,21315200,871
2020,21315200,876
2019,21317100,1039
2020,21317100,1046
2019,21317200,543
2020,21317200,549
2019,21317300,359
2020,21317300,363
2019,21321100,296
2020,21321100,297
2019,21321200,1025
2020,21321200,1029
2019,21322100,1690
2020,21322100,1698
2019,21323100,828
2020,21323100,832
2019,21323200,644
2020,21323200,649
2019,21323300,550
2020,21323300,554
2019,21323400,471
2020,21323400,472
2019,21323500,368
2020,21323500,368
2019,21324100,755
2020,21324100,767
2019,21324200,781
2020,21324200,783
2019,21325100,1025
2020,21325100,1031
2019,21325200,741
2020,21325200,748
2019,21329100,795
2020,21329100,805
2019,21329200,453
2020,21329200,454
2019,21329300,579
2020,21329300,579
2019,21330100,494
2020,21330100,496
2019,21330200,46
2020,21330200,50
2019,21330300,396
2020,21330300,401
2019,21331100,54
2020,21331100,54
2019,21331200,1139
2020,21331200,1145
2019,21333100,1068
2020,21333100,1072
2019,21334100,988
2020,21334100,988
2019,21337100,344
2020,21337100,345
2019,21337200,610
2020,21337200,611
2019,21341100,919
2020,21341100,922
2019,21341200,380
2020,21341200,383
2019,21342100,641
2020,21342100,642
2019,21342200,348
2020,21342200,350
2019,21343100,885
2020,21343100,889
2019,21344100,581
2020,21344100,586
2019,21344200,344
2020,21344200,346
2019,21346100,466
2020,21346100,468
2019,21346200,590
2020,21346200,593
2019,21347100,9
2020,21347100,9
2019,21347200,19
2020,21347200,19
2019,21347300,1
2020,21347300,1
2019,21348100,1149
2020,21348100,1153
2019,21352100,434
2020,21352100,435
2019,21352200,644
2020,21352200,646
2019,21354100,84
2020,21354100,84
2019,21354200,607
2020,21354200,613
2019,21354300,139
2020,21354300,140
2019,21354400,188
2020,21354400,188
2019,21360100,414
2020,21360100,415
2019,21360200,141
2020,21360200,143
2019,21364100,0
2020,21364100,0
2019,21316100,1483
2020,21316100,1555
2019,21318100,1355
2020,21318100,1414
2019,21318200,1651
2020,21318200,1723
2019,21319100,845
2020,21319100,1002
2019,21319200,1031
2020,21319200,1414
2019,21320100,576
2020,21320100,576
2019,21320200,867
2020,21320200,876
2019,21326100,316
2020,21326100,316
2019,21326200,551
2020,21326200,584
2019,21326300,603
2020,21326300,603
2019,21326400,771
2020,21326400,771
2019,21327100,929
2020,21327100,929
2019,21327200,514
2020,21327200,514
2019,21328100,1096
2020,21328100,1096
2019,21332100,314
2020,21332100,314
2019,21332200,483
2020,21332200,483
2019,21332300,193
2020,21332300,193
2019,21335100,904
2020,21335100,912
2019,21335200,539
2020,21335200,561
2019,21336100,285
2020,21336100,285
2019,21336200,950
2020,21336200,950
2019,21336300,466
2020,21336300,466
2019,21336400,734
2020,21336400,734
2019,21338100,1010
2020,21338100,1010
2019,21339100,712
2020,21339100,712
2019,21339200,225
2020,21339200,225
2019,21339300,347
2020,21339300,347
2019,21339400,623
2020,21339400,638
2019,21340100,650
2020,21340100,687
2019,21345100,592
2020,21345100,592
2019,21345200,616
2020,21345200,663
2019,21349100,243
2020,21349100,243
2019,21349200,794
2020,21349200,794
2019,21349300,414
2020,21349300,414
2019,21349400,685
2020,21349400,685
2019,21350100,1909
2020,21350100,1909
2019,21351100,1775
2020,21351100,1777
2019,21351200,381
2020,21351200,381
2019,21353100,598
2020,21353100,598
2019,21353200,1
2020,21353200,1
2019,21353300,398
2020,21353300,415
2019,21353400,0
2020,21353400,0
2019,21355100,1
2020,21355100,1
2019,21356100,793
2020,21356100,793
2019,21356200,790
2020,21356200,790
2019,21356300,417
2020,21356300,417
2019,21357100,0
2020,21357100,0
2019,21357200,0
2020,21357200,0
2019,21361100,295
2020,21361100,295
2019,21361200,276
2020,21361200,276
2019,21361300,197
2020,21361300,197
2019,21362100,177
2020,21362100,177
2019,21362200,286
2020,21362200,286
2019,21362300,401
2020,21362300,401
2019,21362400,415
2020,21362400,415
2019,21496100,191
2020,21496100,191
2019,21496200,428
2020,21496200,428
2019,21496300,414
2020,21496300,414
2019,21358100,516
2020,21358100,516
2019,21359100,524
2020,21359100,524
2019,21363100,17
2020,21363100,17
2019,21363200,1
2020,21363200,1
2019,21495100,349
2020,21495100,349
2019,21495200,3
2020,21495200,3
2019,21497100,394
2020,21497100,423
2019,21497200,522
2020,21497200,538
2019,21497300,479
2020,21497300,483
2019,21497400,2
2020,21497400,2
2019,21498100,299
2020,21498100,317
2019,21498200,399
2020,21498200,407
2019,21498300,563
2020,21498300,591
2019,21521100,678
2020,21521100,703
2019,21521200,238
2020,21521200,256
2019,21522100,610
2020,21522100,627
2019,21522200,236
2020,21522200,242
2019,21522300,268
2020,21522300,283
2019,21522400,578
2020,21522400,581
2019,21526100,275
2020,21526100,275
2019,21526200,758
2020,21526200,761
2019,21526300,202
2020,21526300,202
2019,21529100,226
2020,21529100,226
2019,21529200,663
2020,21529200,666
2019,21529300,316
2020,21529300,322
2019,21529400,378
2020,21529400,378
2019,21529500,267
2020,21529500,273
2019,21530100,372
2020,21530100,372
2019,21530200,446
2020,21530200,446
2019,21530300,278
2020,21530300,278
2019,21530400,186
2020,21530400,186
2019,21530500,237
2020,21530500,237
2019,21530600,237
2020,21530600,237
2019,21546100,416
2020,21546100,416
2019,21546200,477
2020,21546200,478
2019,21548100,202
2020,21548100,216
2019,21548200,253
2020,21548200,289
2019,21548300,267
2020,21548300,285
2019,21548400,192
2020,21548400,210
2019,21551100,737
2020,21551100,742
2019,21554100,368
2020,21554100,368
2019,21554200,346
2020,21554200,346
2019,21554300,420
2020,21554300,420
2019,21554400,335
2020,21554400,335
2019,21563100,278
2020,21563100,278
2019,21563200,200
2020,21563200,200
2019,21563300,417
2020,21563300,422
2019,21563400,424
2020,21563400,429
2019,21565100,1157
2020,21565100,1157
2019,21569100,928
2020,21569100,928
2019,21572100,336
2020,21572100,479
2019,21572200,790
2020,21572200,828
2019,21574100,592
2020,21574100,611
2019,21574200,393
2020,21574200,393
2019,21574300,257
2020,21574300,257
2019,21574400,482
2020,21574400,482
2019,21579100,393
2020,21579100,393
2019,21579200,474
2020,21579200,474
2019,21579300,423
2020,21579300,430
2019,21581100,374
2020,21581100,374
2019,21581200,194
2020,21581200,194
2019,21581300,699
2020,21581300,699
2019,21583100,202
2020,21583100,202
2019,21583200,480
2020,21583200,480
2019,21586100,495
2020,21586100,495
2019,21586200,966
2020,21586200,966
2019,21595100,294
2020,21595100,295
2019,21595200,333
2020,21595200,333
2019,21595300,344
2020,21595300,344
2019,21595400,190
2020,21595400,192
2019,21597100,285
2020,21597100,285
2019,21597200,360
2020,21597200,360
2019,21605100,569
2020,21605100,569
2019,21621100,407
2020,21621100,407
2019,21621200,361
2020,21621200,361
2019,21622100,1028
2020,21622100,1028
2019,21622200,405
2020,21622200,405
2019,21623100,265
2020,21623100,265
2019,21623200,389
2020,21623200,389
2019,21623300,592
2020,21623300,592
2019,21628100,849
2020,21628100,854
2019,21628200,419
2020,21628200,419
2019,21643100,732
2020,21643100,741
2019,21643200,561
2020,21643200,561
2019,21654100,956
2020,21654100,964
2019,21654200,630
2020,21654200,665
2019,21672100,1062
2020,21672100,1096
2019,21672200,537
2020,21672200,568
2019,21673100,937
2020,21673100,1003
2019,21673200,537
2020,21673200,565
2019,21673300,422
2020,21673300,422
2019,21365100,5
2020,21365100,5
2019,21365200,5
2020,21365200,5
2019,21367100,154
2020,21367100,154
2019,21367200,324
2020,21367200,324
2019,21369100,6
2020,21369100,6
2019,21369200,7
2020,21369200,7
2019,21369300,11
2020,21369300,11
2019,21369400,1
2020,21369400,1
2019,21370100,347
2020,21370100,347
2019,21370200,411
2020,21370200,412
2019,21370300,530
2020,21370300,532
2019,21371100,564
2020,21371100,573
2019,21371200,348
2020,21371200,348
2019,21371300,461
2020,21371300,461
2019,21372100,739
2020,21372100,744
2019,21372200,552
2020,21372200,554
2019,21375100,700
2020,21375100,700
2019,21376100,508
2020,21376100,512
2019,21376200,373
2020,21376200,374
2019,21376300,524
2020,21376300,524
2019,21378100,218
2020,21378100,236
2019,21378200,360
2020,21378200,365
2019,21378300,666
2020,21378300,668
2019,21379100,1061
2020,21379100,1071
2019,21379200,1
2020,21379200,55
2019,21379300,0
2020,21379300,0
2019,21380100,522
2020,21380100,525
2019,21380200,629
2020,21380200,630
2019,21380300,1070
2020,21380300,1081
2019,21382100,711
2020,21382100,711
2019,21382200,902
2020,21382200,902
2019,21384100,607
2020,21384100,622
2019,21384200,1112
2020,21384200,1127
2019,21384300,688
2020,21384300,694
2019,21386100,203
2020,21386100,208
2019,21386200,246
2020,21386200,246
2019,21386300,456
2020,21386300,461
2019,21388100,1355
2020,21388100,1381
2019,21388200,1843
2020,21388200,1852
2019,21390100,1239
2020,21390100,1282
2019,21393100,1008
2020,21393100,1068
2019,21394100,529
2020,21394100,547
2019,21394200,578
2020,21394200,583
2019,21397100,176
2020,21397100,179
2019,21399100,694
2020,21399100,705
2019,21399200,812
2020,21399200,834
2019,21399300,1033
2020,21399300,1033
2019,21400100,442
2020,21400100,449
2019,21400200,1498
2020,21400200,1516
2019,21400300,670
2020,21400300,681
2019,21400400,125
2020,21400400,173
2019,21400500,310
2020,21400500,354
2019,21401100,484
2020,21401100,484
2019,21401200,387
2020,21401200,390
2019,21401300,788
2020,21401300,807
2019,21401400,523
2020,21401400,562
2019,21401500,664
2020,21401500,701
2019,21401600,338
2020,21401600,361
2019,21402100,845
2020,21402100,845
2019,21402200,510
2020,21402200,530
2019,21403100,621
2020,21403100,625
2019,21403200,1066
2020,21403200,1081
2019,21404100,615
2020,21404100,619
2019,21404200,728
2020,21404200,753
2019,21366100,455
2020,21366100,455
2019,21366200,515
2020,21366200,515
2019,21368100,1618
2020,21368100,1618
2019,21373100,425
2020,21373100,425
2019,21373200,423
2020,21373200,423
2019,21374100,288
2020,21374100,288
2019,21377100,299
2020,21377100,299
2019,21381100,566
2020,21381100,566
2019,21381200,880
2020,21381200,880
2019,21381300,476
2020,21381300,476
2019,21383100,1170
2020,21383100,1176
2019,21383200,447
2020,21383200,449
2019,21383300,404
2020,21383300,409
2019,21385100,688
2020,21385100,695
2019,21385200,275
2020,21385200,279
2019,21387100,987
2020,21387100,989
2019,21387200,323
2020,21387200,323
2019,21389100,375
2020,21389100,380
2019,21389200,554
2020,21389200,556
2019,21389300,772
2020,21389300,773
2019,21389400,322
2020,21389400,322
2019,21391100,491
2020,21391100,491
2019,21391200,988
2020,21391200,990
2019,21392100,440
2020,21392100,440
2019,21392200,908
2020,21392200,908
2019,21392300,397
2020,21392300,397
2019,21395100,1130
2020,21395100,1141
2019,21396100,1670
2020,21396100,1671
2019,21396200,869
2020,21396200,869
2019,21398100,471
2020,21398100,473
2019,21398200,1072
2020,21398200,1072
2019,21398300,465
2020,21398300,465
2019,21398400,259
2020,21398400,259
2019,21405100,821
2020,21405100,821
2019,21405200,411
2020,21405200,411
2019,21405300,582
2020,21405300,582
2019,21407100,825
2020,21407100,825
2019,21408100,887
2020,21408100,893
2019,21408200,662
2020,21408200,662
2019,21412100,626
2020,21412100,632
2019,21412200,605
2020,21412200,607
2019,21412300,878
2020,21412300,884
2019,21414100,254
2020,21414100,254
2019,21414200,363
2020,21414200,363
2019,21414300,458
2020,21414300,464
2019,21414400,587
2020,21414400,587
2019,21416100,309
2020,21416100,309
2019,21416200,508
2020,21416200,508
2019,21416300,267
2020,21416300,267
2019,21416400,663
2020,21416400,663
2019,21416500,550
2020,21416500,550
2019,21417100,675
2020,21417100,675
2019,21417200,959
2020,21417200,962
2019,21417300,516
2020,21417300,525
2019,21421100,518
2020,21421100,518
2019,21421200,584
2020,21421200,584
2019,21421300,384
2020,21421300,384
2019,21421400,362
2020,21421400,362
2019,21426100,1045
2020,21426100,1045
2019,21426200,1416
2020,21426200,1416
2019,21426300,296
2020,21426300,296
2019,21426400,342
2020,21426400,342
2019,21428100,447
2020,21428100,447
2019,21428200,577
2020,21428200,577
2019,21428300,792
2020,21428300,792
2019,21433100,485
2020,21433100,485
2019,21433200,1282
2020,21433200,1282
2019,21436100,765
2020,21436100,765
2019,21436200,404
2020,21436200,404
2019,21442100,1125
2020,21442100,1125
2019,21445100,365
2020,21445100,365
2019,21445200,385
2020,21445200,385
2019,21406100,563
2020,21406100,566
2019,21409100,1606
2020,21409100,1606
2019,21409200,1184
2020,21409200,1190
2019,21410100,1401
2020,21410100,1422
2019,21411100,483
2020,21411100,485
2019,21411200,753
2020,21411200,760
2019,21415100,799
2020,21415100,809
2019,21415200,638
2020,21415200,652
2019,21418100,580
2020,21418100,594
2019,21418200,760
2020,21418200,761
2019,21419100,745
2020,21419100,751
2019,21419200,328
2020,21419200,337
2019,21420100,1041
2020,21420100,1041
2019,21420200,993
2020,21420200,993
2019,21422100,1079
2020,21422100,1079
2019,21422200,926
2020,21422200,926
2019,21422300,594
2020,21422300,594
2019,21423100,500
2020,21423100,505
2019,21423200,717
2020,21423200,726
2019,21424100,822
2020,21424100,822
2019,21424200,938
2020,21424200,938
2019,21425100,652
2020,21425100,655
2019,21425200,830
2020,21425200,830
2019,21427100,672
2020,21427100,673
2019,21427200,422
2020,21427200,422
2019,21427300,1449
2020,21427300,1473
2019,21427400,8
2020,21427400,8
2019,21429100,1200
2020,21429100,1221
2019,21429200,637
2020,21429200,639
2019,21430100,1057
2020,21430100,1057
2019,21430200,1006
2020,21430200,1006
2019,21431100,632
2020,21431100,645
2019,21431200,573
2020,21431200,590
2019,21432100,771
2020,21432100,772
2019,21432200,707
2020,21432200,729
2019,21434100,1159
2020,21434100,1159
2019,21434200,1021
2020,21434200,1021
2019,21435100,1430
2020,21435100,1431
2019,21438100,1888
2020,21438100,1888
2019,21440100,732
2020,21440100,733
2019,21440200,1235
2020,21440200,1242
2019,21440300,652
2020,21440300,656
2019,21444100,1181
2020,21444100,1185
2019,21444200,778
2020,21444200,783
2019,21413100,0
2020,21413100,0
2019,21441100,0
2020,21441100,0
2019,21443100,0
2020,21443100,0
2019,21443200,1
2020,21443200,1
2019,21443300,0
2020,21443300,0
2019,21443400,0
2020,21443400,0
2019,21447100,628
2020,21447100,629
2019,21447200,1389
2020,21447200,1392
2019,21447300,1169
2020,21447300,1171
2019,21449100,680
2020,21449100,685
2019,21449200,1037
2020,21449200,1042
2019,21449300,895
2020,21449300,896
2019,21449400,775
2020,21449400,780
2019,21450100,1789
2020,21450100,1790
2019,21451100,320
2020,21451100,320
2019,21451200,74
2020,21451200,74
2019,21451300,357
2020,21451300,357
2019,21452100,696
2020,21452100,698
2019,21452200,706
2020,21452200,714
2019,21452300,499
2020,21452300,505
2019,21454100,496
2020,21454100,496
2019,21454200,925
2020,21454200,925
2019,21454300,588
2020,21454300,588
2019,21454400,677
2020,21454400,677
2019,21454500,538
2020,21454500,538
2019,21455100,272
2020,21455100,272
2019,21455200,1515
2020,21455200,1515
2019,21456100,914
2020,21456100,922
2019,21456200,895
2020,21456200,900
2019,21456300,684
2020,21456300,687
2019,21456400,286
2020,21456400,286
2019,21456500,452
2020,21456500,452
2019,21457100,597
2020,21457100,601
2019,21457200,555
2020,21457200,555
2019,21457300,533
2020,21457300,533
2019,21458100,712
2020,21458100,712
2019,21458200,666
2020,21458200,666
2019,21458300,352
2020,21458300,352
2019,21458400,469
2020,21458400,469
2019,21458500,340
2020,21458500,340
2019,21458600,595
2020,21458600,595
2019,21460100,351
2020,21460100,351
2019,21460200,530
2020,21460200,530
2019,21460300,227
2020,21460300,227
2019,21461100,894
2020,21461100,894
2019,21461200,1266
2020,21461200,1269
2019,21461300,1563
2020,21461300,1571
2019,21463100,785
2020,21463100,785
2019,21463200,728
2020,21463200,728
2019,21464100,619
2020,21464100,620
2019,21464200,360
2020,21464200,360
2019,21464300,444
2020,21464300,445
2019,21465100,761
2020,21465100,761
2019,21466100,279
2020,21466100,279
2019,21466200,285
2020,21466200,285
2019,21466300,300
2020,21466300,300
2019,21466400,272
2020,21466400,272
2019,21466500,566
2020,21466500,566
2019,21466600,578
2020,21466600,578
2019,21467100,643
2020,21467100,643
2019,21467200,1009
2020,21467200,1009
2019,21468100,320
2020,21468100,322
2019,21468200,435
2020,21468200,435
2019,21468300,346
2020,21468300,346
2019,21468400,809
2020,21468400,809
2019,21470100,0
2020,21470100,0
2019,21471100,593
2020,21471100,593
2019,21471200,398
2020,21471200,398
2019,21471300,229
2020,21471300,229
2019,21471400,305
2020,21471400,305
2019,21471500,330
2020,21471500,330
2019,21471600,367
2020,21471600,367
2019,21475100,9
2020,21475100,9
2019,21476100,1720
2020,21476100,1726
2019,21477100,552
2020,21477100,552
2019,21479100,477
2020,21479100,477
2019,21479200,373
2020,21479200,373
2019,21479300,339
2020,21479300,339
2019,21479400,221
2020,21479400,221
2019,21479500,303
2020,21479500,303
2019,21480100,785
2020,21480100,841
2019,21481100,390
2020,21481100,390
2019,21481200,325
2020,21481200,325
2019,21481300,335
2020,21481300,335
2019,21481400,218
2020,21481400,218
2019,21481500,353
2020,21481500,353
2019,21481600,326
2020,21481600,326
2019,21482100,251
2020,21482100,251
2019,21482200,320
2020,21482200,320
2019,21482300,455
2020,21482300,456
2019,21482400,264
2020,21482400,264
2019,21482500,318
2020,21482500,318
2019,21482600,325
2020,21482600,325
2019,21483100,444
2020,21483100,444
2019,21483200,412
2020,21483200,412
2019,21483300,675
2020,21483300,680
2019,21485100,611
2020,21485100,611
2019,21485200,730
2020,21485200,730
2019,21485300,943
2020,21485300,943
2019,21486100,0
2020,21486100,0
2019,21487100,900
2020,21487100,900
2019,21488100,1152
2020,21488100,1161
2019,21437100,831
2020,21437100,831
2019,21439100,422
2020,21439100,422
2019,21439200,305
2020,21439200,305
2019,21439300,658
2020,21439300,658
2019,21439400,345
2020,21439400,345
2019,21439500,0
2020,21439500,0
2019,21446100,257
2020,21446100,257
2019,21446200,1045
2020,21446200,1045
2019,21446300,492
2020,21446300,492
2019,21446400,795
2020,21446400,795
2019,21448100,674
2020,21448100,674
2019,21448200,402
2020,21448200,402
2019,21448300,493
2020,21448300,493
2019,21453100,328
2020,21453100,328
2019,21453200,398
2020,21453200,398
2019,21453300,236
2020,21453300,236
2019,21453400,478
2020,21453400,479
2019,21459100,406
2020,21459100,406
2019,21459200,409
2020,21459200,409
2019,21459300,402
2020,21459300,402
2019,21459400,660
2020,21459400,660
2019,21459500,0
2020,21459500,0
2019,21459600,0
2020,21459600,0
2019,21462100,550
2020,21462100,550
2019,21462200,340
2020,21462200,340
2019,21469100,463
2020,21469100,463
2019,21469200,785
2020,21469200,785
2019,21472100,651
2020,21472100,651
2019,21472200,475
2020,21472200,475
2019,21472300,350
2020,21472300,350
2019,21473100,517
2020,21473100,517
2019,21473200,305
2020,21473200,305
2019,21473300,300
2020,21473300,300
2019,21473400,214
2020,21473400,214
2019,21474100,534
2020,21474100,534
2019,21474200,375
2020,21474200,375
2019,21474300,469
2020,21474300,469
2019,21474400,195
2020,21474400,195
2019,21478100,464
2020,21478100,464
2019,21478200,420
2020,21478200,420
2019,21478300,228
2020,21478300,228
2019,21478400,367
2020,21478400,367
2019,21478500,420
2020,21478500,420
2019,21484100,355
2020,21484100,355
2019,21484200,324
2020,21484200,324
2019,21484300,342
2020,21484300,342
2019,21484400,285
2020,21484400,285
2019,21484500,249
2020,21484500,249
2019,21484600,430
2020,21484600,430
2019,21796100,0
2020,21796100,0
2019,21800100,301
2020,21800100,301
2019,21800200,575
2020,21800200,575
2019,21805100,684
2020,21805100,684
2019,21807100,402
2020,21807100,402
2019,21807200,0
2020,21807200,0
2019,21809100,180
2020,21809100,180
2019,21809200,1333
2020,21809200,1333
2019,21810100,869
2020,21810100,936
2019,21810200,346
2020,21810200,346
2019,21810300,367
2020,21810300,367
2019,21815100,1151
2020,21815100,1151
2019,21822100,494
2020,21822100,494
2019,21822200,258
2020,21822200,258
2019,21824100,521
2020,21824100,521
2019,21824200,447
2020,21824200,447
2019,21824300,778
2020,21824300,778
2019,21825100,445
2020,21825100,445
2019,21825200,349
2020,21825200,349
2019,21825300,738
2020,21825300,739
2019,21825400,295
2020,21825400,300
2019,21825500,248
2020,21825500,255
2019,21828100,662
2020,21828100,667
2019,21828200,699
2020,21828200,706
2019,21829100,1178
2020,21829100,1178
2019,21830100,1091
2020,21830100,1093
2019,21830200,238
2020,21830200,238
2019,21830300,615
2020,21830300,615
2019,21837100,561
2020,21837100,561
2019,21837200,396
2020,21837200,401
2019,21837300,502
2020,21837300,502
2019,21840100,1194
2020,21840100,1196
2019,21841100,625
2020,21841100,625
2019,21841200,575
2020,21841200,575
2019,21842100,815
2020,21842100,815
2019,21846100,1516
2020,21846100,1516
2019,21847100,865
2020,21847100,865
2019,21847200,491
2020,21847200,491
2019,21854100,1208
2020,21854100,1208
2019,21855100,924
2020,21855100,924
2019,21855200,591
2020,21855200,591
2019,21856100,1428
2020,21856100,1423
2019,21856200,747
2020,21856200,747
2019,21869100,391
2020,21869100,391
2019,21869200,1247
2020,21869200,1247
2019,21870100,850
2020,21870100,850
2019,21870200,363
2020,21870200,363
2019,21533100,359
2020,21533100,359
2019,21533200,740
2020,21533200,740
2019,21533300,461
2020,21533300,461
2019,21534100,477
2020,21534100,477
2019,21534200,498
2020,21534200,498
2019,21541100,606
2020,21541100,606
2019,21541200,293
2020,21541200,293
2019,21541300,393
2020,21541300,393
2019,21541400,512
2020,21541400,512
2019,21542100,443
2020,21542100,467
2019,21542200,878
2020,21542200,906
2019,21543100,490
2020,21543100,522
2019,21543200,544
2020,21543200,575
2019,21547100,344
2020,21547100,344
2019,21547200,459
2020,21547200,459
2019,21547300,522
2020,21547300,529
2019,21547400,396
2020,21547400,402
2019,21561100,110
2020,21561100,110
2019,21561200,246
2020,21561200,247
2019,21561300,304
2020,21561300,304
2019,21562100,583
2020,21562100,583
2019,21562200,776
2020,21562200,776
2019,21562300,333
2020,21562300,333
2019,21566100,260
2020,21566100,286
2019,21566200,472
2020,21566200,474
2019,21566300,747
2020,21566300,747
2019,21567100,167
2020,21567100,185
2019,21567200,342
2020,21567200,368
2019,21567300,405
2020,21567300,425
2019,21567400,533
2020,21567400,566
2019,21571100,3
2020,21571100,3
2019,21571200,4
2020,21571200,4
2019,21575100,364
2020,21575100,366
2019,21575200,398
2020,21575200,399
2019,21575300,6
2020,21575300,6
2019,21576100,416
2020,21576100,438
2019,21576200,619
2020,21576200,635
2019,21577100,431
2020,21577100,433
2019,21577200,418
2020,21577200,418
2019,21578100,724
2020,21578100,724
2019,21584100,779
2020,21584100,837
2019,21584200,378
2020,21584200,379
2019,21592100,449
2020,21592100,449
2019,21592200,686
2020,21592200,692
2019,21594100,406
2020,21594100,406
2019,21594200,836
2020,21594200,881
2019,21600100,671
2020,21600100,676
2019,21601100,241
2020,21601100,241
2019,21601200,408
2020,21601200,408
2019,21601300,474
2020,21601300,474
2019,21602100,899
2020,21602100,899
2019,21602200,362
2020,21602200,364
2019,21606100,425
2020,21606100,428
2019,21607100,0
2020,21607100,0
2019,21607200,0
2020,21607200,0
2019,21608100,0
2020,21608100,0
2019,21608200,1
2020,21608200,1
2019,21608300,16
2020,21608300,16
2019,21610100,639
2020,21610100,639
2019,21613100,967
2020,21613100,970
2019,21615100,899
2020,21615100,900
2019,21629100,286
2020,21629100,286
2019,21629200,164
2020,21629200,164
2019,21629300,202
2020,21629300,202
2019,21631100,442
2020,21631100,442
2019,21632100,683
2020,21632100,683
2019,21633100,703
2020,21633100,703
2019,21633200,594
2020,21633200,594
2019,21651100,764
2020,21651100,764
2019,21653100,535
2020,21653100,535
2019,21653200,499
2020,21653200,499
2019,21669100,508
2020,21669100,508
2019,21679100,1
2020,21679100,1
2019,21679200,0
2020,21679200,0
2019,21540100,496
2020,21540100,524
2019,21540200,58
2020,21540200,59
2019,21544100,772
2020,21544100,800
2019,21544200,356
2020,21544200,360
2019,21544300,15
2020,21544300,98
2019,21544400,68
2020,21544400,98
2019,21553100,0
2020,21553100,7
2019,21553200,14
2020,21553200,16
2019,21553300,71
2020,21553300,78
2019,21555100,105
2020,21555100,191
2019,21555200,522
2020,21555200,614
2019,21555300,1663
2020,21555300,1687
2019,21559100,205
2020,21559100,251
2019,21559200,777
2020,21559200,861
2019,21559300,1149
2020,21559300,1196
2019,21560100,3
2020,21560100,37
2019,21560200,0
2020,21560200,0
2019,21560300,4
2020,21560300,4
2019,21582100,87
2020,21582100,91
2019,21582200,170
2020,21582200,232
2019,21582300,11
2020,21582300,15
2019,21585100,748
2020,21585100,780
2019,21587100,980
2020,21587100,1209
2019,21587200,511
2020,21587200,526
2019,21590100,1848
2020,21590100,1930
2019,21590200,312
2020,21590200,318
2019,21590300,590
2020,21590300,599
2019,21591100,300
2020,21591100,307
2019,21591200,7
2020,21591200,8
2019,21611100,128
2020,21611100,130
2019,21611200,235
2020,21611200,237
2019,21611300,355
2020,21611300,356
2019,21611400,338
2020,21611400,340
2019,21614100,441
2020,21614100,445
2019,21614200,685
2020,21614200,688
2019,21619100,612
2020,21619100,615
2019,21620100,885
2020,21620100,897
2019,21624100,675
2020,21624100,677
2019,21624200,557
2020,21624200,560
2019,21625100,298
2020,21625100,303
2019,21625200,805
2020,21625200,812
2019,21626100,664
2020,21626100,668
2019,21626200,239
2020,21626200,241
2019,21634100,571
2020,21634100,572
2019,21634200,339
2020,21634200,340
2019,21634300,604
2020,21634300,605
2019,21635100,435
2020,21635100,436
2019,21635200,269
2020,21635200,270
2019,21635300,550
2020,21635300,553
2019,21636100,43
2020,21636100,44
2019,21636200,106
2020,21636200,108
2019,21639100,516
2020,21639100,516
2019,21642100,996
2020,21642100,998
2019,21645100,151
2020,21645100,154
2019,21645200,1
2020,21645200,2
2019,21647100,631
2020,21647100,633
2019,21647200,362
2020,21647200,362
2019,21647300,318
2020,21647300,319
2019,21649100,561
2020,21649100,562
2019,21649200,471
2020,21649200,471
2019,21650100,674
2020,21650100,676
2019,21652100,812
2020,21652100,816
2019,21656100,298
2020,21656100,299
2019,21656200,501
2020,21656200,504
2019,21657100,167
2020,21657100,169
2019,21657200,312
2020,21657200,313
2019,21657300,705
2020,21657300,708
2019,21659100,505
2020,21659100,506
2019,21659200,144
2020,21659200,145
2019,21661100,181
2020,21661100,182
2019,21661200,392
2020,21661200,393
2019,21661300,674
2020,21661300,678
2019,21663100,884
2020,21663100,884
2019,21665100,544
2020,21665100,546
2019,21665200,364
2020,21665200,367
2019,21665300,257
2020,21665300,257
2019,21670100,260
2020,21670100,265
2019,21670200,422
2020,21670200,427
2019,21921300,569
2020,21921300,574
2019,21929100,497
2020,21929100,508
2019,21929200,355
2020,21929200,371
2019,21930100,200
2020,21930100,392
2019,21934100,4
2020,21934100,17
2019,21934200,840
2020,21934200,906
2019,21934300,625
2020,21934300,708
2019,21936100,278
2020,21936100,330
2019,21936200,162
2020,21936200,190
2019,21937100,5783
2020,21937100,5989
2019,21939100,47
2020,21939100,97
2019,21939200,126
2020,21939200,137
2019,21942100,7
2020,21942100,11
2019,21942200,4
2020,21942200,17
2019,21943100,3134
2020,21943100,3191
2019,21944100,966
2020,21944100,1138
2019,21946100,769
2020,21946100,816
2019,21947100,466
2020,21947100,541
2019,21948100,1676
2020,21948100,1763
2019,21949100,1541
2020,21949100,1592
2019,21950100,3546
2020,21950100,3635
2019,21951100,521
2020,21951100,528
2019,21952100,1751
2020,21952100,1809
2019,21953100,1985
2020,21953100,2177
2019,21954100,0
2020,21954100,2
2019,21955100,0
2020,21955100,0
2019,21955200,0
2020,21955200,0
2019,22009100,1221
2020,22009100,1278
2019,22009200,867
2020,22009200,910
2019,22009300,684
2020,22009300,706
2019,22009400,268
2020,22009400,278
2019,22010100,610
2020,22010100,654
2019,22010200,283
2020,22010200,293
2019,22022100,700
2020,22022100,734
2019,22022200,445
2020,22022200,461
2019,22031100,605
2020,22031100,607
2019,22031200,290
2020,22031200,291
2019,22031300,293
2020,22031300,294
2019,22032100,314
2020,22032100,318
2019,22032200,649
2020,22032200,650
2019,22032300,769
2020,22032300,771
2019,22032400,137
2020,22032400,138
2019,22039100,336
2020,22039100,337
2019,22039200,495
2020,22039200,498
2019,22040100,754
2020,22040100,758
2019,22040200,374
2020,22040200,374
2019,22040300,385
2020,22040300,386
2019,21580100,478
2020,21580100,505
2019,21588100,471
2020,21588100,471
2019,21589100,917
2020,21589100,996
2019,21593100,483
2020,21593100,483
2019,21593200,533
2020,21593200,533
2019,21596100,295
2020,21596100,296
2019,21596200,786
2020,21596200,787
2019,21598100,508
2020,21598100,515
2019,21598200,487
2020,21598200,488
2019,21599100,298
2020,21599100,298
2019,21599200,648
2020,21599200,648
2019,21599300,226
2020,21599300,226
2019,21603100,199
2020,21603100,199
2019,21603200,426
2020,21603200,426
2019,21603300,471
2020,21603300,493
2019,21604100,488
2020,21604100,493
2019,21604200,413
2020,21604200,413
2019,21604300,264
2020,21604300,264
2019,21609100,576
2020,21609100,576
2019,21609200,527
2020,21609200,528
2019,21612100,586
2020,21612100,588
2019,21612200,698
2020,21612200,698
2019,21616100,662
2020,21616100,662
2019,21617100,778
2020,21617100,778
2019,21617200,684
2020,21617200,684
2019,21618100,233
2020,21618100,233
2019,21618200,257
2020,21618200,257
2019,21627100,824
2020,21627100,824
2019,21627200,274
2020,21627200,274
2019,21630100,496
2020,21630100,496
2019,21630200,592
2020,21630200,592
2019,21630300,613
2020,21630300,613
2019,21637100,799
2020,21637100,799
2019,21637200,516
2020,21637200,516
2019,21637300,286
2020,21637300,286
2019,21638100,718
2020,21638100,718
2019,21638200,219
2020,21638200,219
2019,21638300,465
2020,21638300,465
2019,21640100,627
2020,21640100,643
2019,21640200,287
2020,21640200,287
2019,21640300,374
2020,21640300,394
2019,21641100,1020
2020,21641100,1020
2019,21641200,515
2020,21641200,515
2019,21644100,618
2020,21644100,618
2019,21644200,756
2020,21644200,756
2019,21646100,420
2020,21646100,420
2019,21646200,193
2020,21646200,193
2019,21646300,264
2020,21646300,264
2019,21646400,336
2020,21646400,336
2019,21646500,153
2020,21646500,153
2019,21662100,385
2020,21662100,385
2019,21662200,650
2020,21662200,650
2019,21662300,519
2020,21662300,519
2019,21664100,311
2020,21664100,311
2019,21664200,1016
2020,21664200,1016
2019,21666100,604
2020,21666100,604
2019,21666200,479
2020,21666200,479
2019,21666300,356
2020,21666300,356
2019,21668100,497
2020,21668100,497
2019,21668200,351
2020,21668200,351
2019,21668300,687
2020,21668300,687
2019,21675100,312
2020,21675100,312
2019,21675200,680
2020,21675200,680
2019,21676100,611
2020,21676100,611
2019,21676200,396
2020,21676200,396
2019,21676300,468
2020,21676300,468
2019,21682100,623
2020,21682100,627
2019,21682200,161
2020,21682200,161
2019,21682300,369
2020,21682300,369
2019,21690100,614
2020,21690100,614
2019,21690200,524
2020,21690200,524
2019,21690300,423
2020,21690300,423
2019,21695100,249
2020,21695100,249
2019,21695200,608
2020,21695200,622
2019,21695300,460
2020,21695300,508
2019,21695400,694
2020,21695400,694
2019,21695500,583
2020,21695500,583
2019,21713100,510
2020,21713100,510
2019,21713200,397
2020,21713200,397
2019,21713300,649
2020,21713300,649
2019,21713400,434
2020,21713400,434
2019,21714100,635
2020,21714100,635
2019,21714200,441
2020,21714200,441
2019,21648100,834
2020,21648100,834
2019,21655100,735
2020,21655100,735
2019,21658100,545
2020,21658100,545
2019,21658200,1206
2020,21658200,1229
2019,21660100,481
2020,21660100,481
2019,21660200,924
2020,21660200,925
2019,21667100,1019
2020,21667100,1020
2019,21671100,421
2020,21671100,421
2019,21671200,732
2020,21671200,735
2019,21674100,859
2020,21674100,860
2019,21674200,324
2020,21674200,324
2019,21677100,481
2020,21677100,493
2019,21678100,946
2020,21678100,946
2019,21683100,538
2020,21683100,538
2019,21683200,608
2020,21683200,608
2019,21685100,524
2020,21685100,528
2019,21685200,194
2020,21685200,195
2019,21689100,759
2020,21689100,759
2019,21689200,238
2020,21689200,238
2019,21691100,633
2020,21691100,640
2019,21691200,413
2020,21691200,417
2019,21691300,602
2020,21691300,602
2019,21693100,850
2020,21693100,854
2019,21694100,889
2020,21694100,894
2019,21700100,1172
2020,21700100,1178
2019,21701100,789
2020,21701100,789
2019,21702100,366
2020,21702100,366
2019,21702200,245
2020,21702200,245
2019,21702300,405
2020,21702300,405
2019,21702400,101
2020,21702400,101
2019,21703100,1014
2020,21703100,1014
2019,21705100,1010
2020,21705100,1010
2019,21708100,125
2020,21708100,125
2019,21711100,832
2020,21711100,832
2019,21711200,612
2020,21711200,612
2019,21711300,169
2020,21711300,169
2019,21711400,374
2020,21711400,374
2019,21712100,1044
2020,21712100,1044
2019,21715100,443
2020,21715100,446
2019,21715200,70
2020,21715200,70
2019,21719100,732
2020,21719100,732
2019,21719200,419
2020,21719200,421
2019,21719300,331
2020,21719300,331
2019,21721100,533
2020,21721100,533
2019,21721200,771
2020,21721200,775
2019,21723100,272
2020,21723100,272
2019,21723200,460
2020,21723200,460
2019,21723300,722
2020,21723300,722
2019,21724100,724
2020,21724100,733
2019,21724200,303
2020,21724200,303
2019,21725100,611
2020,21725100,611
2019,21725200,393
2020,21725200,393
2019,21726100,804
2020,21726100,813
2019,21728100,21
2020,21728100,21
2019,21731100,0
2020,21731100,0
2019,21731200,33
2020,21731200,33
2019,21733100,978
2020,21733100,980
2019,21733200,303
2020,21733200,307
2019,21734100,92
2020,21734100,92
2019,21734200,103
2020,21734200,104
2019,21736100,648
2020,21736100,648
2019,21736200,346
2020,21736200,346
2019,21739100,0
2020,21739100,0
2019,21740100,997
2020,21740100,997
2019,21740200,4
2020,21740200,4
2019,21680100,443
2020,21680100,444
2019,21680200,334
2020,21680200,334
2019,21680300,406
2020,21680300,406
2019,21681100,267
2020,21681100,267
2019,21681200,343
2020,21681200,343
2019,21681300,277
2020,21681300,277
2019,21684100,313
2020,21684100,313
2019,21684200,288
2020,21684200,288
2019,21684300,463
2020,21684300,463
2019,21684400,344
2020,21684400,344
2019,21686100,720
2020,21686100,720
2019,21686200,445
2020,21686200,445
2019,21687100,585
2020,21687100,585
2019,21687200,612
2020,21687200,612
2019,21688100,158
2020,21688100,158
2019,21688200,377
2020,21688200,377
2019,21688300,227
2020,21688300,227
2019,21688400,527
2020,21688400,527
2019,21688500,229
2020,21688500,229
2019,21692100,401
2020,21692100,401
2019,21692200,935
2020,21692200,935
2019,21696100,190
2020,21696100,190
2019,21696200,719
2020,21696200,719
2019,21697100,393
2020,21697100,393
2019,21697200,701
2020,21697200,701
2019,21698100,602
2020,21698100,602
2019,21698200,258
2020,21698200,258
2019,21699100,64
2020,21699100,64
2019,21699200,471
2020,21699200,471
2019,21704100,260
2020,21704100,260
2019,21704200,601
2020,21704200,601
2019,21706100,151
2020,21706100,151
2019,21706200,139
2020,21706200,139
2019,21706300,148
2020,21706300,148
2019,21706400,242
2020,21706400,242
2019,21706500,205
2020,21706500,205
2019,21706600,244
2020,21706600,244
2019,21706700,193
2020,21706700,193
2019,21707100,564
2020,21707100,566
2019,21707200,494
2020,21707200,494
2019,21707300,756
2020,21707300,756
2019,21709100,58
2020,21709100,58
2019,21709200,306
2020,21709200,306
2019,21710100,211
2020,21710100,211
2019,21710200,332
2020,21710200,332
2019,21710300,252
2020,21710300,252
2019,21716100,354
2020,21716100,354
2019,21716200,236
2020,21716200,236
2019,21716300,299
2020,21716300,304
2019,21716400,107
2020,21716400,107
2019,21716500,153
2020,21716500,153
2019,21717100,335
2020,21717100,335
2019,21717200,798
2020,21717200,798
2019,21718100,900
2020,21718100,900
2019,21720100,851
2020,21720100,851
2019,21722100,568
2020,21722100,568
2019,21722200,431
2020,21722200,431
2019,21722300,254
2020,21722300,254
2019,21727100,603
2020,21727100,603
2019,21730100,755
2020,21730100,755
2019,21730200,601
2020,21730200,601
2019,21732100,373
2020,21732100,373
2019,21732200,997
2020,21732200,997
2019,21732300,420
2020,21732300,420
2019,21735100,497
2020,21735100,497
2019,21735200,429
2020,21735200,429
2019,21735300,797
2020,21735300,797
2019,21737100,446
2020,21737100,446
2019,21737200,844
2020,21737200,844
2019,21741100,273
2020,21741100,273
2019,21741200,861
2020,21741200,861
2019,21729100,702
2020,21729100,702
2019,21729200,118
2020,21729200,118
2019,21729300,493
2020,21729300,493
2019,22092100,733
2020,22092100,733
2019,22092200,278
2020,22092200,278
2019,22092300,1
2020,22092300,1
2019,22103100,807
2020,22103100,807
2019,22103200,342
2020,22103200,342
2019,22103300,423
2020,22103300,423
2019,22103400,978
2020,22103400,978
2019,22110100,228
2020,22110100,228
2019,22110200,279
2020,22110200,279
2019,22110300,200
2020,22110300,200
2019,22110400,455
2020,22110400,455
2019,22110500,201
2020,22110500,201
2019,22118100,365
2020,22118100,365
2019,22118200,697
2020,22118200,744
2019,22118300,512
2020,22118300,514
2019,22125100,966
2020,22125100,966
2019,22126100,800
2020,22126100,800
2019,22128100,591
2020,22128100,591
2019,22128200,336
2020,22128200,345
2019,22129100,677
2020,22129100,677
2019,22129200,246
2020,22129200,246
2019,22138100,420
2020,22138100,420
2019,22138200,878
2020,22138200,878
2019,22141100,1438
2020,22141100,1438
2019,22145100,569
2020,22145100,569
2019,22145200,888
2020,22145200,888
2019,22145300,1029
2020,22145300,1029
2019,22148100,981
2020,22148100,981
2019,22148200,624
2020,22148200,624
2019,22150100,109
2020,22150100,109
2019,22150200,355
2020,22150200,355
2019,22150300,652
2020,22150300,652
2019,22150400,204
2020,22150400,204
2019,22152100,913
2020,22152100,913
2019,22152200,753
2020,22152200,753
2019,22157100,864
2020,22157100,864
2019,22163100,382
2020,22163100,382
2019,22163200,390
2020,22163200,390
2019,22163300,760
2020,22163300,760
2019,22164100,563
2020,22164100,563
2019,22164200,584
2020,22164200,584
2019,22164300,365
2020,22164300,365
2019,22165100,890
2020,22165100,890
2019,22166100,382
2020,22166100,382
2019,22166200,367
2020,22166200,367
2019,22166300,315
2020,22166300,315
2019,22166400,298
2020,22166400,298
2019,22170100,415
2020,22170100,415
2019,22170200,630
2020,22170200,630
2019,22176100,415
2020,22176100,415
2019,22176200,546
2020,22176200,546
2019,22180100,390
2020,22180100,390
2019,22180200,821
2020,22180200,821
2019,22181100,821
2020,22181100,821
2019,22184100,886
2020,22184100,886
2019,22184200,1186
2020,22184200,1208
2019,22185100,836
2020,22185100,836
2019,22186100,278
2020,22186100,278
2019,22186200,985
2020,22186200,985
2019,22191100,638
2020,22191100,650
2019,22191200,579
2020,22191200,616
2019,22193100,812
2020,22193100,812
2019,22193200,421
2020,22193200,421
2019,22200100,159
2020,22200100,159
2019,22200200,745
2020,22200200,745
2019,21738100,81
2020,21738100,81
2019,21738200,259
2020,21738200,259
2019,21738300,879
2020,21738300,879
2019,21742100,407
2020,21742100,407
2019,21742200,705
2020,21742200,705
2019,21743100,1067
2020,21743100,1067
2019,21744100,91
2020,21744100,97
2019,21744200,334
2020,21744200,346
2019,21744300,636
2020,21744300,643
2019,21745100,581
2020,21745100,581
2019,21745200,710
2020,21745200,710
2019,21745300,483
2020,21745300,483
2019,21746100,972
2020,21746100,979
2019,21747100,750
2020,21747100,750
2019,21747200,708
2020,21747200,708
2019,21748100,461
2020,21748100,461
2019,21748200,378
2020,21748200,378
2019,21748300,517
2020,21748300,517
2019,21748400,321
2020,21748400,321
2019,21749100,1109
2020,21749100,1109
2019,21749200,377
2020,21749200,377
2019,21750100,1064
2020,21750100,1090
2019,21751100,608
2020,21751100,608
2019,21751200,806
2020,21751200,806
2019,21751300,419
2020,21751300,419
2019,21752100,552
2020,21752100,552
2019,21752200,832
2020,21752200,832
2019,21752300,314
2020,21752300,314
2019,21753100,948
2020,21753100,948
2019,21754100,1233
2020,21754100,1233
2019,21795100,483
2020,21795100,483
2019,21795200,490
2020,21795200,490
2019,21795300,112
2020,21795300,145
2019,21795400,0
2020,21795400,0
2019,21801100,528
2020,21801100,528
2019,21801200,799
2020,21801200,800
2019,21804100,347
2020,21804100,347
2019,21804200,346
2020,21804200,346
2019,21804300,297
2020,21804300,297
2019,21804400,574
2020,21804400,576
2019,21804500,185
2020,21804500,185
2019,21806100,779
2020,21806100,780
2019,21806200,520
2020,21806200,520
2019,21808100,629
2020,21808100,629
2019,21808200,648
2020,21808200,648
2019,21808300,311
2020,21808300,311
2019,21808400,234
2020,21808400,234
2019,21817100,513
2020,21817100,513
2019,21817200,472
2020,21817200,472
2019,21820100,277
2020,21820100,279
2019,21820200,355
2020,21820200,357
2019,21820300,244
2020,21820300,244
2019,21820400,457
2020,21820400,460
2019,21821100,517
2020,21821100,517
2019,21821200,278
2020,21821200,278
2019,21821300,637
2020,21821300,638
2019,21823100,901
2020,21823100,905
2019,21826100,649
2020,21826100,649
2019,21826200,585
2020,21826200,585
2019,21826300,406
2020,21826300,406
2019,21835100,325
2020,21835100,325
2019,21835200,888
2020,21835200,888
2019,21848100,845
2020,21848100,845
2019,21848200,365
2020,21848200,365
2019,21848300,700
2020,21848300,700
2019,21848400,442
2020,21848400,442
2019,22171100,1302
2020,22171100,1302
2019,22171200,268
2020,22171200,268
2019,21755100,632
2020,21755100,632
2019,21755200,469
2020,21755200,469
2019,21756100,319
2020,21756100,319
2019,21756200,605
2020,21756200,605
2019,21757100,482
2020,21757100,482
2019,21757200,866
2020,21757200,866
2019,21757300,644
2020,21757300,644
2019,21758100,177
2020,21758100,177
2019,21758200,249
2020,21758200,249
2019,21758300,626
2020,21758300,626
2019,21759100,914
2020,21759100,914
2019,21759200,333
2020,21759200,333
2019,21759300,5
2020,21759300,5
2019,21760100,1047
2020,21760100,1047
2019,21760200,279
2020,21760200,279
2019,21763100,506
2020,21763100,506
2019,21763200,1125
2020,21763200,1125
2019,21764100,501
2020,21764100,501
2019,21764200,841
2020,21764200,841
2019,21764300,751
2020,21764300,751
2019,21765100,433
2020,21765100,433
2019,21765200,455
2020,21765200,455
2019,21765300,846
2020,21765300,846
2019,21766100,669
2020,21766100,669
2019,21766200,614
2020,21766200,636
2019,21769100,606
2020,21769100,606
2019,21769200,924
2020,21769200,924
2019,21769300,708
2020,21769300,708
2019,21773100,918
2020,21773100,918
2019,21773200,819
2020,21773200,819
2019,21774100,581
2020,21774100,581
2019,21774200,601
2020,21774200,601
2019,21775100,385
2020,21775100,385
2019,21775200,669
2020,21775200,669
2019,21777100,781
2020,21777100,781
2019,21777200,1080
2020,21777200,1080
2019,21779100,357
2020,21779100,357
2019,21779200,623
2020,21779200,623
2019,21779300,242
2020,21779300,242
2019,21781100,459
2020,21781100,459
2019,21781200,921
2020,21781200,921
2019,21785100,546
2020,21785100,567
2019,21785200,573
2020,21785200,573
2019,21785300,1013
2020,21785300,1015
2019,21785400,757
2020,21785400,759
2019,21786100,1071
2020,21786100,1071
2019,21789100,723
2020,21789100,723
2019,21789200,701
2020,21789200,701
2019,21789300,1371
2020,21789300,1371
2019,21792100,734
2020,21792100,734
2019,21792200,1008
2020,21792200,1008
2019,21792300,1084
2020,21792300,1084
2019,21792400,201
2020,21792400,201
2019,21761100,0
2020,21761100,0
2019,21762100,445
2020,21762100,445
2019,21762200,1195
2020,21762200,1195
2019,21762300,781
2020,21762300,781
2019,21762400,370
2020,21762400,370
2019,21767100,632
2020,21767100,632
2019,21767200,703
2020,21767200,703
2019,21767300,641
2020,21767300,641
2019,21767400,768
2020,21767400,768
2019,21768100,441
2020,21768100,441
2019,21768200,582
2020,21768200,597
2019,21770100,583
2020,21770100,583
2019,21770200,395
2020,21770200,395
2019,21770300,544
2020,21770300,544
2019,21770400,226
2020,21770400,226
2019,21771100,1128
2020,21771100,1128
2019,21772100,337
2020,21772100,337
2019,21772200,325
2020,21772200,325
2019,21772300,458
2020,21772300,458
2019,21772400,345
2020,21772400,345
2019,21772500,496
2020,21772500,496
2019,21772600,241
2020,21772600,241
2019,21776100,472
2020,21776100,472
2019,21776200,752
2020,21776200,752
2019,21776300,917
2020,21776300,917
2019,21778100,615
2020,21778100,615
2019,21778200,525
2020,21778200,525
2019,21778300,736
2020,21778300,736
2019,21780100,460
2020,21780100,460
2019,21780200,346
2020,21780200,346
2019,21780300,249
2020,21780300,249
2019,21780400,490
2020,21780400,490
2019,21780500,244
2020,21780500,244
2019,21780600,299
2020,21780600,299
2019,21782100,392
2020,21782100,392
2019,21782200,375
2020,21782200,375
2019,21782300,750
2020,21782300,750
2019,21782400,1313
2020,21782400,1313
2019,21783100,550
2020,21783100,550
2019,21784100,841
2020,21784100,841
2019,21784200,158
2020,21784200,158
2019,21784300,130
2020,21784300,130
2019,21784400,378
2020,21784400,378
2019,21784500,226
2020,21784500,226
2019,21784600,199
2020,21784600,199
2019,21784700,439
2020,21784700,439
2019,21787100,401
2020,21787100,401
2019,21787200,240
2020,21787200,240
2019,21790100,1075
2020,21790100,1075
2019,21790200,267
2020,21790200,267
2019,21790300,613
2020,21790300,613
2019,21790400,276
2020,21790400,276
2019,21790500,474
2020,21790500,474
2019,21790600,357
2020,21790600,357
2019,21791100,338
2020,21791100,338
2019,21791200,918
2020,21791200,918
2019,21791300,601
2020,21791300,601
2019,21791400,548
2020,21791400,548
2019,21794100,796
2020,21794100,796
2019,21794200,393
2020,21794200,393
2019,21794300,468
2020,21794300,468
2019,21794400,390
2020,21794400,390
2019,21794500,324
2020,21794500,324
2019,21798100,753
2020,21798100,753
2019,21798200,345
2020,21798200,345
2019,21798300,363
2020,21798300,363
2019,21798400,634
2020,21798400,634
2019,21798500,265
2020,21798500,265
2019,21788100,247
2020,21788100,247
2019,21788200,287
2020,21788200,287
2019,21788300,479
2020,21788300,479
2019,21788400,395
2020,21788400,395
2019,21788500,268
2020,21788500,268
2019,21788600,315
2020,21788600,315
2019,21793100,1127
2020,21793100,1127
2019,21793200,291
2020,21793200,291
2019,21793300,563
2020,21793300,563
2019,21797100,134
2020,21797100,134
2019,21797200,320
2020,21797200,320
2019,21797300,248
2020,21797300,248
2019,21797400,165
2020,21797400,165
2019,21797500,320
2020,21797500,320
2019,21797600,302
2020,21797600,302
2019,21799100,398
2020,21799100,398
2019,21799200,149
2020,21799200,149
2019,21799300,179
2020,21799300,179
2019,21799400,492
2020,21799400,492
2019,21802100,265
2020,21802100,265
2019,21802200,447
2020,21802200,447
2019,21802300,241
2020,21802300,241
2019,21802400,410
2020,21802400,410
2019,21802500,272
2020,21802500,272
2019,21802600,454
2020,21802600,454
2019,21803100,398
2020,21803100,398
2019,21811100,194
2020,21811100,194
2019,21811200,432
2020,21811200,432
2019,21811300,907
2020,21811300,907
2019,21811400,447
2020,21811400,447
2019,21812100,251
2020,21812100,251
2019,21812200,751
2020,21812200,751
2019,21812300,640
2020,21812300,640
2019,21813100,601
2020,21813100,601
2019,21813200,616
2020,21813200,616
2019,21813300,430
2020,21813300,430
2019,21813400,330
2020,21813400,330
2019,21814100,507
2020,21814100,507
2019,21814200,360
2020,21814200,360
2019,21814300,383
2020,21814300,383
2019,21814400,448
2020,21814400,448
2019,21814500,216
2020,21814500,216
2019,21814600,362
2020,21814600,382
2019,21816100,1327
2020,21816100,1331
2019,21818100,228
2020,21818100,228
2019,21818200,740
2020,21818200,740
2019,21818300,614
2020,21818300,614
2019,21818400,318
2020,21818400,318
2019,21831100,542
2020,21831100,542
2019,21831200,289
2020,21831200,289
2019,21831300,319
2020,21831300,319
2019,21833100,365
2020,21833100,365
2019,21833200,641
2020,21833200,641
2019,21834100,498
2020,21834100,498
2019,21834200,278
2020,21834200,278
2019,21834300,330
2020,21834300,330
2019,21834400,325
2020,21834400,325
2019,21834500,448
2020,21834500,448
2019,21836100,523
2020,21836100,523
2019,21836200,228
2020,21836200,228
2019,21836300,609
2020,21836300,609
2019,21836400,378
2020,21836400,378
2019,21838100,885
2020,21838100,885
2019,21838200,517
2020,21838200,517
2019,21838300,402
2020,21838300,402
2019,21845100,149
2020,21845100,149
2019,21849100,454
2020,21849100,454
2019,21849200,659
2020,21849200,659
2019,21853100,1070
2020,21853100,1070
2019,21853200,641
2020,21853200,641
2019,21853300,277
2020,21853300,277
2019,21853400,510
2020,21853400,510
2019,21858100,142
2020,21858100,142
2019,21858200,450
2020,21858200,450
2019,21819100,271
2020,21819100,271
2019,21819200,499
2020,21819200,499
2019,21819300,701
2020,21819300,701
2019,21819400,306
2020,21819400,306
2019,21832100,0
2020,21832100,0
2019,21832200,464
2020,21832200,464
2019,21832300,367
2020,21832300,367
2019,21832400,398
2020,21832400,398
2019,21832500,302
2020,21832500,302
2019,21832600,471
2020,21832600,471
2019,21843100,1008
2020,21843100,1008
2019,21843200,1
2020,21843200,1
2019,21843300,571
2020,21843300,571
2019,21843400,1
2020,21843400,1
2019,21844100,755
2020,21844100,785
2019,21852100,25
2020,21852100,25
2019,21852200,1
2020,21852200,1
2019,21852300,0
2020,21852300,0
2019,21860100,320
2020,21860100,320
2019,21860200,1
2020,21860200,1
2019,21861100,247
2020,21861100,247
2019,21861200,338
2020,21861200,338
2019,21862100,705
2020,21862100,705
2019,21862200,529
2020,21862200,529
2019,21864100,2
2020,21864100,2
2019,21866100,727
2020,21866100,727
2019,21866200,418
2020,21866200,418
2019,21866300,603
2020,21866300,603
2019,21868100,683
2020,21868100,683
2019,21868200,716
2020,21868200,716
2019,21872100,0
2020,21872100,0
2019,21872200,0
2020,21872200,0
2019,21872300,0
2020,21872300,0
2019,21875100,630
2020,21875100,630
2019,21875200,654
2020,21875200,654
2019,21876100,870
2020,21876100,870
2019,21876200,584
2020,21876200,584
2019,21877100,354
2020,21877100,354
2019,21877200,839
2020,21877200,839
2019,21880100,400
2020,21880100,400
2019,21880200,731
2020,21880200,731
2019,21882100,883
2020,21882100,883
2019,21882200,819
2020,21882200,819
2019,21882300,396
2020,21882300,396
2019,21883100,392
2020,21883100,392
2019,21883200,269
2020,21883200,269
2019,21883300,467
2020,21883300,467
2019,21883400,412
2020,21883400,412
2019,21884100,809
2020,21884100,809
2019,21884200,1064
2020,21884200,1064
2019,21886100,424
2020,21886100,424
2019,21886200,761
2020,21886200,761
2019,21886300,223
2020,21886300,223
2019,21886400,3
2020,21886400,3
2019,21886500,0
2020,21886500,0
2019,21887100,410
2020,21887100,410
2019,21887200,540
2020,21887200,540
2019,21887300,246
2020,21887300,246
2019,21889100,691
2020,21889100,691
2019,21889200,553
2020,21889200,553
2019,21890100,1003
2020,21890100,1003
2019,21890200,970
2020,21890200,970
2019,21892100,323
2020,21892100,323
2019,21892200,533
2020,21892200,547
2019,21893100,662
2020,21893100,662
2019,21893200,1058
2020,21893200,1085
2019,21894100,477
2020,21894100,477
2019,21894200,757
2020,21894200,757
2019,21896100,232
2020,21896100,232
2019,21896200,263
2020,21896200,263
2019,21896300,449
2020,21896300,449
2019,21896400,319
2020,21896400,319
2019,21897100,371
2020,21897100,371
2019,21897200,348
2020,21897200,348
2019,21897300,508
2020,21897300,508
2019,21899100,698
2020,21899100,698
2019,21899200,906
2020,21899200,906
2019,21900100,3097
2020,21900100,3097
2019,21901100,622
2020,21901100,622
2019,21901200,1116
2020,21901200,1116
2019,21827100,360
2020,21827100,360
2019,21827200,473
2020,21827200,473
2019,21827300,378
2020,21827300,378
2019,21827400,181
2020,21827400,181
2019,21839100,703
2020,21839100,703
2019,21839200,277
2020,21839200,277
2019,21839300,329
2020,21839300,329
2019,21839400,531
2020,21839400,531
2019,21850100,316
2020,21850100,316
2019,21850200,424
2020,21850200,424
2019,21850300,379
2020,21850300,379
2019,21850400,477
2020,21850400,477
2019,21850500,244
2020,21850500,244
2019,21850600,311
2020,21850600,311
2019,21851100,856
2020,21851100,856
2019,21851200,646
2020,21851200,652
2019,21857100,427
2020,21857100,427
2019,21857200,795
2020,21857200,795
2019,21857300,356
2020,21857300,356
2019,21857400,419
2020,21857400,419
2019,21857500,509
2020,21857500,509
2019,21859100,477
2020,21859100,477
2019,21859200,400
2020,21859200,400
2019,21859300,321
2020,21859300,321
2019,21859400,356
2020,21859400,356
2019,21863100,451
2020,21863100,451
2019,21863200,402
2020,21863200,402
2019,21863300,408
2020,21863300,408
2019,21865100,792
2020,21865100,792
2019,21865200,665
2020,21865200,665
2019,21865300,391
2020,21865300,412
2019,21867100,852
2020,21867100,854
2019,21867200,230
2020,21867200,230
2019,21867300,527
2020,21867300,527
2019,21867400,697
2020,21867400,827
2019,21871100,29
2020,21871100,29
2019,21871200,1115
2020,21871200,1115
2019,21873100,246
2020,21873100,246
2019,21873200,644
2020,21873200,644
2019,21873300,632
2020,21873300,632
2019,21874100,707
2020,21874100,707
2019,21874200,685
2020,21874200,685
2019,21874300,621
2020,21874300,621
2019,21878100,866
2020,21878100,866
2019,21879100,721
2020,21879100,721
2019,21879200,503
2020,21879200,503
2019,21881100,432
2020,21881100,432
2019,21881200,687
2020,21881200,687
2019,21881300,230
2020,21881300,230
2019,21885100,302
2020,21885100,302
2019,21885200,407
2020,21885200,407
2019,21885300,646
2020,21885300,646
2019,21888100,505
2020,21888100,505
2019,21888200,295
2020,21888200,295
2019,21888300,289
2020,21888300,289
2019,21891100,2297
2020,21891100,2297
2019,21895100,624
2020,21895100,624
2019,21895200,820
2020,21895200,820
2019,21898100,230
2020,21898100,230
2019,21898200,293
2020,21898200,293
2019,21898300,316
2020,21898300,316
2019,21898400,779
2020,21898400,779
2019,21902100,452
2020,21902100,452
2019,21902200,530
2020,21902200,530
2019,21902300,844
2020,21902300,844
2019,21902400,573
2020,21902400,573
2019,21903100,1385
2020,21903100,1385
2019,21903200,700
2020,21903200,700
2019,22259100,824
2020,22259100,824
2019,22259200,972
2020,22259200,972
2019,22265100,454
2020,22265100,454
2019,22265200,326
2020,22265200,326
2019,22265300,1188
2020,22265300,1188
2019,22268100,679
2020,22268100,689
2019,22268200,555
2020,22268200,555
2019,22272100,417
2020,22272100,417
2019,22272200,382
2020,22272200,382
2019,22272300,958
2020,22272300,958
2019,22272400,632
2020,22272400,632
2019,22278100,804
2020,22278100,804
2019,22284100,380
2020,22284100,380
2019,22284200,615
2020,22284200,615
2019,22284300,382
2020,22284300,382
2019,22287100,972
2020,22287100,972
2019,22293100,412
2020,22293100,412
2019,22293200,945
2020,22293200,945
2019,22293300,547
2020,22293300,547
2019,22298100,677
2020,22298100,677
2019,22298200,328
2020,22298200,328
2019,22305100,596
2020,22305100,607
2019,22305200,513
2020,22305200,513
2019,22305300,747
2020,22305300,747
2019,22308100,988
2020,22308100,988
2019,21904100,494
2020,21904100,494
2019,21904200,266
2020,21904200,266
2019,21904300,465
2020,21904300,465
2019,22316100,901
2020,22316100,901
2019,22319100,558
2020,22319100,558
2019,22319200,965
2020,22319200,965
2019,22321100,314
2020,22321100,314
2019,22322100,0
2020,22322100,0
2019,22322200,28
2020,22322200,28
2019,22334100,1244
2020,22334100,1244
2019,22338100,2339
2020,22338100,2339
2019,22339100,1
2020,22339100,1
2019,22339200,1
2020,22339200,1
2019,22347100,880
2020,22347100,880
2019,22347200,614
2020,22347200,614
2019,22349100,1066
2020,22349100,1066
2019,22352100,1251
2020,22352100,1251
2019,22352200,653
2020,22352200,653
2019,22360100,0
2020,22360100,0
2019,22360200,641
2020,22360200,641
2019,22360300,681
2020,22360300,681
2019,22361100,380
2020,22361100,380
2019,22361200,674
2020,22361200,674
2019,22361300,494
2020,22361300,494
2019,22370100,446
2020,22370100,446
2019,22375100,446
2020,22375100,448
2019,22379100,715
2020,22379100,715
2019,22379200,964
2020,22379200,970
2019,22381100,1
2020,22381100,1
2019,22381200,334
2020,22381200,359
2019,22388100,693
2020,22388100,693
2019,22393100,646
2020,22393100,648
2019,22393200,565
2020,22393200,569
2019,22397100,669
2020,22397100,675
2019,22397200,894
2020,22397200,905
2019,22398100,610
2020,22398100,611
2019,22398200,571
2020,22398200,573
2019,22398300,580
2020,22398300,581
2019,22399100,605
2020,22399100,632
2019,22399200,962
2020,22399200,963
2019,22401100,625
2020,22401100,625
2019,22401200,537
2020,22401200,537
2019,22401300,951
2020,22401300,952
2019,22403100,1652
2020,22403100,1659
2019,22404100,788
2020,22404100,815
2019,22404200,1001
2020,22404200,1003
2019,22404300,632
2020,22404300,636
2019,22405100,774
2020,22405100,774
2019,22405200,906
2020,22405200,907
2019,22406100,868
2020,22406100,870
2019,22406200,654
2020,22406200,667
2019,22406300,404
2020,22406300,404
2019,21905100,626
2020,21905100,633
2019,21906100,753
2020,21906100,762
2019,21907100,1905
2020,21907100,1926
2019,21908100,997
2020,21908100,1012
2019,21909100,951
2020,21909100,961
2019,21909200,529
2020,21909200,535
2019,21910100,788
2020,21910100,797
2019,21910200,688
2020,21910200,692
2019,21911100,558
2020,21911100,569
2019,21911200,848
2020,21911200,856
2019,21912100,678
2020,21912100,684
2019,21912200,335
2020,21912200,338
2019,21915100,865
2020,21915100,868
2019,21917100,334
2020,21917100,338
2019,21917200,1287
2020,21917200,1309
2019,21918100,865
2020,21918100,876
2019,21918200,581
2020,21918200,594
2019,21918300,1224
2020,21918300,1234
2019,21919100,1201
2020,21919100,1214
2019,21920100,611
2020,21920100,619
2019,21920200,319
2020,21920200,327
2019,21921200,193
2020,21921200,195
2019,21922100,1334
2020,21922100,1345
2019,21923100,719
2020,21923100,730
2019,21923200,471
2020,21923200,478
2019,21925100,822
2020,21925100,831
2019,21925200,751
2020,21925200,761
2019,21925300,606
2020,21925300,615
2019,21926100,677
2020,21926100,684
2019,21927100,369
2020,21927100,373
2019,21927200,163
2020,21927200,168
2019,21927300,675
2020,21927300,686
2019,21928100,1295
2020,21928100,1311
2019,21931100,1389
2020,21931100,1391
2019,21931200,722
2020,21931200,748
2019,21932100,781
2020,21932100,793
2019,21932200,1151
2020,21932200,1165
2019,21933100,946
2020,21933100,956
2019,21933200,352
2020,21933200,358
2019,21933300,854
2020,21933300,863
2019,21935100,954
2020,21935100,974
2019,21935200,897
2020,21935200,908
2019,21938100,1736
2020,21938100,1759
2019,21940100,606
2020,21940100,608
2019,21940200,794
2020,21940200,797
2019,21940300,1604
2020,21940300,1619
2019,21941100,2
2020,21941100,5
2019,21941200,474
2020,21941200,482
2019,21945100,332
2020,21945100,348
2019,21945200,233
2020,21945200,237
2019,21945300,960
2020,21945300,968
2019,21962100,675
2020,21962100,683
2019,21962200,841
2020,21962200,848
2019,21964100,1349
2020,21964100,1372
2019,21964200,561
2020,21964200,566
2019,21964300,1116
2020,21964300,1132
2019,21965100,988
2020,21965100,994
2019,21966100,1148
2020,21966100,1156
2019,21966200,233
2020,21966200,234
2019,21966300,716
2020,21966300,722
2019,21966400,568
2020,21966400,571
2019,21966500,433
2020,21966500,436
2019,21967100,831
2020,21967100,839
2019,21967200,667
2020,21967200,674
2019,21967300,763
2020,21967300,768
2019,21968100,1001
2020,21968100,1010
2019,21968200,672
2020,21968200,678
2019,21968300,524
2020,21968300,527
2019,21974100,865
2020,21974100,875
2019,21974200,430
2020,21974200,435
2019,21975100,612
2020,21975100,618
2019,21975200,284
2020,21975200,284
2019,21975300,1223
2020,21975300,1229
2019,21976100,492
2020,21976100,498
2019,21976200,352
2020,21976200,357
2019,21976300,350
2020,21976300,354
2019,21977100,372
2020,21977100,373
2019,21977200,882
2020,21977200,891
2019,21977300,1075
2020,21977300,1082
2019,21978100,621
2020,21978100,627
2019,21978200,401
2020,21978200,405
2019,21989100,756
2020,21989100,763
2019,21989200,989
2020,21989200,992
2019,21991100,605
2020,21991100,610
2019,21991200,745
2020,21991200,750
2019,21993100,153
2020,21993100,156
2019,21993200,906
2020,21993200,914
2019,21993300,494
2020,21993300,499
2019,21993400,40
2020,21993400,41
2019,21994100,1196
2020,21994100,1208
2019,21995100,710
2020,21995100,712
2019,21995200,347
2020,21995200,351
2019,21996100,1017
2020,21996100,1029
2019,21996200,692
2020,21996200,697
2019,22003100,985
2020,22003100,1028
2019,22003200,914
2020,22003200,927
2019,22004100,455
2020,22004100,457
2019,22004200,443
2020,22004200,450
2019,22007400,610
2020,22007400,613
2019,22007500,306
2020,22007500,309
2019,22012100,225
2020,22012100,226
2019,22012200,431
2020,22012200,434
2019,22012300,428
2020,22012300,432
2019,22012400,454
2020,22012400,457
2019,22016100,139
2020,22016100,142
2019,22016200,50
2020,22016200,51
2019,21956100,201
2020,21956100,201
2019,21956200,1431
2020,21956200,1441
2019,21958100,361
2020,21958100,409
2019,21958200,1815
2020,21958200,1893
2019,21959100,1456
2020,21959100,1461
2019,21959200,1066
2020,21959200,1079
2019,21960100,18
2020,21960100,18
2019,21960200,114
2020,21960200,117
2019,21960300,0
2020,21960300,0
2019,21961100,602
2020,21961100,602
2019,21963100,1328
2020,21963100,1329
2019,21969100,392
2020,21969100,392
2019,21969200,735
2020,21969200,764
2019,21970100,347
2020,21970100,347
2019,21970200,746
2020,21970200,748
2019,21970300,1596
2020,21970300,1605
2019,21972100,700
2020,21972100,708
2019,21972200,472
2020,21972200,473
2019,21972300,60
2020,21972300,71
2019,21972400,119
2020,21972400,140
2019,21972500,746
2020,21972500,752
2019,21973100,706
2020,21973100,706
2019,21980100,342
2020,21980100,343
2019,21980200,687
2020,21980200,687
2019,21980300,171
2020,21980300,171
2019,21980400,0
2020,21980400,0
2019,21980500,268
2020,21980500,268
2019,21981100,261
2020,21981100,261
2019,21981200,348
2020,21981200,348
2019,21981300,462
2020,21981300,462
2019,21981400,510
2020,21981400,510
2019,21981500,244
2020,21981500,244
2019,21981600,181
2020,21981600,181
2019,21982100,370
2020,21982100,370
2019,21982200,425
2020,21982200,425
2019,21982300,479
2020,21982300,479
2019,21983100,128
2020,21983100,128
2019,21983200,245
2020,21983200,245
2019,21983300,661
2020,21983300,661
2019,21983400,29
2020,21983400,29
2019,21983500,339
2020,21983500,339
2019,21984100,1862
2020,21984100,1871
2019,21985100,282
2020,21985100,282
2019,21985200,107
2020,21985200,107
2019,21985300,305
2020,21985300,305
2019,21985400,598
2020,21985400,598
2019,21985500,774
2020,21985500,774
2019,21985600,0
2020,21985600,0
2019,21985700,348
2020,21985700,348
2019,21986100,50
2020,21986100,50
2019,21986200,283
2020,21986200,283
2019,21986300,0
2020,21986300,0
2019,21986400,395
2020,21986400,395
2019,21986500,768
2020,21986500,768
2019,21986600,214
2020,21986600,214
2019,21986700,304
2020,21986700,304
2019,21986800,363
2020,21986800,363
2019,21986900,567
2020,21986900,567
2019,21987100,547
2020,21987100,547
2019,21987200,621
2020,21987200,621
2019,21987300,736
2020,21987300,736
2019,21987400,184
2020,21987400,184
2019,21988100,463
2020,21988100,463
2019,21988200,259
2020,21988200,259
2019,21988300,807
2020,21988300,807
2019,21988400,636
2020,21988400,636
2019,21990100,0
2020,21990100,0
2019,21990200,231
2020,21990200,231
2019,21990300,685
2020,21990300,685
2019,21990400,671
2020,21990400,671
2019,21990500,469
2020,21990500,469
2019,21992100,580
2020,21992100,580
2019,21992200,753
2020,21992200,753
2019,21992300,719
2020,21992300,720
2019,21997100,945
2020,21997100,946
2019,21997200,1167
2020,21997200,1168
2019,21998100,0
2020,21998100,0
2019,21998200,0
2020,21998200,0
2019,21998300,465
2020,21998300,465
2019,21998400,135
2020,21998400,135
2019,21998500,489
2020,21998500,489
2019,21998600,383
2020,21998600,383
2019,21998700,199
2020,21998700,199
2019,21998800,62
2020,21998800,62
2019,21998900,67
2020,21998900,67
2019,21999100,1325
2020,21999100,1325
2019,21999200,1148
2020,21999200,1148
2019,21999300,443
2020,21999300,443
2019,22000100,129
2020,22000100,129
2019,22000200,1360
2020,22000200,1360
2019,22000300,453
2020,22000300,453
2019,22001100,822
2020,22001100,822
2019,22001200,307
2020,22001200,307
2019,22001300,187
2020,22001300,187
2019,22001400,376
2020,22001400,376
2019,22001500,216
2020,22001500,216
2019,22002100,426
2020,22002100,426
2019,22002200,700
2020,22002200,700
2019,22002300,1179
2020,22002300,1179
2019,22002400,237
2020,22002400,237
2019,22005100,696
2020,22005100,696
2019,22005200,264
2020,22005200,264
2019,22005300,167
2020,22005300,167
2019,22005400,170
2020,22005400,170
2019,22005500,520
2020,22005500,520
2019,22005600,244
2020,22005600,244
2019,22005700,57
2020,22005700,57
2019,22005800,859
2020,22005800,859
2019,22005900,236
2020,22005900,236
2019,22008100,368
2020,22008100,368
2019,22008200,346
2020,22008200,346
2019,22008300,221
2020,22008300,221
2019,22008400,825
2020,22008400,828
2019,22008500,973
2020,22008500,983
2019,22011100,1321
2020,22011100,1321
2019,22011200,795
2020,22011200,795
2019,22011300,935
2020,22011300,935
2019,22013100,1631
2020,22013100,1631
2019,22013200,923
2020,22013200,925
2019,22017100,1019
2020,22017100,1019
2019,22017200,985
2020,22017200,985
2019,22019100,181
2020,22019100,181
2019,22019200,958
2020,22019200,958
2019,22019300,1351
2020,22019300,1351
2019,22019400,562
2020,22019400,562
2019,22021100,581
2020,22021100,581
2019,22021200,467
2020,22021200,467
2019,22021300,446
2020,22021300,446
2019,22021400,557
2020,22021400,557
2019,22023100,821
2020,22023100,821
2019,22023200,696
2020,22023200,696
2019,22033100,125
2020,22033100,125
2019,22033200,643
2020,22033200,643
2019,22033300,455
2020,22033300,455
2019,22033400,349
2020,22033400,349
2019,22033500,581
2020,22033500,581
2019,22033600,389
2020,22033600,389
2019,22033700,233
2020,22033700,233
2019,22033800,0
2020,22033800,0
2019,22044100,202
2020,22044100,202
2019,22044200,257
2020,22044200,257
2019,22044300,317
2020,22044300,317
2019,22044400,511
2020,22044400,511
2019,22044500,284
2020,22044500,284
2019,22044600,721
2020,22044600,721
2019,22047100,732
2020,22047100,732
2019,22006100,449
2020,22006100,451
2019,22006200,973
2020,22006200,977
2019,22006300,123
2020,22006300,124
2019,22014100,814
2020,22014100,818
2019,22014200,724
2020,22014200,728
2019,22024100,352
2020,22024100,352
2019,22024200,792
2020,22024200,795
2019,22024300,1004
2020,22024300,1003
2019,22025100,369
2020,22025100,371
2019,22025200,509
2020,22025200,511
2019,22025300,151
2020,22025300,151
2019,22025400,299
2020,22025400,302
2019,22025500,448
2020,22025500,448
2019,22026100,773
2020,22026100,777
2019,22026200,810
2020,22026200,813
2019,22027100,415
2020,22027100,417
2019,22027200,450
2020,22027200,453
2019,22029100,780
2020,22029100,787
2019,22029200,547
2020,22029200,549
2019,22030100,355
2020,22030100,356
2019,22030200,467
2020,22030200,469
2019,22034100,412
2020,22034100,414
2019,22034200,984
2020,22034200,986
2019,22035100,1243
2020,22035100,1248
2019,22035200,394
2020,22035200,396
2019,22035300,883
2020,22035300,887
2019,22035400,574
2020,22035400,578
2019,22036100,293
2020,22036100,295
2019,22036200,831
2020,22036200,832
2019,22037100,999
2020,22037100,1002
2019,22037200,1271
2020,22037200,1272
2019,22038100,340
2020,22038100,342
2019,22038200,917
2020,22038200,921
2019,22041100,478
2020,22041100,480
2019,22041200,543
2020,22041200,546
2019,22041300,559
2020,22041300,562
2019,22042100,860
2020,22042100,867
2019,22042200,691
2020,22042200,695
2019,22043100,827
2020,22043100,829
2019,22043200,547
2020,22043200,548
2019,22045100,725
2020,22045100,729
2019,22045200,589
2020,22045200,594
2019,22045300,476
2020,22045300,478
2019,22045400,428
2020,22045400,431
2019,22046100,853
2020,22046100,857
2019,22048100,391
2020,22048100,392
2019,22048200,358
2020,22048200,360
2019,22049100,1147
2020,22049100,1148
2019,22050100,1239
2020,22050100,1241
2019,22051100,463
2020,22051100,467
2019,22051200,608
2020,22051200,611
2019,22052100,953
2020,22052100,958
2019,22052200,419
2020,22052200,423
2019,22053100,820
2020,22053100,820
2019,22053200,757
2020,22053200,758
2019,22054100,710
2020,22054100,710
2019,22055100,621
2020,22055100,623
2019,22055200,607
2020,22055200,609
2019,22056100,997
2020,22056100,999
2019,22057100,1058
2020,22057100,1060
2019,22057200,837
2020,22057200,841
2019,22058100,895
2020,22058100,899
2019,22058200,425
2020,22058200,427
2019,22059100,490
2020,22059100,493
2019,22059200,393
2020,22059200,395
2019,22059300,264
2020,22059300,264
2019,22060100,998
2020,22060100,998
2019,22061100,638
2020,22061100,638
2019,22061200,698
2020,22061200,702
2019,22062100,588
2020,22062100,593
2019,22062200,456
2020,22062200,458
2019,22063100,919
2020,22063100,922
2019,22063200,473
2020,22063200,476
2019,22064100,1012
2020,22064100,1014
2019,22064200,479
2020,22064200,480
2019,22064300,560
2020,22064300,562
2019,22064400,468
2020,22064400,469
2019,22065100,459
2020,22065100,461
2019,22065200,546
2020,22065200,547
2019,22065300,905
2020,22065300,907
2019,22066100,320
2020,22066100,322
2019,22066200,536
2020,22066200,538
2019,22066300,471
2020,22066300,473
2019,22067100,715
2020,22067100,719
2019,22068100,477
2020,22068100,479
2019,22069100,714
2020,22069100,718
2019,22070100,921
2020,22070100,924
2019,22072100,616
2020,22072100,618
2019,22073100,357
2020,22073100,359
2019,22073200,195
2020,22073200,195
2019,22073300,885
2020,22073300,891
2019,22074100,450
2020,22074100,453
2019,22074200,202
2020,22074200,203
2019,22075100,686
2020,22075100,690
2019,22075200,827
2020,22075200,830
2019,22076100,1005
2020,22076100,1008
2019,22076200,612
2020,22076200,615
2019,22071100,682
2020,22071100,685
2019,22071200,1553
2020,22071200,1561
2019,22085100,1704
2020,22085100,1704
2019,22089100,1297
2020,22089100,1298
2019,22093100,3446
2020,22093100,3462
2019,22096100,591
2020,22096100,591
2019,22096200,580
2020,22096200,580
2019,22096300,770
2020,22096300,770
2019,22098100,1183
2020,22098100,1183
2019,22099100,1933
2020,22099100,1934
2019,22100100,728
2020,22100100,755
2019,22100200,129
2020,22100200,129
2019,22100300,387
2020,22100300,387
2019,22101100,0
2020,22101100,0
2019,22101200,490
2020,22101200,490
2019,22102100,526
2020,22102100,526
2019,22104100,1023
2020,22104100,1027
2019,22104200,815
2020,22104200,815
2019,22109100,2137
2020,22109100,2139
2019,22111100,437
2020,22111100,437
2019,22111200,215
2020,22111200,215
2019,22111300,224
2020,22111300,224
2019,22112100,1401
2020,22112100,1403
2019,22114100,1159
2020,22114100,1159
2019,22114200,485
2020,22114200,485
2019,22116100,997
2020,22116100,1001
2019,22124100,1453
2020,22124100,1454
2019,22124200,831
2020,22124200,831
2019,22124300,963
2020,22124300,963
2019,22127100,1492
2020,22127100,1492
2019,22127200,798
2020,22127200,799
2019,22130100,292
2020,22130100,292
2019,22130200,740
2020,22130200,747
2019,22130300,463
2020,22130300,463
2019,22131100,295
2020,22131100,295
2019,22131200,1045
2020,22131200,1045
2019,22135100,638
2020,22135100,638
2019,22135200,615
2020,22135200,645
2019,22135300,544
2020,22135300,544
2019,22135400,856
2020,22135400,856
2019,22140100,975
2020,22140100,975
2019,22140200,707
2020,22140200,707
2019,22142100,963
2020,22142100,963
2019,22142200,343
2020,22142200,343
2019,22143100,625
2020,22143100,625
2019,22143200,1632
2020,22143200,1632
2019,22146100,622
2020,22146100,622
2019,22146200,455
2020,22146200,455
2019,22146300,424
2020,22146300,424
2019,22082100,542
2020,22082100,542
2019,22082200,758
2020,22082200,758
2019,22083100,689
2020,22083100,689
2019,22083200,929
2020,22083200,929
2019,22086100,508
2020,22086100,508
2019,22086200,167
2020,22086200,167
2019,22087100,542
2020,22087100,542
2019,22087200,109
2020,22087200,109
2019,22087300,1379
2020,22087300,1379
2019,22090100,624
2020,22090100,624
2019,22090200,430
2020,22090200,430
2019,22090300,190
2020,22090300,194
2019,22090400,326
2020,22090400,326
2019,22091100,462
2020,22091100,462
2019,22091200,407
2020,22091200,409
2019,22091300,1104
2020,22091300,1150
2019,22091400,46
2020,22091400,46
2019,22095100,505
2020,22095100,505
2019,22095200,625
2020,22095200,625
2019,22095300,592
2020,22095300,592
2019,22105100,831
2020,22105100,835
2019,22105200,204
2020,22105200,204
2019,22105300,593
2020,22105300,600
2019,22106100,80
2020,22106100,99
2019,22106200,137
2020,22106200,172
2019,22106300,167
2020,22106300,167
2019,22106400,660
2020,22106400,703
2019,22106500,113
2020,22106500,113
2019,22107100,770
2020,22107100,858
2019,22107200,134
2020,22107200,139
2019,22107300,1178
2020,22107300,1179
2019,22107400,1312
2020,22107400,1312
2019,22108100,637
2020,22108100,637
2019,22108200,658
2020,22108200,658
2019,22108300,1057
2020,22108300,1057
2019,22113100,614
2020,22113100,614
2019,22113200,879
2020,22113200,879
2019,22113300,292
2020,22113300,292
2019,22113400,345
2020,22113400,345
2019,22113500,725
2020,22113500,725
2019,22117100,753
2020,22117100,753
2019,22117200,1049
2020,22117200,1049
2019,22117300,646
2020,22117300,646
2019,22117400,232
2020,22117400,278
2019,22119100,1668
2020,22119100,1669
2019,22120100,1023
2020,22120100,1023
2019,22120200,669
2020,22120200,670
2019,22121100,591
2020,22121100,607
2019,22121200,456
2020,22121200,456
2019,22121300,352
2020,22121300,359
2019,22121400,1024
2020,22121400,1034
2019,22121500,603
2020,22121500,603
2019,22121600,578
2020,22121600,578
2019,22122100,717
2020,22122100,717
2019,22122200,424
2020,22122200,424
2019,22122300,615
2020,22122300,615
2019,22132100,338
2020,22132100,338
2019,22133100,1289
2020,22133100,1289
2019,22133200,265
2020,22133200,276
2019,22133300,233
2020,22133300,233
2019,22133400,625
2020,22133400,625
2019,22134100,917
2020,22134100,921
2019,22134200,125
2020,22134200,148
2019,22134300,548
2020,22134300,552
2019,22134400,1076
2020,22134400,1076
2019,22134500,679
2020,22134500,694
2019,22136100,901
2020,22136100,901
2019,22136200,675
2020,22136200,675
2019,22137100,1284
2020,22137100,1284
2019,22144100,716
2020,22144100,716
2019,22147100,395
2020,22147100,395
2019,22147200,1166
2020,22147200,1173
2019,22147300,775
2020,22147300,775
2019,22154100,878
2020,22154100,878
2019,22159100,1490
2020,22159100,1490
2019,22159200,903
2020,22159200,903
2019,22160100,579
2020,22160100,579
2019,22160200,588
2020,22160200,589
2019,22161100,947
2020,22161100,947
2019,22162100,1904
2020,22162100,1904
2019,22174100,727
2020,22174100,727
2019,22174200,595
2020,22174200,595
2019,22174300,68
2020,22174300,68
2019,22174400,0
2020,22174400,0
2019,22175100,837
2020,22175100,839
2019,22175200,613
2020,22175200,613
2019,22188100,963
2020,22188100,963
2019,22188200,178
2020,22188200,178
2019,22139100,298
2020,22139100,298
2019,22139200,298
2020,22139200,298
2019,22139300,333
2020,22139300,333
2019,22139400,354
2020,22139400,354
2019,22139500,243
2020,22139500,243
2019,22139600,405
2020,22139600,407
2019,22139700,336
2020,22139700,336
2019,22153100,511
2020,22153100,511
2019,22153200,513
2020,22153200,513
2019,22153300,318
2020,22153300,318
2019,22156100,810
2020,22156100,810
2019,22156200,629
2020,22156200,629
2019,22158100,1029
2020,22158100,1029
2019,22158200,536
2020,22158200,536
2019,22158300,273
2020,22158300,273
2019,22167100,237
2020,22167100,237
2019,22167200,400
2020,22167200,400
2019,22167300,543
2020,22167300,543
2019,22167400,212
2020,22167400,212
2019,22167500,506
2020,22167500,506
2019,22168100,487
2020,22168100,487
2019,22168200,444
2020,22168200,444
2019,22168300,464
2020,22168300,464
2019,22168400,271
2020,22168400,271
2019,22169100,595
2020,22169100,595
2019,22169200,291
2020,22169200,291
2019,22172100,1227
2020,22172100,1227
2019,22172200,249
2020,22172200,249
2019,22173100,205
2020,22173100,205
2019,22173200,346
2020,22173200,346
2019,22173300,358
2020,22173300,358
2019,22173400,540
2020,22173400,540
2019,22173500,674
2020,22173500,674
2019,22177100,284
2020,22177100,284
2019,22177200,432
2020,22177200,432
2019,22177300,401
2020,22177300,401
2019,22178100,389
2020,22178100,390
2019,22178200,567
2020,22178200,661
2019,22178300,489
2020,22178300,489
2019,22179100,586
2020,22179100,586
2019,22179200,311
2020,22179200,311
2019,22179300,281
2020,22179300,281
2019,22179400,12
2020,22179400,12
2019,22183100,1054
2020,22183100,1081
2019,22183200,569
2020,22183200,578
2019,22183300,377
2020,22183300,377
2019,22187100,818
2020,22187100,827
2019,22187200,985
2020,22187200,985
2019,22189100,769
2020,22189100,778
2019,22189200,306
2020,22189200,307
2019,22189300,570
2020,22189300,581
2019,22190100,723
2020,22190100,725
2019,22190200,555
2020,22190200,557
2019,22192100,993
2020,22192100,996
2019,22192200,185
2020,22192200,185
2019,22194100,234
2020,22194100,234
2019,22194200,647
2020,22194200,648
2019,22198100,649
2020,22198100,660
2019,22198200,654
2020,22198200,662
2019,22198300,519
2020,22198300,521
2019,22199100,842
2020,22199100,844
2019,22199200,525
2020,22199200,527
2019,22202100,450
2020,22202100,451
2019,22202200,356
2020,22202200,358
2019,22202300,551
2020,22202300,552
2019,22202400,461
2020,22202400,463
2019,22203100,1037
2020,22203100,1040
2019,22203200,861
2020,22203200,868
2019,22205100,1723
2020,22205100,1723
2019,22206100,825
2020,22206100,825
2019,22206200,291
2020,22206200,293
2019,22206300,674
2020,22206300,674
2019,22209100,430
2020,22209100,431
2019,22209200,911
2020,22209200,914
2019,22209300,315
2020,22209300,316
2019,22209400,341
2020,22209400,342
2019,22209500,466
2020,22209500,468
2019,22211100,565
2020,22211100,566
2019,22211200,599
2020,22211200,599
2019,22211300,245
2020,22211300,245
2019,22216100,421
2020,22216100,422
2019,22216200,944
2020,22216200,947
2019,22217100,345
2020,22217100,345
2019,22217200,380
2020,22217200,380
2019,22217300,600
2020,22217300,600
2019,22217400,765
2020,22217400,769
2019,22218100,655
2020,22218100,655
2019,22218200,31
2020,22218200,31
2019,22218300,0
2020,22218300,0
2019,22219100,389
2020,22219100,409
2019,22219200,292
2020,22219200,292
2019,22219300,561
2020,22219300,565
2019,22220100,558
2020,22220100,593
2019,22229100,180
2020,22229100,232
2019,22229200,868
2020,22229200,870
2019,22229300,1280
2020,22229300,1314
2019,22230100,778
2020,22230100,778
2019,22230200,280
2020,22230200,285
2019,22230300,408
2020,22230300,411
2019,22231100,368
2020,22231100,382
2019,22231200,766
2020,22231200,804
2019,22231300,614
2020,22231300,625
2019,22231400,591
2020,22231400,593
2019,22231500,599
2020,22231500,617
2019,22233100,344
2020,22233100,346
2019,22233200,449
2020,22233200,452
2019,22233300,514
2020,22233300,517
2019,22233400,447
2020,22233400,454
2019,22235100,662
2020,22235100,662
2019,22235200,309
2020,22235200,309
2019,22235300,358
2020,22235300,360
2019,22240100,902
2020,22240100,972
2019,22240200,786
2020,22240200,791
2019,22240300,1850
2020,22240300,1850
2019,22247100,615
2020,22247100,615
2019,22247200,718
2020,22247200,718
2019,22247300,1516
2020,22247300,1516
2019,22195100,509
2020,22195100,509
2019,22196100,7
2020,22196100,7
2019,22197100,867
2020,22197100,867
2019,22201100,270
2020,22201100,270
2019,22201200,248
2020,22201200,248
2019,22201300,319
2020,22201300,319
2019,22204100,1300
2020,22204100,1317
2019,22204200,577
2020,22204200,582
2019,22207100,555
2020,22207100,555
2019,22207200,467
2020,22207200,467
2019,22207300,460
2020,22207300,460
2019,22210100,631
2020,22210100,665
2019,22210200,127
2020,22210200,127
2019,22210300,419
2020,22210300,436
2019,22210400,500
2020,22210400,500
2019,22213100,886
2020,22213100,886
2019,22214100,401
2020,22214100,401
2019,22214200,276
2020,22214200,276
2019,22214300,330
2020,22214300,330
2019,22214400,120
2020,22214400,120
2019,22215100,779
2020,22215100,839
2019,22221100,351
2020,22221100,351
2019,22221200,259
2020,22221200,259
2019,22221300,361
2020,22221300,361
2019,22221400,360
2020,22221400,360
2019,22222100,387
2020,22222100,387
2019,22222200,277
2020,22222200,277
2019,22222300,307
2020,22222300,307
2019,22222400,661
2020,22222400,661
2019,22223100,644
2020,22223100,666
2019,22223200,289
2020,22223200,289
2019,22223300,325
2020,22223300,325
2019,22223400,202
2020,22223400,202
2019,22224100,521
2020,22224100,526
2019,22224200,602
2020,22224200,610
2019,22225100,891
2020,22225100,891
2019,22226100,725
2020,22226100,725
2019,22226200,474
2020,22226200,474
2019,22226300,482
2020,22226300,482
2019,22227100,356
2020,22227100,356
2019,22227200,516
2020,22227200,534
2019,22228100,676
2020,22228100,711
2019,22228200,605
2020,22228200,605
2019,22232100,419
2020,22232100,419
2019,22232200,556
2020,22232200,556
2019,22234100,684
2020,22234100,684
2019,22234200,287
2020,22234200,287
2019,22234300,304
2020,22234300,304
2019,22236100,517
2020,22236100,517
2019,22236200,790
2020,22236200,790
2019,22236300,647
2020,22236300,647
2019,22236400,503
2020,22236400,503
2019,22237100,437
2020,22237100,454
2019,22238100,745
2020,22238100,745
2019,22238200,391
2020,22238200,391
2019,22238300,508
2020,22238300,508
2019,22239100,417
2020,22239100,417
2019,22239200,640
2020,22239200,643
2019,22242100,430
2020,22242100,430
2019,22242200,378
2020,22242200,378
2019,22242300,331
2020,22242300,331
2019,22242400,442
2020,22242400,442
2019,22243100,468
2020,22243100,468
2019,22243200,750
2020,22243200,750
2019,22243300,585
2020,22243300,585
2019,22243400,439
2020,22243400,439
2019,22245100,826
2020,22245100,826
2019,22245200,325
2020,22245200,325
2019,22225200,356
2020,22225200,356
2019,22225300,351
2020,22225300,351
2019,22257100,1074
2020,22257100,1074
2019,22258100,1139
2020,22258100,1139
2019,22260100,172
2020,22260100,172
2019,22260200,1016
2020,22260200,1016
2019,22262100,383
2020,22262100,388
2019,22262200,0
2020,22262200,0
2019,22262300,390
2020,22262300,404
2019,22264100,104
2020,22264100,104
2019,22264200,627
2020,22264200,627
2019,22266100,283
2020,22266100,283
2019,22266200,105
2020,22266200,105
2019,22271100,248
2020,22271100,255
2019,22271200,507
2020,22271200,519
2019,22271300,465
2020,22271300,481
2019,22274100,894
2020,22274100,894
2019,22274200,355
2020,22274200,355
2019,22275100,10
2020,22275100,10
2019,22275200,42
2020,22275200,42
2019,22275300,35
2020,22275300,35
2019,22276100,244
2020,22276100,244
2019,22276200,431
2020,22276200,444
2019,22276300,477
2020,22276300,477
2019,22279100,408
2020,22279100,408
2019,22279200,538
2020,22279200,550
2019,22279300,304
2020,22279300,314
2019,22279400,887
2020,22279400,909
2019,22283100,484
2020,22283100,484
2019,22285100,11
2020,22285100,11
2019,22285200,4
2020,22285200,4
2019,22289100,411
2020,22289100,411
2019,22289200,412
2020,22289200,412
2019,22289300,313
2020,22289300,313
2019,22289400,484
2020,22289400,484
2019,22291100,269
2020,22291100,269
2019,22291200,476
2020,22291200,476
2019,22292100,559
2020,22292100,564
2019,22292200,271
2020,22292200,271
2019,22292300,236
2020,22292300,236
2019,22300100,828
2020,22300100,828
2019,22300200,469
2020,22300200,469
2019,22300300,394
2020,22300300,394
2019,22301100,396
2020,22301100,396
2019,22301200,747
2020,22301200,747
2019,22301300,515
2020,22301300,515
2019,22301400,436
2020,22301400,436
2019,22302100,391
2020,22302100,398
2019,22302200,299
2020,22302200,299
2019,22302300,708
2020,22302300,710
2019,22302400,546
2020,22302400,546
2019,22304100,17
2020,22304100,17
2019,22312100,426
2020,22312100,448
2019,22312200,583
2020,22312200,602
2019,22312300,405
2020,22312300,419
2019,22312400,452
2020,22312400,468
2019,22313100,591
2020,22313100,591
2019,22313200,629
2020,22313200,629
2019,22315100,1294
2020,22315100,1308
2019,22315200,273
2020,22315200,290
2019,22241100,671
2020,22241100,731
2019,22241200,356
2020,22241200,381
2019,22241300,307
2020,22241300,323
2019,22244100,884
2020,22244100,890
2019,22249100,525
2020,22249100,525
2019,22249200,534
2020,22249200,535
2019,22249300,650
2020,22249300,665
2019,22249400,494
2020,22249400,494
2019,22249500,232
2020,22249500,232
2019,22250100,413
2020,22250100,413
2019,22250200,320
2020,22250200,321
2019,22250300,269
2020,22250300,272
2019,22250400,551
2020,22250400,555
2019,22251100,1343
2020,22251100,1343
2019,22252100,790
2020,22252100,792
2019,22252200,457
2020,22252200,458
2019,22253100,1096
2020,22253100,1099
2019,22253200,605
2020,22253200,637
2019,22253300,273
2020,22253300,275
2019,22254100,426
2020,22254100,428
2019,22255100,854
2020,22255100,855
2019,22255200,395
2020,22255200,395
2019,22255300,1029
2020,22255300,1029
2019,22255400,340
2020,22255400,342
2019,22255500,0
2020,22255500,0
2019,22256100,1143
2020,22256100,1144
2019,22256200,428
2020,22256200,428
2019,22261100,574
2020,22261100,574
2019,22261200,290
2020,22261200,290
2019,22261300,416
2020,22261300,416
2019,22263100,3
2020,22263100,3
2019,22267100,574
2020,22267100,574
2019,22267200,847
2020,22267200,847
2019,22269100,920
2020,22269100,920
2019,22270100,862
2020,22270100,862
2019,22270200,474
2020,22270200,474
2019,22270300,469
2020,22270300,469
2019,22273100,280
2020,22273100,280
2019,22273200,460
2020,22273200,460
2019,22273300,503
2020,22273300,503
2019,22277100,661
2020,22277100,661
2019,22280100,590
2020,22280100,590
2019,22280200,394
2020,22280200,394
2019,22281100,77
2020,22281100,77
2019,22282100,717
2020,22282100,717
2019,22282200,345
2020,22282200,345
2019,22282300,278
2020,22282300,278
2019,22286100,362
2020,22286100,362
2019,22286200,853
2020,22286200,853
2019,22288100,808
2020,22288100,843
2019,22288200,543
2020,22288200,543
2019,22290100,469
2020,22290100,469
2019,22290200,681
2020,22290200,681
2019,22295100,807
2020,22295100,807
2019,22299100,471
2020,22299100,471
2019,22299200,202
2020,22299200,202
2019,22303100,2
2020,22303100,2
2019,22307100,232
2020,22307100,233
2019,22307200,1
2020,22307200,1
2019,22307300,9
2020,22307300,14
2019,22307400,95
2020,22307400,95
2019,22317100,589
2020,22317100,589
2019,22317200,522
2020,22317200,522
2019,22317300,166
2020,22317300,166
2019,22318100,671
2020,22318100,672
2019,22324100,1961
2020,22324100,1961
2019,22329100,646
2020,22329100,646
2019,22329200,377
2020,22329200,377
2019,22331100,423
2020,22331100,423
2019,22331200,551
2020,22331200,604
2019,22331300,513
2020,22331300,551
2019,22333100,626
2020,22333100,626
2019,22333200,801
2020,22333200,801
2019,22333300,791
2020,22333300,791
2019,22335100,386
2020,22335100,386
2019,22335200,739
2020,22335200,739
2019,22335300,391
2020,22335300,391
2019,22337100,611
2020,22337100,611
2019,22340100,1405
2020,22340100,1405
2019,22351100,606
2020,22351100,609
2019,22351200,670
2020,22351200,674
2019,22351300,278
2020,22351300,278
2019,22354100,463
2020,22354100,463
2019,22354200,844
2020,22354200,844
2019,22354300,688
2020,22354300,688
2019,22357100,1471
2020,22357100,1471
2019,22358100,238
2020,22358100,238
2019,22358200,428
2020,22358200,437
2019,22358300,682
2020,22358300,695
2019,22294100,576
2020,22294100,643
2019,22296100,812
2020,22296100,812
2019,22296200,536
2020,22296200,536
2019,22297100,438
2020,22297100,438
2019,22297200,524
2020,22297200,524
2019,22297300,478
2020,22297300,509
2019,22306100,680
2020,22306100,680
2019,22306200,585
2020,22306200,587
2019,22306300,426
2020,22306300,426
2019,22306400,638
2020,22306400,638
2019,22306500,366
2020,22306500,366
2019,22309100,376
2020,22309100,376
2019,22309200,679
2020,22309200,679
2019,22309300,343
2020,22309300,343
2019,22309400,544
2020,22309400,544
2019,22309500,433
2020,22309500,433
2019,22309600,211
2020,22309600,211
2019,22309700,126
2020,22309700,126
2019,22309800,455
2020,22309800,455
2019,22310100,276
2020,22310100,276
2019,22310200,454
2020,22310200,454
2019,22310300,581
2020,22310300,581
2019,22314100,180
2020,22314100,180
2019,22314200,414
2020,22314200,414
2019,22314300,384
2020,22314300,384
2019,22314400,388
2020,22314400,388
2019,22314500,274
2020,22314500,274
2019,22314600,314
2020,22314600,322
2019,22320100,759
2020,22320100,759
2019,22320200,587
2020,22320200,587
2019,22320300,230
2020,22320300,230
2019,22320400,660
2020,22320400,660
2019,22323100,1735
2020,22323100,1735
2019,22323200,501
2020,22323200,501
2019,22325100,526
2020,22325100,526
2019,22325200,992
2020,22325200,992
2019,22326100,402
2020,22326100,402
2019,22326200,269
2020,22326200,269
2019,22326300,572
2020,22326300,572
2019,22326400,477
2020,22326400,477
2019,22328100,1414
2020,22328100,1419
2019,22328200,758
2020,22328200,758
2019,22332100,813
2020,22332100,816
2019,22332200,809
2020,22332200,809
2019,22341100,437
2020,22341100,437
2019,22341200,184
2020,22341200,184
2019,22342100,472
2020,22342100,472
2019,22342200,335
2020,22342200,335
2019,22343100,551
2020,22343100,551
2019,22344100,1250
2020,22344100,1250
2019,22345100,1039
2020,22345100,1051
2019,22345200,442
2020,22345200,442
2019,22345300,529
2020,22345300,529
2019,22346100,2759
2020,22346100,2759
2019,22348100,836
2020,22348100,836
2019,22350100,506
2020,22350100,506
2019,22350200,1519
2020,22350200,1546
2019,22311100,439
2020,22311100,450
2019,22311200,574
2020,22311200,617
2019,22311300,288
2020,22311300,293
2019,22327100,727
2020,22327100,727
2019,22327200,1155
2020,22327200,1155
2019,22327300,327
2020,22327300,327
2019,22327400,412
2020,22327400,412
2019,22330100,612
2020,22330100,612
2019,22330200,496
2020,22330200,496
2019,22330300,572
2020,22330300,572
2019,22336100,953
2020,22336100,953
2019,22336200,333
2020,22336200,333
2019,22336300,381
2020,22336300,381
2019,22353100,1550
2020,22353100,1550
2019,22353200,258
2020,22353200,258
2019,22353300,568
2020,22353300,568
2019,22355100,787
2020,22355100,787
2019,22355200,571
2020,22355200,571
2019,22356100,270
2020,22356100,270
2019,22356200,295
2020,22356200,295
2019,22356300,742
2020,22356300,742
2019,22359100,667
2020,22359100,673
2019,22359200,581
2020,22359200,581
2019,22359300,250
2020,22359300,253
2019,22359400,416
2020,22359400,416
2019,22362100,1514
2020,22362100,1514
2019,22362200,1036
2020,22362200,1036
2019,22363100,474
2020,22363100,474
2019,22363200,335
2020,22363200,335
2019,22363300,946
2020,22363300,946
2019,22364100,643
2020,22364100,643
2019,22364200,1223
2020,22364200,1223
2019,22366100,768
2020,22366100,768
2019,22367100,200
2020,22367100,200
2019,22367200,858
2020,22367200,861
2019,22367300,762
2020,22367300,762
2019,22372100,756
2020,22372100,756
2019,22372200,346
2020,22372200,346
2019,22372300,429
2020,22372300,429
2019,22377100,88
2020,22377100,88
2019,22377200,552
2020,22377200,552
2019,22377300,728
2020,22377300,742
2019,22377400,889
2020,22377400,889
2019,22378100,601
2020,22378100,601
2019,22378200,689
2020,22378200,689
2019,22380100,647
2020,22380100,647
2019,22380200,410
2020,22380200,410
2019,22382100,836
2020,22382100,847
2019,22385100,728
2020,22385100,728
2019,22387100,650
2020,22387100,650
2019,22390100,698
2020,22390100,704
2019,22390200,847
2020,22390200,863
2019,22391100,472
2020,22391100,472
2019,22392100,408
2020,22392100,408
2019,22392200,611
2020,22392200,611
2019,22392300,474
2020,22392300,474
2019,22400100,17
2020,22400100,17
2019,22365100,293
2020,22365100,293
2019,22365200,604
2020,22365200,604
2019,22365300,746
2020,22365300,748
2019,22368100,906
2020,22368100,906
2019,22368200,615
2020,22368200,615
2019,22369100,308
2020,22369100,308
2019,22369200,286
2020,22369200,286
2019,22369300,350
2020,22369300,350
2019,22371100,470
2020,22371100,496
2019,22371200,201
2020,22371200,206
2019,22371300,1374
2020,22371300,1450
2019,22373100,731
2020,22373100,735
2019,22373200,362
2020,22373200,362
2019,22373300,451
2020,22373300,522
2019,22374100,1059
2020,22374100,1059
2019,22374200,606
2020,22374200,606
2019,22376100,707
2020,22376100,707
2019,22383100,1739
2020,22383100,1739
2019,22384100,732
2020,22384100,732
2019,22384200,1278
2020,22384200,1278
2019,22386100,670
2020,22386100,670
2019,22386200,365
2020,22386200,365
2019,22389100,1579
2020,22389100,1648
2019,22389200,391
2020,22389200,437
2019,22394100,540
2020,22394100,540
2019,22394200,531
2020,22394200,531
2019,22395100,424
2020,22395100,424
2019,22395200,641
2020,22395200,641
2019,22395300,343
2020,22395300,343
2019,22396100,637
2020,22396100,637
2019,22396200,867
2020,22396200,867
2019,22402100,715
2020,22402100,715
2019,22402200,747
2020,22402200,747
2019,22409100,1933
2020,22409100,1942
2019,22410100,625
2020,22410100,625
2019,22410200,754
2020,22410200,754
2019,22410300,468
2020,22410300,468
2019,22412100,693
2020,22412100,693
2019,22413100,1010
2020,22413100,1010
2019,22413200,776
2020,22413200,776
2019,22413300,433
2020,22413300,433
2019,22413400,592
2020,22413400,592
2019,22415100,826
2020,22415100,826
2019,22415200,1579
2020,22415200,1579
2019,22415300,489
2020,22415300,489
2019,22417100,693
2020,22417100,693
2019,22417200,652
2020,22417200,652
2019,22419100,1150
2020,22419100,1180
2019,22421100,865
2020,22421100,865
2019,22421200,600
2020,22421200,609
2019,22421300,357
2020,22421300,357
2019,22422100,1303
2020,22422100,1311
2019,22423100,429
2020,22423100,429
2019,22423200,1129
2020,22423200,1129
2019,22424100,1715
2020,22424100,1732
2019,22424200,648
2020,22424200,648
2019,22428100,1098
2020,22428100,1098
2019,22428200,936
2020,22428200,936
2019,22431100,1570
2020,22431100,1570
2019,22431200,579
2020,22431200,579
2019,22438100,530
2020,22438100,530
2019,22438200,1131
2020,22438200,1131
2019,22445100,433
2020,22445100,433
2019,22445200,1169
2020,22445200,1169
2019,22445300,466
2020,22445300,466
2019,22445400,539
2020,22445400,558
2019,22448100,109
2020,22448100,109
2019,22449100,1091
2020,22449100,1091
2019,22449200,445
2020,22449200,445
2019,22449300,684
2020,22449300,684
2019,22449400,480
2020,22449400,480
2019,22450100,897
2020,22450100,897
2019,22450200,878
2020,22450200,878
2019,22451100,1004
2020,22451100,1004
2019,22452100,897
2020,22452100,946
2019,22452200,987
2020,22452200,987
2019,22452300,1041
2020,22452300,1041
2019,22453100,111
2020,22453100,111
2019,22453200,37
2020,22453200,37
2019,22407100,623
2020,22407100,624
2019,22407200,842
2020,22407200,842
2019,22408100,701
2020,22408100,701
2019,22408200,707
2020,22408200,707
2019,22408300,730
2020,22408300,730
2019,22411100,1
2020,22411100,1
2019,22414100,276
2020,22414100,276
2019,22414200,793
2020,22414200,793
2019,22416100,844
2020,22416100,844
2019,22416200,533
2020,22416200,533
2019,22416300,521
2020,22416300,521
2019,22418100,182
2020,22418100,182
2019,22418200,876
2020,22418200,876
2019,22420100,476
2020,22420100,476
2019,22420200,547
2020,22420200,547
2019,22425100,658
2020,22425100,658
2019,22425200,670
2020,22425200,670
2019,22426100,605
2020,22426100,789
2019,22426200,545
2020,22426200,545
2019,22426300,1090
2020,22426300,1090
2019,22427100,516
2020,22427100,516
2019,22427200,912
2020,22427200,912
2019,22429100,685
2020,22429100,685
2019,22429200,297
2020,22429200,297
2019,22429300,537
2020,22429300,537
2019,22430100,361
2020,22430100,361
2019,22430200,1408
2020,22430200,1408
2019,22432100,386
2020,22432100,386
2019,22432200,403
2020,22432200,403
2019,22432300,224
2020,22432300,224
2019,22432400,555
2020,22432400,555
2019,22432500,590
2020,22432500,590
2019,22433100,946
2020,22433100,946
2019,22433200,642
2020,22433200,907
2019,22434100,336
2020,22434100,336
2019,22434200,423
2020,22434200,423
2019,22434300,575
2020,22434300,575
2019,22434400,200
2020,22434400,200
2019,22434500,188
2020,22434500,188
2019,22434600,34
2020,22434600,34
2019,22435100,756
2020,22435100,756
2019,22435200,819
2020,22435200,819
2019,22436100,580
2020,22436100,633
2019,22436200,527
2020,22436200,527
2019,22436300,185
2020,22436300,185
2019,22437100,278
2020,22437100,278
2019,22437200,528
2020,22437200,528
2019,22437300,552
2020,22437300,552
2019,22437400,533
2020,22437400,533
2019,22437500,583
2020,22437500,583
2019,22439100,548
2020,22439100,548
2019,22439200,434
2020,22439200,448
2019,22439300,1274
2020,22439300,1279
2019,22440100,1043
2020,22440100,1043
2019,22440200,367
2020,22440200,367
2019,22440300,483
2020,22440300,483
2019,22441100,642
2020,22441100,642
2019,22441200,819
2020,22441200,819
2019,22441300,327
2020,22441300,327
2019,22442100,490
2020,22442100,490
2019,22442200,639
2020,22442200,639
2019,22443100,521
2020,22443100,521
2019,22443200,309
2020,22443200,309
2019,22443300,337
2020,22443300,337
2019,22444100,648
2020,22444100,648
2019,22444200,263
2020,22444200,263
2019,22444300,486
2020,22444300,486
2019,22444400,318
2020,22444400,318
2019,22446100,462
2020,22446100,462
2019,22446200,330
2020,22446200,330
2019,22446300,553
2020,22446300,553
2019,22446400,552
2020,22446400,552
2019,22447100,663
2020,22447100,663
2019,22447200,644
2020,22447200,644
2019,32454100,1320
2020,32454100,1323
2019,32454200,302
2020,32454200,302
2019,32455100,1680
2020,32455100,1686
2019,32456100,1095
2020,32456100,1065
2019,32457100,332
2020,32457100,332
2019,32457200,28
2020,32457200,28
2019,32457300,601
2020,32457300,603
2019,32457400,95
2020,32457400,95
2019,32458100,914
2020,32458100,913
2019,32458200,951
2020,32458200,965
2019,32459100,1191
2020,32459100,1186
2019,32459200,891
2020,32459200,898
2019,32460100,1223
2020,32460100,1227
2019,32461100,1929
2020,32461100,1929
2019,32462100,473
2020,32462100,473
2019,32462200,787
2020,32462200,779
2019,32462300,816
2020,32462300,849
2019,32463100,0
2020,32463100,0
2019,32463200,483
2020,32463200,478
2019,32463300,105
2020,32463300,105
2019,32463400,640
2020,32463400,640
2019,32464100,146
2020,32464100,238
2019,32464200,0
2020,32464200,0
2019,32464300,71
2020,32464300,71
2019,32465100,760
2020,32465100,760
2019,32466100,682
2020,32466100,671
2019,32466200,513
2020,32466200,513
2019,32466300,670
2020,32466300,669
2019,32467100,537
2020,32467100,537
2019,32467200,460
2020,32467200,460
2019,32467300,502
2020,32467300,502
2019,32468100,455
2020,32468100,472
2019,32468200,482
2020,32468200,482
2019,32468300,572
2020,32468300,568
2019,32469100,328
2020,32469100,329
2019,32469200,974
2020,32469200,965
2019,32469300,750
2020,32469300,739
2019,32470100,23
2020,32470100,21
2019,32470200,1175
2020,32470200,1177
2019,32471100,789
2020,32471100,789
2019,32471200,512
2020,32471200,522
2019,32471300,583
2020,32471300,583
2019,32472100,794
2020,32472100,788
2019,32472200,1000
2020,32472200,988
2019,32473100,1165
2020,32473100,1189
2019,32473200,200
2020,32473200,200
2019,32473300,818
2020,32473300,845
2019,32474100,676
2020,32474100,673
2019,32474200,715
2020,32474200,715
2019,32475100,21
2020,32475100,21
2019,32475200,146
2020,32475200,150
2019,32475300,384
2020,32475300,384
2019,32475400,0
2020,32475400,0
2019,32475500,1
2020,32475500,1
2019,32475600,90
2020,32475600,90
2019,32477100,0
2020,32477100,0
2019,32477200,0
2020,32477200,0
2019,32477300,430
2020,32477300,430
2019,32477400,657
2020,32477400,656
2019,32479100,0
2020,32479100,0
2019,32479200,165
2020,32479200,165
2019,32481100,893
2020,32481100,888
2019,32481200,773
2020,32481200,793
2019,32481300,1016
2020,32481300,1035
2019,32482100,726
2020,32482100,726
2019,32482200,826
2020,32482200,821
2019,32483100,0
2020,32483100,0
2019,32483200,101
2020,32483200,101
2019,32483300,610
2020,32483300,652
2019,32483400,903
2020,32483400,908
2019,32484100,1281
2020,32484100,1275
2019,32484200,817
2020,32484200,843
2019,32484300,234
2020,32484300,234
2019,32485100,1394
2020,32485100,1413
2019,32486100,185
2020,32486100,185
2019,32486200,572
2020,32486200,606
2019,32486300,1131
2020,32486300,1121
2019,32486400,546
2020,32486400,603
2019,32487100,264
2020,32487100,292
2019,32487200,624
2020,32487200,623
2019,32487300,571
2020,32487300,577
2019,32488100,0
2020,32488100,0
2019,32488200,0
2020,32488200,0
2019,32488300,343
2020,32488300,343
2019,32488400,1063
2020,32488400,1061
2019,32489100,2
2020,32489100,2
2019,32489200,363
2020,32489200,363
2019,32489300,727
2020,32489300,727
2019,32489400,218
2020,32489400,218
2019,32489500,357
2020,32489500,357
2019,32490100,1607
2020,32490100,1596
2019,32490200,1103
2020,32490200,1088
2019,32636100,1796
2020,32636100,1775
2019,32637100,937
2020,32637100,996
2019,32637200,605
2020,32637200,628
2019,32638100,64
2020,32638100,64
2019,32638200,804
2020,32638200,770
2019,32638300,164
2020,32638300,161
2019,32639100,3239
2020,32639100,3239
2019,32640100,2658
2020,32640100,2658
2019,32643100,1
2020,32643100,1
2019,32643200,183
2020,32643200,183
2019,32476100,763
2020,32476100,763
2019,32476200,640
2020,32476200,640
2019,32545100,1146
2020,32545100,1121
2019,32546100,1522
2020,32546100,1519
2019,32547100,845
2020,32547100,845
2019,32547200,834
2020,32547200,830
2019,32548100,702
2020,32548100,741
2019,32548200,387
2020,32548200,387
2019,32549100,222
2020,32549100,215
2019,32549200,358
2020,32549200,351
2019,32549300,712
2020,32549300,709
2019,32549400,349
2020,32549400,360
2019,32551100,0
2020,32551100,0
2019,32551200,0
2020,32551200,0
2019,32552100,609
2020,32552100,609
2019,32552200,65
2020,32552200,64
2019,32552300,1
2020,32552300,0
2019,32553100,1115
2020,32553100,1111
2019,32553200,692
2020,32553200,683
2019,32553300,410
2020,32553300,404
2019,32555100,682
2020,32555100,677
2019,32555200,489
2020,32555200,485
2019,32556100,691
2020,32556100,686
2019,32556200,776
2020,32556200,790
2019,32557100,445
2020,32557100,433
2019,32557200,843
2020,32557200,843
2019,32558100,864
2020,32558100,863
2019,32558200,421
2020,32558200,452
2019,32558300,356
2020,32558300,355
2019,32559100,1254
2020,32559100,1250
2019,32559200,136
2020,32559200,138
2019,32559300,13
2020,32559300,13
2019,32563100,1059
2020,32563100,1083
2019,32563200,253
2020,32563200,254
2019,32563300,511
2020,32563300,509
2019,32650100,1586
2020,32650100,1634
2019,32653100,1247
2020,32653100,1222
2019,32655100,746
2020,32655100,773
2019,32655200,554
2020,32655200,557
2019,32658100,673
2020,32658100,664
2019,32658200,475
2020,32658200,475
2019,32663100,853
2020,32663100,852
2019,32663200,606
2020,32663200,618
2019,32667100,557
2020,32667100,565
2019,32667200,858
2020,32667200,854
2019,32667300,153
2020,32667300,152
2019,32667400,0
2020,32667400,0
2019,32668100,0
2020,32668100,0
2019,32668200,367
2020,32668200,368
2019,32671100,662
2020,32671100,647
2019,32671200,1147
2020,32671200,1170
2019,32679100,423
2020,32679100,423
2019,32679200,502
2020,32679200,497
2019,32679300,664
2020,32679300,681
2019,32680100,848
2020,32680100,842
2019,32680200,967
2020,32680200,956
2019,32681100,769
2020,32681100,803
2019,32681200,892
2020,32681200,887
2019,32681300,675
2020,32681300,661
2019,32682100,170
2020,32682100,170
2019,32682200,528
2020,32682200,533
2019,32682300,665
2020,32682300,658
2019,32682400,747
2020,32682400,747
2019,32683100,0
2020,32683100,0
2019,32683200,880
2020,32683200,901
2019,32683300,842
2020,32683300,832
2019,32688100,774
2020,32688100,773
2019,32688200,431
2020,32688200,439
2019,32688300,160
2020,32688300,162
2019,32688400,356
2020,32688400,350
2019,32689100,888
2020,32689100,937
2019,32689200,990
2020,32689200,990
2019,32696100,356
2020,32696100,356
2019,32696200,298
2020,32696200,298
2019,32696300,687
2020,32696300,696
2019,32699100,964
2020,32699100,972
2019,32699200,597
2020,32699200,614
2019,32707100,1022
2020,32707100,1014
2019,32707200,149
2020,32707200,149
2019,32707300,456
2020,32707300,456
2019,32710100,774
2020,32710100,863
2019,32710200,602
2020,32710200,603
2019,32714100,764
2020,32714100,757
2019,32714200,608
2020,32714200,598
2019,32478100,703
2020,32478100,703
2019,32478200,1103
2020,32478200,1099
2019,32480100,1135
2020,32480100,1191
2019,32480200,508
2020,32480200,502
2019,32480300,788
2020,32480300,786
2019,32550100,2183
2020,32550100,2181
2019,32550200,655
2020,32550200,651
2019,32554100,941
2020,32554100,945
2019,32554200,817
2020,32554200,818
2019,32560100,730
2020,32560100,730
2019,32560200,295
2020,32560200,295
2019,32560300,988
2020,32560300,986
2019,32562100,786
2020,32562100,801
2019,32562200,1176
2020,32562200,1168
2019,32562300,770
2020,32562300,778
2019,32564100,377
2020,32564100,379
2019,32564200,663
2020,32564200,659
2019,32564300,563
2020,32564300,567
2019,32566100,364
2020,32566100,364
2019,32566200,681
2020,32566200,674
2019,32570100,720
2020,32570100,720
2019,32570200,436
2020,32570200,436
2019,32570300,370
2020,32570300,365
2019,32572100,584
2020,32572100,575
2019,32572200,294
2020,32572200,295
2019,32572300,1476
2020,32572300,1471
2019,32573100,2
2020,32573100,2
2019,32573200,877
2020,32573200,877
2019,32573300,629
2020,32573300,622
2019,32576100,887
2020,32576100,920
2019,32576200,291
2020,32576200,293
2019,32576300,297
2020,32576300,293
2019,32577100,345
2020,32577100,341
2019,32577200,1258
2020,32577200,1263
2019,32577300,199
2020,32577300,202
2019,32579100,989
2020,32579100,1005
2019,32579200,711
2020,32579200,711
2019,32584100,736
2020,32584100,736
2019,32584200,270
2020,32584200,270
2019,32584300,324
2020,32584300,326
2019,32586100,695
2020,32586100,691
2019,32586200,600
2020,32586200,581
2019,32586300,1059
2020,32586300,1058
2019,32587100,1866
2020,32587100,1866
2019,32592100,360
2020,32592100,355
2019,32592200,1073
2020,32592200,1074
2019,32594100,325
2020,32594100,335
2019,32594200,299
2020,32594200,301
2019,32594300,341
2020,32594300,339
2019,32594400,694
2020,32594400,694
2019,32594500,473
2020,32594500,474
2019,32595100,731
2020,32595100,738
2019,32597100,227
2020,32597100,227
2019,32597200,935
2020,32597200,978
2019,32602100,253
2020,32602100,253
2019,32603100,494
2020,32603100,494
2019,32603200,811
2020,32603200,811
2019,32603300,0
2020,32603300,0
2019,32603400,0
2020,32603400,0
2019,32606100,655
2020,32606100,655
2019,32607100,677
2020,32607100,679
2019,32607200,0
2020,32607200,0
2019,32607300,788
2020,32607300,788
2019,32607400,224
2020,32607400,224
2019,32613100,1
2020,32613100,1
2019,32613200,1
2020,32613200,1
2019,32613300,7
2020,32613300,7
2019,32623100,1702
2020,32623100,1702
2019,32491100,743
2020,32491100,737
2019,32491200,860
2020,32491200,854
2019,32492100,2148
2020,32492100,2184
2019,32494100,767
2020,32494100,761
2019,32494200,1487
2020,32494200,1470
2019,32494300,0
2020,32494300,0
2019,32495100,1121
2020,32495100,1115
2019,32495200,497
2020,32495200,497
2019,32497100,932
2020,32497100,916
2019,32498100,801
2020,32498100,786
2019,32501100,507
2020,32501100,500
2019,32501200,419
2020,32501200,420
2019,32502100,633
2020,32502100,619
2019,32502200,448
2020,32502200,447
2019,32502300,553
2020,32502300,551
2019,32502400,862
2020,32502400,849
2019,32503100,804
2020,32503100,799
2019,32504100,624
2020,32504100,696
2019,32504200,362
2020,32504200,392
2019,32504300,1533
2020,32504300,1512
2019,32505100,803
2020,32505100,811
2019,32508100,502
2020,32508100,492
2019,32509100,752
2020,32509100,754
2019,32509200,575
2020,32509200,565
2019,32512100,676
2020,32512100,634
2019,32512200,594
2020,32512200,646
2019,32512300,135
2020,32512300,136
2019,32514100,1448
2020,32514100,1468
2019,32515100,787
2020,32515100,773
2019,32515200,458
2020,32515200,438
2019,32516100,504
2020,32516100,494
2019,32516200,1185
2020,32516200,1167
2019,32518100,457
2020,32518100,447
2019,32518200,754
2020,32518200,737
2019,32518300,1086
2020,32518300,1083
2019,32521100,729
2020,32521100,752
2019,32521200,1610
2020,32521200,1637
2019,32522100,744
2020,32522100,777
2019,32522200,599
2020,32522200,600
2019,32522300,463
2020,32522300,461
2019,32522400,1075
2020,32522400,1057
2019,32524100,245
2020,32524100,240
2019,32524200,315
2020,32524200,314
2019,32524300,194
2020,32524300,194
2019,32525100,739
2020,32525100,736
2019,32525200,399
2020,32525200,382
2019,32525300,449
2020,32525300,449
2019,32525400,0
2020,32525400,0
2019,32527100,208
2020,32527100,208
2019,32527200,366
2020,32527200,357
2019,32527300,286
2020,32527300,286
2019,32529100,265
2020,32529100,265
2019,32529200,814
2020,32529200,872
2019,32529300,858
2020,32529300,861
2019,32530100,0
2020,32530100,0
2019,32530200,91
2020,32530200,91
2019,32530300,1
2020,32530300,1
2019,32532100,351
2020,32532100,338
2019,32532200,1223
2020,32532200,1240
2019,32532300,264
2020,32532300,262
2019,32535100,1362
2020,32535100,1369
2019,32535200,314
2020,32535200,364
2019,32535300,728
2020,32535300,753
2019,32536100,562
2020,32536100,563
2019,32538100,1
2020,32538100,1
2019,32538200,1
2020,32538200,1
2019,32538300,345
2020,32538300,345
2019,32538400,2
2020,32538400,2
2019,32539100,993
2020,32539100,989
2019,32539200,438
2020,32539200,440
2019,32541100,1095
2020,32541100,1095
2019,32541200,1436
2020,32541200,1436
2019,32543100,1211
2020,32543100,1197
2019,32543200,731
2020,32543200,726
2019,32544100,482
2020,32544100,482
2019,32544200,696
2020,32544200,692
2019,32544300,1264
2020,32544300,1247
2019,32854100,199
2020,32854100,203
2019,32854200,1287
2020,32854200,1285
2019,32856100,1559
2020,32856100,1562
2019,32857100,953
2020,32857100,933
2019,32857200,637
2020,32857200,634
2019,32858100,2270
2020,32858100,2269
2019,32858200,485
2020,32858200,482
2019,32859100,311
2020,32859100,311
2019,32859200,736
2020,32859200,734
2019,32861100,754
2020,32861100,737
2019,32861200,475
2020,32861200,475
2019,32862100,408
2020,32862100,407
2019,32862200,456
2020,32862200,456
2019,32862300,604
2020,32862300,604
2019,32864100,1032
2020,32864100,1032
2019,32864200,608
2020,32864200,602
2019,32865100,405
2020,32865100,405
2019,32865200,1904
2020,32865200,1866
2019,32865300,218
2020,32865300,218
2019,32493100,709
2020,32493100,697
2019,32493200,421
2020,32493200,414
2019,32496100,357
2020,32496100,352
2019,32496200,504
2020,32496200,502
2019,32496300,791
2020,32496300,768
2019,32496400,1288
2020,32496400,1282
2019,32496500,0
2020,32496500,0
2019,32499100,698
2020,32499100,729
2019,32499200,1230
2020,32499200,1213
2019,32499300,549
2020,32499300,555
2019,32500100,608
2020,32500100,607
2019,32500200,814
2020,32500200,848
2019,32506100,682
2020,32506100,672
2019,32507100,1423
2020,32507100,1415
2019,32507200,456
2020,32507200,469
2019,32510100,1396
2020,32510100,1423
2019,32511100,625
2020,32511100,620
2019,32511200,505
2020,32511200,523
2019,32513100,911
2020,32513100,915
2019,32513200,233
2020,32513200,227
2019,32517100,538
2020,32517100,531
2019,32517200,409
2020,32517200,417
2019,32519100,508
2020,32519100,508
2019,32519200,1046
2020,32519200,1061
2019,32520100,0
2020,32520100,0
2019,32520200,19
2020,32520200,19
2019,32520300,0
2020,32520300,0
2019,32523100,448
2020,32523100,448
2019,32523200,632
2020,32523200,632
2019,32526100,930
2020,32526100,926
2019,32526200,1
2020,32526200,1
2019,32528100,657
2020,32528100,657
2019,32528200,819
2020,32528200,856
2019,32531100,0
2020,32531100,0
2019,32531200,132
2020,32531200,130
2019,32531300,166
2020,32531300,164
2019,32531400,3
2020,32531400,3
2019,32531500,356
2020,32531500,364
2019,32531600,1169
2020,32531600,1156
2019,32533100,1474
2020,32533100,1467
2019,32534100,945
2020,32534100,935
2019,32537100,759
2020,32537100,789
2019,32537200,529
2020,32537200,511
2019,32537300,531
2020,32537300,516
2019,32540100,698
2020,32540100,695
2019,32542100,756
2020,32542100,756
2019,32855100,950
2020,32855100,938
2019,32855200,843
2020,32855200,815
2019,32855300,540
2020,32855300,532
2019,32855400,178
2020,32855400,176
2019,32863100,325
2020,32863100,325
2019,32863200,0
2020,32863200,0
2019,32867100,510
2020,32867100,510
2019,32867200,441
2020,32867200,446
2019,32868100,865
2020,32868100,882
2019,32868200,217
2020,32868200,217
2019,32869100,196
2020,32869100,193
2019,32869200,898
2020,32869200,905
2019,32870100,1132
2020,32870100,1204
2019,32871100,985
2020,32871100,979
2019,32871200,419
2020,32871200,414
2019,32872100,1718
2020,32872100,1730
2019,32872200,679
2020,32872200,671
2019,32872300,106
2020,32872300,108
2019,32873100,2
2020,32873100,2
2019,32873200,664
2020,32873200,655
2019,32873300,163
2020,32873300,155
2019,32873400,1226
2020,32873400,1207
2019,32874100,2
2020,32874100,1
2019,32874200,620
2020,32874200,675
2019,32874300,946
2020,32874300,1013
2019,32874400,728
2020,32874400,710
2019,32875100,465
2020,32875100,473
2019,32875200,530
2020,32875200,527
2019,32879100,877
2020,32879100,966
2019,32879200,263
2020,32879200,261
2019,32879300,450
2020,32879300,438
2019,32880100,993
2020,32880100,1003
2019,32880200,1169
2020,32880200,1170
2019,32881100,220
2020,32881100,220
2019,32881200,1217
2020,32881200,1229
2019,32881300,283
2020,32881300,284
2019,32883100,4
2020,32883100,0
2019,32883200,128
2020,32883200,128
2019,32884100,1257
2020,32884100,1250
2019,32885100,380
2020,32885100,378
2019,32885200,0
2020,32885200,0
2019,32885300,0
2020,32885300,0
2019,32885400,389
2020,32885400,408
2019,32885500,772
2020,32885500,784
2019,32885600,580
2020,32885600,598
2019,32885700,724
2020,32885700,700
2019,32885800,236
2020,32885800,236
2019,32887100,1308
2020,32887100,1308
2019,32888100,509
2020,32888100,509
2019,32888200,722
2020,32888200,713
2019,32888300,537
2020,32888300,537
2019,32893100,1249
2020,32893100,1251
2019,32893200,222
2020,32893200,222
2019,32893300,546
2020,32893300,546
2019,32894100,857
2020,32894100,855
2019,32897100,289
2020,32897100,290
2019,32897200,783
2020,32897200,805
2019,32901100,138
2020,32901100,138
2019,32901200,917
2020,32901200,947
2019,32904100,1328
2020,32904100,1316
2019,32906100,323
2020,32906100,323
2019,32906200,749
2020,32906200,744
2019,32561100,646
2020,32561100,643
2019,32561200,1011
2020,32561200,1005
2019,32561300,906
2020,32561300,902
2019,32565100,314
2020,32565100,364
2019,32565200,488
2020,32565200,485
2019,32565300,380
2020,32565300,393
2019,32567100,389
2020,32567100,380
2019,32567200,1068
2020,32567200,1077
2019,32568100,1077
2020,32568100,1082
2019,32568200,611
2020,32568200,605
2019,32569100,585
2020,32569100,617
2019,32569200,444
2020,32569200,443
2019,32571100,407
2020,32571100,413
2019,32571200,240
2020,32571200,249
2019,32571300,436
2020,32571300,428
2019,32574100,299
2020,32574100,297
2019,32574200,527
2020,32574200,523
2019,32574300,333
2020,32574300,341
2019,32574400,528
2020,32574400,526
2019,32575100,678
2020,32575100,666
2019,32575200,407
2020,32575200,397
2019,32578100,713
2020,32578100,705
2019,32578200,753
2020,32578200,728
2019,32580100,941
2020,32580100,935
2019,32580200,1107
2020,32580200,1107
2019,32581100,866
2020,32581100,893
2019,32581200,638
2020,32581200,646
2019,32583100,380
2020,32583100,390
2019,32583200,486
2020,32583200,483
2019,32588100,1010
2020,32588100,1028
2019,32588200,694
2020,32588200,712
2019,32589100,1147
2020,32589100,1172
2019,32590100,1195
2020,32590100,1192
2019,32590200,1027
2020,32590200,1022
2019,32591100,661
2020,32591100,658
2019,32591200,681
2020,32591200,673
2019,32591300,675
2020,32591300,686
2019,32593100,777
2020,32593100,772
2019,32593200,485
2020,32593200,478
2019,32593300,501
2020,32593300,517
2019,32596100,714
2020,32596100,718
2019,32596200,601
2020,32596200,579
2019,32600100,872
2020,32600100,863
2019,32600200,1
2020,32600200,1
2019,32604100,645
2020,32604100,673
2019,32604200,579
2020,32604200,600
2019,32605100,931
2020,32605100,929
2019,32605200,976
2020,32605200,985
2019,32608100,758
2020,32608100,769
2019,32608200,496
2020,32608200,490
2019,32610100,471
2020,32610100,471
2019,32610200,969
2020,32610200,980
2019,32612100,959
2020,32612100,962
2019,32617100,1168
2020,32617100,1166
2019,32617200,689
2020,32617200,694
2019,32620100,1250
2020,32620100,1266
2019,32620200,334
2020,32620200,324
2019,32621100,516
2020,32621100,529
2019,32621200,769
2020,32621200,763
2019,32622100,1606
2020,32622100,1598
2019,32622200,901
2020,32622200,924
2019,32582100,774
2020,32582100,755
2019,32582200,1691
2020,32582200,1689
2019,32585100,1941
2020,32585100,1923
2019,32598100,2339
2020,32598100,2341
2019,32599100,1308
2020,32599100,1314
2019,32599200,382
2020,32599200,372
2019,32601100,484
2020,32601100,484
2019,32601200,790
2020,32601200,789
2019,32601300,1216
2020,32601300,1216
2019,32609100,43
2020,32609100,43
2019,32609200,1102
2020,32609200,1102
2019,32611100,1008
2020,32611100,1010
2019,32611200,586
2020,32611200,586
2019,32614100,721
2020,32614100,720
2019,32615100,1105
2020,32615100,1090
2019,32615200,268
2020,32615200,286
2019,32616100,1284
2020,32616100,1285
2019,32616200,2037
2020,32616200,2037
2019,32618100,394
2020,32618100,394
2019,32618200,986
2020,32618200,986
2019,32619100,603
2020,32619100,604
2019,32619200,291
2020,32619200,289
2019,32624100,776
2020,32624100,776
2019,32624200,1
2020,32624200,0
2019,32624300,1
2020,32624300,1
2019,32624400,5
2020,32624400,5
2019,32625100,894
2020,32625100,894
2019,32625200,575
2020,32625200,575
2019,32626100,0
2020,32626100,0
2019,32626200,0
2020,32626200,0
2019,32626300,0
2020,32626300,0
2019,32626400,1784
2020,32626400,1825
2019,32626500,2
2020,32626500,0
2019,32626600,1000
2020,32626600,1174
2019,32627100,1786
2020,32627100,1784
2019,32628100,717
2020,32628100,714
2019,32628200,1127
2020,32628200,1127
2019,32629100,728
2020,32629100,733
2019,32629200,655
2020,32629200,655
2019,32630100,822
2020,32630100,821
2019,32630200,1
2020,32630200,1
2019,32630300,1
2020,32630300,0
2019,32630400,0
2020,32630400,0
2019,32631100,520
2020,32631100,520
2019,32631200,246
2020,32631200,246
2019,32631300,359
2020,32631300,359
2019,32632100,138
2020,32632100,138
2019,32632200,817
2020,32632200,817
2019,32632300,255
2020,32632300,255
2019,32633100,711
2020,32633100,711
2019,32633200,272
2020,32633200,261
2019,32633300,716
2020,32633300,716
2019,32634100,677
2020,32634100,677
2019,32634200,616
2020,32634200,649
2019,32635100,0
2020,32635100,0
2019,32635200,1478
2020,32635200,1478
2019,32635300,589
2020,32635300,589
2019,32860100,11
2020,32860100,12
2019,32866100,69
2020,32866100,70
2019,32866200,1
2020,32866200,1
2019,32866300,1
2020,32866300,0
2019,32866400,0
2020,32866400,0
2019,32866500,325
2020,32866500,325
2019,32876100,9
2020,32876100,9
2019,32876200,4
2020,32876200,2
2019,32876300,0
2020,32876300,0
2019,32876400,2
2020,32876400,1
2019,32877100,700
2020,32877100,700
2019,32877200,742
2020,32877200,742
2019,32878100,169
2020,32878100,171
2019,32878200,860
2020,32878200,860
2019,32878300,282
2020,32878300,282
2019,32882100,792
2020,32882100,787
2019,32882200,642
2020,32882200,640
2019,32889100,1172
2020,32889100,1172
2019,32889200,702
2020,32889200,702
2019,32889300,1
2020,32889300,0
2019,32890100,667
2020,32890100,667
2019,32890200,692
2020,32890200,692
2019,32891100,1258
2020,32891100,1250
2019,32891200,1306
2020,32891200,1306
2019,32892100,1082
2020,32892100,1036
2019,32896100,425
2020,32896100,427
2019,32896200,983
2020,32896200,983
2019,32900100,2295
2020,32900100,2295
2019,32930100,1344
2020,32930100,1337
2019,32930200,774
2020,32930200,774
2019,32937100,2
2020,32937100,2
2019,32938100,0
2020,32938100,0
2019,32938200,0
2020,32938200,0
2019,32938300,788
2020,32938300,788
2019,32938400,2056
2020,32938400,2056
2019,32951100,0
2020,32951100,0
2019,32951200,123
2020,32951200,123
2019,32951300,772
2020,32951300,813
2019,32951400,416
2020,32951400,402
2019,32641100,561
2020,32641100,608
2019,32642100,1064
2020,32642100,1068
2019,32644100,971
2020,32644100,954
2019,32644200,1270
2020,32644200,1280
2019,32645100,1773
2020,32645100,1757
2019,32645200,442
2020,32645200,442
2019,32646100,809
2020,32646100,821
2019,32646200,809
2020,32646200,809
2019,32646300,194
2020,32646300,194
2019,32646400,342
2020,32646400,342
2019,32646500,0
2020,32646500,0
2019,32646600,0
2020,32646600,0
2019,32646700,0
2020,32646700,14
2019,32647100,2292
2020,32647100,2289
2019,32648100,290
2020,32648100,290
2019,32648200,434
2020,32648200,432
2019,32648300,915
2020,32648300,943
2019,32649100,433
2020,32649100,425
2019,32649200,199
2020,32649200,199
2019,32649300,730
2020,32649300,730
2019,32649400,52
2020,32649400,52
2019,32649500,108
2020,32649500,108
2019,32649600,323
2020,32649600,323
2019,32649700,93
2020,32649700,93
2019,32651100,295
2020,32651100,295
2019,32651200,902
2020,32651200,879
2019,32651300,619
2020,32651300,617
2019,32651400,27
2020,32651400,27
2019,32652100,134
2020,32652100,134
2019,32652200,1
2020,32652200,0
2019,32652300,312
2020,32652300,308
2019,32652400,68
2020,32652400,67
2019,32654100,677
2020,32654100,669
2019,32654200,275
2020,32654200,279
2019,32656100,598
2020,32656100,598
2019,32656200,604
2020,32656200,604
2019,32657100,971
2020,32657100,961
2019,32657200,766
2020,32657200,766
2019,32659100,610
2020,32659100,610
2019,32659200,844
2020,32659200,856
2019,32659300,597
2020,32659300,611
2019,32659400,68
2020,32659400,68
2019,32660100,385
2020,32660100,385
2019,32660200,452
2020,32660200,452
2019,32660300,482
2020,32660300,482
2019,32660400,330
2020,32660400,330
2019,32661100,1109
2020,32661100,1088
2019,32661200,582
2020,32661200,582
2019,32662100,1959
2020,32662100,1957
2019,32664100,676
2020,32664100,688
2019,32664200,598
2020,32664200,598
2019,32664300,794
2020,32664300,794
2019,32665100,1338
2020,32665100,1338
2019,32665200,574
2020,32665200,574
2019,32666100,44
2020,32666100,44
2019,32666200,309
2020,32666200,309
2019,32666300,236
2020,32666300,236
2019,32669100,665
2020,32669100,665
2019,32669200,532
2020,32669200,538
2019,32669300,569
2020,32669300,689
2019,32669400,449
2020,32669400,449
2019,32670100,47
2020,32670100,47
2019,32670200,1664
2020,32670200,1700
2019,32672100,751
2020,32672100,727
2019,32672200,1313
2020,32672200,1307
2019,32673100,553
2020,32673100,553
2019,32673200,265
2020,32673200,265
2019,32673300,1088
2020,32673300,1087
2019,32673400,120
2020,32673400,120
2019,32674100,315
2020,32674100,311
2019,32674200,1052
2020,32674200,1051
2019,32674300,3
2020,32674300,3
2019,32674400,719
2020,32674400,719
2019,32675100,922
2020,32675100,933
2019,32675200,707
2020,32675200,704
2019,32675300,1088
2020,32675300,1086
2019,32675400,234
2020,32675400,286
2019,32676100,554
2020,32676100,555
2019,32676200,234
2020,32676200,234
2019,32676300,481
2020,32676300,486
2019,32676400,0
2020,32676400,0
2019,32677100,899
2020,32677100,960
2019,32677200,686
2020,32677200,673
2019,32677300,1087
2020,32677300,1048
2019,32678100,634
2020,32678100,632
2019,32678200,812
2020,32678200,810
2019,32678300,893
2020,32678300,892
2019,32678400,764
2020,32678400,764
2019,32684100,737
2020,32684100,723
2019,32684200,1534
2020,32684200,1522
2019,32685100,713
2020,32685100,793
2019,32685200,945
2020,32685200,943
2019,32686100,570
2020,32686100,603
2019,32686200,484
2020,32686200,478
2019,32687100,1157
2020,32687100,1158
2019,32687200,615
2020,32687200,635
2019,32690100,571
2020,32690100,557
2019,32690200,558
2020,32690200,557
2019,32691100,1611
2020,32691100,1612
2019,32691200,522
2020,32691200,522
2019,32691300,359
2020,32691300,359
2019,32691400,1
2020,32691400,0
2019,32691500,0
2020,32691500,0
2019,32693100,679
2020,32693100,679
2019,32693200,1195
2020,32693200,1195
2019,32694100,608
2020,32694100,608
2019,32694200,619
2020,32694200,619
2019,32700100,290
2020,32700100,290
2019,32700200,330
2020,32700200,330
2019,32700300,326
2020,32700300,326
2019,32700400,284
2020,32700400,284
2019,32701100,73
2020,32701100,73
2019,32701200,301
2020,32701200,301
2019,32701300,333
2020,32701300,333
2019,32701400,278
2020,32701400,278
2019,32701500,126
2020,32701500,126
2019,32701600,221
2020,32701600,221
2019,32701700,0
2020,32701700,0
2019,32702100,322
2020,32702100,314
2019,32702200,305
2020,32702200,305
2019,32702300,798
2020,32702300,782
2019,32703100,271
2020,32703100,272
2019,32703200,344
2020,32703200,344
2019,32703300,1292
2020,32703300,1297
2019,32705100,729
2020,32705100,725
2019,32705200,1226
2020,32705200,1240
2019,32705300,153
2020,32705300,153
2019,32709100,640
2020,32709100,640
2019,32709200,733
2020,32709200,733
2019,32711100,381
2020,32711100,381
2019,32711200,510
2020,32711200,512
2019,32715100,657
2020,32715100,645
2019,32715200,876
2020,32715200,885
2019,32692100,505
2020,32692100,510
2019,32692200,547
2020,32692200,548
2019,32695100,587
2020,32695100,604
2019,32695200,580
2020,32695200,582
2019,32695300,323
2020,32695300,323
2019,32695400,290
2020,32695400,282
2019,32697100,468
2020,32697100,469
2019,32697200,459
2020,32697200,469
2019,32697300,277
2020,32697300,278
2019,32698100,591
2020,32698100,583
2019,32698200,495
2020,32698200,513
2019,32704100,418
2020,32704100,417
2019,32704200,715
2020,32704200,708
2019,32704300,356
2020,32704300,356
2019,32704400,476
2020,32704400,471
2019,32706100,595
2020,32706100,593
2019,32706200,481
2020,32706200,470
2019,32708100,492
2020,32708100,494
2019,32708200,535
2020,32708200,537
2019,32712100,936
2020,32712100,937
2019,32712200,591
2020,32712200,579
2019,32713100,1664
2020,32713100,1662
2019,32713200,494
2020,32713200,490
2019,32716100,1
2020,32716100,0
2019,32717100,574
2020,32717100,568
2019,32717200,702
2020,32717200,687
2019,32717300,0
2020,32717300,0
2019,32718100,0
2020,32718100,0
2019,32718200,0
2020,32718200,0
2019,32719100,546
2020,32719100,556
2019,32719200,345
2020,32719200,345
2019,32719300,229
2020,32719300,229
2019,32720100,820
2020,32720100,820
2019,32720200,502
2020,32720200,502
2019,32720300,5
2020,32720300,5
2019,32720400,0
2020,32720400,0
2019,32721100,678
2020,32721100,687
2019,32721200,616
2020,32721200,616
2019,32721300,523
2020,32721300,532
2019,32722200,0
2020,32722200,0
2019,32722300,620
2020,32722300,604
2019,32723100,1476
2020,32723100,1445
2019,32724100,322
2020,32724100,322
2019,32724200,1301
2020,32724200,1301
2019,32725100,1661
2020,32725100,1647
2019,32726100,507
2020,32726100,531
2019,32726200,848
2020,32726200,855
2019,32727100,1524
2020,32727100,1524
2019,32727200,860
2020,32727200,859
2019,32728100,599
2020,32728100,604
2019,32728200,1709
2020,32728200,1741
2019,32729100,886
2020,32729100,890
2019,32730100,1549
2020,32730100,1541
2019,32730200,671
2020,32730200,670
2019,32731100,601
2020,32731100,594
2019,32731200,472
2020,32731200,472
2019,32732100,0
2020,32732100,0
2019,32732200,7
2020,32732200,7
2019,32732300,0
2020,32732300,0
2019,32733100,1671
2020,32733100,1697
2019,32734100,1560
2020,32734100,1558
2019,32735100,1730
2020,32735100,1720
2019,32737100,896
2020,32737100,900
2019,32738100,1003
2020,32738100,1034
2019,32738200,1188
2020,32738200,1181
2019,32739100,1090
2020,32739100,1074
2019,32739200,345
2020,32739200,342
2019,32741100,538
2020,32741100,570
2019,32741200,1197
2020,32741200,1183
2019,32742100,700
2020,32742100,687
2019,32742200,1502
2020,32742200,1501
2019,32743100,459
2020,32743100,469
2019,32744100,761
2020,32744100,763
2019,32745100,1499
2020,32745100,1534
2019,32746100,1583
2020,32746100,1552
2019,32746200,140
2020,32746200,138
2019,32747100,1085
2020,32747100,1085
2019,32747200,1245
2020,32747200,1244
2019,32749100,1033
2020,32749100,1021
2019,32749200,593
2020,32749200,611
2019,32750100,360
2020,32750100,362
2019,32750200,705
2020,32750200,678
2019,32751100,1187
2020,32751100,1197
2019,32754100,1304
2020,32754100,1317
2019,32754200,0
2020,32754200,0
2019,32755100,787
2020,32755100,775
2019,32755200,1348
2020,32755200,1346
2019,32755300,678
2020,32755300,676
2019,32759100,881
2020,32759100,905
2019,32759200,689
2020,32759200,694
2019,32759300,899
2020,32759300,899
2019,32762100,0
2020,32762100,0
2019,32762200,923
2020,32762200,923
2019,32762300,836
2020,32762300,835
2019,32736100,1053
2020,32736100,1047
2019,32736200,512
2020,32736200,543
2019,32736300,413
2020,32736300,372
2019,32740100,738
2020,32740100,783
2019,32748100,1729
2020,32748100,1858
2019,32752100,498
2020,32752100,497
2019,32752200,330
2020,32752200,309
2019,32752300,732
2020,32752300,731
2019,32752400,1405
2020,32752400,1405
2019,32756100,809
2020,32756100,803
2019,32756200,1370
2020,32756200,1373
2019,32757100,97
2020,32757100,97
2019,32757200,246
2020,32757200,246
2019,32757300,336
2020,32757300,357
2019,32758100,497
2020,32758100,497
2019,32758200,2062
2020,32758200,2141
2019,32758300,262
2020,32758300,248
2019,32758400,213
2020,32758400,213
2019,32760100,869
2020,32760100,857
2019,32760200,7
2020,32760200,7
2019,32760300,327
2020,32760300,327
2019,32761100,1359
2020,32761100,1339
2019,32763100,993
2020,32763100,993
2019,32763200,432
2020,32763200,432
2019,32763300,0
2020,32763300,0
2019,32763400,1
2020,32763400,0
2019,32763500,3
2020,32763500,0
2019,32765100,261
2020,32765100,261
2019,32765200,0
2020,32765200,0
2019,32765300,804
2020,32765300,792
2019,32765400,430
2020,32765400,432
2019,32765500,755
2020,32765500,754
2019,32765600,716
2020,32765600,714
2019,32766100,1387
2020,32766100,1363
2019,32766200,852
2020,32766200,917
2019,32769100,740
2020,32769100,743
2019,32769200,553
2020,32769200,541
2019,32771100,1215
2020,32771100,1215
2019,32771200,1350
2020,32771200,1347
2019,32771300,675
2020,32771300,677
2019,32776100,230
2020,32776100,226
2019,32776200,286
2020,32776200,268
2019,32776300,593
2020,32776300,680
2019,32776400,1328
2020,32776400,1299
2019,32779100,852
2020,32779100,822
2019,32779200,409
2020,32779200,409
2019,32780100,117
2020,32780100,104
2019,32780200,127
2020,32780200,127
2019,32780300,0
2020,32780300,0
2019,32780400,130
2020,32780400,128
2019,32780500,0
2020,32780500,0
2019,32780600,193
2020,32780600,195
2019,32780700,1
2020,32780700,1
2019,32785100,308
2020,32785100,308
2019,32787100,1136
2020,32787100,1172
2019,32787200,1342
2020,32787200,1342
2019,32787300,0
2020,32787300,0
2019,32787400,237
2020,32787400,239
2019,32787500,0
2020,32787500,0
2019,32787600,117
2020,32787600,117
2019,32787700,0
2020,32787700,0
2019,32788100,703
2020,32788100,703
2019,32788200,1973
2020,32788200,1968
2019,32788300,0
2020,32788300,0
2019,32788400,0
2020,32788400,0
2019,32788500,266
2020,32788500,267
2019,32788600,0
2020,32788600,0
2019,32788700,0
2020,32788700,0
2019,32788800,0
2020,32788800,0
2019,32788900,0
2020,32788900,0
2019,32789100,271
2020,32789100,271
2019,32789200,0
2020,32789200,0
2019,32789300,53
2020,32789300,54
2019,32789400,132
2020,32789400,139
2019,32789500,144
2020,32789500,144
2019,32789600,240
2020,32789600,242
2019,32790100,1
2020,32790100,1
2019,32790200,423
2020,32790200,423
2019,32790300,100
2020,32790300,100
2019,32790400,429
2020,32790400,431
2019,32790500,185
2020,32790500,185
2019,32790600,191
2020,32790600,191
2019,32791100,0
2020,32791100,0
2019,32791200,0
2020,32791200,0
2019,32791300,1695
2020,32791300,1620
2019,32792100,1777
2020,32792100,1768
2019,32793100,1602
2020,32793100,1700
2019,32794100,2056
2020,32794100,2248
2019,32795100,0
2020,32795100,0
2019,32795200,78
2020,32795200,78
2019,32795300,241
2020,32795300,245
2019,32795400,1
2020,32795400,0
2019,32795500,298
2020,32795500,298
2019,32795600,511
2020,32795600,521
2019,32796100,650
2020,32796100,650
2019,32796200,0
2020,32796200,0
2019,32797100,668
2020,32797100,699
2019,32798100,1808
2020,32798100,1808
2019,32798200,79
2020,32798200,79
2019,32798400,0
2020,32798400,0
2019,32799100,982
2020,32799100,982
2019,32799200,2
2020,32799200,2
2019,32799300,905
2020,32799300,887
2019,32799400,0
2020,32799400,0
2019,32800100,2198
2020,32800100,2202
2019,32800200,1378
2020,32800200,1380
2019,32802100,1627
2020,32802100,1649
2019,32803100,2446
2020,32803100,2440
2019,32805100,1177
2020,32805100,1157
2019,32805200,856
2020,32805200,868
2019,32805300,1
2020,32805300,0
2019,32807100,2697
2020,32807100,2933
2019,32808100,1884
2020,32808100,1876
2019,32809100,1647
2020,32809100,1647
2019,32809200,0
2020,32809200,0
2019,32810100,1428
2020,32810100,1428
2019,32810200,1223
2020,32810200,1223
2019,32812100,1
2020,32812100,1
2019,32812200,252
2020,32812200,252
2019,32812300,2509
2020,32812300,2508
2019,32812400,0
2020,32812400,0
2019,32813100,1014
2020,32813100,1005
2019,32813200,433
2020,32813200,433
2019,32814100,2585
2020,32814100,2585
2019,32818100,1496
2020,32818100,1488
2019,32818200,774
2020,32818200,774
2019,32818300,295
2020,32818300,295
2019,32818400,0
2020,32818400,0
2019,32818500,0
2020,32818500,0
2019,32820100,1298
2020,32820100,1298
2019,32820200,347
2020,32820200,347
2019,32820300,432
2020,32820300,432
2019,32821100,877
2020,32821100,870
2019,32821200,1473
2020,32821200,1473
2019,32821300,181
2020,32821300,184
2019,32831100,292
2020,32831100,292
2019,32831200,262
2020,32831200,262
2019,32831300,1122
2020,32831300,1144
2019,32832100,1236
2020,32832100,1219
2019,32832200,616
2020,32832200,616
2019,32832300,417
2020,32832300,417
2019,32834100,1918
2020,32834100,1928
2019,32834200,0
2020,32834200,0
2019,32834300,0
2020,32834300,0
2019,32835100,0
2020,32835100,0
2019,32835200,812
2020,32835200,803
2019,32753100,26
2020,32753100,26
2019,32753200,0
2020,32753200,0
2019,32753300,0
2020,32753300,0
2019,32753400,4
2020,32753400,0
2019,32764100,6
2020,32764100,6
2019,32764200,218
2020,32764200,218
2019,32767100,0
2020,32767100,0
2019,32768100,6
2020,32768100,6
2019,32768200,1
2020,32768200,1
2019,32768300,0
2020,32768300,0
2019,32768400,0
2020,32768400,0
2019,32768500,3
2020,32768500,2
2019,32768600,11
2020,32768600,136
2019,32770100,0
2020,32770100,0
2019,32770200,0
2020,32770200,0
2019,32770300,0
2020,32770300,0
2019,32772100,0
2020,32772100,0
2019,32772200,809
2020,32772200,809
2019,32772300,444
2020,32772300,444
2019,32772400,3143
2020,32772400,3351
2019,32773100,1806
2020,32773100,1806
2019,32773200,42
2020,32773200,42
2019,32774100,246
2020,32774100,246
2019,32774200,1
2020,32774200,1
2019,32774300,815
2020,32774300,815
2019,32774400,1703
2020,32774400,1703
2019,32774500,1011
2020,32774500,996
2019,32774600,497
2020,32774600,497
2019,32774700,0
2020,32774700,0
2019,32775100,1056
2020,32775100,1056
2019,32777100,1601
2020,32777100,1601
2019,32778100,706
2020,32778100,706
2019,32778200,406
2020,32778200,406
2019,32778300,354
2020,32778300,354
2019,32781100,877
2020,32781100,882
2019,32782100,947
2020,32782100,940
2019,32783100,1663
2020,32783100,1654
2019,32783200,1138
2020,32783200,1138
2019,32784100,1228
2020,32784100,1213
2019,32786100,1
2020,32786100,0
2019,32786200,715
2020,32786200,715
2019,32991100,1304
2020,32991100,1305
2019,32991200,595
2020,32991200,595
2019,33017100,0
2020,33017100,0
2019,33017200,5
2020,33017200,5
2019,33017300,0
2020,33017300,0
2019,33017400,587
2020,33017400,587
2019,33017500,419
2020,33017500,493
2019,33017600,343
2020,33017600,343
2019,33017700,683
2020,33017700,690
2019,33076100,2
2020,33076100,1
2019,33076200,0
2020,33076200,0
2019,33077100,0
2020,33077100,0
2019,33077200,1
2020,33077200,0
2019,33078100,1
2020,33078100,1
2019,33078200,514
2020,33078200,514
2019,33078300,0
2020,33078300,0
2019,33079100,1
2020,33079100,1
2019,33079200,31
2020,33079200,30
2019,33079300,1408
2020,33079300,1406
2019,33079400,325
2020,33079400,443
2019,33079500,436
2020,33079500,436
2019,33079600,615
2020,33079600,615
2019,33079700,1121
2020,33079700,1121
2019,33079800,2
2020,33079800,4
2019,33080100,22
2020,33080100,95
2019,33080200,0
2020,33080200,0
2019,33081100,735
2020,33081100,735
2019,33081200,752
2020,33081200,752
2019,33082100,1360
2020,33082100,1356
2019,33082200,765
2020,33082200,765
2019,33083100,1074
2020,33083100,1073
2019,33083200,4
2020,33083200,4
2019,33083300,0
2020,33083300,0
2019,33083400,573
2020,33083400,663
2019,33083500,0
2020,33083500,0
2019,33083600,486
2020,33083600,486
2019,33083700,1024
2020,33083700,997
2019,33083800,0
2020,33083800,0
2019,33083900,180
2020,33083900,180
2019,33084100,1365
2020,33084100,1403
2019,33085100,1585
2020,33085100,1574
2019,33086100,135
2020,33086100,135
2019,33086200,1153
2020,33086200,1155
2019,33087100,1026
2020,33087100,1016
2019,33087200,401
2020,33087200,396
2019,33087300,1713
2020,33087300,1700
2019,33088100,1057
2020,33088100,1052
2019,33088200,960
2020,33088200,967
2019,33088300,282
2020,33088300,282
2019,33090100,250
2020,33090100,250
2019,33090200,931
2020,33090200,914
2019,33090300,887
2020,33090300,884
2019,33091100,0
2020,33091100,0
2019,33091200,954
2020,33091200,954
2019,33091300,191
2020,33091300,186
2019,33091400,805
2020,33091400,805
2019,33091500,732
2020,33091500,732
2019,33092100,550
2020,33092100,537
2019,33092200,670
2020,33092200,668
2019,33093100,1119
2020,33093100,1114
2019,33093200,1014
2020,33093200,1005
2019,33093300,127
2020,33093300,127
2019,33094100,232
2020,33094100,232
2019,33094200,0
2020,33094200,0
2019,33094300,1104
2020,33094300,1103
2019,33095100,1030
2020,33095100,1030
2019,33095200,921
2020,33095200,935
2019,33095300,1
2020,33095300,1
2019,33095400,1079
2020,33095400,1079
2019,33096100,821
2020,33096100,821
2019,33097100,209
2020,33097100,209
2019,33097200,1130
2020,33097200,1121
2019,33097300,647
2020,33097300,638
2019,33097400,1063
2020,33097400,1052
2019,33097500,657
2020,33097500,657
2019,33097600,415
2020,33097600,414
2019,33099100,810
2020,33099100,809
2019,33099200,1043
2020,33099200,1043
2019,33100100,956
2020,33100100,956
2019,33100200,943
2020,33100200,943
2019,33100300,547
2020,33100300,547
2019,33101100,0
2020,33101100,0
2019,33101200,0
2020,33101200,0
2019,33101300,0
2020,33101300,0
2019,33101400,0
2020,33101400,0
2019,33104100,1076
2020,33104100,1076
2019,33104200,1268
2020,33104200,1291
2019,33105100,1638
2020,33105100,1685
2019,33105200,1295
2020,33105200,1295
2019,33105300,2336
2020,33105300,2319
2019,33105400,950
2020,33105400,947
2019,33105500,1896
2020,33105500,1896
2019,33105600,2062
2020,33105600,2073
2019,33105700,469
2020,33105700,469
2019,33106100,2195
2020,33106100,2375
2019,33106200,943
2020,33106200,949
2019,33107100,0
2020,33107100,0
2019,33107200,0
2020,33107200,0
2019,33107300,0
2020,33107300,0
2019,33107400,1
2020,33107400,0
2019,33107500,0
2020,33107500,0
2019,33107600,1
2020,33107600,0
2019,33107700,0
2020,33107700,0
2019,33107800,0
2020,33107800,0
2019,33107900,0
2020,33107900,0
2019,33111100,0
2020,33111100,0
2019,33111200,0
2020,33111200,0
2019,33111300,2
2020,33111300,0
2019,33112100,1902
2020,33112100,2019
2019,33112200,526
2020,33112200,713
2019,33112300,431
2020,33112300,526
2019,33112400,15
2020,33112400,0
2019,33112500,5
2020,33112500,5
2019,33112600,0
2020,33112600,0
2019,33113100,3
2020,33113100,0
2019,33113200,1
2020,33113200,1
2019,33113300,0
2020,33113300,0
2019,33113400,688
2020,33113400,688
2019,33113500,3260
2020,33113500,3260
2019,33113600,0
2020,33113600,0
2019,33114100,3
2020,33114100,0
2019,33114200,0
2020,33114200,0
2019,33114300,471
2020,33114300,471
2019,33114400,3
2020,33114400,3
2019,33114500,515
2020,33114500,508
2019,33114600,1042
2020,33114600,1071
2019,33117100,1524
2020,33117100,1591
2019,33117200,587
2020,33117200,698
2019,33117300,0
2020,33117300,0
2019,32801100,1420
2020,32801100,1353
2019,32801200,151
2020,32801200,135
2019,32804100,748
2020,32804100,748
2019,32804200,717
2020,32804200,707
2019,32806100,619
2020,32806100,606
2019,32806200,660
2020,32806200,674
2019,32806300,904
2020,32806300,853
2019,32811100,1737
2020,32811100,1763
2019,32815100,723
2020,32815100,651
2019,32815200,506
2020,32815200,540
2019,32815300,664
2020,32815300,682
2019,32815400,407
2020,32815400,366
2019,32816100,683
2020,32816100,688
2019,32816200,763
2020,32816200,674
2019,32817100,583
2020,32817100,583
2019,32817200,345
2020,32817200,355
2019,32817300,193
2020,32817300,193
2019,32817400,2
2020,32817400,2
2019,32819100,1909
2020,32819100,1870
2019,32822100,1702
2020,32822100,1719
2019,32822200,396
2020,32822200,396
2019,32823100,201
2020,32823100,203
2019,32823200,981
2020,32823200,969
2019,32823300,754
2020,32823300,788
2019,32823400,235
2020,32823400,218
2019,32824100,814
2020,32824100,805
2019,32824200,700
2020,32824200,700
2019,32825100,1243
2020,32825100,1267
2019,32825200,1187
2020,32825200,1169
2019,32825300,143
2020,32825300,143
2019,32825400,265
2020,32825400,274
2019,32825500,1
2020,32825500,1
2019,32826100,2081
2020,32826100,2069
2019,32827100,842
2020,32827100,841
2019,32827200,388
2020,32827200,388
2019,32827300,192
2020,32827300,192
2019,32828100,230
2020,32828100,230
2019,32828200,489
2020,32828200,489
2019,32828300,813
2020,32828300,835
2019,32829100,2187
2020,32829100,2159
2019,32830100,708
2020,32830100,746
2019,32830200,1733
2020,32830200,1739
2019,32833100,406
2020,32833100,424
2019,32833200,393
2020,32833200,385
2019,32833300,518
2020,32833300,519
2019,32836100,676
2020,32836100,676
2019,32836200,765
2020,32836200,763
2019,32836300,1085
2020,32836300,1083
2019,32836400,504
2020,32836400,519
2019,32837100,844
2020,32837100,934
2019,32837200,823
2020,32837200,807
2019,32837300,470
2020,32837300,453
2019,32838100,1
2020,32838100,1
2019,32838200,1113
2020,32838200,1087
2019,32838300,408
2020,32838300,401
2019,32838400,478
2020,32838400,493
2019,32838500,383
2020,32838500,416
2019,32838600,10
2020,32838600,10
2019,32839100,217
2020,32839100,219
2019,32839200,55
2020,32839200,55
2019,32839300,317
2020,32839300,317
2019,32839400,838
2020,32839400,860
2019,32839500,916
2020,32839500,918
2019,32840100,713
2020,32840100,723
2019,32840200,869
2020,32840200,872
2019,32840300,40
2020,32840300,40
2019,32841100,146
2020,32841100,146
2019,32841200,238
2020,32841200,238
2019,32841300,232
2020,32841300,232
2019,32842100,1491
2020,32842100,1468
2019,32843100,639
2020,32843100,639
2019,32843200,512
2020,32843200,512
2019,32843300,1037
2020,32843300,1013
2019,32843400,614
2020,32843400,743
2019,32843500,469
2020,32843500,469
2019,32844100,1
2020,32844100,0
2019,32844200,773
2020,32844200,811
2019,32844300,767
2020,32844300,789
2019,32844400,702
2020,32844400,729
2019,32845100,882
2020,32845100,889
2019,32846100,0
2020,32846100,0
2019,32846200,330
2020,32846200,330
2019,32846300,567
2020,32846300,567
2019,32846400,1264
2020,32846400,1249
2019,32847100,440
2020,32847100,454
2019,32847200,979
2020,32847200,974
2019,32848100,2560
2020,32848100,2578
2019,32849100,509
2020,32849100,509
2019,32849200,229
2020,32849200,229
2019,32849300,760
2020,32849300,741
2019,32849400,809
2020,32849400,777
2019,32850100,1757
2020,32850100,1793
2019,32851100,2530
2020,32851100,2471
2019,32851200,569
2020,32851200,538
2019,32852100,0
2020,32852100,0
2019,32852200,2081
2020,32852200,2065
2019,32853100,1586
2020,32853100,1591
2019,32886100,570
2020,32886100,570
2019,32886200,568
2020,32886200,568
2019,32895100,130
2020,32895100,130
2019,32895200,183
2020,32895200,182
2019,32895300,60
2020,32895300,60
2019,32895400,0
2020,32895400,0
2019,32898100,1
2020,32898100,0
2019,32898200,0
2020,32898200,0
2019,32898300,0
2020,32898300,0
2019,32898400,0
2020,32898400,0
2019,32899100,543
2020,32899100,543
2019,32899200,166
2020,32899200,166
2019,32899300,1175
2020,32899300,1175
2019,32899400,0
2020,32899400,0
2019,32899500,484
2020,32899500,484
2019,32899600,0
2020,32899600,0
2019,32902100,1443
2020,32902100,1444
2019,32905100,156
2020,32905100,156
2019,32905200,0
2020,32905200,0
2019,32905300,0
2020,32905300,0
2019,32905400,0
2020,32905400,0
2019,32907100,0
2020,32907100,0
2019,32907200,2
2020,32907200,2
2019,32907300,0
2020,32907300,0
2019,32907400,0
2020,32907400,0
2019,32908100,1
2020,32908100,1
2019,32908200,0
2020,32908200,0
2019,32978100,1741
2020,32978100,1741
2019,32985100,1574
2020,32985100,1574
2019,32987100,1154
2020,32987100,1152
2019,32989100,466
2020,32989100,497
2019,32989200,1013
2020,32989200,1063
2019,32992100,549
2020,32992100,570
2019,32992200,452
2020,32992200,450
2019,32992300,471
2020,32992300,471
2019,32992400,657
2020,32992400,651
2019,32994100,196
2020,32994100,195
2019,32994200,298
2020,32994200,289
2019,32994300,282
2020,32994300,291
2019,32994400,206
2020,32994400,206
2019,32994500,427
2020,32994500,484
2019,32996100,1142
2020,32996100,1140
2019,33000100,1514
2020,33000100,1510
2019,33001100,789
2020,33001100,784
2019,33001200,1139
2020,33001200,1127
2019,33002100,334
2020,33002100,335
2019,33002200,520
2020,33002200,499
2019,33002300,288
2020,33002300,297
2019,33003100,768
2020,33003100,767
2019,33003200,1267
2020,33003200,1268
2019,33003300,1
2020,33003300,1
2019,33006100,344
2020,33006100,346
2019,33006200,370
2020,33006200,370
2019,33006300,274
2020,33006300,269
2019,33006400,195
2020,33006400,195
2019,33007100,375
2020,33007100,375
2019,33007200,256
2020,33007200,256
2019,33007300,167
2020,33007300,167
2019,33007400,569
2020,33007400,554
2019,33010100,959
2020,33010100,945
2019,33010200,440
2020,33010200,440
2019,33014100,543
2020,33014100,543
2019,33014200,250
2020,33014200,252
2019,33014300,683
2020,33014300,683
2019,33014400,695
2020,33014400,696
2019,33018100,444
2020,33018100,437
2019,33018200,882
2020,33018200,887
2019,33019100,1186
2020,33019100,1186
2019,33019200,8
2020,33019200,8
2019,33019300,745
2020,33019300,737
2019,33020100,623
2020,33020100,623
2019,33020200,670
2020,33020200,665
2019,33021100,390
2020,33021100,390
2019,33021200,876
2020,33021200,870
2019,33023100,451
2020,33023100,451
2019,33023200,1141
2020,33023200,1138
2019,33023300,448
2020,33023300,450
2019,33023400,0
2020,33023400,0
2019,33024100,392
2020,33024100,401
2019,33024200,701
2020,33024200,696
2019,33024300,914
2020,33024300,928
2019,33024400,0
2020,33024400,0
2019,33024500,265
2020,33024500,279
2019,33025100,508
2020,33025100,583
2019,33025200,1628
2020,33025200,1706
2019,33025300,0
2020,33025300,0
2019,33025400,2
2020,33025400,2
2019,33025500,57
2020,33025500,57
2019,33025600,1
2020,33025600,1
2019,33025700,0
2020,33025700,0
2019,33025800,971
2020,33025800,971
2019,33026100,714
2020,33026100,711
2019,33026200,1129
2020,33026200,1116
2019,33033100,659
2020,33033100,745
2019,33033200,1
2020,33033200,0
2019,33033300,1115
2020,33033300,1110
2019,33033400,451
2020,33033400,465
2019,33034100,404
2020,33034100,404
2019,33034200,486
2020,33034200,486
2019,33034300,575
2020,33034300,578
2019,33036100,0
2020,33036100,0
2019,33041100,0
2020,33041100,0
2019,33041200,1738
2020,33041200,1728
2019,33041300,0
2020,33041300,0
2019,33041400,0
2020,33041400,0
2019,33041500,0
2020,33041500,0
2019,33041600,1
2020,33041600,1
2019,33041700,0
2020,33041700,0
2019,33050100,91
2020,33050100,91
2019,33050200,677
2020,33050200,741
2019,33050300,372
2020,33050300,372
2019,33050400,1018
2020,33050400,1019
2019,33050500,243
2020,33050500,299
2019,33059100,8
2020,33059100,5
2019,33059200,419
2020,33059200,419
2019,33059300,255
2020,33059300,259
2019,33060100,189
2020,33060100,189
2019,33060200,287
2020,33060200,287
2019,33060300,0
2020,33060300,0
2019,33060400,212
2020,33060400,209
2019,33089100,395
2020,33089100,395
2019,33089200,1736
2020,33089200,1727
2019,33089300,755
2020,33089300,767
2019,33089400,1
2020,33089400,1
2019,33098100,1975
2020,33098100,2021
2019,33098200,842
2020,33098200,832
2019,33102100,1110
2020,33102100,1143
2019,33103100,1801
2020,33103100,1971
2019,33103200,2302
2020,33103200,2282
2019,33103300,1875
2020,33103300,1871
2019,33108100,0
2020,33108100,0
2019,33108200,0
2020,33108200,0
2019,33108300,0
2020,33108300,0
2019,33109100,154
2020,33109100,179
2019,33109200,250
2020,33109200,250
2019,33109300,1123
2020,33109300,1163
2019,33109400,253
2020,33109400,311
2019,33109500,777
2020,33109500,795
2019,33109600,0
2020,33109600,0
2019,33110100,3090
2020,33110100,3169
2019,33115100,0
2020,33115100,0
2019,33116100,1227
2020,33116100,1305
2019,33116200,2287
2020,33116200,2276
2019,33118100,1575
2020,33118100,1606
2019,33119200,6
2020,33119200,8
2019,32903100,0
2020,32903100,0
2019,32903200,0
2020,32903200,0
2019,32903300,0
2020,32903300,0
2019,32903400,470
2020,32903400,567
2019,32903500,0
2020,32903500,0
2019,32903600,1862
2020,32903600,1923
2019,32903700,164
2020,32903700,164
2019,33040100,304
2020,33040100,304
2019,33040200,481
2020,33040200,509
2019,33040300,312
2020,33040300,300
2019,33046100,0
2020,33046100,0
2019,33046200,1141
2020,33046200,1129
2019,33046300,1012
2020,33046300,1001
2019,33046400,251
2020,33046400,248
2019,33046500,2964
2020,33046500,2996
2019,33046600,2244
2020,33046600,2199
2019,33046700,0
2020,33046700,0
2019,33046800,1035
2020,33046800,983
2019,33046900,1
2020,33046900,0
2019,33051100,0
2020,33051100,0
2019,33051200,0
2020,33051200,0
2019,33051300,507
2020,33051300,507
2019,33051400,275
2020,33051400,264
2019,33056100,214
2020,33056100,214
2019,33056200,0
2020,33056200,0
2019,33056300,194
2020,33056300,194
2019,33057100,381
2020,33057100,374
2019,33057200,332
2020,33057200,332
2019,33057300,596
2020,33057300,596
2019,33057400,0
2020,33057400,0
2019,33057500,684
2020,33057500,684
2019,33057600,0
2020,33057600,0
2019,33058100,343
2020,33058100,343
2019,33058200,486
2020,33058200,485
2019,33058300,803
2020,33058300,791
2019,33058400,926
2020,33058400,916
2019,33058500,684
2020,33058500,684
2019,33061100,860
2020,33061100,855
2019,33061200,146
2020,33061200,146
2019,33062100,2056
2020,33062100,2030
2019,33063100,1127
2020,33063100,1112
2019,33063200,617
2020,33063200,612
2019,33063300,0
2020,33063300,0
2019,33064100,787
2020,33064100,799
2019,33064200,0
2020,33064200,0
2019,33064300,85
2020,33064300,85
2019,33064400,67
2020,33064400,67
2019,33064500,0
2020,33064500,0
2019,33064600,864
2020,33064600,867
2019,33064700,156
2020,33064700,156
2019,33065100,0
2020,33065100,0
2019,33065200,213
2020,33065200,213
2019,33065300,0
2020,33065300,0
2019,33065400,40
2020,33065400,40
2019,33065500,0
2020,33065500,0
2019,33065700,0
2020,33065700,0
2019,33066100,1299
2020,33066100,1330
2019,33066200,114
2020,33066200,114
2019,33066300,1049
2020,33066300,1110
2019,33066400,184
2020,33066400,184
2019,33066500,751
2020,33066500,732
2019,33066600,290
2020,33066600,290
2019,33066700,1
2020,33066700,1
2019,33067100,1992
2020,33067100,1985
2019,33068100,1913
2020,33068100,1901
2019,33069100,988
2020,33069100,985
2019,33069200,719
2020,33069200,728
2019,33070100,0
2020,33070100,0
2019,33070200,6
2020,33070200,6
2019,33070300,1
2020,33070300,1
2019,33071100,1
2020,33071100,1
2019,33071200,1416
2020,33071200,1395
2019,33071300,442
2020,33071300,432
2019,33072100,1238
2020,33072100,1238
2019,33072200,0
2020,33072200,0
2019,33073100,0
2020,33073100,0
2019,33073200,0
2020,33073200,0
2019,33073300,0
2020,33073300,0
2019,33073500,0
2020,33073500,0
2019,33073600,0
2020,33073600,0
2019,33074100,9
2020,33074100,13
2019,33074200,86
2020,33074200,86
2019,33074300,19
2020,33074300,17
2019,33074400,6
2020,33074400,6
2019,33074500,93
2020,33074500,93
2019,33074600,119
2020,33074600,119
2019,33075100,0
2020,33075100,0
2019,32909100,747
2020,32909100,741
2019,32909200,782
2020,32909200,788
2019,32910100,722
2020,32910100,723
2019,32910200,582
2020,32910200,580
2019,32910300,342
2020,32910300,353
2019,32911100,366
2020,32911100,366
2019,32911200,425
2020,32911200,425
2019,32912100,781
2020,32912100,770
2019,32912200,848
2020,32912200,857
2019,32912300,719
2020,32912300,738
2019,32913100,814
2020,32913100,824
2019,32913200,1191
2020,32913200,1173
2019,32914100,1453
2020,32914100,1450
2019,32915100,1232
2020,32915100,1230
2019,32915200,1
2020,32915200,1
2019,32915300,0
2020,32915300,0
2019,32915400,0
2020,32915400,0
2019,32915500,20
2020,32915500,20
2019,32916100,846
2020,32916100,842
2019,32917100,2
2020,32917100,2
2019,32918100,1297
2020,32918100,1290
2019,32919100,0
2020,32919100,0
2019,32919200,655
2020,32919200,654
2019,32920100,1345
2020,32920100,1348
2019,32921100,946
2020,32921100,946
2019,32921200,557
2020,32921200,547
2019,32921300,317
2020,32921300,316
2019,32922100,883
2020,32922100,885
2019,32923100,991
2020,32923100,985
2019,32924100,1109
2020,32924100,1102
2019,32925100,947
2020,32925100,947
2019,32926100,103
2020,32926100,108
2019,32926200,1123
2020,32926200,1131
2019,32927100,662
2020,32927100,652
2019,32928100,824
2020,32928100,848
2019,32928200,569
2020,32928200,563
2019,32929100,627
2020,32929100,627
2019,32929200,685
2020,32929200,689
2019,32929300,1208
2020,32929300,1208
2019,32931100,491
2020,32931100,490
2019,32931200,403
2020,32931200,408
2019,32932100,1333
2020,32932100,1354
2019,32933100,974
2020,32933100,969
2019,32934100,1109
2020,32934100,1109
2019,32935100,852
2020,32935100,846
2019,32935200,459
2020,32935200,461
2019,32936100,295
2020,32936100,310
2019,32936200,728
2020,32936200,725
2019,32943100,1581
2020,32943100,1588
2019,32939100,412
2020,32939100,410
2019,32939200,666
2020,32939200,690
2019,32940100,1911
2020,32940100,1908
2019,32941100,1158
2020,32941100,1156
2019,32941200,373
2020,32941200,368
2019,32942100,893
2020,32942100,893
2019,32944100,996
2020,32944100,995
2019,32945100,1384
2020,32945100,1375
2019,32945200,411
2020,32945200,411
2019,32946100,562
2020,32946100,560
2019,32946200,901
2020,32946200,910
2019,32946300,697
2020,32946300,709
2019,32947100,632
2020,32947100,621
2019,32947200,671
2020,32947200,663
2019,32947300,342
2020,32947300,342
2019,32948100,1579
2020,32948100,1567
2019,32948200,646
2020,32948200,635
2019,32949100,1612
2020,32949100,1615
2019,32950100,703
2020,32950100,694
2019,32950200,761
2020,32950200,764
2019,32953100,87
2020,32953100,85
2019,32953200,123
2020,32953200,122
2019,32954100,1129
2020,32954100,1134
2019,32954200,572
2020,32954200,551
2019,32955100,1087
2020,32955100,1090
2019,32955200,466
2020,32955200,463
2019,32955300,919
2020,32955300,915
2019,32957100,1273
2020,32957100,1276
2019,32958100,2
2020,32958100,2
2019,32958200,0
2020,32958200,0
2019,32958300,861
2020,32958300,861
2019,32960100,1125
2020,32960100,1114
2019,32960200,266
2020,32960200,266
2019,32962100,1236
2020,32962100,1233
2019,32963100,2
2020,32963100,0
2019,32963200,397
2020,32963200,411
2019,32963300,55
2020,32963300,50
2019,32964100,531
2020,32964100,530
2019,32964200,469
2020,32964200,467
2019,32965100,769
2020,32965100,786
2019,32966100,1093
2020,32966100,1086
2019,32966200,566
2020,32966200,566
2019,32966300,7
2020,32966300,7
2019,32968100,1306
2020,32968100,1318
2019,32971100,1707
2020,32971100,1726
2019,32971200,368
2020,32971200,352
2019,32973100,4
2020,32973100,4
2019,32973200,696
2020,32973200,696
2019,32973300,578
2020,32973300,578
2019,32973400,3
2020,32973400,3
2019,32973500,1
2020,32973500,1
2019,32975100,215
2020,32975100,215
2019,32975200,253
2020,32975200,256
2019,32975300,182
2020,32975300,176
2019,32975400,278
2020,32975400,284
2019,32976100,7
2020,32976100,7
2019,32976200,2
2020,32976200,2
2019,32979100,975
2020,32979100,992
2019,32981100,753
2020,32981100,749
2019,32981200,1564
2020,32981200,1572
2019,32981300,385
2020,32981300,385
2019,32952100,1552
2020,32952100,1538
2019,32952200,1122
2020,32952200,1145
2019,32956100,39
2020,32956100,39
2019,32956200,987
2020,32956200,986
2019,32959100,151
2020,32959100,151
2019,32959200,546
2020,32959200,546
2019,32959300,474
2020,32959300,469
2019,32961100,2
2020,32961100,2
2019,32961200,2
2020,32961200,2
2019,32967100,221
2020,32967100,221
2019,32967200,50
2020,32967200,47
2019,32969100,882
2020,32969100,931
2019,32969200,649
2020,32969200,651
2019,32970100,743
2020,32970100,751
2019,32970200,828
2020,32970200,826
2019,32970300,922
2020,32970300,910
2019,32972100,2270
2020,32972100,2298
2019,32972200,181
2020,32972200,181
2019,32972300,289
2020,32972300,283
2019,32974100,169
2020,32974100,169
2019,32974200,406
2020,32974200,403
2019,32974300,520
2020,32974300,519
2019,32974400,544
2020,32974400,524
2019,32977100,503
2020,32977100,498
2019,32977200,27
2020,32977200,27
2019,32977300,605
2020,32977300,600
2019,32977400,602
2020,32977400,584
2019,32980100,203
2020,32980100,196
2019,32980200,294
2020,32980200,293
2019,32980300,509
2020,32980300,515
2019,32980400,616
2020,32980400,597
2019,32982100,468
2020,32982100,444
2019,32982200,669
2020,32982200,656
2019,32983100,1258
2020,32983100,1267
2019,32983200,582
2020,32983200,581
2019,32983300,275
2020,32983300,276
2019,32984100,409
2020,32984100,408
2019,32984200,407
2020,32984200,479
2019,32984300,464
2020,32984300,460
2019,32986100,844
2020,32986100,845
2019,32988100,201
2020,32988100,201
2019,32988200,347
2020,32988200,347
2019,32988300,334
2020,32988300,334
2019,32990100,1126
2020,32990100,1103
2019,32990200,796
2020,32990200,796
2019,32993100,706
2020,32993100,708
2019,32993200,693
2020,32993200,713
2019,32993300,337
2020,32993300,337
2019,32995100,1623
2020,32995100,1612
2019,32997100,640
2020,32997100,640
2019,32997200,488
2020,32997200,488
2019,32998100,652
2020,32998100,626
2019,32998200,595
2020,32998200,608
2019,32999100,514
2020,32999100,513
2019,32999200,727
2020,32999200,729
2019,33004100,500
2020,33004100,498
2019,33004200,491
2020,33004200,491
2019,33005100,695
2020,33005100,704
2019,33005200,346
2020,33005200,346
2019,33008100,255
2020,33008100,255
2019,33008200,1727
2020,33008200,1725
2019,33009100,323
2020,33009100,323
2019,33009200,544
2020,33009200,536
2019,33009300,279
2020,33009300,280
2019,33011100,1064
2020,33011100,1066
2019,33011200,323
2020,33011200,323
2019,33012100,342
2020,33012100,342
2019,33012200,421
2020,33012200,431
2019,33012300,1018
2020,33012300,1020
2019,33013100,978
2020,33013100,953
2019,33013200,366
2020,33013200,366
2019,33013300,669
2020,33013300,669
2019,33013400,694
2020,33013400,694
2019,33015100,333
2020,33015100,311
2019,33015200,472
2020,33015200,516
2019,33015300,336
2020,33015300,342
2019,33015400,1
2020,33015400,0
2019,33016100,901
2020,33016100,921
2019,33016200,494
2020,33016200,494
2019,33016300,447
2020,33016300,448
2019,33016400,276
2020,33016400,276
2019,33022100,526
2020,33022100,526
2019,33022200,634
2020,33022200,619
2019,33022300,883
2020,33022300,871
2019,33027100,428
2020,33027100,428
2019,33027200,1001
2020,33027200,998
2019,33027300,1
2020,33027300,1
2019,33028100,553
2020,33028100,553
2019,33028200,1000
2020,33028200,1000
2019,33029100,463
2020,33029100,463
2019,33029200,811
2020,33029200,804
2019,33030100,956
2020,33030100,950
2019,33030200,624
2020,33030200,624
2019,33030300,505
2020,33030300,505
2019,33031100,623
2020,33031100,623
2019,33031200,745
2020,33031200,733
2019,33031300,706
2020,33031300,706
2019,33032100,610
2020,33032100,610
2019,33032200,252
2020,33032200,252
2019,33032300,0
2020,33032300,0
2019,33032400,318
2020,33032400,318
2019,33032500,0
2020,33032500,0
2019,33032600,0
2020,33032600,0
2019,33032700,310
2020,33032700,310
2019,33032800,770
2020,33032800,778
2019,33035100,485
2020,33035100,485
2019,33035200,776
2020,33035200,776
2019,33037100,416
2020,33037100,416
2019,33037200,612
2020,33037200,612
2019,33038100,801
2020,33038100,801
2019,33038200,439
2020,33038200,422
2019,33039100,554
2020,33039100,554
2019,33039200,342
2020,33039200,342
2019,33042100,1176
2020,33042100,1167
2019,33043100,378
2020,33043100,378
2019,33043200,1337
2020,33043200,1329
2019,33043300,517
2020,33043300,517
2019,33044100,969
2020,33044100,969
2019,33044200,925
2020,33044200,960
2019,33044300,204
2020,33044300,204
2019,33045100,758
2020,33045100,758
2019,33045200,730
2020,33045200,730
2019,33045300,395
2020,33045300,390
2019,33047100,415
2020,33047100,423
2019,33047200,572
2020,33047200,578
2019,33048100,1436
2020,33048100,1471
2019,33049100,581
2020,33049100,581
2019,33049200,851
2020,33049200,851
2019,33049300,274
2020,33049300,274
2019,33049400,311
2020,33049400,311
2019,33052100,462
2020,33052100,462
2019,33052200,802
2020,33052200,802
2019,33052300,1245
2020,33052300,1262
2019,33053100,483
2020,33053100,483
2019,33053200,959
2020,33053200,959
2019,33053300,392
2020,33053300,392
2019,33054100,1216
2020,33054100,1291
2019,33054200,929
2020,33054200,925
2019,33055100,0
2020,33055100,0
2019,33055200,703
2020,33055200,699
2019,33055300,0
2020,33055300,0
2019,33055400,190
2020,33055400,190
2019,33055500,1374
2020,33055500,1370
2019,33055600,819
2020,33055600,815
2019,43120100,1
2020,43120100,1
2019,43120200,6
2020,43120200,6
2019,43121100,1509
2020,43121100,1510
2019,43121200,1451
2020,43121200,1488
2019,43121300,1193
2020,43121300,1197
2019,43122100,1865
2020,43122100,1889
2019,43122200,2004
2020,43122200,2025
2019,43122300,899
2020,43122300,901
2019,43122400,1111
2020,43122400,1140
2019,43122500,1022
2020,43122500,1027
2019,43122600,1292
2020,43122600,1296
2019,43123100,613
2020,43123100,630
2019,43123200,1197
2020,43123200,1201
2019,43123300,1483
2020,43123300,1523
2019,43123400,21
2020,43123400,21
2019,43123500,4
2020,43123500,4
2019,43123600,299
2020,43123600,438
2019,43123700,0
2020,43123700,0
2019,43123800,12
2020,43123800,12
2019,43123900,951
2020,43123900,951
2019,43124100,1
2020,43124100,1
2019,43124200,870
2020,43124200,870
2019,43124300,408
2020,43124300,416
2019,43124400,784
2020,43124400,793
2019,43124500,369
2020,43124500,379
2019,43125100,1
2020,43125100,1
2019,43125200,0
2020,43125200,0
2019,43126100,1415
2020,43126100,1415
2019,43127100,603
2020,43127100,607
2019,43128100,787
2020,43128100,787
2019,43129100,751
2020,43129100,751
2019,43130100,1644
2020,43130100,1646
2019,43130200,129
2020,43130200,129
2019,43131100,513
2020,43131100,518
2019,43131200,398
2020,43131200,399
2019,43131300,441
2020,43131300,445
2019,43132100,423
2020,43132100,478
2019,43132200,24
2020,43132200,24
2019,43132300,567
2020,43132300,568
2019,43133100,636
2020,43133100,636
2019,43133200,931
2020,43133200,939
2019,43134100,598
2020,43134100,600
2019,43134200,505
2020,43134200,512
2019,43134300,697
2020,43134300,711
2019,43135100,1570
2020,43135100,1571
2019,43136100,880
2020,43136100,897
2019,43137100,49
2020,43137100,49
2019,43137200,752
2020,43137200,757
2019,43137300,152
2020,43137300,153
2019,43138100,2060
2020,43138100,2067
2019,43139100,835
2020,43139100,836
2019,43140100,851
2020,43140100,865
2019,43141100,984
2020,43141100,984
2019,43141200,1050
2020,43141200,1055
2019,43142100,516
2020,43142100,541
2019,43142200,1172
2020,43142200,1172
2019,43142300,66
2020,43142300,67
2019,43143100,908
2020,43143100,913
2019,43144100,528
2020,43144100,543
2019,43144200,712
2020,43144200,799
2019,43144300,39
2020,43144300,39
2019,43144400,70
2020,43144400,74
2019,43144500,149
2020,43144500,162
2019,43145100,574
2020,43145100,625
2019,43145200,288
2020,43145200,339
2019,43146100,453
2020,43146100,453
2019,43146200,1773
2020,43146200,1773
2019,43146300,1498
2020,43146300,1498
2019,43147100,809
2020,43147100,809
2019,43147200,620
2020,43147200,620
2019,43148100,0
2020,43148100,0
2019,43148200,3
2020,43148200,3
2019,43148300,0
2020,43148300,0
2019,43148400,27
2020,43148400,27
2019,43148500,1
2020,43148500,1
2019,43148600,0
2020,43148600,0
2019,43149100,905
2020,43149100,905
2019,43150100,839
2020,43150100,840
2019,43151100,1276
2020,43151100,1276
2019,43152100,1924
2020,43152100,1931
2019,43152200,1
2020,43152200,1
2019,43153100,1888
2020,43153100,1893
2019,43154100,900
2020,43154100,938
2019,43154200,742
2020,43154200,751
2019,43155100,980
2020,43155100,980
2019,43157100,562
2020,43157100,562
2019,43157200,604
2020,43157200,604
2019,43159100,445
2020,43159100,445
2019,43159200,451
2020,43159200,451
2019,43160100,649
2020,43160100,649
2019,43161100,661
2020,43161100,661
2019,43162100,248
2020,43162100,274
2019,43162200,115
2020,43162200,150
2019,43162300,623
2020,43162300,624
2019,43162400,22
2020,43162400,22
2019,43163100,774
2020,43163100,774
2019,43163200,510
2020,43163200,510
2019,43163300,864
2020,43163300,864
2019,43164100,1241
2020,43164100,1241
2019,43165100,175
2020,43165100,175
2019,43166100,121
2020,43166100,121
2019,43166200,708
2020,43166200,708
2019,43166300,955
2020,43166300,959
2019,43167100,353
2020,43167100,353
2019,43167200,401
2020,43167200,401
2019,43167300,258
2020,43167300,258
2019,43167400,211
2020,43167400,211
2019,43168100,381
2020,43168100,382
2019,43168200,813
2020,43168200,813
2019,43168300,66
2020,43168300,66
2019,43168400,12
2020,43168400,12
2019,43169100,998
2020,43169100,998
2019,43171100,78
2020,43171100,78
2019,43171200,449
2020,43171200,450
2019,43171300,496
2020,43171300,496
2019,43172100,3
2020,43172100,3
2019,43172200,536
2020,43172200,539
2019,43173100,1999
2020,43173100,2018
2019,43174100,322
2020,43174100,322
2019,43174200,112
2020,43174200,112
2019,43174300,2
2020,43174300,2
2019,43175100,1021
2020,43175100,1031
2019,43175200,585
2020,43175200,585
2019,43176100,1185
2020,43176100,1193
2019,43176200,778
2020,43176200,778
2019,43177100,583
2020,43177100,584
2019,43177200,296
2020,43177200,296
2019,43178100,1255
2020,43178100,1255
2019,43178200,181
2020,43178200,181
2019,43178300,980
2020,43178300,980
2019,43180100,414
2020,43180100,415
2019,43180200,133
2020,43180200,133
2019,43180300,334
2020,43180300,335
2019,43182100,2190
2020,43182100,2190
2019,43182200,867
2020,43182200,867
2019,43156100,300
2020,43156100,300
2019,43156200,143
2020,43156200,154
2019,43158100,1692
2020,43158100,1692
2019,43170100,980
2020,43170100,980
2019,43170200,237
2020,43170200,237
2019,43170300,383
2020,43170300,383
2019,43170400,1141
2020,43170400,1141
2019,43170500,498
2020,43170500,498
2019,43179100,1754
2020,43179100,1889
2019,43181100,0
2020,43181100,0
2019,43181200,0
2020,43181200,0
2019,43181300,630
2020,43181300,630
2019,43182300,829
2020,43182300,829
2019,43183100,211
2020,43183100,211
2019,43183200,687
2020,43183200,687
2019,43183300,103
2020,43183300,103
2019,43183400,232
2020,43183400,232
2019,43183500,262
2020,43183500,262
2019,43184100,762
2020,43184100,762
2019,43185100,1158
2020,43185100,1158
2019,43185200,1552
2020,43185200,1552
2019,43187100,1386
2020,43187100,1391
2019,43187200,80
2020,43187200,80
2019,43189100,5
2020,43189100,5
2019,43189200,209
2020,43189200,209
2019,43189300,52
2020,43189300,52
2019,43199100,510
2020,43199100,510
2019,43199200,1336
2020,43199200,1336
2019,43199300,1376
2020,43199300,1376
2019,43199400,862
2020,43199400,862
2019,43199500,115
2020,43199500,115
2019,43220100,9
2020,43220100,9
2019,43220200,1322
2020,43220200,1322
2019,43232100,557
2020,43232100,557
2019,43232200,144
2020,43232200,154
2019,43232300,297
2020,43232300,297
2019,43237100,901
2020,43237100,901
2019,43237200,370
2020,43237200,370
2019,43237300,482
2020,43237300,501
2019,43242100,393
2020,43242100,393
2019,43242200,513
2020,43242200,533
2019,43242300,459
2020,43242300,516
2019,43242400,167
2020,43242400,167
2019,43247100,457
2020,43247100,457
2019,43247200,583
2020,43247200,583
2019,43247300,141
2020,43247300,141
2019,43255400,1940
2020,43255400,1940
2019,43256100,156
2020,43256100,156
2019,43256200,186
2020,43256200,186
2019,43256300,286
2020,43256300,286
2019,43256400,227
2020,43256400,227
2019,43256500,310
2020,43256500,330
2019,43256600,142
2020,43256600,181
2019,43256700,190
2020,43256700,190
2019,43256800,52
2020,43256800,52
2019,43256900,240
2020,43256900,264
2019,43186100,1215
2020,43186100,1226
2019,43186200,483
2020,43186200,483
2019,43190100,767
2020,43190100,767
2019,43191100,584
2020,43191100,587
2019,43191200,371
2020,43191200,373
2019,43192100,578
2020,43192100,578
2019,43192200,49
2020,43192200,49
2019,43192300,683
2020,43192300,697
2019,43193100,654
2020,43193100,671
2019,43194100,1323
2020,43194100,1331
2019,43194200,623
2020,43194200,632
2019,43195100,185
2020,43195100,185
2019,43195200,675
2020,43195200,698
2019,43195300,439
2020,43195300,446
2019,43196100,452
2020,43196100,481
2019,43196200,1368
2020,43196200,1412
2019,43196300,552
2020,43196300,566
2019,43196400,120
2020,43196400,120
2019,43197100,828
2020,43197100,869
2019,43197200,188
2020,43197200,188
2019,43197300,397
2020,43197300,437
2019,43197400,433
2020,43197400,433
2019,43198100,381
2020,43198100,390
2019,43198200,227
2020,43198200,227
2019,43198300,488
2020,43198300,500
2019,43198400,936
2020,43198400,942
2019,43198500,245
2020,43198500,257
2019,43200100,794
2020,43200100,795
2019,43201100,449
2020,43201100,453
2019,43201200,954
2020,43201200,956
2019,43202100,952
2020,43202100,1001
2019,43202200,822
2020,43202200,838
2019,43203100,1
2020,43203100,90
2019,43203200,992
2020,43203200,1020
2019,43204100,965
2020,43204100,986
2019,43205100,721
2020,43205100,722
2019,43207100,629
2020,43207100,631
2019,43207200,533
2020,43207200,543
2019,43208100,929
2020,43208100,933
2019,43209100,419
2020,43209100,452
2019,43209200,1318
2020,43209200,1348
2019,43209300,515
2020,43209300,536
2019,43209400,298
2020,43209400,304
2019,43209500,0
2020,43209500,7
2019,43209600,276
2020,43209600,291
2019,43210100,7
2020,43210100,7
2019,43210200,682
2020,43210200,682
2019,43211100,556
2020,43211100,556
2019,43211200,858
2020,43211200,858
2019,43211300,1114
2020,43211300,1122
2019,43211400,249
2020,43211400,257
2019,43212100,158
2020,43212100,158
2019,43215100,534
2020,43215100,534
2019,43215200,129
2020,43215200,129
2019,43215300,34
2020,43215300,34
2019,43215400,668
2020,43215400,677
2019,43217100,769
2020,43217100,769
2019,43217200,388
2020,43217200,388
2019,43219100,1242
2020,43219100,1242
2019,43219200,1039
2020,43219200,1048
2019,43221100,1565
2020,43221100,1565
2019,43221200,891
2020,43221200,902
2019,43222100,641
2020,43222100,680
2019,43222200,653
2020,43222200,690
2019,43222300,792
2020,43222300,792
2019,43227100,532
2020,43227100,543
2019,43227200,695
2020,43227200,793
2019,43227300,113
2020,43227300,113
2019,43227400,320
2020,43227400,347
2019,43228100,551
2020,43228100,559
2019,43228200,292
2020,43228200,294
2019,43228300,573
2020,43228300,589
2019,43228400,699
2020,43228400,699
2019,43229100,969
2020,43229100,978
2019,43229200,934
2020,43229200,934
2019,43231100,233
2020,43231100,266
2019,43231200,134
2020,43231200,200
2019,43231300,31
2020,43231300,31
2019,43231400,1
2020,43231400,25
2019,43231500,34
2020,43231500,48
2019,43231600,4
2020,43231600,4
2019,43231700,10
2020,43231700,75
2019,43231800,87
2020,43231800,110
2019,43235100,296
2020,43235100,296
2019,43235200,2
2020,43235200,11
2019,43235300,396
2020,43235300,396
2019,43235400,72
2020,43235400,72
2019,43235500,347
2020,43235500,397
2019,43238100,1421
2020,43238100,1421
2019,43238200,143
2020,43238200,163
2019,43238400,544
2020,43238400,601
2019,43238500,507
2020,43238500,518
2019,43188100,71
2020,43188100,71
2019,43188200,1696
2020,43188200,1696
2019,43188300,2325
2020,43188300,2325
2019,43188400,1117
2020,43188400,1121
2019,43188500,1
2020,43188500,1
2019,43188600,524
2020,43188600,524
2019,43188700,1103
2020,43188700,1103
2019,43216100,256
2020,43216100,256
2019,43216200,340
2020,43216200,340
2019,43216300,239
2020,43216300,239
2019,43216400,121
2020,43216400,121
2019,43226100,429
2020,43226100,429
2019,43226200,137
2020,43226200,137
2019,43226300,12
2020,43226300,12
2019,43226400,302
2020,43226400,302
2019,43226500,97
2020,43226500,97
2019,43265100,0
2020,43265100,0
2019,43265200,138
2020,43265200,138
2019,43265300,151
2020,43265300,151
2019,43265400,126
2020,43265400,126
2019,43265500,197
2020,43265500,197
2019,43265600,257
2020,43265600,257
2019,43265700,154
2020,43265700,154
2019,43265800,341
2020,43265800,341
2019,43265900,87
2020,43265900,87
2019,43299100,209
2020,43299100,209
2019,43299200,96
2020,43299200,96
2019,43299300,86
2020,43299300,86
2019,43299400,163
2020,43299400,163
2019,43299500,69
2020,43299500,69
2019,43301100,320
2020,43301100,320
2019,43301200,43
2020,43301200,43
2019,43301300,170
2020,43301300,170
2019,43301400,197
2020,43301400,197
2019,43301500,43
2020,43301500,43
2019,43302100,171
2020,43302100,171
2019,43302200,436
2020,43302200,436
2019,43302300,193
2020,43302300,193
2019,43302400,406
2020,43302400,406
2019,43302500,82
2020,43302500,82
2019,43302600,569
2020,43302600,569
2019,43302700,197
2020,43302700,197
2019,43302800,43
2020,43302800,43
2019,43302900,137
2020,43302900,137
2019,43304100,34
2020,43304100,34
2019,43304200,156
2020,43304200,156
2019,43304300,6
2020,43304300,55
2019,43304400,57
2020,43304400,57
2019,43304500,15
2020,43304500,15
2019,43308100,118
2020,43308100,118
2019,43308200,398
2020,43308200,398
2019,43308300,508
2020,43308300,537
2019,43309100,2
2020,43309100,2
2019,43309200,95
2020,43309200,95
2019,43310100,2
2020,43310100,21
2019,43310200,12
2020,43310200,12
2019,43310300,3
2020,43310300,3
2019,43312100,769
2020,43312100,798
2019,43312200,16
2020,43312200,16
2019,43312300,1435
2020,43312300,1520
2019,43312400,453
2020,43312400,482
2019,43313100,23
2020,43313100,23
2019,43313200,14
2020,43313200,63
2019,43313300,57
2020,43313300,74
2019,43313400,60
2020,43313400,60
2019,43313500,54
2020,43313500,54
2019,43313600,176
2020,43313600,328
2019,43313700,5
2020,43313700,5
2019,43313800,25
2020,43313800,25
2019,43313900,206
2020,43313900,206
2019,43318100,425
2020,43318100,444
2019,43318200,949
2020,43318200,957
2019,43318300,3244
2020,43318300,3261
2019,43320100,1972
2020,43320100,2065
2019,43329100,346
2020,43329100,346
2019,43329200,7
2020,43329200,7
2019,43329300,27
2020,43329300,40
2019,43329400,158
2020,43329400,158
2019,43329500,195
2020,43329500,195
2019,43329600,234
2020,43329600,269
2019,43331100,51
2020,43331100,52
2019,43331200,3809
2020,43331200,3845
2019,43331300,367
2020,43331300,404
2019,43331400,72
2020,43331400,72
2019,43331500,383
2020,43331500,409
2019,43331600,402
2020,43331600,402
2019,43331700,138
2020,43331700,138
2019,43331800,1055
2020,43331800,1096
2019,43331900,0
2020,43331900,0
2019,43339100,38
2020,43339100,38
2019,43339200,2
2020,43339200,2
2019,43339300,101
2020,43339300,101
2019,43339400,406
2020,43339400,406
2019,43339500,26
2020,43339500,26
2019,43340100,198
2020,43340100,198
2019,43340200,61
2020,43340200,61
2019,43340300,376
2020,43340300,376
2019,43340400,522
2020,43340400,522
2019,43340500,92
2020,43340500,92
2019,43340600,143
2020,43340600,143
2019,43206100,1532
2020,43206100,1570
2019,43213100,43
2020,43213100,43
2019,43213200,113
2020,43213200,113
2019,43213300,555
2020,43213300,572
2019,43214100,648
2020,43214100,657
2019,43214200,147
2020,43214200,147
2019,43214300,320
2020,43214300,380
2019,43218100,460
2020,43218100,460
2019,43218200,621
2020,43218200,621
2019,43218300,425
2020,43218300,425
2019,43218400,236
2020,43218400,236
2019,43223100,33
2020,43223100,33
2019,43223200,18
2020,43223200,18
2019,43223300,34
2020,43223300,34
2019,43223400,189
2020,43223400,189
2019,43223500,87
2020,43223500,87
2019,43223600,53
2020,43223600,53
2019,43223700,12
2020,43223700,12
2019,43223800,193
2020,43223800,193
2019,43223900,190
2020,43223900,190
2019,43224100,615
2020,43224100,615
2019,43224200,719
2020,43224200,733
2019,43224300,822
2020,43224300,822
2019,43225100,0
2020,43225100,0
2019,43225200,336
2020,43225200,336
2019,43225300,283
2020,43225300,288
2019,43230100,605
2020,43230100,611
2019,43230200,200
2020,43230200,200
2019,43230300,487
2020,43230300,487
2019,43230400,839
2020,43230400,841
2019,43233100,363
2020,43233100,363
2019,43233200,504
2020,43233200,504
2019,43233300,197
2020,43233300,197
2019,43234100,456
2020,43234100,456
2019,43234200,803
2020,43234200,803
2019,43236100,186
2020,43236100,186
2019,43236200,467
2020,43236200,467
2019,43236300,266
2020,43236300,266
2019,43236400,222
2020,43236400,247
2019,43236500,352
2020,43236500,366
2019,43236600,194
2020,43236600,194
2019,43238300,326
2020,43238300,326
2019,43239100,846
2020,43239100,846
2019,43239200,565
2020,43239200,565
2019,43239300,189
2020,43239300,189
2019,43239400,214
2020,43239400,214
2019,43240100,0
2020,43240100,0
2019,43240200,29
2020,43240200,77
2019,43240300,339
2020,43240300,339
2019,43240400,129
2020,43240400,129
2019,43241100,361
2020,43241100,377
2019,43241200,1034
2020,43241200,1085
2019,43243100,1060
2020,43243100,1071
2019,43244100,493
2020,43244100,526
2019,43244200,402
2020,43244200,568
2019,43245100,898
2020,43245100,898
2019,43246100,0
2020,43246100,0
2019,43246200,858
2020,43246200,895
2019,43246300,277
2020,43246300,306
2019,43246400,378
2020,43246400,378
2019,43246500,76
2020,43246500,76
2019,43248100,1192
2020,43248100,1192
2019,43249100,7
2020,43249100,7
2019,43249200,51
2020,43249200,51
2019,43249300,1
2020,43249300,1
2019,43249400,1
2020,43249400,1
2019,43250100,1080
2020,43250100,1080
2019,43250200,248
2020,43250200,249
2019,43251100,0
2020,43251100,0
2019,43251200,1954
2020,43251200,1963
2019,43252100,37
2020,43252100,703
2019,43252200,81
2020,43252200,81
2019,43252300,2
2020,43252300,2
2019,43253100,1289
2020,43253100,1289
2019,43253200,1310
2020,43253200,1312
2019,43254100,2065
2020,43254100,2075
2019,43255100,1358
2020,43255100,1358
2019,43255200,1079
2020,43255200,1079
2019,43255300,1982
2020,43255300,1982
2019,43255500,472
2020,43255500,472
2019,43257100,691
2020,43257100,697
2019,43257200,780
2020,43257200,780
2019,43258100,744
2020,43258100,744
2019,43258200,693
2020,43258200,693
2019,43258300,568
2020,43258300,568
2019,43259100,129
2020,43259100,129
2019,43259200,243
2020,43259200,243
2019,43260100,1739
2020,43260100,1739
2019,43260200,157
2020,43260200,157
2019,43261100,189
2020,43261100,189
2019,43261200,6
2020,43261200,6
2019,43261300,133
2020,43261300,133
2019,43263100,153
2020,43263100,153
2019,43263200,435
2020,43263200,435
2019,43263300,1031
2020,43263300,1031
2019,43264100,5
2020,43264100,5
2019,43264200,1023
2020,43264200,1049
2019,43264300,3
2020,43264300,92
2019,43267100,6
2020,43267100,6
2019,43267200,892
2020,43267200,915
2019,43268100,1
2020,43268100,1
2019,43268200,267
2020,43268200,267
2019,43262100,1432
2020,43262100,1432
2019,43262200,587
2020,43262200,593
2019,43262300,114
2020,43262300,114
2019,43266100,510
2020,43266100,628
2019,43266200,2323
2020,43266200,2348
2019,43269100,96
2020,43269100,96
2019,43269200,489
2020,43269200,489
2019,43269300,52
2020,43269300,52
2019,43270100,0
2020,43270100,0
2019,43270200,916
2020,43270200,934
2019,43271100,818
2020,43271100,825
2019,43272100,1257
2020,43272100,1262
2019,43273100,1834
2020,43273100,1837
2019,43274100,930
2020,43274100,931
2019,43275100,1536
2020,43275100,1536
2019,43276100,879
2020,43276100,888
2019,43277100,0
2020,43277100,0
2019,43277200,1091
2020,43277200,1106
2019,43278100,1198
2020,43278100,1207
2019,43279100,1044
2020,43279100,1051
2019,43280100,883
2020,43280100,884
2019,43281100,952
2020,43281100,967
2019,43282100,1207
2020,43282100,1211
2019,43283100,769
2020,43283100,771
2019,43284100,102
2020,43284100,102
2019,43284200,555
2020,43284200,556
2019,43285100,716
2020,43285100,741
2019,43285200,547
2020,43285200,605
2019,43286100,827
2020,43286100,848
2019,43287100,874
2020,43287100,891
2019,43288100,671
2020,43288100,687
2019,43288200,541
2020,43288200,581
2019,43289100,332
2020,43289100,344
2019,43289200,218
2020,43289200,220
2019,43290100,957
2020,43290100,969
2019,43290200,344
2020,43290200,353
2019,43291100,971
2020,43291100,1005
2019,43292100,699
2020,43292100,726
2019,43292200,465
2020,43292200,465
2019,43293100,851
2020,43293100,891
2019,43294100,437
2020,43294100,450
2019,43295100,452
2020,43295100,464
2019,43295200,594
2020,43295200,602
2019,43296100,380
2020,43296100,380
2019,43296200,624
2020,43296200,632
2019,43297100,1311
2020,43297100,1311
2019,43298100,67
2020,43298100,79
2019,43298200,274
2020,43298200,288
2019,43298300,283
2020,43298300,326
2019,43316100,1590
2020,43316100,1590
2019,43316200,1082
2020,43316200,1085
2019,43316300,1
2020,43316300,1
2019,43319100,1739
2020,43319100,1739
2019,43319200,1872
2020,43319200,1872
2019,43322100,498
2020,43322100,581
2019,43322200,901
2020,43322200,923
2019,43322300,1034
2020,43322300,1059
2019,43324100,1333
2020,43324100,1387
2019,43324200,112
2020,43324200,243
2019,43324300,995
2020,43324300,1028
2019,43328100,1652
2020,43328100,1671
2019,43328200,241
2020,43328200,242
2019,43328300,69
2020,43328300,69
2019,43330100,1044
2020,43330100,1074
2019,43335100,1
2020,43335100,1
2019,43336100,232
2020,43336100,273
2019,43336200,4
2020,43336200,4
2019,43338100,170
2020,43338100,175
2019,43338200,1493
2020,43338200,1538
2019,43338300,110
2020,43338300,110
2019,43338400,429
2020,43338400,439
2019,43344100,6
2020,43344100,6
2019,43344200,3
2020,43344200,3
2019,43300100,133
2020,43300100,133
2019,43300200,9
2020,43300200,9
2019,43300300,343
2020,43300300,343
2019,43300400,333
2020,43300400,333
2019,43303100,61
2020,43303100,61
2019,43303200,91
2020,43303200,91
2019,43303300,49
2020,43303300,49
2019,43303400,175
2020,43303400,175
2019,43303500,144
2020,43303500,144
2019,43305100,1265
2020,43305100,1269
2019,43306100,1903
2020,43306100,1910
2019,43307100,1197
2020,43307100,1209
2019,43307200,359
2020,43307200,359
2019,43311100,433
2020,43311100,433
2019,43311200,1194
2020,43311200,1197
2019,43311300,1229
2020,43311300,1236
2019,43311400,935
2020,43311400,935
2019,43314100,1783
2020,43314100,1814
2019,43315100,5
2020,43315100,5
2019,43315200,784
2020,43315200,787
2019,43315300,20
2020,43315300,50
2019,43315400,401
2020,43315400,401
2019,43315500,190
2020,43315500,206
2019,43315600,5
2020,43315600,5
2019,43315700,40
2020,43315700,40
2019,43315800,242
2020,43315800,252
2019,43315900,250
2020,43315900,264
2019,43317100,993
2020,43317100,1046
2019,43317200,1202
2020,43317200,1214
2019,43321100,0
2020,43321100,0
2019,43321200,1
2020,43321200,45
2019,43321300,0
2020,43321300,0
2019,43323100,314
2020,43323100,314
2019,43323200,568
2020,43323200,579
2019,43323300,606
2020,43323300,606
2019,43323400,1354
2020,43323400,1354
2019,43325100,872
2020,43325100,874
2019,43325200,1964
2020,43325200,1970
2019,43326100,58
2020,43326100,66
2019,43326200,385
2020,43326200,385
2019,43326300,374
2020,43326300,374
2019,43326400,444
2020,43326400,456
2019,43326500,273
2020,43326500,283
2019,43326600,266
2020,43326600,280
2019,43326700,154
2020,43326700,192
2019,43326800,1006
2020,43326800,1036
2019,43327100,506
2020,43327100,506
2019,43327200,1059
2020,43327200,1074
2019,43332100,166
2020,43332100,166
2019,43332200,334
2020,43332200,361
2019,43332300,221
2020,43332300,221
2019,43332400,185
2020,43332400,185
2019,43332500,1
2020,43332500,1
2019,43332600,70
2020,43332600,70
2019,43332700,346
2020,43332700,412
2019,43332800,125
2020,43332800,129
2019,43332900,237
2020,43332900,252
2019,43333100,1860
2020,43333100,1860
2019,43333200,1816
2020,43333200,1818
2019,43333300,722
2020,43333300,722
2019,43333400,1234
2020,43333400,1240
2019,43334100,568
2020,43334100,568
2019,43334200,2
2020,43334200,53
2019,43334300,25
2020,43334300,25
2019,43334400,81
2020,43334400,81
2019,43334500,1
2020,43334500,81
2019,43334600,213
2020,43334600,219
2019,43334700,161
2020,43334700,161
2019,43334800,233
2020,43334800,233
2019,43334900,0
2020,43334900,0
2019,43337100,29
2020,43337100,102
2019,43337200,1606
2020,43337200,1640
2019,43337300,276
2020,43337300,290
2019,43337400,1372
2020,43337400,1372
2019,43337500,338
2020,43337500,361
2019,43337600,1564
2020,43337600,1595
2019,43341100,395
2020,43341100,395
2019,43341200,468
2020,43341200,484
2019,43341300,904
2020,43341300,904
2019,43341400,129
2020,43341400,129
2019,43341500,120
2020,43341500,120
2019,43341600,119
2020,43341600,119
2019,43341700,1
2020,43341700,1
2019,43341800,86
2020,43341800,86
2019,43387100,439
2020,43387100,439
2019,43387200,354
2020,43387200,375
2019,43387300,616
2020,43387300,616
2019,43387400,764
2020,43387400,768
2019,43387500,1639
2020,43387500,1639
2019,43388100,65
2020,43388100,65
2019,43388200,9
2020,43388200,9
2019,43388300,53
2020,43388300,53
2019,43388400,121
2020,43388400,121
2019,43388500,529
2020,43388500,529
2019,43388600,365
2020,43388600,365
2019,43388700,126
2020,43388700,126
2019,43389100,729
2020,43389100,729
2019,43389200,887
2020,43389200,887
2019,43389300,195
2020,43389300,207
2019,43389400,735
2020,43389400,742
2019,43389500,334
2020,43389500,339
2019,43389600,366
2020,43389600,379
2019,43390100,1254
2020,43390100,1254
2019,43390200,636
2020,43390200,636
2019,43391100,0
2020,43391100,35
2019,43391200,876
2020,43391200,889
2019,43391300,1
2020,43391300,1
2019,43391400,303
2020,43391400,331
2019,43392100,672
2020,43392100,672
2019,43392200,1067
2020,43392200,1067
2019,43393100,1115
2020,43393100,1125
2019,43393200,156
2020,43393200,158
2019,43393300,5
2020,43393300,5
2019,43393400,139
2020,43393400,143
2019,43393500,30
2020,43393500,31
2019,43394100,1141
2020,43394100,1152
2019,43395100,422
2020,43395100,433
2019,43395200,18
2020,43395200,18
2019,43396100,964
2020,43396100,996
2019,43397100,1091
2020,43397100,1121
2019,43397200,16
2020,43397200,16
2019,43398100,848
2020,43398100,848
2019,43398200,448
2020,43398200,479
2019,43398300,308
2020,43398300,308
2019,43398400,616
2020,43398400,650
2019,43399100,130
2020,43399100,130
2019,43399200,1822
2020,43399200,1865
2019,43399300,195
2020,43399300,280
2019,43399400,1402
2020,43399400,1423
2019,43399500,897
2020,43399500,897
2019,43399600,42
2020,43399600,50
2019,43399700,36
2020,43399700,36
2019,43399800,75
2020,43399800,75
2019,43401100,1
2020,43401100,1
2019,43401200,695
2020,43401200,720
2019,43401300,139
2020,43401300,153
2019,43401400,304
2020,43401400,304
2019,43401500,644
2020,43401500,644
2019,43342100,30
2020,43342100,30
2019,43342200,0
2020,43342200,0
2019,43342300,169
2020,43342300,169
2019,43342400,413
2020,43342400,443
2019,43342500,29
2020,43342500,29
2019,43342600,196
2020,43342600,196
2019,43342700,9
2020,43342700,9
2019,43342800,44
2020,43342800,44
2019,43342900,27
2020,43342900,27
2019,43343100,820
2020,43343100,820
2019,43343200,1149
2020,43343200,1149
2019,43347100,14
2020,43347100,14
2019,43347200,21
2020,43347200,21
2019,43347300,4
2020,43347300,4
2019,43347400,1
2020,43347400,1
2019,43347500,200
2020,43347500,200
2019,43347600,72
2020,43347600,72
2019,43347700,48
2020,43347700,48
2019,43348100,24
2020,43348100,24
2019,43350100,0
2020,43350100,0
2019,43350200,24
2020,43350200,24
2019,43350300,0
2020,43350300,0
2019,43351100,275
2020,43351100,275
2019,43351200,924
2020,43351200,924
2019,43351300,15
2020,43351300,15
2019,43351400,357
2020,43351400,357
2019,43351500,179
2020,43351500,179
2019,43351600,392
2020,43351600,392
2019,43352100,596
2020,43352100,596
2019,43354100,1756
2020,43354100,1756
2019,43355100,1
2020,43355100,1
2019,43355200,1198
2020,43355200,1198
2019,43355300,844
2020,43355300,844
2019,43355400,691
2020,43355400,691
2019,43355500,1721
2020,43355500,1721
2019,43356100,799
2020,43356100,799
2019,43356200,1091
2020,43356200,1091
2019,43356300,269
2020,43356300,269
2019,43357100,367
2020,43357100,367
2019,43357200,39
2020,43357200,41
2019,43357300,264
2020,43357300,264
2019,43357400,330
2020,43357400,330
2019,43357500,423
2020,43357500,431
2019,43357600,311
2020,43357600,311
2019,43357700,384
2020,43357700,384
2019,43357800,180
2020,43357800,180
2019,43358100,1006
2020,43358100,1006
2019,43358200,694
2020,43358200,694
2019,43360100,465
2020,43360100,465
2019,43360200,1535
2020,43360200,1535
2019,43360300,139
2020,43360300,139
2019,43361100,1418
2020,43361100,1566
2019,43363100,608
2020,43363100,608
2019,43363200,1557
2020,43363200,2281
2019,43363300,240
2020,43363300,240
2019,43363400,124
2020,43363400,124
2019,43364100,473
2020,43364100,473
2019,43364200,867
2020,43364200,867
2019,43364300,325
2020,43364300,337
2019,43364400,60
2020,43364400,60
2019,43364500,578
2020,43364500,578
2019,43364600,364
2020,43364600,364
2019,43365100,301
2020,43365100,301
2019,43365200,66
2020,43365200,66
2019,43365300,252
2020,43365300,252
2019,43365400,283
2020,43365400,283
2019,43366100,488
2020,43366100,488
2019,43366200,572
2020,43366200,572
2019,43367100,1011
2020,43367100,1011
2019,43368100,550
2020,43368100,550
2019,43368200,281
2020,43368200,281
2019,43368300,388
2020,43368300,388
2019,43371100,763
2020,43371100,763
2019,43371200,241
2020,43371200,241
2019,43372100,237
2020,43372100,237
2019,43372200,801
2020,43372200,801
2019,43373100,600
2020,43373100,600
2019,43373200,434
2020,43373200,434
2019,43375100,405
2020,43375100,405
2019,43375200,734
2020,43375200,734
2019,43376100,162
2020,43376100,162
2019,43376200,914
2020,43376200,914
2019,43379100,676
2020,43379100,676
2019,43380100,342
2020,43380100,342
2019,43380200,361
2020,43380200,361
2019,43381100,517
2020,43381100,517
2019,43381200,702
2020,43381200,702
2019,43381300,59
2020,43381300,59
2019,43381400,297
2020,43381400,297
2019,43382100,433
2020,43382100,433
2019,43382200,271
2020,43382200,271
2019,43382300,111
2020,43382300,111
2019,43382400,34
2020,43382400,34
2019,43382500,63
2020,43382500,63
2019,43382600,112
2020,43382600,112
2019,43382700,611
2020,43382700,611
2019,43382800,293
2020,43382800,293
2019,43383100,76
2020,43383100,76
2019,43383200,215
2020,43383200,215
2019,43383300,428
2020,43383300,428
2019,43384100,907
2020,43384100,907
2019,43386100,288
2020,43386100,288
2019,43386200,712
2020,43386200,712
2019,43386300,489
2020,43386300,489
2019,43429200,136
2020,43429200,138
2019,43429300,2283
2020,43429300,2283
2019,43429500,473
2020,43429500,473
2019,43435100,480
2020,43435100,480
2019,43435200,444
2020,43435200,444
2019,43435300,504
2020,43435300,504
2019,43435400,1113
2020,43435400,1113
2019,43435500,3271
2020,43435500,3271
2019,43435600,4
2020,43435600,4
2019,43438100,37
2020,43438100,37
2019,43438200,123
2020,43438200,235
2019,43438300,16
2020,43438300,16
2019,43438400,22
2020,43438400,22
2019,43438500,24
2020,43438500,24
2019,43440100,137
2020,43440100,137
2019,43440200,49
2020,43440200,49
2019,43440300,60
2020,43440300,60
2019,43440400,205
2020,43440400,205
2019,43440700,130
2020,43440700,130
2019,43441100,32
2020,43441100,32
2019,43441200,91
2020,43441200,91
2019,43442100,285
2020,43442100,285
2019,43442200,267
2020,43442200,267
2019,43442300,108
2020,43442300,108
2019,43442400,32
2020,43442400,32
2019,43442500,21
2020,43442500,21
2019,43442600,25
2020,43442600,25
2019,43443100,674
2020,43443100,674
2019,43443200,131
2020,43443200,131
2019,43345100,125
2020,43345100,125
2019,43345200,131
2020,43345200,3400
2019,43345300,208
2020,43345300,581
2019,43345400,281
2020,43345400,281
2019,43345500,10
2020,43345500,10
2019,43345600,1
2020,43345600,1
2019,43345700,2
2020,43345700,2
2019,43345800,268
2020,43345800,493
2019,43345900,321
2020,43345900,321
2019,43346100,144
2020,43346100,144
2019,43346200,1373
2020,43346200,1373
2019,43346300,370
2020,43346300,370
2019,43346400,51
2020,43346400,51
2019,43349100,4
2020,43349100,4
2019,43349200,11
2020,43349200,11
2019,43353100,3
2020,43353100,3
2019,43353200,0
2020,43353200,0
2019,43353300,0
2020,43353300,0
2019,43353400,513
2020,43353400,513
2019,43353500,1
2020,43353500,1
2019,43353600,92
2020,43353600,92
2019,43353700,15
2020,43353700,15
2019,43359100,519
2020,43359100,519
2019,43359200,280
2020,43359200,280
2019,43359300,275
2020,43359300,275
2019,43359400,449
2020,43359400,449
2019,43359500,850
2020,43359500,899
2019,43359600,375
2020,43359600,393
2019,43359700,293
2020,43359700,294
2019,43359800,333
2020,43359800,333
2019,43359900,14
2020,43359900,14
2019,43362100,7
2020,43362100,7
2019,43362200,2
2020,43362200,2
2019,43362300,11
2020,43362300,11
2019,43362400,503
2020,43362400,688
2019,43369100,745
2020,43369100,745
2019,43369200,294
2020,43369200,294
2019,43369300,598
2020,43369300,598
2019,43369400,556
2020,43369400,556
2019,43369500,220
2020,43369500,220
2019,43369600,171
2020,43369600,171
2019,43370100,0
2020,43370100,0
2019,43370200,346
2020,43370200,346
2019,43370300,163
2020,43370300,163
2019,43370400,53
2020,43370400,53
2019,43370500,5
2020,43370500,5
2019,43370600,711
2020,43370600,723
2019,43370700,577
2020,43370700,581
2019,43374100,917
2020,43374100,934
2019,43374200,170
2020,43374200,170
2019,43374300,520
2020,43374300,520
2019,43374400,185
2020,43374400,185
2019,43374500,586
2020,43374500,586
2019,43374600,142
2020,43374600,142
2019,43374700,232
2020,43374700,232
2019,43374800,20
2020,43374800,20
2019,43377100,356
2020,43377100,356
2019,43377200,356
2020,43377200,357
2019,43377300,235
2020,43377300,235
2019,43377400,759
2020,43377400,787
2019,43377500,723
2020,43377500,772
2019,43377600,405
2020,43377600,405
2019,43377700,264
2020,43377700,303
2019,43378100,41
2020,43378100,41
2019,43378200,223
2020,43378200,223
2019,43378300,0
2020,43378300,0
2019,43378400,156
2020,43378400,156
2019,43385100,192
2020,43385100,192
2019,43385200,16
2020,43385200,16
2019,43385300,557
2020,43385300,557
2019,43385400,643
2020,43385400,643
2019,43445100,104
2020,43445100,104
2019,43446100,38
2020,43446100,38
2019,43446200,133
2020,43446200,133
2019,43447100,9
2020,43447100,9
2019,43447200,7
2020,43447200,7
2019,43447300,0
2020,43447300,0
2019,43447400,32
2020,43447400,32
2019,43447500,2
2020,43447500,2
2019,43447600,0
2020,43447600,0
2019,43448100,1041
2020,43448100,1069
2019,43448200,1369
2020,43448200,1389
2019,43449100,365
2020,43449100,411
2019,43449200,645
2020,43449200,657
2019,43449300,864
2020,43449300,867
2019,43449400,1769
2020,43449400,1779
2019,43449500,396
2020,43449500,405
2019,43450100,171
2020,43450100,171
2019,43450200,395
2020,43450200,395
2019,43450300,30
2020,43450300,30
2019,43450400,48
2020,43450400,48
2019,43450500,246
2020,43450500,246
2019,43450600,2038
2020,43450600,2066
2019,43450700,30
2020,43450700,30
2019,43450800,119
2020,43450800,119
2019,43450900,483
2020,43450900,483
2019,43451100,567
2020,43451100,567
2019,43451200,1357
2020,43451200,1372
2019,43451300,0
2020,43451300,0
2019,43452100,150
2020,43452100,199
2019,43452200,55
2020,43452200,57
2019,43452300,21
2020,43452300,21
2019,43452400,211
2020,43452400,257
2019,43453100,793
2020,43453100,823
2019,43453200,695
2020,43453200,767
2019,43453300,467
2020,43453300,524
2019,43454100,165
2020,43454100,165
2019,43454200,618
2020,43454200,628
2019,43454300,101
2020,43454300,106
2019,43454400,1738
2020,43454400,1755
2019,43454500,0
2020,43454500,0
2019,43455100,0
2020,43455100,0
2019,43455200,0
2020,43455200,0
2019,43455300,1044
2020,43455300,1044
2019,43455400,1386
2020,43455400,1394
2019,43455500,315
2020,43455500,315
2019,43456100,898
2020,43456100,898
2019,43456200,671
2020,43456200,671
2019,43456300,177
2020,43456300,177
2019,43456400,459
2020,43456400,459
2019,43457100,130
2020,43457100,130
2019,43457200,22
2020,43457200,22
2019,43457300,945
2020,43457300,960
2019,43457400,0
2020,43457400,0
2019,43457500,11
2020,43457500,11
2019,43458100,15
2020,43458100,15
2019,43458200,4
2020,43458200,4
2019,43458300,2714
2020,43458300,2714
2019,43458400,419
2020,43458400,419
2019,43459100,32
2020,43459100,32
2019,43459200,19
2020,43459200,19
2019,43459300,715
2020,43459300,715
2019,43459400,106
2020,43459400,106
2019,43459500,0
2020,43459500,0
2019,43459600,1
2020,43459600,1
2019,43460100,213
2020,43460100,213
2019,43460200,676
2020,43460200,676
2019,43461100,373
2020,43461100,469
2019,43461200,181
2020,43461200,181
2019,43461300,452
2020,43461300,452
2019,43462100,62
2020,43462100,62
2019,43463100,245
2020,43463100,245
2019,43463200,851
2020,43463200,851
2019,43463300,182
2020,43463300,182
2019,43464100,483
2020,43464100,483
2019,43464200,471
2020,43464200,471
2019,43464300,198
2020,43464300,198
2019,43464400,553
2020,43464400,553
2019,43465100,49
2020,43465100,49
2019,43465200,0
2020,43465200,0
2019,43465300,2
2020,43465300,2
2019,43465400,308
2020,43465400,308
2019,43465500,55
2020,43465500,55
2019,43465600,0
2020,43465600,0
2019,43465700,23
2020,43465700,23
2019,43465800,0
2020,43465800,0
2019,43465900,1
2020,43465900,1
2019,43466100,350
2020,43466100,350
2019,43466200,60
2020,43466200,60
2019,43466300,412
2020,43466300,412
2019,43466400,0
2020,43466400,0
2019,43466500,21
2020,43466500,21
2019,43400100,81
2020,43400100,81
2019,43400200,112
2020,43400200,112
2019,43400300,552
2020,43400300,552
2019,43400400,29
2020,43400400,29
2019,43400500,719
2020,43400500,719
2019,43404100,378
2020,43404100,541
2019,43404200,40
2020,43404200,40
2019,43404300,572
2020,43404300,592
2019,43404400,773
2020,43404400,773
2019,43404500,1337
2020,43404500,1342
2019,43408100,110
2020,43408100,110
2019,43408200,104
2020,43408200,104
2019,43408300,39
2020,43408300,39
2019,43408400,24
2020,43408400,24
2019,43408500,91
2020,43408500,91
2019,43408600,138
2020,43408600,138
2019,43408700,32
2020,43408700,32
2019,43412100,78
2020,43412100,78
2019,43412200,0
2020,43412200,1
2019,43415100,120
2020,43415100,120
2019,43415200,1
2020,43415200,1
2019,43415300,6
2020,43415300,6
2019,43415400,11
2020,43415400,11
2019,43415500,28
2020,43415500,169
2019,43415600,0
2020,43415600,140
2019,43418100,1085
2020,43418100,1259
2019,43418200,67
2020,43418200,97
2019,43419100,0
2020,43419100,0
2019,43419200,0
2020,43419200,0
2019,43420100,869
2020,43420100,869
2019,43420200,1025
2020,43420200,1085
2019,43420300,891
2020,43420300,946
2019,43424100,3
2020,43424100,3
2019,43424200,952
2020,43424200,952
2019,43425100,860
2020,43425100,860
2019,43425200,679
2020,43425200,679
2019,43426100,1064
2020,43426100,1064
2019,43427100,1761
2020,43427100,1792
2019,43428100,59
2020,43428100,61
2019,43428200,123
2020,43428200,123
2019,43428300,227
2020,43428300,228
2019,43428400,603
2020,43428400,603
2019,43428500,291
2020,43428500,298
2019,43428600,290
2020,43428600,290
2019,43429100,2386
2020,43429100,2389
2019,43429400,597
2020,43429400,599
2019,43430100,1750
2020,43430100,1750
2019,43431100,8
2020,43431100,8
2019,43431200,88
2020,43431200,88
2019,43431300,0
2020,43431300,0
2019,43431400,1090
2020,43431400,1090
2019,43431500,331
2020,43431500,331
2019,43432100,882
2020,43432100,882
2019,43432200,837
2020,43432200,838
2019,43432300,639
2020,43432300,639
2019,43432400,1621
2020,43432400,1621
2019,43434100,152
2020,43434100,153
2019,43434200,696
2020,43434200,696
2019,43434300,875
2020,43434300,875
2019,43436100,2205
2020,43436100,2205
2019,43436200,1851
2020,43436200,1851
2019,43436300,430
2020,43436300,430
2019,43436400,2302
2020,43436400,2302
2019,43436500,1304
2020,43436500,1304
2019,43436600,1297
2020,43436600,1297
2019,43436700,348
2020,43436700,348
2019,43436800,558
2020,43436800,558
2019,43437100,956
2020,43437100,983
2019,43437200,1457
2020,43437200,1457
2019,43437300,2231
2020,43437300,2231
2019,43439100,155
2020,43439100,155
2019,43440500,41
2020,43440500,41
2019,43440600,209
2020,43440600,209
2019,43440800,189
2020,43440800,189
2019,43440900,1225
2020,43440900,1225
2019,43444100,182
2020,43444100,182
2019,43402100,1803
2020,43402100,1873
2019,43402200,411
2020,43402200,442
2019,43402300,396
2020,43402300,402
2019,43402400,506
2020,43402400,518
2019,43403100,424
2020,43403100,450
2019,43403200,196
2020,43403200,197
2019,43403300,570
2020,43403300,575
2019,43405100,1123
2020,43405100,1152
2019,43405200,438
2020,43405200,441
2019,43405300,1004
2020,43405300,1013
2019,43405400,190
2020,43405400,208
2019,43405500,483
2020,43405500,483
2019,43405600,153
2020,43405600,154
2019,43406100,2363
2020,43406100,2400
2019,43406200,118
2020,43406200,130
2019,43407100,770
2020,43407100,772
2019,43407200,687
2020,43407200,705
2019,43407300,938
2020,43407300,962
2019,43409100,1074
2020,43409100,1074
2019,43409200,414
2020,43409200,422
2019,43409300,1470
2020,43409300,1491
2019,43409400,905
2020,43409400,953
2019,43410100,274
2020,43410100,320
2019,43410200,39
2020,43410200,39
2019,43410300,17
2020,43410300,17
2019,43410400,26
2020,43410400,26
2019,43410500,341
2020,43410500,341
2019,43410600,83
2020,43410600,83
2019,43410700,175
2020,43410700,281
2019,43410800,522
2020,43410800,522
2019,43411100,124
2020,43411100,124
2019,43411200,991
2020,43411200,991
2019,43411300,963
2020,43411300,963
2019,43411400,122
2020,43411400,124
2019,43411500,199
2020,43411500,199
2019,43413100,0
2020,43413100,0
2019,43413200,1042
2020,43413200,1059
2019,43413300,530
2020,43413300,531
2019,43413400,1146
2020,43413400,1174
2019,43414100,2983
2020,43414100,3039
2019,43416100,910
2020,43416100,934
2019,43416200,721
2020,43416200,740
2019,43417100,1310
2020,43417100,1310
2019,43417200,980
2020,43417200,980
2019,43417300,809
2020,43417300,810
2019,43417400,894
2020,43417400,894
2019,43421100,2372
2020,43421100,2373
2019,43421200,786
2020,43421200,786
2019,43421300,144
2020,43421300,144
2019,43422100,632
2020,43422100,633
2019,43422200,588
2020,43422200,588
2019,43422300,1772
2020,43422300,1800
2019,43422400,197
2020,43422400,197
2019,43422500,30
2020,43422500,30
2019,43423100,503
2020,43423100,503
2019,43423200,481
2020,43423200,481
2019,43423300,1514
2020,43423300,1519
2019,43423400,469
2020,43423400,469
2019,43423500,355
2020,43423500,355
2019,43423600,24
2020,43423600,205
2019,43423700,414
2020,43423700,415
2019,43433100,1150
2020,43433100,1150
2019,43433200,58
2020,43433200,58
2019,43433300,1577
2020,43433300,1577
2019,43467100,364
2020,43467100,364
2019,43467200,731
2020,43467200,731
2019,43468100,1876
2020,43468100,1876
2019,43468200,7
2020,43468200,7
2019,43468300,37
2020,43468300,37
2019,43468400,26
2020,43468400,26
2019,43468500,31
2020,43468500,31
2019,43468600,1
2020,43468600,1
2019,43468700,0
2020,43468700,0
2019,43469100,678
2020,43469100,678
2019,43469200,340
2020,43469200,340
2019,43471100,0
2020,43471100,0
2019,43471200,337
2020,43471200,337
2019,43471300,0
2020,43471300,0
2019,43471400,18
2020,43471400,18
2019,43472100,0
2020,43472100,0
2019,43472200,10
2020,43472200,10
2019,43472300,116
2020,43472300,116
2019,43473100,0
2020,43473100,0
2019,43473200,32
2020,43473200,32
2019,43473300,1
2020,43473300,1
2019,43473400,388
2020,43473400,388
2019,43475100,110
2020,43475100,110
2019,43475200,0
2020,43475200,0
2019,43475300,8
2020,43475300,8
2019,43476100,3
2020,43476100,3
2019,43476200,79
2020,43476200,79
2019,43476300,1145
2020,43476300,1145
2019,43477100,1541
2020,43477100,1547
2019,43477200,415
2020,43477200,437
2019,43478100,242
2020,43478100,242
2019,43478200,545
2020,43478200,545
2019,43479100,527
2020,43479100,527
2019,43479200,596
2020,43479200,596
2019,43480100,707
2020,43480100,707
2019,43480200,779
2020,43480200,779
2019,43482100,1037
2020,43482100,1037
2019,43482200,1057
2020,43482200,1057
2019,43483100,1123
2020,43483100,1123
2019,43483200,1051
2020,43483200,1051
2019,43484100,1006
2020,43484100,1006
2019,43484200,750
2020,43484200,750
2019,43485100,659
2020,43485100,659
2019,43485200,882
2020,43485200,882
2019,43485300,802
2020,43485300,802
2019,43489100,1642
2020,43489100,1642
2019,43489200,0
2020,43489200,0
2019,43490100,1513
2020,43490100,1603
2019,43490200,563
2020,43490200,563
2019,43490300,19
2020,43490300,19
2019,43491100,412
2020,43491100,412
2019,43491200,1075
2020,43491200,1075
2019,43495100,391
2020,43495100,391
2019,43495200,67
2020,43495200,67
2019,43496100,501
2020,43496100,501
2019,43496200,63
2020,43496200,63
2019,43497100,133
2020,43497100,133
2019,43497200,0
2020,43497200,0
2019,43497300,803
2020,43497300,804
2019,43497400,104
2020,43497400,104
2019,43498100,948
2020,43498100,1053
2019,43498200,426
2020,43498200,426
2019,43498300,43
2020,43498300,43
2019,43498400,862
2020,43498400,970
2019,43500100,86
2020,43500100,86
2019,43500200,0
2020,43500200,0
2019,43500300,524
2020,43500300,524
2019,43500400,202
2020,43500400,202
2019,43502100,521
2020,43502100,521
2019,43502200,0
2020,43502200,0
2019,43502300,542
2020,43502300,542
2019,43502400,2207
2020,43502400,2308
2019,43504100,827
2020,43504100,827
2019,43504200,1601
2020,43504200,1601
2019,43507100,1
2020,43507100,1
2019,43507200,28
2020,43507200,28
2019,43507300,629
2020,43507300,629
2019,43507400,344
2020,43507400,344
2019,43507500,360
2020,43507500,360
2019,43507600,57
2020,43507600,57
2019,43507700,5
2020,43507700,5
2019,43508100,1783
2020,43508100,1816
2019,43508200,1331
2020,43508200,1331
2019,43509100,390
2020,43509100,390
2019,43509200,954
2020,43509200,954
2019,43510100,107
2020,43510100,127
2019,43510200,1021
2020,43510200,1021
2019,43511100,407
2020,43511100,409
2019,43511200,495
2020,43511200,500
2019,43512100,1684
2020,43512100,1684
2019,43512200,100
2020,43512200,100
2019,43512300,32
2020,43512300,32
2019,43512400,163
2020,43512400,187
2019,43513100,427
2020,43513100,430
2019,43513200,537
2020,43513200,537
2019,43514100,1176
2020,43514100,1307
2019,43514200,760
2020,43514200,760
2019,43514300,462
2020,43514300,462
2019,43515100,0
2020,43515100,0
2019,43515200,0
2020,43515200,0
2019,43515300,0
2020,43515300,0
2019,43515400,0
2020,43515400,0
2019,43517100,263
2020,43517100,276
2019,43517200,197
2020,43517200,197
2019,43517300,719
2020,43517300,720
2019,43518200,106
2020,43518200,106
2019,43518300,29
2020,43518300,29
2019,43519100,185
2020,43519100,346
2019,43519200,1025
2020,43519200,1025
2019,43520100,418
2020,43520100,427
2019,43520200,703
2020,43520200,715
2019,43521100,221
2020,43521100,222
2019,43521200,276
2020,43521200,276
2019,43521300,377
2020,43521300,377
2019,43522100,2
2020,43522100,104
2019,43522200,0
2020,43522200,0
2019,43522300,188
2020,43522300,274
2019,43523100,145
2020,43523100,178
2019,43523200,247
2020,43523200,289
2019,43523300,593
2020,43523300,601
2019,43524100,78
2020,43524100,80
2019,43524200,761
2020,43524200,765
2019,43528300,727
2020,43528300,735
2019,43596200,301
2020,43596200,301
2019,43596300,113
2020,43596300,113
2019,43470100,632
2020,43470100,632
2019,43470200,291
2020,43470200,291
2019,43470300,236
2020,43470300,236
2019,43470400,331
2020,43470400,331
2019,43474100,0
2020,43474100,0
2019,43474200,17
2020,43474200,20
2019,43474300,29
2020,43474300,29
2019,43474400,10
2020,43474400,10
2019,43474500,162
2020,43474500,500
2019,43474600,154
2020,43474600,154
2019,43474700,0
2020,43474700,0
2019,43474800,3
2020,43474800,3
2019,43474900,0
2020,43474900,0
2019,43481100,152
2020,43481100,152
2019,43481200,217
2020,43481200,217
2019,43486100,1102
2020,43486100,1103
2019,43486200,1175
2020,43486200,1175
2019,43486300,52
2020,43486300,52
2019,43486400,71
2020,43486400,71
2019,43486500,767
2020,43486500,800
2019,43487100,0
2020,43487100,0
2019,43488100,1
2020,43488100,1
2019,43488200,1
2020,43488200,1
2019,43488300,58
2020,43488300,58
2019,43488400,0
2020,43488400,0
2019,43488500,1
2020,43488500,1
2019,43488600,114
2020,43488600,114
2019,43492100,700
2020,43492100,704
2019,43492200,1181
2020,43492200,1200
2019,43493100,416
2020,43493100,416
2019,43494100,243
2020,43494100,243
2019,43494200,684
2020,43494200,729
2019,43494300,669
2020,43494300,672
2019,43499100,746
2020,43499100,759
2019,43499200,891
2020,43499200,891
2019,43499300,505
2020,43499300,505
2019,43501100,873
2020,43501100,876
2019,43501200,208
2020,43501200,208
2019,43501300,575
2020,43501300,575
2019,43501400,966
2020,43501400,966
2019,43501500,404
2020,43501500,404
2019,43501600,38
2020,43501600,38
2019,43503100,0
2020,43503100,0
2019,43503200,1
2020,43503200,1
2019,43503300,0
2020,43503300,0
2019,43505100,22
2020,43505100,22
2019,43505200,37
2020,43505200,37
2019,43505300,0
2020,43505300,0
2019,43505400,279
2020,43505400,279
2019,43505500,19
2020,43505500,19
2019,43505600,104
2020,43505600,104
2019,43505700,335
2020,43505700,335
2019,43506100,152
2020,43506100,154
2019,43506200,70
2020,43506200,70
2019,43516100,680
2020,43516100,680
2019,43518100,682
2020,43518100,682
2019,43525100,591
2020,43525100,591
2019,43525200,41
2020,43525200,41
2019,43525300,53
2020,43525300,53
2019,43525400,762
2020,43525400,762
2019,43525500,434
2020,43525500,434
2019,43525600,150
2020,43525600,150
2019,43526100,636
2020,43526100,636
2019,43526200,1304
2020,43526200,1304
2019,43527100,11
2020,43527100,11
2019,43527200,943
2020,43527200,943
2019,43527300,254
2020,43527300,254
2019,43527400,1
2020,43527400,1
2019,43527500,1139
2020,43527500,1139
2019,43528100,838
2020,43528100,853
2019,43528200,1072
2020,43528200,1076
2019,43529100,164
2020,43529100,174
2019,43529200,1917
2020,43529200,1917
2019,43530100,2242
2020,43530100,2245
2019,43530200,128
2020,43530200,128
2019,43530300,1215
2020,43530300,1251
2019,43531100,1369
2020,43531100,1384
2019,43531200,846
2020,43531200,894
2019,43532100,717
2020,43532100,717
2019,43532200,669
2020,43532200,669
2019,43533100,48
2020,43533100,48
2019,43533200,131
2020,43533200,131
2019,43533300,590
2020,43533300,590
2019,43533400,591
2020,43533400,591
2019,43534100,682
2020,43534100,858
2019,43534200,993
2020,43534200,1231
2019,43535100,183
2020,43535100,183
2019,43536100,342
2020,43536100,342
2019,43536200,2
2020,43536200,2
2019,43537100,148
2020,43537100,148
2019,43538100,991
2020,43538100,991
2019,43538200,956
2020,43538200,956
2019,43538300,1261
2020,43538300,1261
2019,43539100,883
2020,43539100,883
2019,43539200,626
2020,43539200,626
2019,43540100,410
2020,43540100,410
2019,43540200,724
2020,43540200,724
2019,43540300,5
2020,43540300,5
2019,43540400,290
2020,43540400,290
2019,43540500,385
2020,43540500,385
2019,43541100,68
2020,43541100,68
2019,43541200,1332
2020,43541200,1338
2019,43541300,924
2020,43541300,925
2019,43542100,1755
2020,43542100,1755
2019,43543100,1386
2020,43543100,1386
2019,43544100,889
2020,43544100,889
2019,43544200,867
2020,43544200,867
2019,43545100,769
2020,43545100,769
2019,43545200,1982
2020,43545200,2206
2019,43546100,1055
2020,43546100,1055
2019,43546200,1225
2020,43546200,1225
2019,43546300,1711
2020,43546300,1711
2019,43547100,1295
2020,43547100,1295
2019,43547200,1686
2020,43547200,1686
2019,43548100,1499
2020,43548100,1499
2019,43548200,899
2020,43548200,899
2019,43549200,597
2020,43549200,597
2019,43549300,829
2020,43549300,829
2019,43596100,27
2020,43596100,27
2019,43597100,39
2020,43597100,39
2019,43597200,60
2020,43597200,60
2019,43597300,1
2020,43597300,1
2019,43549100,1481
2020,43549100,1481
2019,43550100,770
2020,43550100,770
2019,43550200,780
2020,43550200,780
2019,43550300,144
2020,43550300,144
2019,43551100,539
2020,43551100,539
2019,43551200,1791
2020,43551200,2326
2019,43551300,470
2020,43551300,470
2019,43552100,1
2020,43552100,1
2019,43552200,332
2020,43552200,332
2019,43552300,696
2020,43552300,696
2019,43552400,78
2020,43552400,78
2019,43552500,243
2020,43552500,243
2019,43552600,219
2020,43552600,219
2019,43553100,872
2020,43553100,872
2019,43553200,1066
2020,43553200,1066
2019,43553300,895
2020,43553300,1483
2019,43554100,267
2020,43554100,267
2019,43554200,108
2020,43554200,108
2019,43554300,504
2020,43554300,504
2019,43555100,574
2020,43555100,574
2019,43556100,1147
2020,43556100,1147
2019,43556200,708
2020,43556200,708
2019,43556300,721
2020,43556300,721
2019,43556400,425
2020,43556400,425
2019,43556500,0
2020,43556500,0
2019,43557100,876
2020,43557100,876
2019,43557200,839
2020,43557200,839
2019,43558100,626
2020,43558100,626
2019,43558200,0
2020,43558200,0
2019,43558300,1424
2020,43558300,1424
2019,43559100,497
2020,43559100,497
2019,43559200,659
2020,43559200,659
2019,43560100,1043
2020,43560100,1043
2019,43561100,1012
2020,43561100,1012
2019,43561200,542
2020,43561200,542
2019,43562100,1852
2020,43562100,1852
2019,43562200,1063
2020,43562200,1063
2019,43563100,1
2020,43563100,1
2019,43563200,515
2020,43563200,515
2019,43563300,176
2020,43563300,176
2019,43563400,0
2020,43563400,0
2019,43563500,99
2020,43563500,99
2019,43564100,1391
2020,43564100,1391
2019,43564200,1385
2020,43564200,1388
2019,43565100,493
2020,43565100,493
2019,43565200,159
2020,43565200,159
2019,43565300,24
2020,43565300,24
2019,43565400,13
2020,43565400,13
2019,43565500,20
2020,43565500,20
2019,43566100,152
2020,43566100,152
2019,43566200,176
2020,43566200,176
2019,43566300,255
2020,43566300,255
2019,43566400,632
2020,43566400,632
2019,43566500,52
2020,43566500,52
2019,43566600,90
2020,43566600,90
2019,43566700,11
2020,43566700,11
2019,43566800,77
2020,43566800,77
2019,43566900,7
2020,43566900,7
2019,43567100,283
2020,43567100,283
2019,43567200,16
2020,43567200,16
2019,43567300,40
2020,43567300,40
2019,43567400,11
2020,43567400,11
2019,43567500,45
2020,43567500,45
2019,43567600,0
2020,43567600,0
2019,43567700,59
2020,43567700,59
2019,43567800,39
2020,43567800,39
2019,43568100,918
2020,43568100,918
2019,43568200,84
2020,43568200,84
2019,43568300,469
2020,43568300,469
2019,43568400,836
2020,43568400,836
2019,43568500,156
2020,43568500,156
2019,43569100,915
2020,43569100,915
2019,43569200,1153
2020,43569200,1170
2019,43570100,175
2020,43570100,175
2019,43570200,617
2020,43570200,719
2019,43571100,6
2020,43571100,6
2019,43571200,1183
2020,43571200,1184
2019,43571300,398
2020,43571300,398
2019,43571400,1088
2020,43571400,1091
2019,43571500,0
2020,43571500,0
2019,43572100,83
2020,43572100,288
2019,43572200,4
2020,43572200,4
2019,43572300,46
2020,43572300,46
2019,43572400,0
2020,43572400,0
2019,43572500,674
2020,43572500,674
2019,43573100,489
2020,43573100,623
2019,43573200,879
2020,43573200,887
2019,43574100,749
2020,43574100,963
2019,43574200,256
2020,43574200,256
2019,43575100,23
2020,43575100,23
2019,43575200,222
2020,43575200,222
2019,43575300,0
2020,43575300,0
2019,43575400,155
2020,43575400,155
2019,43576100,24
2020,43576100,24
2019,43576200,13
2020,43576200,13
2019,43576300,30
2020,43576300,30
2019,43576400,6
2020,43576400,6
2019,43576500,1
2020,43576500,1
2019,43577100,286
2020,43577100,286
2019,43577200,1
2020,43577200,1
2019,43577300,1
2020,43577300,1
2019,43577400,244
2020,43577400,244
2019,43577500,248
2020,43577500,248
2019,43577600,28
2020,43577600,28
2019,43577700,9
2020,43577700,9
2019,43577800,47
2020,43577800,47
2019,43577900,55
2020,43577900,55
2019,43578100,20
2020,43578100,20
2019,43578200,27
2020,43578200,27
2019,43578300,0
2020,43578300,0
2019,43578400,247
2020,43578400,247
2019,43578500,20
2020,43578500,20
2019,43578600,1
2020,43578600,1
2019,43578700,79
2020,43578700,79
2019,43578800,4
2020,43578800,4
2019,43578900,3
2020,43578900,3
2019,43579100,160
2020,43579100,160
2019,43579200,55
2020,43579200,55
2019,43579300,1
2020,43579300,1
2019,43580100,1
2020,43580100,1
2019,43580200,5
2020,43580200,5
2019,43580300,3
2020,43580300,3
2019,43580400,152
2020,43580400,152
2019,43580500,197
2020,43580500,197
2019,43580600,0
2020,43580600,0
2019,43580700,1490
2020,43580700,1490
2019,43580800,17
2020,43580800,17
2019,43580900,43
2020,43580900,43
2019,43581100,12
2020,43581100,12
2019,43581200,117
2020,43581200,117
2019,43581300,13
2020,43581300,13
2019,43581400,10
2020,43581400,10
2019,43581500,1
2020,43581500,1
2019,43581600,6
2020,43581600,6
2019,43581700,84
2020,43581700,84
2019,43582100,0
2020,43582100,0
2019,43583100,35
2020,43583100,35
2019,43583200,176
2020,43583200,176
2019,43583300,496
2020,43583300,496
2019,43583400,96
2020,43583400,96
2019,43583500,83
2020,43583500,83
2019,43584100,0
2020,43584100,0
2019,43585100,198
2020,43585100,198
2019,43586100,0
2020,43586100,0
2019,43587100,250
2020,43587100,358
2019,43587200,1
2020,43587200,1
2019,43588100,176
2020,43588100,176
2019,43589100,536
2020,43589100,536
2019,43590100,682
2020,43590100,689
2019,43591100,941
2020,43591100,941
2019,43592100,1064
2020,43592100,1073
2019,43593100,1071
2020,43593100,1077
2019,43594100,594
2020,43594100,759
2019,43595100,93
2020,43595100,93
2019,53598100,549
2020,53598100,553
2019,53598200,3122
2020,53598200,3165
2019,53599100,880
2020,53599100,894
2019,53600100,1462
2020,53600100,1459
2019,53600200,79
2020,53600200,78
2019,53601100,1353
2020,53601100,1353
2019,53601200,584
2020,53601200,583
2019,53602100,1692
2020,53602100,1699
2019,53603100,1171
2020,53603100,1174
2019,53603200,13
2020,53603200,52
2019,53603300,665
2020,53603300,670
2019,53604100,37
2020,53604100,37
2019,53604200,474
2020,53604200,476
2019,53604300,620
2020,53604300,622
2019,53604400,0
2020,53604400,0
2019,53604500,2
2020,53604500,6
2019,53604600,289
2020,53604600,290
2019,53604700,449
2020,53604700,450
2019,53604800,10
2020,53604800,10
2019,53605100,1374
2020,53605100,1385
2019,53605200,682
2020,53605200,684
2019,53606100,819
2020,53606100,831
2019,53606200,3
2020,53606200,3
2019,53607100,344
2020,53607100,344
2019,53607200,2
2020,53607200,2
2019,53607300,562
2020,53607300,562
2019,53609100,2595
2020,53609100,2623
2019,53609200,1024
2020,53609200,1030
2019,53612100,399
2020,53612100,400
2019,53612200,997
2020,53612200,1007
2019,53612300,512
2020,53612300,513
2019,53612400,1086
2020,53612400,1088
2019,53612500,554
2020,53612500,554
2019,53613100,169
2020,53613100,172
2019,53613200,12
2020,53613200,21
2019,53613300,713
2020,53613300,715
2019,53613400,0
2020,53613400,0
2019,53613500,1
2020,53613500,1
2019,53613600,0
2020,53613600,0
2019,53614100,1
2020,53614100,1
2019,53614200,192
2020,53614200,204
2019,53614300,2134
2020,53614300,2152
2019,53614400,313
2020,53614400,313
2019,53614500,1174
2020,53614500,1203
2019,53615100,0
2020,53615100,0
2019,53615200,0
2020,53615200,0
2019,53615300,13
2020,53615300,17
2019,53615400,0
2020,53615400,22
2019,53615500,1
2020,53615500,1
2019,53617100,514
2020,53617100,514
2019,53617200,363
2020,53617200,381
2019,53617300,748
2020,53617300,756
2019,53617400,748
2020,53617400,757
2019,53621100,1
2020,53621100,17
2019,53621200,364
2020,53621200,366
2019,53621300,115
2020,53621300,118
2019,53621400,527
2020,53621400,533
2019,53621500,554
2020,53621500,558
2019,53621600,508
2020,53621600,515
2019,53624100,1163
2020,53624100,1170
2019,53624200,646
2020,53624200,649
2019,53624300,651
2020,53624300,653
2019,53625100,0
2020,53625100,5
2019,53625200,592
2020,53625200,599
2019,53625300,5
2020,53625300,5
2019,53625400,18
2020,53625400,23
2019,53626100,2395
2020,53626100,2395
2019,53629100,394
2020,53629100,396
2019,53629200,683
2020,53629200,701
2019,53629300,346
2020,53629300,347
2019,53630100,1
2020,53630100,1
2019,53630200,758
2020,53630200,760
2019,53633100,2021
2020,53633100,2032
2019,53643100,668
2020,53643100,676
2019,53643200,1085
2020,53643200,1088
2019,53643300,277
2020,53643300,279
2019,53644100,1402
2020,53644100,1420
2019,53644200,1154
2020,53644200,1176
2019,53644300,721
2020,53644300,734
2019,53644400,377
2020,53644400,379
2019,53653100,5
2020,53653100,81
2019,53653200,18
2020,53653200,79
2019,53653300,2
2020,53653300,2
2019,53653400,13
2020,53653400,13
2019,53657100,1297
2020,53657100,1366
2019,53657200,980
2020,53657200,996
2019,53657300,549
2020,53657300,567
2019,53657400,1114
2020,53657400,1264
2019,53657500,3
2020,53657500,35
2019,53657600,5
2020,53657600,5
2019,53658100,0
2020,53658100,0
2019,53658200,2
2020,53658200,2
2019,53669100,9
2020,53669100,48
2019,53669200,13
2020,53669200,114
2019,53669300,0
2020,53669300,9
2019,53669400,0
2020,53669400,0
2019,53669500,5
2020,53669500,5
2019,53669600,0
2020,53669600,0
2019,53669700,2
2020,53669700,48
2019,53682100,295
2020,53682100,315
2019,53682200,5
2020,53682200,66
2019,53682300,1077
2020,53682300,1096
2019,53683500,7
2020,53683500,67
2019,53608100,120
2020,53608100,120
2019,53608200,31
2020,53608200,31
2019,53608300,721
2020,53608300,721
2019,53608400,868
2020,53608400,868
2019,53610100,912
2020,53610100,912
2019,53610200,724
2020,53610200,797
2019,53610300,99
2020,53610300,121
2019,53610400,1
2020,53610400,1
2019,53611100,392
2020,53611100,405
2019,53611200,374
2020,53611200,374
2019,53611300,439
2020,53611300,439
2019,53611400,679
2020,53611400,679
2019,53616100,172
2020,53616100,226
2019,53616200,535
2020,53616200,643
2019,53616300,182
2020,53616300,203
2019,53616400,397
2020,53616400,401
2019,53616500,0
2020,53616500,0
2019,53616600,0
2020,53616600,259
2019,53616700,491
2020,53616700,491
2019,53618100,258
2020,53618100,258
2019,53618200,257
2020,53618200,257
2019,53618300,658
2020,53618300,658
2019,53618400,484
2020,53618400,484
2019,53619100,668
2020,53619100,668
2019,53619200,314
2020,53619200,314
2019,53619300,838
2020,53619300,838
2019,53619400,931
2020,53619400,939
2019,53620100,164
2020,53620100,164
2019,53620200,453
2020,53620200,460
2019,53620300,26
2020,53620300,43
2019,53622100,1467
2020,53622100,1469
2019,53622200,222
2020,53622200,234
2019,53622300,882
2020,53622300,895
2019,53622400,485
2020,53622400,485
2019,53622500,644
2020,53622500,647
2019,53623100,70
2020,53623100,70
2019,53623200,629
2020,53623200,629
2019,53623300,799
2020,53623300,799
2019,53631100,1259
2020,53631100,1259
2019,53631200,527
2020,53631200,527
2019,53631300,867
2020,53631300,867
2019,53632100,1475
2020,53632100,1475
2019,53632200,579
2020,53632200,579
2019,53632300,548
2020,53632300,550
2019,53634100,700
2020,53634100,703
2019,53634200,321
2020,53634200,326
2019,53634300,652
2020,53634300,661
2019,53634400,1184
2020,53634400,1184
2019,53636100,807
2020,53636100,826
2019,53636200,679
2020,53636200,679
2019,53636300,905
2020,53636300,907
2019,53637100,385
2020,53637100,388
2019,53637200,601
2020,53637200,603
2019,53637300,876
2020,53637300,876
2019,53642100,632
2020,53642100,632
2019,53642200,477
2020,53642200,477
2019,53648100,782
2020,53648100,827
2019,53648200,552
2020,53648200,552
2019,53648300,359
2020,53648300,368
2019,53648400,122
2020,53648400,129
2019,53650100,720
2020,53650100,724
2019,53650200,415
2020,53650200,417
2019,53650300,270
2020,53650300,275
2019,53650400,668
2020,53650400,676
2019,53650500,410
2020,53650500,412
2019,53650600,195
2020,53650600,198
2019,53654100,1147
2020,53654100,1160
2019,53654200,871
2020,53654200,876
2019,53655100,483
2020,53655100,485
2019,53655200,48
2020,53655200,48
2019,53655300,47
2020,53655300,47
2019,53656100,575
2020,53656100,575
2019,53656200,558
2020,53656200,561
2019,53656300,1623
2020,53656300,1632
2019,53627100,1009
2020,53627100,1014
2019,53627200,737
2020,53627200,734
2019,53627300,1122
2020,53627300,1130
2019,53628100,712
2020,53628100,721
2019,53628200,962
2020,53628200,966
2019,53635100,599
2020,53635100,600
2019,53635200,17
2020,53635200,17
2019,53635300,0
2020,53635300,0
2019,53635400,252
2020,53635400,252
2019,53635500,27
2020,53635500,26
2019,53638100,677
2020,53638100,678
2019,53638200,734
2020,53638200,734
2019,53638300,756
2020,53638300,756
2019,53638400,857
2020,53638400,870
2019,53639100,602
2020,53639100,611
2019,53639200,496
2020,53639200,499
2019,53640100,1288
2020,53640100,1297
2019,53640200,526
2020,53640200,525
2019,53640300,530
2020,53640300,533
2019,53640400,907
2020,53640400,907
2019,53641100,843
2020,53641100,848
2019,53641200,701
2020,53641200,715
2019,53645100,303
2020,53645100,305
2019,53645200,387
2020,53645200,394
2019,53645300,365
2020,53645300,370
2019,53645400,239
2020,53645400,251
2019,53646100,719
2020,53646100,718
2019,53646200,803
2020,53646200,805
2019,53647100,91
2020,53647100,91
2019,53647200,357
2020,53647200,357
2019,53647300,71
2020,53647300,71
2019,53647400,950
2020,53647400,951
2019,53647500,280
2020,53647500,280
2019,53647600,828
2020,53647600,829
2019,53647700,536
2020,53647700,534
2019,53649100,52
2020,53649100,50
2019,53649200,22
2020,53649200,23
2019,53649300,324
2020,53649300,323
2019,53649400,27
2020,53649400,27
2019,53651100,648
2020,53651100,648
2019,53651200,809
2020,53651200,810
2019,53651300,830
2020,53651300,834
2019,53652100,15
2020,53652100,40
2019,53652200,9
2020,53652200,49
2019,53652300,19
2020,53652300,52
2019,53652400,15
2020,53652400,60
2019,53652500,9
2020,53652500,44
2019,53652600,7
2020,53652600,16
2019,53652700,2
2020,53652700,13
2019,53659100,816
2020,53659100,816
2019,53659200,641
2020,53659200,642
2019,53659300,180
2020,53659300,180
2019,53659400,809
2020,53659400,817
2019,53659500,719
2020,53659500,733
2019,53659600,254
2020,53659600,254
2019,53660100,860
2020,53660100,859
2019,53660200,979
2020,53660200,979
2019,53660300,759
2020,53660300,760
2019,53661100,796
2020,53661100,806
2019,53661200,565
2020,53661200,570
2019,53661300,379
2020,53661300,380
2019,53661400,1221
2020,53661400,1224
2019,53661500,513
2020,53661500,522
2019,53662100,67
2020,53662100,68
2019,53662200,2
2020,53662200,2
2019,53662300,0
2020,53662300,0
2019,53662400,0
2020,53662400,0
2019,53662500,1
2020,53662500,1
2019,53662600,55
2020,53662600,54
2019,53663100,0
2020,53663100,0
2019,53663200,0
2020,53663200,0
2019,53663300,0
2020,53663300,0
2019,53663400,17
2020,53663400,17
2019,53663500,524
2020,53663500,525
2019,53663600,587
2020,53663600,587
2019,53667100,10
2020,53667100,67
2019,53667200,491
2020,53667200,530
2019,53667300,27
2020,53667300,98
2019,53667400,35
2020,53667400,129
2019,53668100,631
2020,53668100,631
2019,53668200,783
2020,53668200,783
2019,53668300,634
2020,53668300,632
2019,53668400,577
2020,53668400,578
2019,53671100,198
2020,53671100,207
2019,53671200,379
2020,53671200,402
2019,53672100,46
2020,53672100,44
2019,53672200,2
2020,53672200,15
2019,53672300,5
2020,53672300,5
2019,53672400,0
2020,53672400,0
2019,53672500,15
2020,53672500,15
2019,53673100,0
2020,53673100,0
2019,53673200,0
2020,53673200,0
2019,53673300,0
2020,53673300,0
2019,53673400,0
2020,53673400,0
2019,53673500,0
2020,53673500,0
2019,53674100,541
2020,53674100,543
2019,53674300,1434
2020,53674300,1436
2019,53679100,290
2020,53679100,291
2019,53679200,1521
2020,53679200,1526
2019,53679300,3
2020,53679300,3
2019,53683100,1036
2020,53683100,1039
2019,53683200,1253
2020,53683200,1263
2019,53683300,548
2020,53683300,545
2019,53683400,36
2020,53683400,51
2019,53683600,98
2020,53683600,146
2019,53683700,27
2020,53683700,26
2019,53683800,365
2020,53683800,375
2019,53683900,347
2020,53683900,387
2019,53684100,879
2020,53684100,878
2019,53684200,1331
2020,53684200,1332
2019,53684300,1091
2020,53684300,1091
2019,53685100,1
2020,53685100,1
2019,53685200,0
2020,53685200,0
2019,53685300,0
2020,53685300,0
2019,53686100,0
2020,53686100,0
2019,53686200,0
2020,53686200,0
2019,53686300,1
2020,53686300,1
2019,53687100,0
2020,53687100,0
2019,53687200,4
2020,53687200,19
2019,53687300,0
2020,53687300,0
2019,53687400,2
2020,53687400,2
2019,53687500,0
2020,53687500,0
2019,53687600,0
2020,53687600,0
2019,53687700,0
2020,53687700,0
2019,53687800,0
2020,53687800,0
2019,53687900,0
2020,53687900,0
2019,53690100,707
2020,53690100,833
2019,53690200,1
2020,53690200,29
2019,53694400,4
2020,53694400,69
2019,53694500,0
2020,53694500,13
2019,53698100,0
2020,53698100,0
2019,53698200,0
2020,53698200,0
2019,53699100,0
2020,53699100,0
2019,53699200,0
2020,53699200,0
2019,53699300,0
2020,53699300,0
2019,53700300,0
2020,53700300,0
2019,53700400,0
2020,53700400,0
2019,53664100,1630
2020,53664100,1642
2019,53664200,733
2020,53664200,734
2019,53664300,364
2020,53664300,367
2019,53665100,475
2020,53665100,475
2019,53665200,859
2020,53665200,873
2019,53666100,700
2020,53666100,700
2019,53666200,614
2020,53666200,614
2019,53666300,938
2020,53666300,938
2019,53666400,401
2020,53666400,401
2019,53666500,549
2020,53666500,549
2019,53666600,735
2020,53666600,736
2019,53666700,130
2020,53666700,130
2019,53666800,239
2020,53666800,239
2019,53670100,379
2020,53670100,382
2019,53670200,1144
2020,53670200,1146
2019,53670300,1175
2020,53670300,1195
2019,53674200,320
2020,53674200,320
2019,53675100,493
2020,53675100,494
2019,53675200,1456
2020,53675200,1456
2019,53675300,0
2020,53675300,2
2019,53675400,0
2020,53675400,0
2019,53675500,4
2020,53675500,4
2019,53675600,0
2020,53675600,0
2019,53676100,1015
2020,53676100,1016
2019,53676200,932
2020,53676200,933
2019,53676300,740
2020,53676300,741
2019,53676400,513
2020,53676400,513
2019,53676500,356
2020,53676500,356
2019,53677100,957
2020,53677100,958
2019,53677200,1352
2020,53677200,1360
2019,53677300,667
2020,53677300,669
2019,53677400,829
2020,53677400,838
2019,53678100,595
2020,53678100,595
2019,53678200,2208
2020,53678200,2214
2019,53678300,1287
2020,53678300,1287
2019,53680100,29
2020,53680100,31
2019,53680200,12
2020,53680200,17
2019,53680300,4
2020,53680300,5
2019,53680400,1
2020,53680400,1
2019,53681100,1542
2020,53681100,1568
2019,53681200,935
2020,53681200,946
2019,53681300,620
2020,53681300,620
2019,53681400,651
2020,53681400,680
2019,53688100,457
2020,53688100,594
2019,53688200,1123
2020,53688200,1141
2019,53689100,209
2020,53689100,209
2019,53689200,2040
2020,53689200,2040
2019,53689300,1880
2020,53689300,1880
2019,53689400,271
2020,53689400,291
2019,53691100,599
2020,53691100,599
2019,53691200,212
2020,53691200,218
2019,53691300,1441
2020,53691300,1448
2019,53692100,2
2020,53692100,38
2019,53692200,1
2020,53692200,89
2019,53692300,1
2020,53692300,7
2019,53692400,1
2020,53692400,5
2019,53693100,757
2020,53693100,757
2019,53693200,1875
2020,53693200,1875
2019,53693300,1086
2020,53693300,1086
2019,53694100,0
2020,53694100,0
2019,53694200,0
2020,53694200,0
2019,53694300,9
2020,53694300,9
2019,53695100,2595
2020,53695100,2595
2019,53695200,648
2020,53695200,700
2019,53696100,0
2020,53696100,51
2019,53697100,1100
2020,53697100,1137
2019,53697200,1022
2020,53697200,1101
2019,53697300,1059
2020,53697300,1060
2019,53700100,0
2020,53700100,0
2019,53700200,1
2020,53700200,1
2019,53700500,1
2020,53700500,1
2019,53701100,528
2020,53701100,528
2019,53701200,1864
2020,53701200,1865
2019,53702100,916
2020,53702100,921
2019,53702200,1
2020,53702200,58
2019,53702300,2
2020,53702300,64
2019,53702400,26
2020,53702400,28
2019,53703100,1044
2020,53703100,1045
2019,53703200,1321
2020,53703200,1349
2019,53703300,1340
2020,53703300,1340
2019,53703400,92
2020,53703400,261
2019,53705100,445
2020,53705100,445
2019,53705200,401
2020,53705200,407
2019,53707100,707
2020,53707100,751
2019,53709100,427
2020,53709100,434
2019,53709200,489
2020,53709200,495
2019,53704100,3
2020,53704100,5
2019,53704200,0
2020,53704200,0
2019,53704300,0
2020,53704300,0
2019,53704400,0
2020,53704400,0
2019,53706100,38
2020,53706100,38
2019,53706200,1
2020,53706200,1
2019,53706300,0
2020,53706300,0
2019,53708100,746
2020,53708100,771
2019,53708200,666
2020,53708200,703
2019,53710100,1454
2020,53710100,1454
2019,53710200,320
2020,53710200,341
2019,53710300,1766
2020,53710300,1766
2019,53710400,0
2020,53710400,14
2019,53712100,1186
2020,53712100,1186
2019,53712200,727
2020,53712200,727
2019,53714100,795
2020,53714100,826
2019,53714200,312
2020,53714200,316
2019,53714300,770
2020,53714300,772
2019,53715100,632
2020,53715100,634
2019,53715200,492
2020,53715200,492
2019,53715300,163
2020,53715300,163
2019,53716100,1323
2020,53716100,1324
2019,53716200,1021
2020,53716200,1099
2019,53716300,791
2020,53716300,792
2019,53716400,66
2020,53716400,86
2019,53717100,636
2020,53717100,637
2019,53717200,1424
2020,53717200,1429
2019,53717300,1466
2020,53717300,1473
2019,53718100,0
2020,53718100,2
2019,53718200,724
2020,53718200,728
2019,53718300,1048
2020,53718300,1049
2019,53718400,108
2020,53718400,118
2019,53719100,1174
2020,53719100,1174
2019,53719200,1032
2020,53719200,1032
2019,53719300,688
2020,53719300,688
2019,53719400,822
2020,53719400,822
2019,53719500,1614
2020,53719500,1614
2019,53720100,1042
2020,53720100,1042
2019,53720200,0
2020,53720200,49
2019,53720300,257
2020,53720300,257
2019,53720400,294
2020,53720400,318
2019,53720500,712
2020,53720500,712
2019,53720600,599
2020,53720600,700
2019,53722100,487
2020,53722100,488
2019,53722200,316
2020,53722200,330
2019,53722300,844
2020,53722300,845
2019,53723100,178
2020,53723100,183
2019,53723200,719
2020,53723200,724
2019,53723300,1010
2020,53723300,1013
2019,53711100,25
2020,53711100,25
2019,53711200,67
2020,53711200,67
2019,53713100,1
2020,53713100,1
2019,53713200,84
2020,53713200,84
2019,53721100,115
2020,53721100,115
2019,53721200,104
2020,53721200,104
2019,53721300,0
2020,53721300,0
2019,53724100,64
2020,53724100,69
2019,53724200,251
2020,53724200,252
2019,53724300,185
2020,53724300,185
2019,53725100,345
2020,53725100,352
2019,53725200,1228
2020,53725200,1236
2019,53725300,435
2020,53725300,438
2019,53725400,619
2020,53725400,627
2019,53726100,707
2020,53726100,709
2019,53726200,679
2020,53726200,689
2019,53726300,411
2020,53726300,422
2019,53726400,604
2020,53726400,626
2019,53726500,1495
2020,53726500,1509
2019,53727100,644
2020,53727100,658
2019,53727200,835
2020,53727200,840
2019,53727300,124
2020,53727300,139
2019,53728100,538
2020,53728100,544
2019,53728200,1817
2020,53728200,1855
2019,53728300,315
2020,53728300,315
2019,53728400,214
2020,53728400,214
2019,53728500,441
2020,53728500,447
2019,53729100,153
2020,53729100,154
2019,53729200,114
2020,53729200,117
2019,53729300,835
2020,53729300,836
2019,53730100,731
2020,53730100,747
2019,53730200,169
2020,53730200,169
2019,53730300,290
2020,53730300,290
2019,53731100,596
2020,53731100,598
2019,53731200,977
2020,53731200,978
2019,53731300,528
2020,53731300,533
2019,53732100,494
2020,53732100,495
2019,53732200,809
2020,53732200,813
2019,53732300,514
2020,53732300,516
2019,53733100,16
2020,53733100,16
2019,53733200,769
2020,53733200,769
2019,53733300,236
2020,53733300,236
2019,53733400,363
2020,53733400,367
2019,53733500,9
2020,53733500,9
2019,53734100,482
2020,53734100,503
2019,53734200,640
2020,53734200,645
2019,53734300,476
2020,53734300,477
2019,53734400,372
2020,53734400,372
2019,53735100,546
2020,53735100,547
2019,53735200,469
2020,53735200,469
2019,53735300,415
2020,53735300,416
2019,53736100,872
2020,53736100,915
2019,53736200,928
2020,53736200,930
2019,53737100,431
2020,53737100,432
2019,53737200,607
2020,53737200,625
2019,53738100,441
2020,53738100,454
2019,53738200,1166
2020,53738200,1176
2019,53738300,1163
2020,53738300,1164
2019,53735400,3
2020,53735400,3
2019,53735500,1
2020,53735500,1
2019,53735600,394
2020,53735600,394
2019,53735700,291
2020,53735700,293
2019,53739100,401
2020,53739100,427
2019,53739200,1680
2020,53739200,1680
2019,53739300,1
2020,53739300,1
2019,53739400,15
2020,53739400,74
2019,53740100,399
2020,53740100,399
2019,53740200,1634
2020,53740200,1634
2019,53740300,214
2020,53740300,214
2019,53741100,430
2020,53741100,430
2019,53741200,175
2020,53741200,175
2019,53741300,111
2020,53741300,111
2019,53741400,7
2020,53741400,7
2019,53741500,1
2020,53741500,1
2019,53744100,823
2020,53744100,831
2019,53744200,557
2020,53744200,565
2019,53744300,518
2020,53744300,542
2019,53744400,447
2020,53744400,447
2019,53744500,780
2020,53744500,781
2019,53744600,230
2020,53744600,230
2019,53745100,582
2020,53745100,582
2019,53745200,282
2020,53745200,282
2019,53745300,473
2020,53745300,491
2019,53748100,936
2020,53748100,943
2019,53748200,686
2020,53748200,691
2019,53748300,202
2020,53748300,203
2019,53748400,388
2020,53748400,394
2019,53748500,1107
2020,53748500,1110
2019,53748600,135
2020,53748600,135
2019,53748700,1
2020,53748700,1
2019,53748800,294
2020,53748800,294
2019,53748900,5
2020,53748900,5
2019,53750200,1099
2020,53750200,1100
2019,53750300,888
2020,53750300,888
2019,53751100,704
2020,53751100,705
2019,53751200,1123
2020,53751200,1124
2019,53751300,1179
2020,53751300,1180
2019,53752100,236
2020,53752100,237
2019,53752200,931
2020,53752200,931
2019,53752300,1175
2020,53752300,1175
2019,53754100,271
2020,53754100,272
2019,53754200,171
2020,53754200,172
2019,53754300,317
2020,53754300,320
2019,53754400,515
2020,53754400,525
2019,53756100,795
2020,53756100,795
2019,53756200,571
2020,53756200,571
2019,53757100,642
2020,53757100,643
2019,53757200,2099
2020,53757200,2100
2019,53759100,529
2020,53759100,530
2019,53759200,426
2020,53759200,426
2019,53759300,608
2020,53759300,608
2019,53759400,511
2020,53759400,512
2019,53759500,934
2020,53759500,942
2019,53759600,95
2020,53759600,95
2019,53759700,610
2020,53759700,611
2019,53742100,56
2020,53742100,56
2019,53742200,627
2020,53742200,629
2019,53749100,0
2020,53749100,0
2019,53749200,836
2020,53749200,840
2019,53749300,106
2020,53749300,106
2019,53753100,731
2020,53753100,731
2019,53753200,110
2020,53753200,110
2019,53753300,518
2020,53753300,518
2019,53753400,3
2020,53753400,3
2019,53755100,14
2020,53755100,14
2019,53755200,1
2020,53755200,1
2019,53757300,231
2020,53757300,232
2019,53757400,52
2020,53757400,131
2019,53757500,12
2020,53757500,13
2019,53760100,745
2020,53760100,788
2019,53760200,1
2020,53760200,1
2019,53760300,1
2020,53760300,1
2019,53762100,1
2020,53762100,1
2019,53765100,624
2020,53765100,625
2019,53765200,644
2020,53765200,645
2019,53766100,669
2020,53766100,669
2019,53766200,1329
2020,53766200,1329
2019,53766300,423
2020,53766300,423
2019,53769100,773
2020,53769100,773
2019,53769200,15
2020,53769200,15
2019,53769300,26
2020,53769300,27
2019,53769400,351
2020,53769400,356
2019,53770100,786
2020,53770100,792
2019,53770200,145
2020,53770200,148
2019,53770300,511
2020,53770300,518
2019,53772100,146
2020,53772100,146
2019,53772200,261
2020,53772200,261
2019,53774100,266
2020,53774100,266
2019,53774200,264
2020,53774200,270
2019,53774300,247
2020,53774300,248
2019,53774400,18
2020,53774400,19
2019,53774500,54
2020,53774500,54
2019,53775100,243
2020,53775100,244
2019,53775200,251
2020,53775200,253
2019,53775300,400
2020,53775300,400
2019,53775400,271
2020,53775400,273
2019,53778100,513
2020,53778100,514
2019,53778200,423
2020,53778200,425
2019,53778300,922
2020,53778300,924
2019,53778400,328
2020,53778400,343
2019,53779100,1
2020,53779100,1
2019,53779200,644
2020,53779200,648
2019,53779300,360
2020,53779300,360
2019,53780100,672
2020,53780100,672
2019,53780200,772
2020,53780200,779
2019,53780300,370
2020,53780300,375
2019,53788100,552
2020,53788100,553
2019,53788200,935
2020,53788200,945
2019,53789100,1262
2020,53789100,1262
2019,53789200,203
2020,53789200,203
2019,53789300,217
2020,53789300,218
2019,53799100,560
2020,53799100,560
2019,53799200,568
2020,53799200,569
2019,53801100,550
2020,53801100,550
2019,53804100,46
2020,53804100,46
2019,53804200,220
2020,53804200,221
2019,53804300,74
2020,53804300,74
2019,53804400,1113
2020,53804400,1114
2019,53804500,6
2020,53804500,6
2019,53804600,254
2020,53804600,254
2019,53809100,764
2020,53809100,771
2019,53809200,362
2020,53809200,365
2019,53813100,1747
2020,53813100,1754
2019,53813200,647
2020,53813200,657
2019,53813300,688
2020,53813300,688
2019,53817100,733
2020,53817100,734
2019,53817200,1753
2020,53817200,1756
2019,53817300,55
2020,53817300,61
2019,53819100,846
2020,53819100,850
2019,53819200,132
2020,53819200,132
2019,53819300,199
2020,53819300,239
2019,53830100,43
2020,53830100,43
2019,53743100,192
2020,53743100,282
2019,53743200,27
2020,53743200,27
2019,53743300,1
2020,53743300,1
2019,53743400,2018
2020,53743400,2018
2019,53743500,80
2020,53743500,169
2019,53743600,49
2020,53743600,167
2019,53746100,278
2020,53746100,284
2019,53746200,373
2020,53746200,390
2019,53746300,397
2020,53746300,401
2019,53747100,2
2020,53747100,2
2019,53747200,9
2020,53747200,9
2019,53747300,77
2020,53747300,77
2019,53750100,626
2020,53750100,626
2019,53761100,1225
2020,53761100,1229
2019,53761200,1052
2020,53761200,1056
2019,53761300,480
2020,53761300,484
2019,53857100,673
2020,53857100,673
2019,53857200,1017
2020,53857200,1018
2019,53857300,97
2020,53857300,97
2019,53858100,436
2020,53858100,437
2019,53858200,334
2020,53858200,334
2019,53859100,293
2020,53859100,293
2019,53859200,60
2020,53859200,60
2019,53860100,1
2020,53860100,1
2019,53860200,354
2020,53860200,368
2019,53860300,125
2020,53860300,125
2019,53861100,750
2020,53861100,751
2019,53861200,397
2020,53861200,397
2019,53861300,275
2020,53861300,276
2019,53861400,456
2020,53861400,456
2019,53862100,547
2020,53862100,548
2019,53862200,493
2020,53862200,493
2019,53862300,782
2020,53862300,782
2019,53862400,1021
2020,53862400,1021
2019,53863100,300
2020,53863100,329
2019,53864100,77
2020,53864100,77
2019,53864200,267
2020,53864200,267
2019,53864300,619
2020,53864300,620
2019,53864400,95
2020,53864400,95
2019,53864500,335
2020,53864500,335
2019,53865100,24
2020,53865100,24
2019,53866100,1212
2020,53866100,1216
2019,53866200,428
2020,53866200,428
2019,53866300,486
2020,53866300,486
2019,53866400,666
2020,53866400,666
2019,53866500,800
2020,53866500,802
2019,53867100,0
2020,53867100,0
2019,53868100,723
2020,53868100,724
2019,53868200,361
2020,53868200,361
2019,53868300,54
2020,53868300,54
2019,53868400,961
2020,53868400,963
2019,53868500,233
2020,53868500,233
2019,53869100,315
2020,53869100,330
2019,53870100,53
2020,53870100,53
2019,53871100,172
2020,53871100,172
2019,53871200,160
2020,53871200,160
2019,53871300,150
2020,53871300,150
2019,53871400,42
2020,53871400,42
2019,53871500,287
2020,53871500,288
2019,53871600,21
2020,53871600,21
2019,53871700,274
2020,53871700,274
2019,53872100,84
2020,53872100,84
2019,53872200,184
2020,53872200,189
2019,53872300,37
2020,53872300,37
2019,53873100,651
2020,53873100,652
2019,53874100,247
2020,53874100,247
2019,53874200,455
2020,53874200,455
2019,53874300,134
2020,53874300,134
2019,53874400,61
2020,53874400,61
2019,53874500,310
2020,53874500,311
2019,53875100,582
2020,53875100,583
2019,53875200,1
2020,53875200,1
2019,53876100,379
2020,53876100,380
2019,53876200,294
2020,53876200,294
2019,53876300,511
2020,53876300,513
2019,53876400,833
2020,53876400,833
2019,53876500,409
2020,53876500,410
2019,53876600,758
2020,53876600,759
2019,53876700,491
2020,53876700,491
2019,53876800,1150
2020,53876800,1151
2019,53876900,166
2020,53876900,166
2019,53877100,33
2020,53877100,33
2019,53887100,431
2020,53887100,432
2019,53887200,1024
2020,53887200,1029
2019,53888100,1127
2020,53888100,1127
2019,53892100,150
2020,53892100,150
2019,53892200,1181
2020,53892200,1181
2019,53893100,332
2020,53893100,332
2019,53893200,392
2020,53893200,392
2019,53893300,513
2020,53893300,513
2019,53893400,503
2020,53893400,503
2019,53894100,524
2020,53894100,524
2019,53894200,405
2020,53894200,405
2019,53896100,294
2020,53896100,294
2019,53896200,344
2020,53896200,345
2019,53900200,396
2020,53900200,396
2019,53900300,673
2020,53900300,714
2019,53900400,257
2020,53900400,259
2019,53961100,242
2020,53961100,242
2019,53961200,212
2020,53961200,214
2019,53961300,521
2020,53961300,521
2019,53963100,63
2020,53963100,63
2019,53963200,184
2020,53963200,184
2019,53963300,78
2020,53963300,78
2019,53963400,245
2020,53963400,245
2019,53967100,303
2020,53967100,303
2019,53974100,318
2020,53974100,319
2019,53974200,30
2020,53974200,30
2019,53974300,524
2020,53974300,525
2019,53974400,384
2020,53974400,385
2019,53758100,300
2020,53758100,300
2019,53758200,841
2020,53758200,841
2019,53763100,471
2020,53763100,471
2019,53763200,1236
2020,53763200,1237
2019,53763300,1386
2020,53763300,1386
2019,53764100,1
2020,53764100,1
2019,53764200,2
2020,53764200,2
2019,53764300,768
2020,53764300,770
2019,53764400,445
2020,53764400,446
2019,53764500,427
2020,53764500,427
2019,53764600,616
2020,53764600,616
2019,53764700,563
2020,53764700,564
2019,53764800,682
2020,53764800,684
2019,53764900,138
2020,53764900,138
2019,53767100,984
2020,53767100,984
2019,53767200,591
2020,53767200,591
2019,53767300,208
2020,53767300,208
2019,53768100,5
2020,53768100,7
2019,53768200,1286
2020,53768200,1291
2019,53768300,981
2020,53768300,987
2019,53771100,0
2020,53771100,0
2019,53771200,1133
2020,53771200,1133
2019,53771300,1193
2020,53771300,1193
2019,53773100,172
2020,53773100,175
2019,53773200,604
2020,53773200,608
2019,53776100,345
2020,53776100,346
2019,53776200,1071
2020,53776200,1077
2019,53777100,168
2020,53777100,168
2019,53781100,840
2020,53781100,845
2019,53782100,326
2020,53782100,330
2019,53782200,581
2020,53782200,588
2019,53782300,550
2020,53782300,553
2019,53783100,823
2020,53783100,827
2019,53783200,312
2020,53783200,320
2019,53784100,371
2020,53784100,375
2019,53784200,1004
2020,53784200,1004
2019,53784300,158
2020,53784300,158
2019,53784400,401
2020,53784400,404
2019,53784500,473
2020,53784500,473
2019,53784600,13
2020,53784600,13
2019,53784700,1377
2020,53784700,1377
2019,53785100,517
2020,53785100,537
2019,53785200,0
2020,53785200,0
2019,53786100,812
2020,53786100,812
2019,53786200,1111
2020,53786200,1128
2019,53786300,597
2020,53786300,597
2019,53786400,788
2020,53786400,789
2019,53786500,1166
2020,53786500,1166
2019,53786600,1475
2020,53786600,1475
2019,53787100,243
2020,53787100,265
2019,53790100,10
2020,53790100,34
2019,53790200,517
2020,53790200,537
2019,53790300,3
2020,53790300,31
2019,53790400,0
2020,53790400,1
2019,53790500,1
2020,53790500,30
2019,53790600,0
2020,53790600,33
2019,53790700,1
2020,53790700,29
2019,53790800,150
2020,53790800,279
2019,53791100,587
2020,53791100,590
2019,53791200,1076
2020,53791200,1087
2019,53792100,1069
2020,53792100,1074
2019,53792200,248
2020,53792200,254
2019,53792300,568
2020,53792300,573
2019,53793100,338
2020,53793100,367
2019,53793200,864
2020,53793200,867
2019,53793300,471
2020,53793300,475
2019,53793400,265
2020,53793400,276
2019,53794100,1441
2020,53794100,1448
2019,53794200,388
2020,53794200,395
2019,53794300,731
2020,53794300,734
2019,53794400,5
2020,53794400,5
2019,53795100,92
2020,53795100,96
2019,53795200,134
2020,53795200,136
2019,53795300,46
2020,53795300,46
2019,53795400,1
2020,53795400,55
2019,53795500,6
2020,53795500,24
2019,53796100,28
2020,53796100,28
2019,53796200,0
2020,53796200,0
2019,53796300,1
2020,53796300,1
2019,53796400,44
2020,53796400,44
2019,53796500,63
2020,53796500,63
2019,53797100,5
2020,53797100,5
2019,53797200,1
2020,53797200,1
2019,53797300,0
2020,53797300,0
2019,53798100,578
2020,53798100,578
2019,53798200,611
2020,53798200,611
2019,53798300,235
2020,53798300,235
2019,53798400,821
2020,53798400,823
2019,53798500,548
2020,53798500,548
2019,53800100,357
2020,53800100,370
2019,53800200,152
2020,53800200,159
2019,53800300,260
2020,53800300,333
2019,53800400,531
2020,53800400,540
2019,53802100,335
2020,53802100,338
2019,53802200,386
2020,53802200,386
2019,53802300,281
2020,53802300,284
2019,53802400,402
2020,53802400,402
2019,53803100,213
2020,53803100,221
2019,53803200,245
2020,53803200,245
2019,53803300,220
2020,53803300,220
2019,53803400,782
2020,53803400,793
2019,53805100,682
2020,53805100,690
2019,53805200,152
2020,53805200,156
2019,53808100,223
2020,53808100,223
2019,53808200,130
2020,53808200,130
2019,53808300,758
2020,53808300,763
2019,53806100,151
2020,53806100,151
2019,53806200,132
2020,53806200,132
2019,53806300,1
2020,53806300,1
2019,53807100,0
2020,53807100,0
2019,53807200,1
2020,53807200,1
2019,53807300,0
2020,53807300,0
2019,53807400,1
2020,53807400,1
2019,53807500,1
2020,53807500,1
2019,53807600,0
2020,53807600,0
2019,53810100,438
2020,53810100,438
2019,53810200,612
2020,53810200,621
2019,53810300,276
2020,53810300,279
2019,53810400,142
2020,53810400,145
2019,53810500,372
2020,53810500,372
2019,53811100,346
2020,53811100,346
2019,53811200,2327
2020,53811200,2329
2019,53812100,1059
2020,53812100,1062
2019,53812200,1403
2020,53812200,1416
2019,53814100,109
2020,53814100,109
2019,53814200,358
2020,53814200,360
2019,53814300,611
2020,53814300,613
2019,53814400,222
2020,53814400,224
2019,53814500,187
2020,53814500,187
2019,53815100,436
2020,53815100,439
2019,53815200,915
2020,53815200,916
2019,53816100,816
2020,53816100,816
2019,53816200,759
2020,53816200,759
2019,53816300,821
2020,53816300,821
2019,53816400,538
2020,53816400,550
2019,53818100,1
2020,53818100,1
2019,53818200,0
2020,53818200,0
2019,53818300,0
2020,53818300,0
2019,53820100,1089
2020,53820100,1091
2019,53820200,953
2020,53820200,956
2019,53821100,1328
2020,53821100,1331
2019,53822100,90
2020,53822100,90
2019,53822200,925
2020,53822200,925
2019,53822300,1
2020,53822300,7
2019,53822400,732
2020,53822400,732
2019,53822500,745
2020,53822500,745
2019,53823100,525
2020,53823100,530
2019,53823200,253
2020,53823200,253
2019,53823300,61
2020,53823300,61
2019,53826100,0
2020,53826100,0
2019,53828100,1284
2020,53828100,1284
2019,53828200,353
2020,53828200,353
2019,53828300,404
2020,53828300,406
2019,53828400,316
2020,53828400,319
2019,53828500,1068
2020,53828500,1071
2019,53828600,449
2020,53828600,450
2019,53829100,746
2020,53829100,746
2019,53829200,454
2020,53829200,454
2019,53829300,458
2020,53829300,467
2019,53831100,760
2020,53831100,762
2019,53831200,751
2020,53831200,755
2019,53831300,1091
2020,53831300,1094
2019,53831400,15
2020,53831400,38
2019,53831500,236
2020,53831500,236
2019,53831600,1
2020,53831600,1
2019,53838100,540
2020,53838100,540
2019,53838200,13
2020,53838200,14
2019,53838300,262
2020,53838300,262
2019,53838400,500
2020,53838400,501
2019,53838500,434
2020,53838500,434
2019,53838600,791
2020,53838600,798
2019,53842200,1159
2020,53842200,1164
2019,53842300,213
2020,53842300,213
2019,53824100,260
2020,53824100,298
2019,53824200,135
2020,53824200,135
2019,53824300,2
2020,53824300,2
2019,53824400,18
2020,53824400,18
2019,53824500,0
2020,53824500,0
2019,53824600,0
2020,53824600,0
2019,53824700,490
2020,53824700,490
2019,53824800,73
2020,53824800,73
2019,53825100,1
2020,53825100,1
2019,53825200,0
2020,53825200,0
2019,53825300,0
2020,53825300,0
2019,53827100,4
2020,53827100,18
2019,53827200,301
2020,53827200,310
2019,53827300,77
2020,53827300,89
2019,53827400,80
2020,53827400,80
2019,53827500,1400
2020,53827500,1400
2019,53832100,799
2020,53832100,799
2019,53832200,224
2020,53832200,225
2019,53832300,498
2020,53832300,498
2019,53832400,1005
2020,53832400,1005
2019,53833100,1048
2020,53833100,1048
2019,53833200,186
2020,53833200,187
2019,53834100,39
2020,53834100,39
2019,53834200,75
2020,53834200,75
2019,53834300,0
2020,53834300,29
2019,53834400,1050
2020,53834400,1050
2019,53834500,146
2020,53834500,149
2019,53834600,216
2020,53834600,216
2019,53834700,0
2020,53834700,4
2019,53835100,301
2020,53835100,301
2019,53835200,1039
2020,53835200,1039
2019,53835300,590
2020,53835300,590
2019,53835400,120
2020,53835400,120
2019,53835500,36
2020,53835500,40
2019,53835600,4
2020,53835600,9
2019,53835700,43
2020,53835700,50
2019,53836100,277
2020,53836100,279
2019,53836200,336
2020,53836200,336
2019,53836300,667
2020,53836300,697
2019,53836400,846
2020,53836400,864
2019,53837100,985
2020,53837100,992
2019,53837200,847
2020,53837200,847
2019,53837300,624
2020,53837300,624
2019,53839100,444
2020,53839100,455
2019,53839200,535
2020,53839200,571
2019,53839300,48
2020,53839300,51
2019,53840100,123
2020,53840100,123
2019,53840200,841
2020,53840200,841
2019,53840300,641
2020,53840300,641
2019,53840400,461
2020,53840400,461
2019,53841100,725
2020,53841100,730
2019,53841200,1582
2020,53841200,1582
2019,53841300,402
2020,53841300,407
2019,53841400,539
2020,53841400,539
2019,53842100,3
2020,53842100,7
2019,53842400,2211
2020,53842400,2224
2019,53842500,99
2020,53842500,115
2019,53843100,1183
2020,53843100,1187
2019,53843200,1042
2020,53843200,1042
2019,53844100,407
2020,53844100,407
2019,53844200,676
2020,53844200,678
2019,53845100,568
2020,53845100,568
2019,53845200,737
2020,53845200,737
2019,53845300,530
2020,53845300,530
2019,53845400,685
2020,53845400,685
2019,53845500,389
2020,53845500,389
2019,53845600,225
2020,53845600,323
2019,53846100,0
2020,53846100,17
2019,53846200,556
2020,53846200,558
2019,53847100,813
2020,53847100,833
2019,53847200,814
2020,53847200,821
2019,53848100,1092
2020,53848100,1094
2019,53848200,254
2020,53848200,268
2019,53848300,22
2020,53848300,136
2019,53849100,161
2020,53849100,165
2019,53849200,2
2020,53849200,2
2019,53849300,252
2020,53849300,252
2019,53849400,641
2020,53849400,646
2019,53850100,518
2020,53850100,518
2019,53850200,617
2020,53850200,622
2019,53850300,161
2020,53850300,163
2019,53850400,910
2020,53850400,916
2019,53850500,815
2020,53850500,843
2019,53851100,474
2020,53851100,474
2019,53851200,1223
2020,53851200,1226
2019,53851300,1670
2020,53851300,1679
2019,53851400,654
2020,53851400,654
2019,53851500,0
2020,53851500,0
2019,53852100,607
2020,53852100,610
2019,53852200,1174
2020,53852200,1176
2019,53852300,738
2020,53852300,749
2019,53852400,986
2020,53852400,1009
2019,53853100,814
2020,53853100,817
2019,53853200,773
2020,53853200,775
2019,53853300,800
2020,53853300,806
2019,53854100,774
2020,53854100,778
2019,53854200,677
2020,53854200,683
2019,53855100,293
2020,53855100,302
2019,53855200,487
2020,53855200,516
2019,53856100,870
2020,53856100,875
2019,53856200,855
2020,53856200,857
2019,53856300,186
2020,53856300,187
2019,53856400,90
2020,53856400,91
2019,53878100,113
2020,53878100,113
2019,53878200,674
2020,53878200,674
2019,53879100,53
2020,53879100,54
2019,53879200,35
2020,53879200,35
2019,53879300,606
2020,53879300,608
2019,53880100,129
2020,53880100,129
2019,53880200,27
2020,53880200,27
2019,53881100,32
2020,53881100,32
2019,53881200,2300
2020,53881200,2300
2019,53881300,15
2020,53881300,15
2019,53882100,18
2020,53882100,18
2019,53883100,1
2020,53883100,1
2019,53884100,44
2020,53884100,45
2019,53884200,85
2020,53884200,85
2019,53885100,15
2020,53885100,15
2019,53885200,39
2020,53885200,39
2019,53886100,14
2020,53886100,14
2019,53890100,9
2020,53890100,9
2019,53906100,57
2020,53906100,57
2019,53915100,62
2020,53915100,63
2019,53915200,2399
2020,53915200,2404
2019,53944100,31
2020,53944100,32
2019,53944200,167
2020,53944200,167
2019,53944300,74
2020,53944300,77
2019,53944400,24
2020,53944400,24
2019,53944500,67
2020,53944500,69
2019,53944600,76
2020,53944600,76
2019,53956100,125
2020,53956100,125
2019,53956200,59
2020,53956200,59
2019,53956300,282
2020,53956300,283
2019,53956400,57
2020,53956400,57
2019,53959100,238
2020,53959100,238
2019,53962100,40
2020,53962100,40
2019,53962200,689
2020,53962200,693
2019,53962300,537
2020,53962300,537
2019,53962400,1
2020,53962400,1
2019,53962500,0
2020,53962500,0
2019,53962600,50
2020,53962600,50
2019,53962700,124
2020,53962700,124
2019,53962800,214
2020,53962800,214
2019,53962900,23
2020,53962900,23
2019,53964100,11
2020,53964100,11
2019,53965100,641
2020,53965100,643
2019,53965200,7
2020,53965200,7
2019,53965300,336
2020,53965300,337
2019,53965400,51
2020,53965400,51
2019,53966100,308
2020,53966100,308
2019,53966200,304
2020,53966200,304
2019,53968100,157
2020,53968100,157
2019,53968200,192
2020,53968200,192
2019,53968300,361
2020,53968300,362
2019,53968400,0
2020,53968400,0
2019,53968500,6
2020,53968500,6
2019,53968600,10
2020,53968600,23
2019,53969100,305
2020,53969100,305
2019,53969200,337
2020,53969200,337
2019,53969300,67
2020,53969300,70
2019,53969400,285
2020,53969400,285
2019,53969500,292
2020,53969500,292
2019,53969600,130
2020,53969600,130
2019,53970100,287
2020,53970100,289
2019,53970200,144
2020,53970200,144
2019,53971100,549
2020,53971100,549
2019,53971200,27
2020,53971200,53
2019,53971300,774
2020,53971300,774
2019,53971400,402
2020,53971400,405
2019,53971500,847
2020,53971500,848
2019,53971600,125
2020,53971600,126
2019,53972100,433
2020,53972100,436
2019,53972200,352
2020,53972200,353
2019,53972300,740
2020,53972300,751
2019,53972400,916
2020,53972400,917
2019,53972500,406
2020,53972500,433
2019,53972600,93
2020,53972600,94
2019,53972700,697
2020,53972700,719
2019,53972800,351
2020,53972800,352
2019,53972900,34
2020,53972900,36
2019,53973100,69
2020,53973100,69
2019,53973200,24
2020,53973200,24
2019,53975100,121
2020,53975100,121
2019,53975200,259
2020,53975200,261
2019,53975300,45
2020,53975300,45
2019,53975400,88
2020,53975400,88
2019,53975500,29
2020,53975500,29
2019,53976100,61
2020,53976100,61
2019,53976200,71
2020,53976200,71
2019,53976300,62
2020,53976300,62
2019,53977100,330
2020,53977100,330
2019,53977200,306
2020,53977200,306
2019,53978100,62
2020,53978100,62
2019,53979100,153
2020,53979100,153
2019,53980100,83
2020,53980100,83
2019,53980200,206
2020,53980200,207
2019,53980300,1175
2020,53980300,1177
2019,53980400,325
2020,53980400,325
2019,53981100,543
2020,53981100,548
2019,53981200,76
2020,53981200,76
2019,53981300,1389
2020,53981300,1393
2019,53981400,590
2020,53981400,593
2019,53982100,681
2020,53982100,683
2019,53982200,124
2020,53982200,126
2019,53982300,685
2020,53982300,696
2019,53982400,644
2020,53982400,644
2019,53982500,435
2020,53982500,441
2019,53982600,425
2020,53982600,426
2019,53983100,207
2020,53983100,207
2019,53983200,912
2020,53983200,914
2019,53984100,431
2020,53984100,452
2019,53984200,575
2020,53984200,584
2019,53984300,173
2020,53984300,174
2019,53984400,253
2020,53984400,254
2019,53984500,879
2020,53984500,882
2019,53984600,682
2020,53984600,687
2019,53985100,758
2020,53985100,759
2019,53985200,478
2020,53985200,478
2019,53986100,577
2020,53986100,577
2019,53986200,477
2020,53986200,477
2019,53986300,143
2020,53986300,144
2019,53986400,44
2020,53986400,46
2019,53986500,370
2020,53986500,370
2019,53987100,514
2020,53987100,514
2019,53987200,625
2020,53987200,625
2019,53987300,177
2020,53987300,177
2019,53987400,435
2020,53987400,436
2019,53988100,1
2020,53988100,1
2019,53989100,63
2020,53989100,64
2019,53989200,263
2020,53989200,263
2019,53989300,141
2020,53989300,146
2019,53989400,345
2020,53989400,348
2019,53989500,199
2020,53989500,199
2019,53989600,348
2020,53989600,353
2019,53990100,1695
2020,53990100,1695
2019,53991100,1617
2020,53991100,1628
2019,53991200,525
2020,53991200,528
2019,53992100,321
2020,53992100,362
2019,53992200,316
2020,53992200,330
2019,53992300,820
2020,53992300,823
2019,53992400,254
2020,53992400,261
2019,53992500,638
2020,53992500,648
2019,53992600,742
2020,53992600,748
2019,53993100,81
2020,53993100,81
2019,53993200,204
2020,53993200,206
2019,53993300,547
2020,53993300,558
2019,53993400,212
2020,53993400,224
2019,53993500,63
2020,53993500,65
2019,53993600,167
2020,53993600,172
2019,53994100,22
2020,53994100,22
2019,53995100,2
2020,53995100,2
2019,53995200,345
2020,53995200,349
2019,53995300,3
2020,53995300,3
2019,53996100,557
2020,53996100,584
2019,53997100,385
2020,53997100,398
2019,53997200,744
2020,53997200,766
2019,53997300,344
2020,53997300,354
2019,53998100,0
2020,53998100,0
2019,53999100,614
2020,53999100,614
2019,53889100,175
2020,53889100,175
2019,53889200,127
2020,53889200,127
2019,53889300,2
2020,53889300,2
2019,53889400,98
2020,53889400,98
2019,53891100,134
2020,53891100,135
2019,53895100,430
2020,53895100,440
2019,53895200,11
2020,53895200,31
2019,53895300,568
2020,53895300,578
2019,53895400,0
2020,53895400,0
2019,53895500,0
2020,53895500,13
2019,53897100,4
2020,53897100,53
2019,53897200,7
2020,53897200,71
2019,53898100,1557
2020,53898100,1609
2019,53898200,69
2020,53898200,75
2019,53898300,217
2020,53898300,348
2019,53899100,833
2020,53899100,848
2019,53899200,2742
2020,53899200,2745
2019,53899300,2013
2020,53899300,2019
2019,53899400,12
2020,53899400,15
2019,53899500,1
2020,53899500,1
2019,53899600,1
2020,53899600,3
2019,53899700,189
2020,53899700,211
2019,53899800,16
2020,53899800,209
2019,53900100,294
2020,53900100,298
2019,53902100,104
2020,53902100,112
2019,53902200,36
2020,53902200,44
2019,53902300,149
2020,53902300,149
2019,53902400,25
2020,53902400,115
2019,53903100,472
2020,53903100,484
2019,53903200,84
2020,53903200,92
2019,53903300,613
2020,53903300,613
2019,53903400,414
2020,53903400,419
2019,53903500,314
2020,53903500,344
2019,53904100,3
2020,53904100,20
2019,53904200,16
2020,53904200,42
2019,53905100,2
2020,53905100,3
2019,53905200,4
2020,53905200,5
2019,53905300,0
2020,53905300,2
2019,53908100,12
2020,53908100,13
2019,53908200,383
2020,53908200,397
2019,53908300,285
2020,53908300,318
2019,53909100,11
2020,53909100,11
2019,53909200,1
2020,53909200,1
2019,53909300,0
2020,53909300,9
2019,53909400,0
2020,53909400,7
2019,53911100,524
2020,53911100,524
2019,53911200,1367
2020,53911200,1380
2019,53911300,919
2020,53911300,934
2019,53911400,1493
2020,53911400,1504
2019,53912100,0
2020,53912100,0
2019,53912200,1
2020,53912200,1
2019,53912300,0
2020,53912300,0
2019,53913100,145
2020,53913100,170
2019,53913200,1947
2020,53913200,1957
2019,53913300,1268
2020,53913300,1290
2019,53914100,3
2020,53914100,11
2019,53914200,228
2020,53914200,240
2019,53914300,462
2020,53914300,482
2019,53916100,548
2020,53916100,548
2019,53916200,1489
2020,53916200,1490
2019,53916300,1495
2020,53916300,1497
2019,53919100,1878
2020,53919100,1883
2019,53919200,866
2020,53919200,868
2019,53922100,23
2020,53922100,24
2019,53922200,592
2020,53922200,615
2019,53922300,16
2020,53922300,57
2019,53922400,299
2020,53922400,315
2019,53922500,974
2020,53922500,1011
2019,53923100,1053
2020,53923100,1074
2019,53923200,1356
2020,53923200,1366
2019,53923300,849
2020,53923300,879
2019,53923400,888
2020,53923400,945
2019,53923500,3
2020,53923500,3
2019,53923600,6
2020,53923600,18
2019,53925100,1005
2020,53925100,1011
2019,53925200,1
2020,53925200,1
2019,53925300,41
2020,53925300,41
2019,53925400,1511
2020,53925400,1537
2019,53927100,0
2020,53927100,0
2019,53927200,240
2020,53927200,250
2019,53927300,683
2020,53927300,687
2019,53927400,630
2020,53927400,640
2019,53927500,969
2020,53927500,1008
2019,53929100,283
2020,53929100,291
2019,53929200,0
2020,53929200,0
2019,53929300,1452
2020,53929300,1458
2019,53929400,444
2020,53929400,450
2019,53929500,368
2020,53929500,372
2019,53929600,659
2020,53929600,683
2019,53931100,305
2020,53931100,311
2019,53931200,813
2020,53931200,820
2019,53931300,295
2020,53931300,299
2019,53931400,58
2020,53931400,67
2019,53932100,1335
2020,53932100,1354
2019,53932200,1243
2020,53932200,1270
2019,53932300,693
2020,53932300,706
2019,53937100,506
2020,53937100,522
2019,53937200,5
2020,53937200,5
2019,53940100,0
2020,53940100,0
2019,53940200,477
2020,53940200,513
2019,53942100,2184
2020,53942100,2186
2019,53942200,1280
2020,53942200,1298
2019,53901100,146
2020,53901100,146
2019,53901200,275
2020,53901200,277
2019,53901300,279
2020,53901300,288
2019,53901400,1
2020,53901400,1
2019,53907100,381
2020,53907100,382
2019,53907200,461
2020,53907200,461
2019,53910100,696
2020,53910100,721
2019,53910200,991
2020,53910200,1014
2019,53910300,242
2020,53910300,243
2019,53910400,738
2020,53910400,744
2019,53910500,178
2020,53910500,179
2019,53917100,1
2020,53917100,1
2019,53917200,19
2020,53917200,19
2019,53917300,1
2020,53917300,1
2019,53917400,4
2020,53917400,15
2019,53917500,0
2020,53917500,0
2019,53917600,40
2020,53917600,40
2019,53917700,22
2020,53917700,22
2019,53918100,488
2020,53918100,490
2019,53918200,598
2020,53918200,616
2019,53918300,648
2020,53918300,673
2019,53920100,847
2020,53920100,868
2019,53920200,1340
2020,53920200,1367
2019,53921100,477
2020,53921100,486
2019,53921200,498
2020,53921200,504
2019,53921300,698
2020,53921300,713
2019,53921400,295
2020,53921400,300
2019,53924100,726
2020,53924100,743
2019,53924200,1115
2020,53924200,1129
2019,53926100,662
2020,53926100,670
2019,53926200,423
2020,53926200,450
2019,53926300,603
2020,53926300,610
2019,53928100,501
2020,53928100,509
2019,53928200,789
2020,53928200,792
2019,53928300,325
2020,53928300,325
2019,53930100,440
2020,53930100,450
2019,53930200,956
2020,53930200,985
2019,53933100,518
2020,53933100,534
2019,53933200,372
2020,53933200,387
2019,53933300,1256
2020,53933300,1301
2019,53933400,695
2020,53933400,706
2019,53934100,465
2020,53934100,481
2019,53934200,509
2020,53934200,517
2019,53934300,573
2020,53934300,592
2019,53935100,21
2020,53935100,21
2019,53935200,12
2020,53935200,12
2019,53936100,1241
2020,53936100,1249
2019,53938100,125
2020,53938100,127
2019,53938200,52
2020,53938200,52
2019,53938300,159
2020,53938300,175
2019,53938400,81
2020,53938400,83
2019,53938500,0
2020,53938500,44
2019,53938600,23
2020,53938600,23
2019,53938700,1
2020,53938700,9
2019,53938800,1
2020,53938800,95
2019,53938900,1
2020,53938900,43
2019,53939100,551
2020,53939100,559
2019,53939200,71
2020,53939200,71
2019,53941100,1031
2020,53941100,1033
2019,53941200,1135
2020,53941200,1137
2019,53943100,602
2020,53943100,604
2019,53943200,821
2020,53943200,824
2019,53945100,190
2020,53945100,199
2019,53945200,683
2020,53945200,716
2019,53945300,35
2020,53945300,35
2019,53945400,480
2020,53945400,506
2019,53945500,292
2020,53945500,296
2019,53945600,0
2020,53945600,0
2019,53945700,96
2020,53945700,97
2019,53945800,75
2020,53945800,75
2019,53946100,1209
2020,53946100,1218
2019,53946200,1194
2020,53946200,1201
2019,53947100,921
2020,53947100,935
2019,53948100,637
2020,53948100,642
2019,53948200,808
2020,53948200,818
2019,53949100,214
2020,53949100,214
2019,53949200,480
2020,53949200,490
2019,53949300,1943
2020,53949300,2025
2019,53950100,803
2020,53950100,805
2019,53950200,565
2020,53950200,576
2019,53950300,5
2020,53950300,5
2019,53950400,955
2020,53950400,973
2019,53950500,828
2020,53950500,853
2019,53951100,1446
2020,53951100,1455
2019,53951200,49
2020,53951200,49
2019,53951300,1471
2020,53951300,1485
2019,53952100,2485
2020,53952100,2594
2019,53952200,434
2020,53952200,443
2019,53952300,760
2020,53952300,771
2019,53953100,268
2020,53953100,274
2019,53953200,645
2020,53953200,645
2019,53953300,383
2020,53953300,384
2019,53954100,1267
2020,53954100,1320
2019,53954200,1020
2020,53954200,1060
2019,53955100,947
2020,53955100,947
2019,53955200,1105
2020,53955200,1105
2019,53957100,15
2020,53957100,15
2019,53957200,253
2020,53957200,253
2019,53957300,15
2020,53957300,15
2019,53957400,41
2020,53957400,41
2019,53958100,481
2020,53958100,481
2019,53958200,46
2020,53958200,46
2019,53958300,796
2020,53958300,806
2019,53958400,752
2020,53958400,761
2019,53958500,231
2020,53958500,231
2019,53960100,375
2020,53960100,375
2019,53960200,193
2020,53960200,202
2019,53960300,85
2020,53960300,85
2019,53960400,1035
2020,53960400,1038
2019,53960500,409
2020,53960500,415
2019,60001100,108
2020,60001100,108
2019,60001200,90
2020,60001200,90
2019,60001300,91
2020,60001300,91
2019,60002100,291
2020,60002100,291
2019,60002200,8
2020,60002200,8
2019,60002300,98
2020,60002300,98
2019,60003100,275
2020,60003100,275
2019,60003200,18
2020,60003200,18
2019,60003300,469
2020,60003300,469
2019,60003400,0
2020,60003400,0
2019,60003500,140
2020,60003500,140
2019,60003600,97
2020,60003600,97
2019,60005100,1108
2020,60005100,1108
2019,60005200,631
2020,60005200,631
2019,60009100,572
2020,60009100,572
2019,60009200,531
2020,60009200,531
2019,60009300,889
2020,60009300,889
2019,60009400,670
2020,60009400,670
2019,60010100,764
2020,60010100,768
2019,60010200,571
2020,60010200,571
2019,60014100,260
2020,60014100,260
2019,60014200,95
2020,60014200,95
2019,60014300,164
2020,60014300,164
2019,60014400,586
2020,60014400,586
2019,60024100,7
2020,60024100,7
2019,60024200,672
2020,60024200,672
2019,60024300,20
2020,60024300,20
2019,60024400,24
2020,60024400,24
2019,60024500,65
2020,60024500,65
2019,60024600,0
2020,60024600,0
2019,60034100,1049
2020,60034100,1049
2019,60034200,369
2020,60034200,376
2019,60034300,43
2020,60034300,43
2019,60034400,461
2020,60034400,461
2019,60035100,526
2020,60035100,526
2019,60035200,129
2020,60035200,129
2019,60035300,147
2020,60035300,147
2019,60035400,84
2020,60035400,84
2019,60044100,262
2020,60044100,262
2019,60045100,48
2020,60045100,48
2019,60045200,174
2020,60045200,174
2019,60045300,49
2020,60045300,49
2019,60046100,617
2020,60046100,617
2019,60046200,180
2020,60046200,180
2019,60047100,701
2020,60047100,791
2019,60047200,637
2020,60047200,637
2019,60047300,843
2020,60047300,843
2019,60047400,513
2020,60047400,540
2019,60048100,373
2020,60048100,373
2019,60048200,148
2020,60048200,148
2019,60048300,1071
2020,60048300,1071
2019,60049100,300
2020,60049100,300
2019,60049200,142
2020,60049200,142
2019,60049300,740
2020,60049300,740
2019,60049400,354
2020,60049400,354
2019,60049500,332
2020,60049500,332
2019,60050100,274
2020,60050100,274
2019,60050200,753
2020,60050200,753
2019,60050300,473
2020,60050300,473
2019,60051100,24
2020,60051100,24
2019,60051200,31
2020,60051200,31
2019,60051300,484
2020,60051300,484
2019,60051400,9
2020,60051400,9
2019,60051500,18
2020,60051500,18
2019,60051600,43
2020,60051600,43
2019,60052100,109
2020,60052100,109
2019,60052200,160
2020,60052200,160
2019,60090100,175
2020,60090100,175
2019,60090200,458
2020,60090200,458
2019,60090300,535
2020,60090300,535
2019,60090400,660
2020,60090400,686
2019,60094100,2
2020,60094100,2
2019,60094200,9
2020,60094200,9
2019,60094300,72
2020,60094300,72
2019,60094400,673
2020,60094400,673
2019,60102100,147
2020,60102100,147
2019,60102200,122
2020,60102200,122
2019,60102300,66
2020,60102300,66
2019,60102400,17
2020,60102400,17
2019,60102500,9
2020,60102500,9
2019,60102600,101
2020,60102600,101
2019,60121100,592
2020,60121100,592
2019,60129200,1088
2020,60129200,1088
2019,60129300,51
2020,60129300,51
2019,60129400,234
2020,60129400,234
2019,60129500,494
2020,60129500,494
2019,60129600,394
2020,60129600,394
2019,60132100,0
2020,60132100,0
2019,60132200,0
2020,60132200,0
2019,60132300,77
2020,60132300,77
2019,60132400,1
2020,60132400,1
2019,60132500,39
2020,60132500,39
2019,60132600,3
2020,60132600,3
2019,60142100,36
2020,60142100,36
2019,60142200,1
2020,60142200,1
2019,60142300,697
2020,60142300,697
2019,60142400,1
2020,60142400,1
2019,60142500,141
2020,60142500,141
2019,60149100,404
2020,60149100,404
2019,60149200,546
2020,60149200,546
2019,60150100,405
2020,60150100,406
2019,60150200,308
2020,60150200,308
2019,60150300,493
2020,60150300,493
2019,60154100,457
2020,60154100,457
2019,60154200,269
2020,60154200,269
2019,60154300,297
2020,60154300,297
2019,60154400,253
2020,60154400,253
2019,60154500,233
2020,60154500,233
2019,60159100,164
2020,60159100,164
2019,60159200,4
2020,60159200,4
2019,60203100,163
2020,60203100,163
2019,60203200,125
2020,60203200,125
2019,60204100,1
2020,60204100,1
2019,60204200,514
2020,60204200,514
2019,60204300,9
2020,60204300,9
2019,60205100,855
2020,60205100,859
2019,60205200,190
2020,60205200,190
2019,60205300,733
2020,60205300,742
2019,60206100,743
2020,60206100,743
2019,60206200,737
2020,60206200,799
2019,60206300,226
2020,60206300,231
2019,60207100,15
2020,60207100,15
2019,60207200,644
2020,60207200,644
2019,60207300,84
2020,60207300,84
2019,60208100,15
2020,60208100,15
2019,60208200,29
2020,60208200,29
2019,60209100,87
2020,60209100,87
2019,60209200,427
2020,60209200,447
2019,60209300,53
2020,60209300,53
2019,60210100,5
2020,60210100,5
2019,60210200,138
2020,60210200,138
2019,60210300,4
2020,60210300,4
2019,60210400,2
2020,60210400,2
2019,60004100,950
2020,60004100,950
2019,60004200,928
2020,60004200,928
2019,60004300,382
2020,60004300,382
2019,60006100,734
2020,60006100,734
2019,60006200,481
2020,60006200,481
2019,60006300,142
2020,60006300,142
2019,60006400,52
2020,60006400,52
2019,60007100,943
2020,60007100,943
2019,60008100,856
2020,60008100,856
2019,60008200,393
2020,60008200,393
2019,60008300,1017
2020,60008300,1017
2019,60011100,274
2020,60011100,274
2019,60011200,409
2020,60011200,409
2019,60011300,500
2020,60011300,500
2019,60011400,195
2020,60011400,195
2019,60012100,291
2020,60012100,291
2019,60012200,407
2020,60012200,407
2019,60012300,0
2020,60012300,0
2019,60012400,402
2020,60012400,402
2019,60013100,499
2020,60013100,499
2019,60013200,414
2020,60013200,414
2019,60013300,1303
2020,60013300,1303
2019,60013400,49
2020,60013400,49
2019,60015100,156
2020,60015100,156
2019,60015200,422
2020,60015200,422
2019,60015300,410
2020,60015300,410
2019,60015400,597
2020,60015400,597
2019,60015500,229
2020,60015500,229
2019,60015600,569
2020,60015600,569
2019,60016100,286
2020,60016100,286
2019,60016200,529
2020,60016200,529
2019,60016300,377
2020,60016300,377
2019,60016400,262
2020,60016400,262
2019,60017100,2
2020,60017100,2
2019,60017200,61
2020,60017200,61
2019,60018100,181
2020,60018100,181
2019,60018200,1046
2020,60018200,1046
2019,60018300,516
2020,60018300,516
2019,60019100,206
2020,60019100,206
2019,60020100,2
2020,60020100,2
2019,60021100,175
2020,60021100,175
2019,60022100,533
2020,60022100,533
2019,60022200,339
2020,60022200,339
2019,60022300,352
2020,60022300,352
2019,60022400,156
2020,60022400,156
2019,60023100,310
2020,60023100,310
2019,60023200,501
2020,60023200,501
2019,60023300,117
2020,60023300,117
2019,60025100,943
2020,60025100,943
2019,60025200,1002
2020,60025200,1002
2019,60026100,5
2020,60026100,5
2019,60026200,0
2020,60026200,0
2019,60026300,3
2020,60026300,3
2019,60027100,547
2020,60027100,547
2019,60027200,1023
2020,60027200,1023
2019,60027300,121
2020,60027300,121
2019,60028100,841
2020,60028100,841
2019,60029100,288
2020,60029100,288
2019,60029200,0
2020,60029200,0
2019,60030100,500
2020,60030100,500
2019,60030200,14
2020,60030200,14
2019,60031100,4
2020,60031100,4
2019,60032100,667
2020,60032100,937
2019,60032200,226
2020,60032200,226
2019,60032300,473
2020,60032300,473
2019,60032400,44
2020,60032400,44
2019,60032500,249
2020,60032500,259
2019,60033100,831
2020,60033100,831
2019,60033200,220
2020,60033200,220
2019,60033300,540
2020,60033300,540
2019,60033400,239
2020,60033400,239
2019,60033500,1
2020,60033500,1
2019,60033600,0
2020,60033600,0
2019,60036100,768
2020,60036100,768
2019,60036200,187
2020,60036200,187
2019,60036300,369
2020,60036300,369
2019,60036400,230
2020,60036400,230
2019,60036500,180
2020,60036500,180
2019,60037100,910
2020,60037100,918
2019,60038100,400
2020,60038100,400
2019,60038200,792
2020,60038200,792
2019,60038300,287
2020,60038300,287
2019,60039100,969
2020,60039100,969
2019,60039200,62
2020,60039200,62
2019,60039300,2
2020,60039300,2
2019,60039400,491
2020,60039400,491
2019,60039500,623
2020,60039500,623
2019,60040100,581
2020,60040100,581
2019,60040200,460
2020,60040200,460
2019,60040300,338
2020,60040300,338
2019,60041100,801
2020,60041100,801
2019,60041200,839
2020,60041200,839
2019,60041300,499
2020,60041300,499
2019,60041400,25
2020,60041400,25
2019,60042100,302
2020,60042100,302
2019,60042200,424
2020,60042200,424
2019,60042300,1133
2020,60042300,1198
2019,60042400,101
2020,60042400,101
2019,60042500,275
2020,60042500,275
2019,60042600,443
2020,60042600,443
2019,60042700,0
2020,60042700,0
2019,60043100,26
2020,60043100,26
2019,60043200,900
2020,60043200,900
2019,60053100,2
2020,60053100,23
2019,60054100,3
2020,60054100,3
2019,60061100,1573
2020,60061100,1608
2019,60061200,46
2020,60061200,52
2019,60061300,1
2020,60061300,1
2019,60061400,2
2020,60061400,2
2019,60061500,0
2020,60061500,0
2019,60083100,1577
2020,60083100,1636
2019,60083200,1971
2020,60083200,2008
2019,60055100,1692
2020,60055100,1694
2019,60055200,1251
2020,60055200,1251
2019,60055300,155
2020,60055300,164
2019,60056100,1003
2020,60056100,1003
2019,60056200,993
2020,60056200,993
2019,60057100,1145
2020,60057100,1145
2019,60057200,992
2020,60057200,992
2019,60057300,772
2020,60057300,772
2019,60058100,434
2020,60058100,434
2019,60059100,1362
2020,60059100,1362
2019,60059200,1377
2020,60059200,1393
2019,60060100,0
2020,60060100,0
2019,60062100,232
2020,60062100,232
2019,60062200,458
2020,60062200,458
2019,60062300,1115
2020,60062300,1115
2019,60063100,828
2020,60063100,828
2019,60063200,485
2020,60063200,485
2019,60064100,1015
2020,60064100,1041
2019,60065100,1049
2020,60065100,1049
2019,60065200,740
2020,60065200,740
2019,60065300,1094
2020,60065300,1094
2019,60066100,493
2020,60066100,493
2019,60066200,422
2020,60066200,422
2019,60066300,529
2020,60066300,529
2019,60067100,569
2020,60067100,573
2019,60067200,663
2020,60067200,669
2019,60068100,215
2020,60068100,215
2019,60068200,339
2020,60068200,341
2019,60069100,337
2020,60069100,356
2019,60069200,803
2020,60069200,818
2019,60069300,764
2020,60069300,794
2019,60070100,340
2020,60070100,364
2019,60070200,458
2020,60070200,472
2019,60070300,454
2020,60070300,459
2019,60070400,472
2020,60070400,600
2019,60070500,1
2020,60070500,1
2019,60071100,394
2020,60071100,413
2019,60071200,633
2020,60071200,649
2019,60071300,390
2020,60071300,393
2019,60071400,459
2020,60071400,468
2019,60071500,405
2020,60071500,408
2019,60072100,680
2020,60072100,680
2019,60072200,850
2020,60072200,856
2019,60072300,1021
2020,60072300,1029
2019,60073100,756
2020,60073100,768
2019,60073200,432
2020,60073200,441
2019,60073300,384
2020,60073300,389
2019,60073400,120
2020,60073400,120
2019,60074100,1432
2020,60074100,1436
2019,60074200,439
2020,60074200,441
2019,60075100,425
2020,60075100,473
2019,60075200,1554
2020,60075200,1575
2019,60075300,0
2020,60075300,25
2019,60076100,505
2020,60076100,509
2019,60076200,399
2020,60076200,403
2019,60076300,208
2020,60076300,208
2019,60076400,204
2020,60076400,204
2019,60077100,110
2020,60077100,274
2019,60077200,432
2020,60077200,549
2019,60078100,361
2020,60078100,377
2019,60078200,761
2020,60078200,766
2019,60079100,612
2020,60079100,616
2019,60079200,568
2020,60079200,568
2019,60080100,321
2020,60080100,325
2019,60080200,343
2020,60080200,346
2019,60080300,326
2020,60080300,326
2019,60080400,396
2020,60080400,396
2019,60081100,381
2020,60081100,409
2019,60081200,398
2020,60081200,408
2019,60084100,16
2020,60084100,16
2019,60084200,3
2020,60084200,3
2019,60084300,453
2020,60084300,453
2019,60084400,258
2020,60084400,343
2019,60085100,368
2020,60085100,377
2019,60085200,281
2020,60085200,281
2019,60085300,0
2020,60085300,12
2019,60086100,696
2020,60086100,713
2019,60086200,641
2020,60086200,646
2019,60086300,177
2020,60086300,177
2019,60087100,1764
2020,60087100,1823
2019,60087200,340
2020,60087200,340
2019,60088100,1256
2020,60088100,1275
2019,60089100,778
2020,60089100,788
2019,60089200,574
2020,60089200,575
2019,60089300,0
2020,60089300,0
2019,60089400,537
2020,60089400,537
2019,60089500,167
2020,60089500,167
2019,60092100,1267
2020,60092100,1267
2019,60092200,4
2020,60092200,16
2019,60092300,1
2020,60092300,1
2019,60092400,62
2020,60092400,62
2019,60092500,935
2020,60092500,935
2019,60092600,754
2020,60092600,767
2019,60096100,0
2020,60096100,0
2019,60096200,0
2020,60096200,0
2019,60096300,0
2020,60096300,0
2019,60082100,0
2020,60082100,0
2019,60082200,0
2020,60082200,0
2019,60082300,15
2020,60082300,15
2019,60091100,341
2020,60091100,341
2019,60091200,630
2020,60091200,630
2019,60091300,653
2020,60091300,653
2019,60091400,3
2020,60091400,3
2019,60091500,5
2020,60091500,5
2019,60093100,624
2020,60093100,632
2019,60093200,552
2020,60093200,552
2019,60095100,3
2020,60095100,3
2019,60095200,51
2020,60095200,51
2019,60097100,327
2020,60097100,327
2019,60097200,57
2020,60097200,57
2019,60097300,15
2020,60097300,15
2019,60098100,297
2020,60098100,297
2019,60099100,6
2020,60099100,6
2019,60099200,0
2020,60099200,0
2019,60099300,5
2020,60099300,5
2019,60100100,3
2020,60100100,3
2019,60100200,1914
2020,60100200,1936
2019,60100300,299
2020,60100300,305
2019,60100400,134
2020,60100400,134
2019,60101100,1248
2020,60101100,1251
2019,60101200,998
2020,60101200,1002
2019,60103100,595
2020,60103100,595
2019,60103200,560
2020,60103200,560
2019,60104100,550
2020,60104100,582
2019,60104200,687
2020,60104200,687
2019,60104300,989
2020,60104300,989
2019,60105100,272
2020,60105100,278
2019,60105200,1
2020,60105200,1
2019,60105300,778
2020,60105300,780
2019,60106100,17
2020,60106100,17
2019,60106200,25
2020,60106200,25
2019,60106300,0
2020,60106300,0
2019,60107100,716
2020,60107100,716
2019,60107200,867
2020,60107200,867
2019,60108100,591
2020,60108100,638
2019,60109100,878
2020,60109100,878
2019,60109200,731
2020,60109200,731
2019,60109300,346
2020,60109300,346
2019,60110100,1019
2020,60110100,1028
2019,60111100,783
2020,60111100,783
2019,60111200,573
2020,60111200,573
2019,60112100,712
2020,60112100,712
2019,60112200,527
2020,60112200,527
2019,60113100,241
2020,60113100,241
2019,60113200,240
2020,60113200,240
2019,60113300,68
2020,60113300,96
2019,60113400,479
2020,60113400,479
2019,60113500,3
2020,60113500,3
2019,60114100,1257
2020,60114100,1257
2019,60114200,0
2020,60114200,0
2019,60115100,1119
2020,60115100,1119
2019,60115200,380
2020,60115200,380
2019,60115300,633
2020,60115300,633
2019,60116100,1872
2020,60116100,1913
2019,60116200,37
2020,60116200,41
2019,60116300,67
2020,60116300,67
2019,60116400,968
2020,60116400,968
2019,60116500,0
2020,60116500,0
2019,60116600,618
2020,60116600,618
2019,60116700,0
2020,60116700,0
2019,60117100,1552
2020,60117100,1552
2019,60117200,1463
2020,60117200,1463
2019,60117300,129
2020,60117300,167
2019,60118100,665
2020,60118100,665
2019,60118200,377
2020,60118200,377
2019,60118300,705
2020,60118300,710
2019,60119100,123
2020,60119100,123
2019,60119200,931
2020,60119200,935
2019,60120100,14
2020,60120100,14
2019,60122100,261
2020,60122100,261
2019,60122200,619
2020,60122200,619
2019,60122300,195
2020,60122300,195
2019,60122400,29
2020,60122400,29
2019,60123100,220
2020,60123100,220
2019,60123200,634
2020,60123200,634
2019,60124100,665
2020,60124100,665
2019,60124200,12
2020,60124200,12
2019,60125100,889
2020,60125100,889
2019,60125200,871
2020,60125200,871
2019,60125300,244
2020,60125300,244
2019,60126100,787
2020,60126100,787
2019,60126200,744
2020,60126200,744
2019,60126300,930
2020,60126300,930
2019,60127100,835
2020,60127100,863
2019,60127200,1127
2020,60127200,1225
2019,60128100,2
2020,60128100,2
2019,60128200,25
2020,60128200,25
2019,60128300,527
2020,60128300,527
2019,60129100,324
2020,60129100,324
2019,60129700,620
2020,60129700,620
2019,60130100,9
2020,60130100,9
2019,60130200,34
2020,60130200,34
2019,60165100,218
2020,60165100,218
2019,60165200,45
2020,60165200,45
2019,60170100,192
2020,60170100,192
2019,60170200,352
2020,60170200,357
2019,60170300,0
2020,60170300,0
2019,60131100,449
2020,60131100,449
2019,60131200,1303
2020,60131200,1303
2019,60131300,290
2020,60131300,290
2019,60131400,740
2020,60131400,740
2019,60131500,808
2020,60131500,808
2019,60153100,504
2020,60153100,504
2019,60158300,299
2020,60158300,299
2019,60164100,687
2020,60164100,687
2019,60164200,430
2020,60164200,430
2019,60164300,251
2020,60164300,251
2019,60164400,326
2020,60164400,326
2019,60164500,1155
2020,60164500,1155
2019,60164600,1862
2020,60164600,1862
2019,60166100,336
2020,60166100,336
2019,60166200,756
2020,60166200,756
2019,60166300,511
2020,60166300,511
2019,60166400,248
2020,60166400,248
2019,60166500,389
2020,60166500,389
2019,60167100,420
2020,60167100,420
2019,60167200,390
2020,60167200,390
2019,60167300,423
2020,60167300,423
2019,60167400,275
2020,60167400,275
2019,60167500,1
2020,60167500,1
2019,60168100,612
2020,60168100,612
2019,60169100,658
2020,60169100,658
2019,60169200,2
2020,60169200,2
2019,60169300,1
2020,60169300,1
2019,60169400,28
2020,60169400,28
2019,60169500,69
2020,60169500,69
2019,60171100,479
2020,60171100,479
2019,60171200,508
2020,60171200,508
2019,60172100,0
2020,60172100,0
2019,60172200,739
2020,60172200,739
2019,60172300,1265
2020,60172300,1265
2019,60172400,128
2020,60172400,128
2019,60173100,380
2020,60173100,380
2019,60173200,212
2020,60173200,215
2019,60173300,436
2020,60173300,436
2019,60174100,956
2020,60174100,956
2019,60174200,482
2020,60174200,482
2019,60175100,0
2020,60175100,0
2019,60175200,1409
2020,60175200,1409
2019,60175300,1165
2020,60175300,1165
2019,60176100,308
2020,60176100,308
2019,60176200,662
2020,60176200,662
2019,60176300,593
2020,60176300,593
2019,60177100,427
2020,60177100,427
2019,60177200,0
2020,60177200,0
2019,60178100,228
2020,60178100,228
2019,60178200,527
2020,60178200,527
2019,60178300,365
2020,60178300,365
2019,60179100,263
2020,60179100,263
2019,60179200,764
2020,60179200,764
2019,60179300,0
2020,60179300,0
2019,60179400,0
2020,60179400,0
2019,60179500,249
2020,60179500,249
2019,60180100,392
2020,60180100,392
2019,60180200,435
2020,60180200,435
2019,60181100,530
2020,60181100,601
2019,60181200,593
2020,60181200,655
2019,60181300,197
2020,60181300,197
2019,60182100,424
2020,60182100,424
2019,60182200,833
2020,60182200,833
2019,60182300,207
2020,60182300,207
2019,60182400,119
2020,60182400,119
2019,60182500,13
2020,60182500,13
2019,60182600,15
2020,60182600,15
2019,60183100,288
2020,60183100,288
2019,60183200,186
2020,60183200,186
2019,60183300,353
2020,60183300,353
2019,60183400,315
2020,60183400,315
2019,60183500,109
2020,60183500,109
2019,60184100,404
2020,60184100,404
2019,60184200,648
2020,60184200,648
2019,60185100,503
2020,60185100,503
2019,60185200,892
2020,60185200,892
2019,60185300,244
2020,60185300,244
2019,60185400,283
2020,60185400,283
2019,60185500,199
2020,60185500,199
2019,60185600,249
2020,60185600,249
2019,60185700,3
2020,60185700,3
2019,60186100,280
2020,60186100,280
2019,60186200,324
2020,60186200,324
2019,60186300,191
2020,60186300,191
2019,60186400,217
2020,60186400,217
2019,60186500,732
2020,60186500,732
2019,60187100,82
2020,60187100,82
2019,60187200,41
2020,60187200,41
2019,60188100,482
2020,60188100,482
2019,60188200,264
2020,60188200,264
2019,60189100,6
2020,60189100,6
2019,60189200,854
2020,60189200,854
2019,60189300,919
2020,60189300,919
2019,60190100,369
2020,60190100,369
2019,60190200,175
2020,60190200,175
2019,60190300,263
2020,60190300,263
2019,60190400,374
2020,60190400,374
2019,60191100,435
2020,60191100,435
2019,60191200,583
2020,60191200,583
2019,60191300,425
2020,60191300,425
2019,60192100,576
2020,60192100,576
2019,60192200,488
2020,60192200,488
2019,60192300,556
2020,60192300,556
2019,60193100,505
2020,60193100,505
2019,60193200,341
2020,60193200,341
2019,60193300,191
2020,60193300,191
2019,60194100,986
2020,60194100,986
2019,60195100,0
2020,60195100,0
2019,60196100,622
2020,60196100,622
2019,60196200,1
2020,60196200,1
2019,60197100,124
2020,60197100,267
2019,60198100,616
2020,60198100,616
2019,60198200,301
2020,60198200,301
2019,60198300,0
2020,60198300,0
2019,60198400,1
2020,60198400,1
2019,60198500,577
2020,60198500,577
2019,60199100,333
2020,60199100,333
2019,60199200,715
2020,60199200,715
2019,60200100,834
2020,60200100,834
2019,60200200,1270
2020,60200200,1270
2019,60201100,1643
2020,60201100,1643
2019,60201200,526
2020,60201200,526
2019,60201300,878
2020,60201300,878
2019,60202100,0
2020,60202100,0
2019,60202200,144
2020,60202200,144
2019,60133100,3
2020,60133100,3
2019,60133200,0
2020,60133200,0
2019,60133300,4
2020,60133300,4
2019,60133400,396
2020,60133400,396
2019,60133500,29
2020,60133500,29
2019,60134100,790
2020,60134100,790
2019,60134200,699
2020,60134200,699
2019,60134300,818
2020,60134300,818
2019,60135100,1320
2020,60135100,1320
2019,60135200,1687
2020,60135200,1687
2019,60135300,300
2020,60135300,300
2019,60135400,230
2020,60135400,230
2019,60136100,0
2020,60136100,0
2019,60136200,647
2020,60136200,647
2019,60136300,769
2020,60136300,769
2019,60136400,312
2020,60136400,312
2019,60136500,1
2020,60136500,1
2019,60137100,463
2020,60137100,463
2019,60138100,531
2020,60138100,531
2019,60138200,547
2020,60138200,547
2019,60139100,1058
2020,60139100,1058
2019,60139200,456
2020,60139200,456
2019,60139300,1
2020,60139300,1
2019,60140100,898
2020,60140100,898
2019,60140200,273
2020,60140200,273
2019,60140300,476
2020,60140300,476
2019,60141100,478
2020,60141100,478
2019,60141200,276
2020,60141200,276
2019,60143100,724
2020,60143100,724
2019,60143200,460
2020,60143200,460
2019,60143300,15
2020,60143300,15
2019,60143400,522
2020,60143400,522
2019,60143500,386
2020,60143500,386
2019,60144100,545
2020,60144100,545
2019,60144200,604
2020,60144200,606
2019,60144300,372
2020,60144300,372
2019,60145100,438
2020,60145100,438
2019,60145200,495
2020,60145200,495
2019,60146100,490
2020,60146100,490
2019,60146200,314
2020,60146200,314
2019,60146300,426
2020,60146300,426
2019,60146400,190
2020,60146400,190
2019,60146500,249
2020,60146500,249
2019,60147100,151
2020,60147100,151
2019,60147200,257
2020,60147200,257
2019,60147300,389
2020,60147300,389
2019,60147400,364
2020,60147400,364
2019,60147500,159
2020,60147500,159
2019,60147600,135
2020,60147600,135
2019,60148100,345
2020,60148100,345
2019,60148200,474
2020,60148200,474
2019,60148300,1
2020,60148300,1
2019,60148400,260
2020,60148400,260
2019,60151100,260
2020,60151100,260
2019,60151200,481
2020,60151200,481
2019,60151300,773
2020,60151300,773
2019,60151400,0
2020,60151400,0
2019,60151500,1
2020,60151500,1
2019,60152100,462
2020,60152100,474
2019,60152200,379
2020,60152200,379
2019,60152300,571
2020,60152300,571
2019,60155100,523
2020,60155100,523
2019,60155200,220
2020,60155200,220
2019,60155300,246
2020,60155300,266
2019,60155400,94
2020,60155400,94
2019,60155500,226
2020,60155500,226
2019,60155600,224
2020,60155600,224
2019,60155700,25
2020,60155700,25
2019,60156100,807
2020,60156100,825
2019,60156200,497
2020,60156200,501
2019,60156300,428
2020,60156300,428
2019,60156400,161
2020,60156400,161
2019,60157100,772
2020,60157100,795
2019,60157200,237
2020,60157200,237
2019,60157300,418
2020,60157300,448
2019,60158100,753
2020,60158100,753
2019,60158200,679
2020,60158200,679
2019,60158400,402
2020,60158400,402
2019,60158500,288
2020,60158500,288
2019,60160100,202
2020,60160100,202
2019,60160200,512
2020,60160200,512
2019,60160300,644
2020,60160300,797
2019,60160400,157
2020,60160400,157
2019,60161100,576
2020,60161100,576
2019,60161200,786
2020,60161200,823
2019,60161300,330
2020,60161300,330
2019,60161400,88
2020,60161400,88
2019,60161500,170
2020,60161500,170
2019,60162100,12
2020,60162100,12
2019,60162200,453
2020,60162200,453
2019,60162300,581
2020,60162300,581
2019,60162400,233
2020,60162400,233
2019,60163100,282
2020,60163100,293
2019,60163200,694
2020,60163200,698
2019,60163300,555
2020,60163300,559
2019,60163400,532
2020,60163400,532
