"year","TAZ","count"
2019,14000100,8.283835948
2020,14000100,7.106231792
2019,14001100,0.011411477
2020,14001100,0.019972275
2019,14001200,76.1121248
2020,14001200,79.41212427
2019,14001300,0.044335553
2020,14001300,0.068758985
2019,14002100,0.03410859
2020,14002100,0.03410859
2019,14002200,1.377271981
2020,14002200,1.156728335
2019,14003100,0.006613145
2020,14003100,0.018710349
2019,14003200,0.047725834
2020,14003200,0.044394058
2019,14003300,0.006613145
2020,14003300,0.018710349
2019,14003400,0.269481428
2020,14003400,0.310292943
2019,14003500,3.430329289
2020,14003500,3.359464426
2019,14003600,0
2020,14003600,0
2019,14003700,0.009496006
2020,14003700,0.009496006
2019,14003800,0
2020,14003800,0
2019,14004100,0.384607771
2020,14004100,0.10318355
2019,14004200,0.511317647
2020,14004200,0.525910778
2019,14004300,0
2020,14004300,0
2019,14005100,0.857093846
2020,14005100,0.772173931
2019,14005200,1.475659705
2020,14005200,1.947047387
2019,14006100,0
2020,14006100,0
2019,14006200,12.377283946
2020,14006200,12.07674842
2019,14007100,2.080583169
2020,14007100,1.975633366
2019,14007200,1.739736204
2020,14007200,1.569889326
2019,14007300,1.820843194
2020,14007300,1.83600497
2019,14008100,0.043952157
2020,14008100,0.04887303
2019,14009100,0.533338873
2020,14009100,0.294696673
2019,14010100,0.763128925
2020,14010100,0.863076597
2019,14010200,2.903437824
2020,14010200,3.571150147
2019,14010300,13.870603401
2020,14010300,14.132500515
2019,14010400,4.612881376
2020,14010400,3.936922803
2019,14011100,0.077940383
2020,14011100,0.077940383
2019,14011200,0.018820132
2020,14011200,0.018820132
2019,14012100,14.854017068
2020,14012100,13.872228381
2019,14012200,8.713814756
2020,14012200,9.123130288
2019,14013100,0.007930227
2020,14013100,0.007661933
2019,14013200,1.407502606
2020,14013200,1.405764856
2019,14013300,1.915776151
2020,14013300,2.825396024
2019,14014100,0.511246489
2020,14014100,0.331390573
2019,14014200,0.130311814
2020,14014200,0.169809984
2019,14014300,0.360752985
2020,14014300,0.319154817
2019,14015100,0.084417002
2020,14015100,0.05812704
2019,14015200,0.009267979
2020,14015200,0.009496006
2019,14016100,0.278344308
2020,14016100,0.329862252
2019,14016200,0.715101447
2020,14016200,0.320823432
2019,14016300,0.984958128
2020,14016300,0.960141598
2019,14017100,0.457199946
2020,14017100,0.457199946
2019,14017200,5.496652569
2020,14017200,4.803312809
2019,14018100,2.995908556
2020,14018100,3.0096032
2019,14018200,0.920622007
2020,14018200,0.931452638
2019,14019100,8.872786808
2020,14019100,9.008221665
2019,14019200,14.967188527
2020,14019200,15.29090378
2019,14019300,2.396389765
2020,14019300,2.50817126
2019,14020100,0.114897042
2020,14020100,0.092022668
2019,14021100,6.17964309
2020,14021100,6.649257743
2019,14021200,64.23445999
2020,14021200,62.03231273
2019,14021300,0.52864681
2020,14021300,0.52864681
2019,14022100,0
2020,14022100,0
2019,14022200,3.681296062
2020,14022200,3.906730578
2019,14022300,0.542691078
2020,14022300,0.724117052
2019,14022400,1.308900158
2020,14022400,2.261647799
2019,14022500,25.37408356
2020,14022500,25.64779426
2019,14023100,9.33178894
2020,14023100,9.011500878
2019,14024100,0.078645074
2020,14024100,0.07455721
2019,14024200,0.198203749
2020,14024200,0.147781362
2019,14024300,0.082307716
2020,14024300,0.160700494
2019,14025100,14.94056607
2020,14025100,15.450068483
2019,14025200,10.527325603
2020,14025200,11.112718991
2019,14026100,34.259233
2020,14026100,33.98506168
2019,14027100,13.351875609
2020,14027100,12.969870341
2019,14027200,13.59782548
2020,14027200,14.283111075
2019,14028100,19.312280408
2020,14028100,20.340852979
2019,14028200,25.286015324
2020,14028200,25.262555828
2019,14029100,24.86417954
2020,14029100,25.32744621
2019,14030100,0.017406872
2020,14030100,0.053968803
2019,14030200,2.208863405
2020,14030200,2.401039399
2019,14031100,14.595727284
2020,14031100,10.922512786
2019,14031200,10.905741545
2020,14031200,11.982945284
2019,14032100,15.784241282
2020,14032100,14.212400706
2019,14032200,12.994681946
2020,14032200,14.004371872
2019,14033100,25.416894235
2020,14033100,23.291042074
2019,14033200,5.592099671
2020,14033200,6.651920658
2019,14034100,5.59487831
2020,14034100,5.936979488
2019,14034200,19.821709984
2020,14034200,19.93685065
2019,14035100,19.285102043
2020,14035100,19.471513592
2019,14036100,0.976677697
2020,14036100,0.990756248
2019,14036200,39.256228883
2020,14036200,33.500017669
2019,14037100,2.34631912
2020,14037100,2.305556426
2019,14037200,2.944850966
2020,14037200,2.926054429
2019,14038100,0.373915741
2020,14038100,0.328637268
2019,14039100,21.142110715
2020,14039100,21.474934811
2019,14039200,21.776784767
2020,14039200,21.6847762
2019,14040100,12.289263346
2020,14040100,10.883275945
2019,14040200,37.12354804
2020,14040200,38.37078044
2019,14041100,7.589507373
2020,14041100,7.605190112
2019,14041200,6.33676239
2020,14041200,6.279160849
2019,14042100,15.934931973
2020,14042100,16.466578328
2019,14042200,8.19074
2020,14042200,7.551954343
2019,14043100,20.539307215
2020,14043100,20.677046239
2019,14043200,23.645991516
2020,14043200,21.179078535
2019,14043300,1.659781702
2020,14043300,1.693445294
2019,14044100,8.944113636
2020,14044100,9.620737367
2019,14044200,30.3529731
2020,14044200,27.39490249
2019,14045100,0.078612583
2020,14045100,0.083884392
2019,14045200,20.246111994
2020,14045200,21.269276715
2019,14046100,20.915915252
2020,14046100,21.297243786
2019,14047100,0.028374349
2020,14047100,0.031431155
2019,14047200,0.031963621
2020,14047200,0.031963621
2019,14047300,0.00346771
2020,14047300,0.00346771
2019,14047400,0.026051347
2020,14047400,0.027622599
2019,14047500,0.501336232
2020,14047500,0.369207734
2019,14048100,14.02883756
2020,14048100,14.024865655
2019,14048200,5.96388836
2020,14048200,5.739730096
2019,14049100,17.380380081
2020,14049100,17.072437651
2019,14050100,4.020443165
2020,14050100,3.994961549
2019,14050200,0.053968803
2020,14050200,0.053968803
2019,14051100,17.263355269
2020,14051100,21.65553208
2019,14051200,24.51369558
2020,14051200,22.97278061
2019,14052100,0
2020,14052100,0
2019,14052200,0.146336896
2020,14052200,0.09895446
2019,14053100,0.163737442
2020,14053100,0.107807675
2019,14053200,0.542500287
2020,14053200,0.070802945
2019,14054100,19.16628415
2020,14054100,19.963314766
2019,14055100,14.238651415
2020,14055100,16.204275996
2019,14055200,4.490245286
2020,14055200,3.854261597
2019,14056100,11.78264694
2020,14056100,11.509217975
2019,14056200,6.891229094
2020,14056200,5.678120445
2019,14057100,2.318606047
2020,14057100,1.298740357
2019,14058100,36.73949264
2020,14058100,37.582094
2019,14058200,13.5616451
2020,14058200,13.180571029
2019,14059100,0.202154713
2020,14059100,0.214245334
2019,14059200,44.726136326
2020,14059200,45.512195418
2019,14059300,0.978350743
2020,14059300,0.828215105
2019,14059400,1.046409793
2020,14059400,1.076600945
2019,14060100,24.60960548
2020,14060100,25.84346398
2019,14060200,11.610586775
2020,14060200,12.5876786
2019,14061100,0.009267979
2020,14061100,0.009267979
2019,14061200,1.415839121
2020,14061200,1.551590573
2019,14062100,8.933805211
2020,14062100,9.156677744
2019,14063100,0.014364265
2020,14063100,0.037879649
2019,14063200,0.239111573
2020,14063200,0.294143328
2019,14063300,0
2020,14063300,0
2019,14063400,0.00655536
2020,14063400,0.00655536
2019,14063500,16.767534757
2020,14063500,17.099727173
2019,14063600,18.302252191
2020,14063600,17.431633371
2019,14064100,11.98264989
2020,14064100,12.149182257
2019,14064200,13.595128957
2020,14064200,14.971939142
2019,14065100,0.409523949
2020,14065100,0.383122802
2019,14065200,0
2020,14065200,0
2019,14066100,15.2425511
2020,14066100,16.075403558
2019,14066200,0
2020,14066200,0
2019,14067100,15.896588197
2020,14067100,15.347059419
2019,14067200,16.112945282
2020,14067200,16.288624774
2019,14068100,0
2020,14068100,0
2019,14068200,0.365410176
2020,14068200,0.12164035
2019,14068300,3.430230335
2020,14068300,3.211484979
2019,14068400,0.043530575
2020,14068400,0.043530575
2019,14068500,0.031963621
2020,14068500,0.020504406
2019,14069100,15.328448843
2020,14069100,15.999253008
2019,14069200,3.37044214
2020,14069200,2.906543004
2019,14070100,8.61255091
2020,14070100,8.059224186
2019,14071100,5.82079642
2020,14071100,6.257676101
2019,14071200,2.37077718
2020,14071200,2.347837674
2019,14072100,16.89456045
2020,14072100,17.394845781
2019,14073100,9.634266562
2020,14073100,8.878086777
2019,14073200,31.447935148
2020,14073200,30.45505111
2019,14074100,13.526822345
2020,14074100,14.321749577
2019,14075100,0.24430727
2020,14075100,0.813057997
2019,14075200,0.441077731
2020,14075200,0.893402113
2019,14075300,0.067512263
2020,14075300,0.008831478
2019,14076100,8.905618101
2020,14076100,9.167520466
2019,14076200,31.96424276
2020,14076200,32.36505832
2019,14077100,18.682985852
2020,14077100,18.95772772
2019,14077200,0
2020,14077200,0
2019,14077300,31.02996173
2020,14077300,33.04027089
2019,14077400,42.5870821
2020,14077400,37.10442141
2019,14078100,12.805795279
2020,14078100,13.375725659
2019,14078200,20.385536645
2020,14078200,20.850810496
2019,14079100,15.968154171
2020,14079100,16.341310366
2019,14079200,12.631267824
2020,14079200,12.985128789
2019,14079300,0
2020,14079300,0
2019,14080100,0.085066432
2020,14080100,0.135655616
2019,14080200,0.918208982
2020,14080200,0.939969774
2019,14081100,0.710340048
2020,14081100,0.653178017
2019,14082100,0.424135981
2020,14082100,0.456286243
2019,14083100,0.193020754
2020,14083100,0.156054124
2019,14083200,0.142738076
2020,14083200,0.080855989
2019,14084100,0.00655536
2020,14084100,0.00655536
2019,14084200,0.031284062
2020,14084200,0.047214711
2019,14084300,0.30951825
2020,14084300,0.405698286
2019,14084400,0
2020,14084400,0
2019,14084500,0.159448338
2020,14084500,0.157059104
2019,14085100,1.134425274
2020,14085100,1.075062284
2019,14085200,0.248517065
2020,14085200,0.273058307
2019,14086100,0.146364013
2020,14086100,0.175222069
2019,14086200,1.252486341
2020,14086200,0.414876589
2019,14086300,0
2020,14086300,0
2019,14087100,0.033108564
2020,14087100,0.028764986
2019,14088100,0.047933876
2020,14088100,0.044998285
2019,14088200,0.10989374
2020,14088200,0.119734475
2019,14088300,0.230205765
2020,14088300,0.285849937
2019,14089100,1.048213287
2020,14089100,1.319197366
2019,14089200,0.975912747
2020,14089200,0.935492831
2019,14090100,0.403538088
2020,14090100,0.288903949
2019,14090200,0.009965883
2020,14090200,0.023840329
2019,14090300,0
2020,14090300,0
2019,14091100,1.332687766
2020,14091100,1.005901851
2019,14091200,2.681199209
2020,14091200,2.555560898
2019,14092100,0.153933314
2020,14092100,0.123129649
2019,14093100,21.418657913
2020,14093100,20.504342803
2019,14094100,1.12803461
2020,14094100,0.282343787
2019,14094200,1.035346939
2020,14094200,1.002858124
2019,14095100,2.374181398
2020,14095100,2.677745452
2019,14095200,2.197289076
2020,14095200,2.49708431
2019,14096100,1.910856721
2020,14096100,0.52931662
2019,14096200,0.716481097
2020,14096200,0.712501824
2019,14097100,25.2830096
2020,14097100,25.02426089
2019,14097200,27.803476988
2020,14097200,28.229619276
2019,14098100,3.622173544
2020,14098100,4.061445971
2019,14098200,1.496792784
2020,14098200,1.619472584
2019,14099100,0.238199842
2020,14099100,0.340255962
2019,14100100,0.287133811
2020,14100100,0.304920012
2019,14101100,0.210379187
2020,14101100,0.271419394
2019,14101200,1.057899138
2020,14101200,1.060573522
2019,14102100,0.634071813
2020,14102100,0.47502235
2019,14103100,1.255383753
2020,14103100,1.271188054
2019,14104100,1.117283397
2020,14104100,1.010652655
2019,14105100,0
2020,14105100,0
2019,14105200,0.082077409
2020,14105200,0.45241319
2019,14106100,0.393708547
2020,14106100,0.393708547
2019,14106200,0.013772121
2020,14106200,0.013772121
2019,14106300,0.019469916
2020,14106300,0.019469916
2019,14106400,0.045797746
2020,14106400,0.05458931
2019,14106500,0.140624428
2020,14106500,0.154967195
2019,14107100,4.561240247
2020,14107100,4.673868193
2019,14107200,0
2020,14107200,0
2019,14108100,0.737122077
2020,14108100,0.908440783
2019,14109100,34.13176617
2020,14109100,31.96795886
2019,14109200,31.596308069
2020,14109200,32.227308172
2019,14109300,1.911478822
2020,14109300,1.937242018
2019,20211100,16.389853589
2020,20211100,17.760072967
2019,20212100,34.12984185
2020,20212100,35.73852469
2019,20212200,22.70632714
2020,20212200,23.97113822
2019,20213100,4.825155025
2020,20213100,4.908867383
2019,20213200,7.871937778
2020,20213200,8.046404563
2019,20213300,18.559880421
2020,20213300,16.296955444
2019,20214100,9.870569941
2020,20214100,10.136345786
2019,20214200,8.003474715
2020,20214200,8.169001935
2019,20214300,7.990490843
2020,20214300,10.175534476
2019,20214400,6.490851485
2020,20214400,6.899874295
2019,20214500,5.828183713
2020,20214500,6.884496236
2019,20214600,11.265429359
2020,20214600,11.480328731
2019,20214700,0.008584629
2020,20214700,0.977206866
2019,20215100,11.267953554
2020,20215100,11.402063542
2019,20215200,14.715847091
2020,20215200,16.739898754
2019,20215300,24.54710717
2020,20215300,26.20982822
2019,20216100,16.51366534
2020,20216100,17.829790025
2019,20216200,14.161199427
2020,20216200,15.535175455
2019,20216300,5.968250712
2020,20216300,6.502261104
2019,20216400,5.829148018
2020,20216400,6.901563229
2019,20217100,4.46285964
2020,20217100,5.205197081
2019,20217200,12.664355367
2020,20217200,15.801246023
2019,20217300,16.137964225
2020,20217300,19.066234453
2019,20217400,8.55210639
2020,20217400,8.998209148
2019,20217500,10.051201901
2020,20217500,10.868597191
2019,20218100,8.48776629
2020,20218100,9.623270213
2019,20218200,42.87503654
2020,20218200,39.2566628
2019,20219100,15.820493836
2020,20219100,16.219452423
2019,20219200,25.51386032
2020,20219200,27.13939172
2019,20220100,29.06132722
2020,20220100,31.20473385
2019,20220200,21.499296466
2020,20220200,22.92630052
2019,20221100,22.81367434
2020,20221100,23.547512586
2019,20221200,24.23475888
2020,20221200,24.58709448
2019,20221300,20.143759651
2020,20221300,21.5929594
2019,20222100,7.530610703
2020,20222100,7.268140163
2019,20222200,14.014883905
2020,20222200,17.620962126
2019,20222300,23.467533701
2020,20222300,27.28200588
2019,20223100,12.038718652
2020,20223100,12.348779871
2019,20224100,11.61023837
2020,20224100,14.318698037
2019,20224200,0.025151527
2020,20224200,0.025151527
2019,20225100,33.17966732
2020,20225100,37.50636234
2019,20226100,43.22282372
2020,20226100,47.00751817
2019,20227100,22.754698965
2020,20227100,20.605468303
2019,20228100,0
2020,20228100,0
2019,20229100,14.940719818
2020,20229100,18.66283981
2019,20229200,0.845970235
2020,20229200,0.93664838
2019,20230100,43.27685849
2020,20230100,46.54553596
2019,20231100,3.676987771
2020,20231100,3.756493853
2019,20231200,7.242246191
2020,20231200,8.145658839
2019,20232100,2.512711956
2020,20232100,3.170915493
2019,20232200,5.066340544
2020,20232200,4.62859385
2019,20232300,16.343850233
2020,20232300,16.012347911
2019,20232400,10.979846502
2020,20232400,11.994907997
2019,20233100,30.51348109
2020,20233100,38.66739681
2019,20234100,10.966125788
2020,20234100,11.325178134
2019,20234200,11.677387989
2020,20234200,12.147121188
2019,20234300,18.072005869
2020,20234300,18.894519919
2019,20234400,11.893975161
2020,20234400,12.574638203
2019,20235100,8.818209968
2020,20235100,9.65127749
2019,20235200,10.971783349
2020,20235200,12.089991888
2019,20235300,7.0699007
2020,20235300,7.559280259
2019,20235400,8.192944675
2020,20235400,9.013626263
2019,20235500,1.83419472
2020,20235500,2.326699564
2019,20235600,3.382980793
2020,20235600,3.718291854
2019,20236100,10.693874627
2020,20236100,9.891699977
2019,20236200,4.588404059
2020,20236200,4.931914204
2019,20236300,5.540227668
2020,20236300,6.211373395
2019,20236400,14.884956285
2020,20236400,15.319923131
2019,20237100,0.383126128
2020,20237100,0.551218027
2019,20237200,13.070131243
2020,20237200,13.758483097
2019,20237300,9.2490708
2020,20237300,9.846660307
2019,20237400,36.802468602
2020,20237400,43.272368195
2019,20238100,11.724203552
2020,20238100,11.865747155
2019,20238200,16.677114097
2020,20238200,18.062928149
2019,20239100,32.56544307
2020,20239100,40.68922123
2019,20239200,7.698423619
2020,20239200,7.89391277
2019,20240100,10.265208558
2020,20240100,10.303643327
2019,20240200,27.224184197
2020,20240200,28.86174158
2019,20241100,21.877738771
2020,20241100,21.588053024
2019,20242100,21.343584346
2020,20242100,20.304183571
2019,20242200,9.551182984
2020,20242200,11.140861429
2019,20242300,6.8037839
2020,20242300,6.612892566
2019,20243100,7.141463518
2020,20243100,8.106643963
2019,20243200,7.11889544
2020,20243200,7.328875352
2019,20244100,7.886781284
2020,20244100,7.310852251
2019,20244200,9.720377268
2020,20244200,8.988952687
2019,20244300,9.250100159
2020,20244300,10.616665857
2019,20244400,1.411663171
2020,20244400,1.290008674
2019,20244500,3.856737873
2020,20244500,3.967654468
2019,20244600,12.374559713
2020,20244600,13.065118699
2019,20244700,7.304274452
2020,20244700,8.608721199
2019,20245100,22.96792592
2020,20245100,24.68524106
2019,20245200,14.819819587
2020,20245200,15.96591151
2019,20246100,9.518727272
2020,20246100,10.005530033
2019,20246200,1.537815247
2020,20246200,1.458770553
2019,20247100,20.15054408
2020,20247100,23.673523845
2019,20248100,8.98251279
2020,20248100,8.971903007
2019,20248200,16.330689177
2020,20248200,18.511828004
2019,20249100,6.68134645
2020,20249100,6.839959659
2019,20249200,7.823338264
2020,20249200,8.010249364
2019,20250100,6.553451896
2020,20250100,6.393892848
2019,20250200,12.79603217
2020,20250200,10.519083632
2019,20251100,5.783328429
2020,20251100,6.975884102
2019,20251200,4.760354101
2020,20251200,4.571341596
2019,20252100,14.207799962
2020,20252100,15.335324311
2019,20252200,14.709660669
2020,20252200,19.230076031
2019,20252300,17.644110817
2020,20252300,18.012767233
2019,20253100,16.374101425
2020,20253100,17.044922405
2019,20253200,6.423008032
2020,20253200,6.274127574
2019,20253300,9.627552523
2020,20253300,10.252719695
2019,20254100,23.411114657
2020,20254100,22.79361066
2019,20255100,18.133865006
2020,20255100,19.327432396
2019,20255200,35.62699468
2020,20255200,38.76955245
2019,20255300,0.62639083
2020,20255300,1.092321527
2019,20256100,28.8525675
2020,20256100,29.19847618
2019,20257100,8.71593454
2020,20257100,10.409787866
2019,20257200,7.329040815
2020,20257200,8.5909887
2019,20258100,25.499785609
2020,20258100,33.78353359
2019,20258200,1.978239677
2020,20258200,2.671905157
2019,20259100,16.081142045
2020,20259100,17.154674051
2019,20259200,18.460631281
2020,20259200,18.935841044
2019,20260100,5.606489144
2020,20260100,5.850869445
2019,20260200,18.850275487
2020,20260200,19.481647834
2019,20260300,26.962234812
2020,20260300,23.318067192
2019,20261100,6.439829989
2020,20261100,5.871400911
2019,20261200,2.013735004
2020,20261200,2.003862969
2019,20261300,8.276823745
2020,20261300,6.895994166
2019,20262100,12.957211875
2020,20262100,13.429091116
2019,20263100,7.496016054
2020,20263100,7.694968913
2019,20263200,7.278747285
2020,20263200,6.702903832
2019,20263300,13.881212462
2020,20263300,14.271498749
2019,20263400,10.231240638
2020,20263400,12.075369459
2019,20264100,1.11370089
2020,20264100,0.845404482
2019,20265100,30.15278766
2020,20265100,31.37763009
2019,20266100,15.699881115
2020,20266100,16.54828588
2019,20266200,5.273178658
2020,20266200,5.559405035
2019,20267100,31.923686413
2020,20267100,36.673097153
2019,20267200,17.681797818
2020,20267200,15.601141229
2019,20268100,10.264813557
2020,20268100,10.039422578
2019,20268200,6.73755348
2020,20268200,10.00489099
2019,20269100,10.668546186
2020,20269100,11.813444278
2019,20270100,4.791031249
2020,20270100,4.534694697
2019,20271100,2.873358988
2020,20271100,3.528320674
2019,20272100,20.637257909
2020,20272100,24.31039932
2019,20273100,2.396234354
2020,20273100,2.596365314
2019,20274100,23.80147167
2020,20274100,25.63381554
2019,20274200,8.811579902
2020,20274200,9.376680804
2019,20275100,0
2020,20275100,0
2019,20276100,15.728097937
2020,20276100,16.670466949
2019,20277100,0.715514904
2020,20277100,0.594448298
2019,20277200,14.280859617
2020,20277200,14.976592137
2019,20278100,8.996658087
2020,20278100,9.219012173
2019,20279100,0.035341844
2020,20279100,0.241211406
2019,20280100,2.494527423
2020,20280100,9.717899037
2019,20281100,2.156929687
2020,20281100,2.549739708
2019,20281200,0.657560943
2020,20281200,0.595681623
2019,20281300,0.900456247
2020,20281300,0.536701018
2019,20281400,1.467985884
2020,20281400,1.229617246
2019,20282100,0.30116038
2020,20282100,0.493998948
2019,20283100,4.082349992
2020,20283100,5.212252128
2019,20284100,2.3605845
2020,20284100,2.353639794
2019,20284200,9.455694847
2020,20284200,8.822390819
2019,20285100,0.21476361
2020,20285100,0.185331975
2019,20285200,0.16261966
2020,20285200,0.163280433
2019,20285300,0.10068625
2020,20285300,0.110822884
2019,20286100,0.003079751
2020,20286100,0.003079751
2019,20286200,0.001997339
2020,20286200,0.001997339
2019,20286300,0.014472217
2020,20286300,0.028661265
2019,20286400,0.013239579
2020,20286400,0.001375857
2019,20286500,0.00401172
2020,20286500,0.038159495
2019,20287100,7.568844779
2020,20287100,7.364340873
2019,20287200,0.153956873
2020,20287200,0.130964567
2019,20288100,9.039248187
2020,20288100,9.23576765
2019,20288200,0
2020,20288200,0
2019,20288300,0.140431913
2020,20288300,0.416530335
2019,20288400,3.922634613
2020,20288400,4.623702694
2019,20288500,9.018728195
2020,20288500,9.060653248
2019,20288600,3.117544013
2020,20288600,3.199551793
2019,20288700,0.685951493
2020,20288700,0.41462843
2019,20289100,0.031902518
2020,20289100,0.031902518
2019,20289200,1.719371687
2020,20289200,2.069991733
2019,20289300,0
2020,20289300,0
2019,20289400,0.926089182
2020,20289400,1.214481474
2019,20289500,0.132747044
2020,20289500,0.132823986
2019,20289600,0.239130379
2020,20289600,0.219471367
2019,20289700,0.15664908
2020,20289700,0.127651352
2019,20290100,0
2020,20290100,0
2019,20290200,0.150074935
2020,20290200,0.208321884
2019,20290300,0.056047878
2020,20290300,0.023056454
2019,20290400,0.906076909
2020,20290400,0.732165619
2019,20290500,0.030841358
2020,20290500,0.025780359
2019,20290600,0.294531649
2020,20290600,0.327996184
2019,20290700,0.337474022
2020,20290700,0.066609735
2019,20290800,4.218418898
2020,20290800,5.2852516
2019,20291100,0.21666487
2020,20291100,0.208158478
2019,20291200,0.131429161
2020,20291200,0.078408225
2019,20291300,6.266816211
2020,20291300,7.778623665
2019,20291400,0.180675781
2020,20291400,0.133279427
2019,20291500,0.086433266
2020,20291500,0.109641656
2019,20291600,10.474094833
2020,20291600,12.151344863
2019,20291700,16.697025861
2020,20291700,19.221020288
2019,20291800,35.50233564
2020,20291800,36.93201965
2019,20291900,0.020400848
2020,20291900,0.033513677
2019,20292100,0.24531769
2020,20292100,0.231042348
2019,20292200,0.048681973
2020,20292200,0.084716615
2019,20292300,0.853909829
2020,20292300,0.904585341
2019,20292400,0.034765862
2020,20292400,0.024376969
2019,20292500,0.001391812
2020,20292500,0.001391812
2019,20292600,13.052692012
2020,20292600,15.293566594
2019,20292700,0.025998334
2020,20292700,0.025998334
2019,20292800,0.170939551
2020,20292800,0.18232602
2019,20292900,0.130804998
2020,20292900,0.280679702
2019,20293100,4.005172464
2020,20293100,4.014729751
2019,20293200,0.150867119
2020,20293200,0.100619424
2019,20293300,0.197332147
2020,20293300,0.152757446
2019,20293400,0.24596391
2020,20293400,0.245475473
2019,20293500,0.185002764
2020,20293500,0.115385315
2019,20293600,0.305971926
2020,20293600,0.266018553
2019,20294100,2.060772245
2020,20294100,2.399810153
2019,20294200,3.722388251
2020,20294200,3.772522387
2019,20294300,4.631599035
2020,20294300,4.921019615
2019,20294400,5.365606237
2020,20294400,5.791664089
2019,20294500,10.630626501
2020,20294500,10.539315223
2019,20294600,5.788712621
2020,20294600,7.201431697
2019,20295100,0
2020,20295100,0
2019,20296100,0.631559553
2020,20296100,0.739891632
2019,20296200,0.015941549
2020,20296200,0.067103756
2019,20296300,2.146762578
2020,20296300,2.345121194
2019,20296400,0.759746844
2020,20296400,1.165846928
2019,20296500,7.627368307
2020,20296500,9.785195708
2019,20296600,4.473922679
2020,20296600,5.160525076
2019,20296700,4.98823465
2020,20296700,4.843582707
2019,20296800,4.764297014
2020,20296800,8.452105529
2019,20296900,3.867145528
2020,20296900,4.635935347
2019,20297100,6.95064066
2020,20297100,6.705419492
2019,20297200,4.339199278
2020,20297200,4.658547517
2019,20297300,11.151998384
2020,20297300,12.428429691
2019,20297400,6.298001192
2020,20297400,6.864346618
2019,20297500,2.205759749
2020,20297500,2.678362547
2019,20297600,1.678198445
2020,20297600,1.797005447
2019,20298100,0.012077353
2020,20298100,0.105145581
2019,20298200,0.068076947
2020,20298200,0.068076947
2019,20298300,0.061252816
2020,20298300,0.061252816
2019,20298400,0.010440683
2020,20298400,0.010440683
2019,20298500,0.021461836
2020,20298500,0.056198744
2019,20298600,0
2020,20298600,0
2019,20298700,0.341816762
2020,20298700,0.173975345
2019,20299100,0.378224315
2020,20299100,0.60910773
2019,20299200,0.000821173
2020,20299200,0.000821173
2019,20299300,0
2020,20299300,0
2019,20299400,0.164117284
2020,20299400,0.373737664
2019,20299500,7.660499439
2020,20299500,6.408072629
2019,20299600,0.327828625
2020,20299600,0.248209452
2019,20299700,0.011585592
2020,20299700,0.014147027
2019,20299800,8.86586223
2020,20299800,9.112503317
2019,20299900,0
2020,20299900,0
2019,20300100,0.140184155
2020,20300100,0.070534372
2019,20300200,0.334838597
2020,20300200,0.178114344
2019,20300300,0.394394889
2020,20300300,0.355255848
2019,20300400,0.16161559
2020,20300400,0.16161559
2019,20300500,0.297931563
2020,20300500,0.388808253
2019,20300600,0.324857145
2020,20300600,0.162764219
2019,20300700,0.021461836
2020,20300700,0.001429236
2019,20300800,0.257983457
2020,20300800,0.42633043
2019,20301100,0.088457959
2020,20301100,0.096532291
2019,20301200,4.624688352
2020,20301200,5.030482352
2019,20301300,1.826343402
2020,20301300,2.450196593
2019,20301400,12.477310764
2020,20301400,14.576194777
2019,20301500,8.982329871
2020,20301500,10.222111517
2019,20301600,2.069832568
2020,20301600,2.231909891
2019,20302100,6.889994018
2020,20302100,7.873303606
2019,20302200,3.930607344
2020,20302200,4.144734119
2019,20302300,2.121716425
2020,20302300,1.797667929
2019,20302400,0.01674979
2020,20302400,0.01674979
2019,20302500,3.511757035
2020,20302500,2.994580515
2019,20303100,13.683708757
2020,20303100,15.662458843
2019,20303200,14.454955237
2020,20303200,14.894144977
2019,20303300,13.566960667
2020,20303300,14.974718339
2019,20303400,6.696410969
2020,20303400,7.526873433
2019,20303500,10.75291009
2020,20303500,12.312125118
2019,20303600,7.623082782
2020,20303600,8.986528166
2019,20304100,23.60706124
2020,20304100,27.72471858
2019,20304200,6.581969236
2020,20304200,7.187262796
2019,20304300,13.95463254
2020,20304300,15.636030542
2019,20305100,0
2020,20305100,0
2019,20305200,9.823851276
2020,20305200,11.084368017
2019,20305300,0
2020,20305300,0
2019,20305400,6.019834166
2020,20305400,6.967096692
2019,20306100,23.4309077
2020,20306100,26.17253668
2019,20306200,22.13985959
2020,20306200,25.21588239
2019,20307100,14.581920688
2020,20307100,20.670297079
2019,20307200,0.008094973
2020,20307200,0.008094973
2019,20307300,31.82952019
2020,20307300,33.44349786
2019,20307400,0.16866418
2020,20307400,0.696418247
2019,20307500,5.536597462
2020,20307500,6.008951017
2019,20308100,3.307128332
2020,20308100,4.990442085
2019,20308200,7.340487679
2020,20308200,7.684472677
2019,20308300,3.588711254
2020,20308300,3.570922675
2019,20308400,0.022824837
2020,20308400,0.031187359
2019,20308500,19.698512949
2020,20308500,18.43168855
2019,20309100,12.332560621
2020,20309100,14.496301715
2019,20309200,11.846569809
2020,20309200,13.258869878
2019,20309300,11.243819261
2020,20309300,12.058484472
2019,20309400,18.646632181
2020,20309400,20.225950026
2019,20310100,7.132801188
2020,20310100,5.350202295
2019,20310200,0
2020,20310200,0
2019,20310300,0
2020,20310300,0
2019,20310400,0
2020,20310400,0
2019,20311100,0.008504679
2020,20311100,0.545884565
2019,20311200,0.013870519
2020,20311200,0.029198871
2019,20311300,0
2020,20311300,0
2019,20311400,0.468594544
2020,20311400,0.240232448
2019,20312100,16.467939851
2020,20312100,18.299367901
2019,20313100,29.65350705
2020,20313100,31.64493359
2019,20313200,27.23933754
2020,20313200,28.75558747
2019,20314100,41.63248006
2020,20314100,47.82990176
2019,20315100,10.311271046
2020,20315100,10.375666858
2019,20315200,2.184536758
2020,20315200,2.382130005
2019,20315300,0.262685858
2020,20315300,0.275987398
2019,20316100,0.074892797
2020,20316100,0.294539743
2019,20316200,0.225066312
2020,20316200,0.219791895
2019,20316300,0.264798093
2020,20316300,0.528124426
2019,20316400,0.875803221
2020,20316400,1.28523559
2019,20316500,0.017341869
2020,20316500,0.004415092
2019,20316600,0.174619606
2020,20316600,0.170402167
2019,20317100,4.246918571
2020,20317100,4.902879675
2019,20317200,14.578737238
2020,20317200,16.688186466
2019,20318100,9.198790413
2020,20318100,11.731692732
2019,20318200,14.780898829
2020,20318200,18.316215831
2019,20319100,0.009375445
2020,20319100,0.003058539
2019,20319200,23.71916495
2020,20319200,27.98329155
2019,20319300,9.513710366
2020,20319300,10.624579758
2019,20320100,0.090595567
2020,20320100,0.203955469
2019,20320200,3.476635808
2020,20320200,4.854366577
2019,20320300,9.277538258
2020,20320300,12.582657372
2019,20320400,21.480871953
2020,20320400,24.718158373
2019,20321100,0
2020,20321100,0
2019,20321200,7.309773367
2020,20321200,8.660800096
2019,20321300,8.914308867
2020,20321300,10.236932167
2019,20321400,5.390773756
2020,20321400,6.331533338
2019,20321500,1.198034805
2020,20321500,1.599550175
2019,20321600,2.511806499
2020,20321600,2.819299969
2019,20321700,1.654530324
2020,20321700,2.539951897
2019,20322100,8.555954319
2020,20322100,9.733039449
2019,20322200,24.5455706
2020,20322200,27.52084526
2019,20322300,20.234919514
2020,20322300,23.982472869
2019,20323100,16.880744637
2020,20323100,19.234860454
2019,20323200,4.326106873
2020,20323200,4.358572063
2019,20323300,12.631422652
2020,20323300,13.641082103
2019,20323400,8.271804027
2020,20323400,9.385746887
2019,20324100,0.046152399
2020,20324100,0.004107197
2019,20324200,0.017257325
2020,20324200,0.039651121
2019,20324300,0
2020,20324300,0
2019,20324400,0.047245611
2020,20324400,0.053957515
2019,20324500,0.291801404
2020,20324500,0.258536621
2019,20325100,0
2020,20325100,0
2019,20325200,0
2020,20325200,0
2019,20325300,0
2020,20325300,0
2019,20325400,0
2020,20325400,0
2019,20326100,17.523271311
2020,20326100,21.642835075
2019,20326200,6.168942365
2020,20326200,7.767332585
2019,20326300,3.740591006
2020,20326300,3.600225461
2019,20326400,8.645264921
2020,20326400,8.734774407
2019,20326500,6.550487367
2020,20326500,7.06990606
2019,20326600,4.919933283
2020,20326600,6.005179355
2019,20327100,0.124296152
2020,20327100,0.143016075
2019,20327200,2.792149345
2020,20327200,2.710575066
2019,20328100,3.92354964
2020,20328100,5.387886322
2019,20328200,6.246853455
2020,20328200,6.969012209
2019,20328300,2.680344136
2020,20328300,3.171959445
2019,20328400,21.434905561
2020,20328400,19.767901114
2019,20328500,4.692067879
2020,20328500,4.271832549
2019,20328600,1.265859993
2020,20328600,2.745452387
2019,20328700,0.5793659
2020,20328700,0.668577607
2019,20328800,12.541697492
2020,20328800,13.173420356
2019,20329100,0.174302883
2020,20329100,0.083929011
2019,20329200,0.03083531
2020,20329200,0.024355946
2019,20329300,0.078494813
2020,20329300,0.045019802
2019,20329400,0.027691717
2020,20329400,0.027691717
2019,20329500,0.096003721
2020,20329500,0.232392416
2019,20329600,0.014739743
2020,20329600,0.019800286
2019,20330100,1.619874059
2020,20330100,1.606009181
2019,20330200,0.047370184
2020,20330200,0.034149797
2019,20330300,4.053330686
2020,20330300,4.269164588
2019,20330400,10.019934662
2020,20330400,9.152654375
2019,20330500,0.019876049
2020,20330500,0.023430692
2019,20330600,0.213084359
2020,20330600,0.205121172
2019,20330700,0.814231734
2020,20330700,0.676610696
2019,20330800,2.265828301
2020,20330800,2.208064661
2019,20330900,0.113167645
2020,20330900,0.094228848
2019,20331100,0.177046909
2020,20331100,0.179218998
2019,20331200,0.290943653
2020,20331200,0.272482971
2019,20332100,0.974746854
2020,20332100,1.153603537
2019,20332200,0.379614333
2020,20332200,0.117276387
2019,20332300,0.038799506
2020,20332300,0.203893156
2019,20332400,0.004107197
2020,20332400,0.004107197
2019,20332500,0
2020,20332500,0
2019,20332600,0
2020,20332600,0
2019,20333100,0.08948193
2020,20333100,0.08948193
2019,20333200,0.015637814
2020,20333200,0.007561792
2019,20333300,0.210626537
2020,20333300,0.220311545
2019,20333400,0.008214393
2020,20333400,0.008214393
2019,20333500,0.028944432
2020,20333500,0.05732253
2019,20333600,0.352335369
2020,20333600,0.32158301
2019,20333700,0.007561792
2020,20333700,0.007561792
2019,20333800,0.01974501
2020,20333800,0.024001576
2019,20333900,0
2020,20333900,0
2019,20334100,0.664377446
2020,20334100,0.319664239
2019,20334200,0
2020,20334200,0
2019,20334300,1.336666855
2020,20334300,1.18987186
2019,20334400,0.117046313
2020,20334400,0.33404835
2019,20334500,0.295606906
2020,20334500,0.295606906
2019,20334600,0.534468711
2020,20334600,0.396085778
2019,20334700,0.068641518
2020,20334700,0.087069927
2019,20334800,0.666998585
2020,20334800,0.448893148
2019,20334900,0.521630042
2020,20334900,0.36881829
2019,20335100,0.061319937
2020,20335100,0.057117737
2019,20335200,0.037728225
2020,20335200,0.239891448
2019,20335300,0.156130819
2020,20335300,0.123899716
2019,20335400,0
2020,20335400,0
2019,20335500,0.004107197
2020,20335500,0.127614169
2019,20335600,0
2020,20335600,0
2019,20336100,1.075683017
2020,20336100,1.308310399
2019,20336200,0.038160734
2020,20336200,0.047167238
2019,20336300,0.12408529
2020,20336300,0.06720415
2019,20336400,0.081492963
2020,20336400,0.04543895
2019,20336500,0.107799773
2020,20336500,0.199905
2019,20336600,0.336756097
2020,20336600,0.079778623
2019,20336700,0.270650674
2020,20336700,0.305547334
2019,20336800,0.069573553
2020,20336800,0.092873722
2019,20336900,0.96508098
2020,20336900,0.905282404
2019,20337100,0.615226436
2020,20337100,0.758892102
2019,20338100,31.86461347
2020,20338100,33.56513417
2019,20338200,33.00273735
2020,20338200,35.59396912
2019,20338300,0.322602089
2020,20338300,0.178330626
2019,20339100,0.084372032
2020,20339100,0.081860938
2019,20340100,1.182911486
2020,20340100,0.964092691
2019,20341100,1.058825317
2020,20341100,1.017491432
2019,20341200,1.175946025
2020,20341200,1.467916931
2019,20342100,2.52256425
2020,20342100,2.478864824
2019,20343100,0.829269782
2020,20343100,0.6989813
2019,20343200,1.1728941
2020,20343200,1.293875195
2019,20344100,1.222415757
2020,20344100,1.470560591
2019,20345100,1.682579676
2020,20345100,1.36811643
2019,20346100,0.770250222
2020,20346100,0.309311712
2019,20347100,3.728075029
2020,20347100,3.856013402
2019,20348100,12.721282667
2020,20348100,12.931427824
2019,20348200,15.073227812
2020,20348200,16.919504428
2019,20349100,0.359758889
2020,20349100,0.287332349
2019,20350100,0.300250398
2020,20350100,0.078038817
2019,20350200,0.100427151
2020,20350200,0.043454287
2019,20350300,0.041581019
2020,20350300,0.041581019
2019,20350400,0
2020,20350400,0
2019,20350500,0.005525072
2020,20350500,0.005525072
2019,20350600,0
2020,20350600,0
2019,20350700,0.04532887
2020,20350700,0.048998351
2019,20351100,15.30734398
2020,20351100,14.760494633
2019,20351200,22.21109362
2020,20351200,22.1821005
2019,20352100,13.713043622
2020,20352100,14.679680491
2019,20352200,10.724205121
2020,20352200,11.614798249
2019,20352300,14.930066768
2020,20352300,14.669174908
2019,20353100,6.067652073
2020,20353100,5.724796683
2019,20353200,3.054057071
2020,20353200,3.736179297
2019,20353300,3.273560328
2020,20353300,3.756718073
2019,20353400,9.79858819
2020,20353400,10.593099216
2019,20353500,6.774651136
2020,20353500,7.405565116
2019,20354100,0.138950812
2020,20354100,0.10667415
2019,20354200,0.003602755
2020,20354200,0.01482485
2019,20354300,0.016176175
2020,20354300,0.016176175
2019,20354400,1.971741289
2020,20354400,2.290438172
2019,20354500,0
2020,20354500,0
2019,20354600,7.3235322
2020,20354600,7.364746119
2019,20354700,0.112352175
2020,20354700,0.044159306
2019,20354800,5.774678768
2020,20354800,5.552162313
2019,20355100,6.904595698
2020,20355100,7.377615528
2019,20355200,31.47219781
2020,20355200,34.11953899
2019,20355300,5.375889592
2020,20355300,5.544630906
2019,20355400,8.287977322
2020,20355400,8.768362798
2019,20356100,11.401264714
2020,20356100,12.086811224
2019,20356200,3.437722862
2020,20356200,3.305135582
2019,20357100,2.093840178
2020,20357100,2.042318902
2019,20357200,21.806558874
2020,20357200,23.3237313
2019,20358100,0
2020,20358100,0
2019,20358200,3.673546232
2020,20358200,3.887027273
2019,20358300,5.723272761
2020,20358300,5.126294974
2019,20358400,3.809346322
2020,20358400,3.897553549
2019,20358500,7.606983437
2020,20358500,7.869261243
2019,20358600,0.98036634
2020,20358600,1.159998234
2019,20358700,3.164003365
2020,20358700,3.470815966
2019,20359100,2.301716301
2020,20359100,2.087974194
2019,20359200,3.073534852
2020,20359200,3.047847865
2019,20359300,1.154635037
2020,20359300,1.011900164
2019,20359400,2.416166859
2020,20359400,2.050387362
2019,20359500,1.506322832
2020,20359500,1.349267291
2019,20359600,1.430078167
2020,20359600,1.413012207
2019,20359700,3.872646642
2020,20359700,3.484181029
2019,20359800,1.211907147
2020,20359800,1.146704174
2019,20359900,1.01616569
2020,20359900,0.74448299
2019,20360100,7.568837392
2020,20360100,7.663118714
2019,20360200,0.056871668
2020,20360200,0.056871668
2019,20361100,0.005340074
2020,20361100,0.006267704
2019,20361200,0.880878873
2020,20361200,0.578988711
2019,20361300,9.296789397
2020,20361300,10.229873878
2019,20361400,4.832491287
2020,20361400,4.685559064
2019,20361500,9.13651843
2020,20361500,10.829844333
2019,20361600,9.384199573
2020,20361600,9.999023826
2019,20362100,14.872823735
2020,20362100,15.664997577
2019,20362200,0.331649245
2020,20362200,0.444485135
2019,20362300,0
2020,20362300,0
2019,20362400,0.119289011
2020,20362400,0.082966513
2019,20362500,0.036640345
2020,20362500,0.056831678
2019,20362600,14.217831576
2020,20362600,15.583432913
2019,20362700,1.050113803
2020,20362700,0.812146051
2019,20363100,1.507407972
2020,20363100,1.530051373
2019,20363200,3.083860032
2020,20363200,3.099709566
2019,20363300,2.033954673
2020,20363300,2.2391741
2019,20363400,2.221141531
2020,20363400,2.161661594
2019,20364100,0.005971622
2020,20364100,0.005971622
2019,20364200,1.043921657
2020,20364200,1.446369198
2019,20365100,12.202546152
2020,20365100,13.236937383
2019,20365200,0
2020,20365200,0
2019,20365300,0.081321827
2020,20365300,0.087542451
2019,20365400,0
2020,20365400,0
2019,20365500,3.274344486
2020,20365500,4.094141754
2019,20365600,0.022585223
2020,20365600,0.029457375
2019,20365700,0
2020,20365700,0
2019,20365800,4.808023179
2020,20365800,5.572607651
2019,20365900,3.894857368
2020,20365900,4.02567286
2019,20366100,0
2020,20366100,0
2019,20366200,13.689560172
2020,20366200,15.053019397
2019,20366300,1.596192738
2020,20366300,2.904151772
2019,20367100,0.021409706
2020,20367100,0.011545879
2019,20367200,1.988517631
2020,20367200,1.968338803
2019,20367300,4.192308769
2020,20367300,4.554915104
2019,20368100,6.623900016
2020,20368100,6.743460662
2019,20368200,7.780358599
2020,20368200,6.839787213
2019,20368300,2.080598021
2020,20368300,2.340921258
2019,20369100,10.665243565
2020,20369100,12.372272525
2019,20369200,7.278462406
2020,20369200,7.8005875
2019,20369300,11.075036214
2020,20369300,11.968293018
2019,20369400,5.504268622
2020,20369400,6.315820145
2019,20370100,20.211744539
2020,20370100,23.36697637
2019,20370200,8.5109447
2020,20370200,8.88357564
2019,20370300,3.114641304
2020,20370300,3.366973552
2019,20371100,7.744619146
2020,20371100,8.400094236
2019,20371200,10.362970315
2020,20371200,10.693863042
2019,20372100,26.72286433
2020,20372100,32.61230372
2019,20372200,2.844314508
2020,20372200,2.335106826
2019,20372300,0
2020,20372300,0
2019,20372400,0.680853275
2020,20372400,0.539962568
2019,20373100,0.840012341
2020,20373100,1.142578552
2019,20374100,13.782634473
2020,20374100,15.19603637
2019,20374200,13.789263922
2020,20374200,14.391740225
2019,20374300,7.769638243
2020,20374300,8.744128135
2019,20375100,0
2020,20375100,0
2019,20375200,0
2020,20375200,0
2019,20376100,8.711408391
2020,20376100,10.127213724
2019,20376200,27.707284625
2020,20376200,22.778156673
2019,20377100,6.812087327
2020,20377100,7.336144252
2019,20377200,3.159016627
2020,20377200,3.798517894
2019,20377300,10.087171129
2020,20377300,10.601060341
2019,20377400,8.775194149
2020,20377400,9.338435734
2019,20378100,1.151280321
2020,20378100,0.762328745
2019,20378200,0.042074341
2020,20378200,0.033730059
2019,20378300,0.48357111
2020,20378300,0.309878145
2019,20378400,1.388843325
2020,20378400,1.036238011
2019,20378500,0.16846517
2020,20378500,0.196119063
2019,20378600,0.346342027
2020,20378600,0.362791948
2019,20378700,0.035375625
2020,20378700,0.035375625
2019,20379100,24.19163354
2020,20379100,27.02011583
2019,20379200,26.29779179
2020,20379200,28.16873928
2019,20380100,10.489346004
2020,20380100,11.644627045
2019,20380200,11.49528284
2020,20380200,10.682100446
2019,20380300,1.546307597
2020,20380300,1.291187887
2019,20380400,9.482788185
2020,20380400,10.124050852
2019,20381100,8.51907297
2020,20381100,9.902746821
2019,20381200,13.139707943
2020,20381200,14.697985816
2019,20381300,17.918744145
2020,20381300,21.34558705
2019,20382100,11.173234007
2020,20382100,11.237831684
2019,20383100,0
2020,20383100,0
2019,20383200,0
2020,20383200,0
2019,20383300,0
2020,20383300,0
2019,20383400,0
2020,20383400,0
2019,20383500,3.193610148
2020,20383500,3.36385115
2019,20383600,0.011450928
2020,20383600,0.020910971
2019,20383700,1.954162946
2020,20383700,2.793543518
2019,20383800,1.060509474
2020,20383800,1.523961074
2019,20383900,0
2020,20383900,0
2019,20384100,0
2020,20384100,0
2019,20384200,0.268093522
2020,20384200,0.262609714
2019,20384300,3.259193832
2020,20384300,3.408880621
2019,20384400,0
2020,20384400,0
2019,20384500,0.308434545
2020,20384500,0.239740585
2019,20384600,2.667966205
2020,20384600,2.770777128
2019,20384700,3.05774778
2020,20384700,2.863989979
2019,20384800,0.807363452
2020,20384800,1.174608206
2019,20384900,0.228778093
2020,20384900,0.198988132
2019,20385100,7.237302126
2020,20385100,7.415559945
2019,20385200,14.993599423
2020,20385200,16.511936594
2019,20385300,15.054690131
2020,20385300,17.304222667
2019,20386100,10.087695959
2020,20386100,11.570244988
2019,20386200,8.125103982
2020,20386200,8.866973494
2019,20386300,9.598349881
2020,20386300,11.186824699
2019,20386400,6.83182096
2020,20386400,7.016791557
2019,20386500,6.53420069
2020,20386500,6.566136244
2019,20386600,0.063810548
2020,20386600,0.050975073
2019,20387100,0.246108091
2020,20387100,0.049228007
2019,20387200,14.846544511
2020,20387200,16.87216459
2019,20387300,0.337172188
2020,20387300,0.304531217
2019,20387400,0.035155529
2020,20387400,0.045377412
2019,20387500,2.867597751
2020,20387500,3.51804811
2019,20387600,0.985798694
2020,20387600,0.91642016
2019,20387700,0.023091757
2020,20387700,0.0296497
2019,20387800,0
2020,20387800,0
2019,20387900,0
2020,20387900,0
2019,20388100,2.062353501
2020,20388100,1.711741034
2019,20388200,0.913928616
2020,20388200,0.613459457
2019,20388300,1.947928808
2020,20388300,2.498106198
2019,20388400,6.313330587
2020,20388400,6.559643308
2019,20388500,4.954873188
2020,20388500,5.808307708
2019,20388600,0.758494911
2020,20388600,0.805258571
2019,20388700,0.109060318
2020,20388700,0.127722407
2019,20388800,0.272531495
2020,20388800,0.288536266
2019,20388900,6.501880016
2020,20388900,7.224801338
2019,20389100,2.60119284
2020,20389100,2.64715618
2019,20389200,8.330038931
2020,20389200,10.697718067
2019,20389300,4.723911691
2020,20389300,5.605430784
2019,20389400,11.15223189
2020,20389400,13.672098479
2019,20389500,6.578331695
2020,20389500,6.653387753
2019,20389600,0.362117212
2020,20389600,0.203176042
2019,20389700,4.449799523
2020,20389700,4.976819339
2019,20389800,2.352691842
2020,20389800,1.994475765
2019,20389900,0.83067608
2020,20389900,1.148081988
2019,20390100,0.063270736
2020,20390100,0.101050028
2019,20390200,0.695696816
2020,20390200,0.466323344
2019,20390300,0.160631659
2020,20390300,0.074425779
2019,20390400,0.091622079
2020,20390400,0.085816116
2019,20390500,0
2020,20390500,0
2019,20390600,0
2020,20390600,0
2019,20390700,0
2020,20390700,0
2019,20390800,3.561858459
2020,20390800,2.907113624
2019,20390900,0.330927443
2020,20390900,0.032413625
2019,20391100,12.622011908
2020,20391100,13.010120954
2019,20391200,3.242409934
2020,20391200,3.63197983
2019,20392100,8.797634339
2020,20392100,9.260128499
2019,20392200,1.220730862
2020,20392200,1.163987318
2019,20392300,0.480193246
2020,20392300,0.184520121
2019,20392400,0.662950571
2020,20392400,0.68830359
2019,20393100,0.321009523
2020,20393100,0.333889477
2019,20393200,0.526949741
2020,20393200,0.597037534
2019,20393300,1.15099547
2020,20393300,0.695926953
2019,20393400,0.027317955
2020,20393400,0.055383435
2019,20393500,4.281196055
2020,20393500,4.757592418
2019,20394100,4.666265796
2020,20394100,4.958655229
2019,20395100,2.826649223
2020,20395100,2.853945135
2019,20396100,1.021333027
2020,20396100,0.416209218
2019,20397100,2.508756766
2020,20397100,2.724031347
2019,20398100,20.75292276
2020,20398100,22.69988796
2019,20398200,8.236257434
2020,20398200,8.065193343
2019,20399100,29.359194
2020,20399100,33.0994153
2019,20399200,33.20013357
2020,20399200,37.2404441
2019,20400100,27.18761709
2020,20400100,29.8885739
2019,20400200,7.418193872
2020,20400200,7.717433174
2019,20400300,15.144273167
2020,20400300,17.137923385
2019,20400400,14.027954789
2020,20400400,14.715230556
2019,20400500,5.788934346
2020,20400500,5.63026356
2019,20401100,39.58346324
2020,20401100,41.88024624
2019,20402100,22.38598396
2020,20402100,24.80585104
2019,20402200,16.35790035
2020,20402200,17.185300722
2019,20402300,24.74970332
2020,20402300,25.14026693
2019,20403100,17.637923636
2020,20403100,19.406347843
2019,20403200,32.28057689
2020,20403200,31.0114959
2019,20404100,18.91411514
2020,20404100,20.629049839
2019,20404200,21.95455321
2020,20404200,23.17056727
2019,20405100,20.47453222
2020,20405100,21.12779376
2019,20406100,15.167261598
2020,20406100,17.181916387
2019,20406200,34.30303613
2020,20406200,38.53865433
2019,20407100,3.662729697
2020,20407100,3.659889561
2019,20407200,13.438836178
2020,20407200,13.885239961
2019,20407300,9.725442642
2020,20407300,10.935397968
2019,20407400,13.997371798
2020,20407400,13.485244897
2019,20408100,20.377993729
2020,20408100,21.42809608
2019,20408200,7.862299343
2020,20408200,7.151585506
2019,20409100,14.634311203
2020,20409100,15.835475283
2019,20409200,19.333920063
2020,20409200,20.71596836
2019,20409300,34.3276612
2020,20409300,37.80986722
2019,20410100,24.40473599
2020,20410100,25.47161124
2019,20410200,9.02847671
2020,20410200,10.095374864
2019,20411100,17.107818789
2020,20411100,16.003213918
2019,20411200,17.133871476
2020,20411200,16.368230826
2019,20411300,15.453114484
2020,20411300,17.795480958
2019,20412100,32.49820154
2020,20412100,32.4328263
2019,20412200,5.827227966
2020,20412200,6.19668243
2019,20412300,18.019685567
2020,20412300,18.690938353
2019,20413100,8.668474838
2020,20413100,9.832461545
2019,20413200,25.1509746
2020,20413200,24.96268521
2019,20413300,14.808249268
2020,20413300,16.487791819
2019,20414100,29.83571173
2020,20414100,31.6308964
2019,20414200,21.54931396
2020,20414200,21.577708175
2019,20415100,6.980607734
2020,20415100,8.153919241
2019,20415200,11.092487574
2020,20415200,11.390592993
2019,20415300,18.525335591
2020,20415300,19.743630558
2019,20416100,43.27750332
2020,20416100,52.90604015
2019,20417100,52.83401373
2020,20417100,57.14574684
2019,20418100,20.063330553
2020,20418100,21.400352004
2019,20418200,6.338956614
2020,20418200,7.234100846
2019,20419100,10.594934688
2020,20419100,10.795985191
2019,20419200,16.415135959
2020,20419200,17.77194012
2019,20420100,45.65912816
2020,20420100,48.48909131
2019,20421100,26.20504679
2020,20421100,26.96849294
2019,20422100,9.211021674
2020,20422100,9.246996868
2019,20423100,38.55244956
2020,20423100,38.81797723
2019,20423200,0
2020,20423200,0
2019,20424100,20.376293374
2020,20424100,23.81649818
2019,20425100,0
2020,20425100,1.219376974
2019,20426100,18.422361089
2020,20426100,19.257223164
2019,20427100,12.293628117
2020,20427100,12.616751698
2019,20428100,58.53021434
2020,20428100,60.6001726
2019,20429100,19.396017706
2020,20429100,21.59923309
2019,20429200,5.645134229
2020,20429200,5.920758734
2019,20430100,9.04026061
2020,20430100,9.222962299
2019,20430200,9.190357566
2020,20430200,9.630985479
2019,20431100,0.804457557
2020,20431100,0.873572373
2019,20431200,23.399085813
2020,20431200,24.78946014
2019,20431300,15.701450118
2020,20431300,16.479806895
2019,20432100,21.64577456
2020,20432100,21.83298279
2019,20433100,38.27076257
2020,20433100,40.15375876
2019,20433200,27.39109558
2020,20433200,25.70955112
2019,20434100,17.013329877
2020,20434100,17.59068038
2019,20434200,5.294093112
2020,20434200,5.063516032
2019,20434300,21.51766558
2020,20434300,22.31983763
2019,20435100,3.759092572
2020,20435100,2.841302348
2019,20435200,0
2020,20435200,0.418353833
2019,20436100,48.74098387
2020,20436100,50.87433396
2019,20437100,10.547921306
2020,20437100,11.608854836
2019,20437200,6.70872314
2020,20437200,7.725838558
2019,20437300,7.52860796
2020,20437300,9.070205515
2019,20438100,9.622051448
2020,20438100,10.725780053
2019,20438200,9.216888548
2020,20438200,9.161936988
2019,20438300,11.293149284
2020,20438300,12.406222927
2019,20439100,17.804524215
2020,20439100,19.395150879
2019,20439200,6.693610225
2020,20439200,6.740805126
2019,20439300,8.791798818
2020,20439300,10.302343612
2019,20440100,23.097686196
2020,20440100,23.25779148
2019,20440200,13.338216647
2020,20440200,13.726090742
2019,20441100,20.69997653
2020,20441100,21.608918743
2019,20441200,29.02095299
2020,20441200,30.88591913
2019,20442100,62.85271324
2020,20442100,59.41213972
2019,20443100,8.919349242
2020,20443100,8.950135788
2019,20444100,33.23300347
2020,20444100,36.24275613
2019,20445100,7.432042864
2020,20445100,9.659141692
2019,20445200,21.782392068
2020,20445200,22.66970849
2019,20446100,21.15805569
2020,20446100,22.73753414
2019,20446200,11.890334244
2020,20446200,11.705773616
2019,20446300,0.617589222
2020,20446300,0.467187853
2019,20447100,9.647356765
2020,20447100,10.843734102
2019,20447200,9.54690586
2020,20447200,10.193338525
2019,20448100,7.091521135
2020,20448100,7.086751538
2019,20448200,29.57834192
2020,20448200,32.27421385
2019,20449100,21.522318441
2020,20449100,22.62517461
2019,20449200,30.67009143
2020,20449200,31.88178094
2019,20449300,36.19082293
2020,20449300,39.11135602
2019,20450100,21.773283175
2020,20450100,24.79693594
2019,20451100,22.18613827
2020,20451100,23.84353694
2019,20452100,11.007596761
2020,20452100,13.80622547
2019,20452200,11.889399289
2020,20452200,11.79271254
2019,20452300,13.02580518
2020,20452300,12.842992601
2019,20452400,14.616396041
2020,20452400,14.740433055
2019,20453100,26.14815349
2020,20453100,27.24927078
2019,20453200,25.33516526
2020,20453200,25.03969001
2019,20454100,18.52191461
2020,20454100,18.159311515
2019,20454200,6.178944302
2020,20454200,6.344651036
2019,20455100,12.509069164
2020,20455100,13.152585129
2019,20455200,21.327077816
2020,20455200,22.49428113
2019,20456100,45.54401255
2020,20456100,47.59002598
2019,20457100,12.59641531
2020,20457100,13.671381595
2019,20458100,20.636218692
2020,20458100,23.95351326
2019,20458200,10.716711505
2020,20458200,10.779047353
2019,20459100,23.28262159
2020,20459100,24.6684566
2019,20459200,12.089913856
2020,20459200,12.148954314
2019,20459300,17.355015198
2020,20459300,18.165172824
2019,20460100,12.908931744
2020,20460100,13.409930029
2019,20461100,29.55254655
2020,20461100,30.61718455
2019,20462100,14.379020294
2020,20462100,15.536649339
2019,20463100,17.712232385
2020,20463100,21.75449706
2019,20464100,6.101605236
2020,20464100,7.036030062
2019,20464200,29.65610555
2020,20464200,31.57032629
2019,20465100,28.50762955
2020,20465100,29.20577263
2019,20465200,24.28831995
2020,20465200,25.1043535
2019,20466100,20.193322958
2020,20466100,21.34274374
2019,20466200,45.53395502
2020,20466200,46.49886579
2019,20467100,12.147252516
2020,20467100,12.955711831
2019,20467200,15.63841605
2020,20467200,15.677213546
2019,20467300,5.034595218
2020,20467300,5.495671001
2019,20468100,16.162097474
2020,20468100,18.636651301
2019,20468200,31.4054178
2020,20468200,32.6947788
2019,20469100,17.994238454
2020,20469100,19.158474168
2019,20470100,13.057152528
2020,20470100,13.43093649
2019,20470200,31.45145583
2020,20470200,33.61948122
2019,20470300,22.4455825
2020,20470300,24.3417014
2019,20471100,43.44704395
2020,20471100,45.4132001
2019,20472100,37.36751773
2020,20472100,37.14958507
2019,20472200,3.480469921
2020,20472200,3.730967755
2019,20472300,18.277444558
2020,20472300,20.535690706
2019,20473100,17.573069758
2020,20473100,18.761066835
2019,20473200,27.57223874
2020,20473200,29.08609543
2019,20473300,6.04341401
2020,20473300,6.786139678
2019,20474100,6.906698864
2020,20474100,9.06596303
2019,20474200,0.282674441
2020,20474200,0.485487942
2019,20474300,6.388810047
2020,20474300,6.506407215
2019,20475100,27.87727182
2020,20475100,29.72820773
2019,20475200,7.002788121
2020,20475200,8.859498098
2019,20476100,12.141834356
2020,20476100,12.673366266
2019,20476200,19.613352839
2020,20476200,20.403727669
2019,20477100,39.4910676
2020,20477100,42.64098509
2019,20478100,39.09551409
2020,20478100,42.68915273
2019,20478200,19.297468337
2020,20478200,21.098738351
2019,20479100,19.446928238
2020,20479100,20.163557274
2019,20479200,10.452349265
2020,20479200,8.722774193
2019,20479300,9.159046239
2020,20479300,9.595084162
2019,20480100,24.1067352
2020,20480100,26.31701342
2019,20480200,14.92784052
2020,20480200,17.253318404
2019,20481100,29.21798578
2020,20481100,31.50611992
2019,20482100,38.00132937
2020,20482100,40.8576693
2019,20483100,18.180991831
2020,20483100,19.315004111
2019,20483200,21.95555875
2020,20483200,23.24154483
2019,20484100,0.012568953
2020,20484100,0.012568953
2019,20484200,7.977764697
2020,20484200,8.022656256
2019,20484300,5.804852301
2020,20484300,5.853397627
2019,20485100,14.805256761
2020,20485100,15.826470687
2019,20485200,24.40746966
2020,20485200,25.70953163
2019,20486100,14.135549013
2020,20486100,15.302212245
2019,20486200,9.086191977
2020,20486200,10.014556917
2019,20486300,13.098109243
2020,20486300,13.75528198
2019,20487100,40.16970493
2020,20487100,38.09106995
2019,20487200,10.519506765
2020,20487200,6.633309674
2019,20487300,13.620570091
2020,20487300,13.129477529
2019,20488100,15.794516762
2020,20488100,16.859924304
2019,20488200,18.428941851
2020,20488200,19.549264724
2019,20489100,14.82811927
2020,20489100,15.719249327
2019,20489200,31.53432975
2020,20489200,35.8272091
2019,20490100,135.55697919
2020,20490100,145.69735904
2019,20491100,15.966242181
2020,20491100,22.749012922
2019,20491200,7.529056372
2020,20491200,10.749541275
2019,20492100,5.983133161
2020,20492100,5.701113186
2019,20492200,4.852529517
2020,20492200,4.712921494
2019,20492300,21.051707441
2020,20492300,22.82473579
2019,20493100,19.562885721
2020,20493100,20.441249402
2019,20493200,20.50253221
2020,20493200,21.53792061
2019,20494100,8.969891348
2020,20494100,11.913217226
2019,20494200,18.805495409
2020,20494200,21.347348991
2019,20495100,24.9153394
2020,20495100,26.4189383
2019,20495200,45.40686409
2020,20495200,49.03722433
2019,20496100,65.3937082
2020,20496100,70.71695178
2019,20497100,23.38565783
2020,20497100,25.62952227
2019,20497200,16.598744138
2020,20497200,17.101186659
2019,20497300,9.480929415
2020,20497300,10.950548595
2019,20497400,7.131371575
2020,20497400,6.829495163
2019,20498100,5.594284156
2020,20498100,6.424428465
2019,20498200,9.23403583
2020,20498200,9.764460173
2019,20498300,16.667627025
2020,20498300,17.897589633
2019,20499100,13.209592142
2020,20499100,13.13489983
2019,20499200,11.404806544
2020,20499200,12.83679159
2019,20500100,23.02420106
2020,20500100,24.23117085
2019,20500200,15.96939687
2020,20500200,17.612939679
2019,20500300,30.08780909
2020,20500300,31.38848402
2019,20501100,8.519245897
2020,20501100,8.811443607
2019,20501200,18.569367126
2020,20501200,19.409044348
2019,20502100,5.913146673
2020,20502100,7.317473938
2019,20502200,12.248184491
2020,20502200,11.799183109
2019,20503100,20.39824508
2020,20503100,21.38505751
2019,20503200,18.478060768
2020,20503200,21.4386505
2019,20504100,22.89836636
2020,20504100,25.29663704
2019,20504200,10.457552433
2020,20504200,10.817347869
2019,20504300,17.656188327
2020,20504300,20.406698883
2019,20505100,57.44770259
2020,20505100,63.01857881
2019,20506100,8.380450673
2020,20506100,9.038992579
2019,20506200,8.141012704
2020,20506200,9.648739699
2019,20506300,6.569784398
2020,20506300,5.81217761
2019,20506400,6.206470562
2020,20506400,7.563538583
2019,20507100,26.83192651
2020,20507100,28.78082747
2019,20507200,8.500040356
2020,20507200,8.160998053
2019,20508100,11.390892019
2020,20508100,13.276747071
2019,20508200,17.728713743
2020,20508200,20.985894772
2019,20509100,0.741909045
2020,20509100,0.982684234
2019,20509200,8.505202594
2020,20509200,8.888541259
2019,20509300,0
2020,20509300,0
2019,20510100,26.36770513
2020,20510100,31.31514949
2019,20510200,7.791805154
2020,20510200,8.224019714
2019,20511100,38.1311142
2020,20511100,41.62485299
2019,20512100,26.70397193
2020,20512100,30.10730078
2019,20512200,8.797073482
2020,20512200,9.85035334
2019,20513100,13.081854464
2020,20513100,14.436286276
2019,20513200,18.597609223
2020,20513200,20.555319836
2019,20514100,9.119840787
2020,20514100,9.60584589
2019,20514200,7.166166922
2020,20514200,7.715093051
2019,20514300,1.608344335
2020,20514300,1.946907148
2019,20515100,19.017984607
2020,20515100,20.46259797
2019,20515200,13.79037319
2020,20515200,14.646327898
2019,20515300,21.93612692
2020,20515300,21.38307509
2019,20516100,15.586553687
2020,20516100,17.159633329
2019,20516200,15.57321374
2020,20516200,17.623558118
2019,20516300,11.426044351
2020,20516300,11.583890367
2019,20517100,16.875366979
2020,20517100,18.896441001
2019,20517200,20.404046966
2020,20517200,21.72546137
2019,20518100,22.809308889
2020,20518100,25.82462205
2019,20518200,15.656736474
2020,20518200,17.43320937
2019,20518300,3.914365784
2020,20518300,6.505996635
2019,20519100,21.02760088
2020,20519100,22.03991965
2019,20520100,6.838885196
2020,20520100,6.828722841
2019,20521100,11.247980082
2020,20521100,11.913712333
2019,20522100,15.092246742
2020,20522100,15.772458627
2019,20522200,8.307607826
2020,20522200,9.061670406
2019,20522300,22.84243341
2020,20522300,25.09707436
2019,20523100,23.98208481
2020,20523100,24.4083262
2019,20524100,12.566447267
2020,20524100,12.106270684
2019,20525100,7.781171164
2020,20525100,7.985337048
2019,20526100,12.209757843
2020,20526100,13.29098142
2019,20527100,9.705411441
2020,20527100,10.087212985
2019,20527200,9.057150595
2020,20527200,9.819500004
2019,20527300,6.156185599
2020,20527300,8.482797925
2019,20527400,6.842827497
2020,20527400,7.117629921
2019,20528100,3.010580746
2020,20528100,3.23551174
2019,20528200,5.550906075
2020,20528200,6.252938874
2019,20528300,24.83573705
2020,20528300,27.78193508
2019,20529100,17.284653529
2020,20529100,18.74755151
2019,20529200,21.668451292
2020,20529200,22.215376033
2019,20530100,10.374060118
2020,20530100,11.726380896
2019,20530200,9.883496215
2020,20530200,11.351385009
2019,20530300,13.698091596
2020,20530300,15.913289781
2019,20531100,11.043570181
2020,20531100,13.067400397
2019,20531200,7.003071798
2020,20531200,7.56963635
2019,20532100,20.73286013
2020,20532100,23.75702836
2019,20532200,10.37055187
2020,20532200,12.514574687
2019,20532300,12.323330931
2020,20532300,13.412442481
2019,20532400,38.58267007
2020,20532400,43.13499611
2019,20533100,14.063944198
2020,20533100,14.746117125
2019,20533200,42.33031593
2020,20533200,47.33097882
2019,20534100,2.770721128
2020,20534100,2.964141045
2019,20534200,7.020594429
2020,20534200,7.070332408
2019,20534300,14.1553769
2020,20534300,15.284883836
2019,20534400,10.085929534
2020,20534400,10.718490566
2019,20535100,26.11492985
2020,20535100,30.20123972
2019,20535200,11.456613176
2020,20535200,13.283397815
2019,20535300,28.37070512
2020,20535300,32.40448153
2019,20536100,11.781576473
2020,20536100,11.74048325
2019,20536200,6.741823645
2020,20536200,6.616250303
2019,20537100,37.05569708
2020,20537100,37.94465623
2019,20538100,34.16962609
2020,20538100,36.62215361
2019,20538200,6.822414575
2020,20538200,8.315329906
2019,20538300,25.92100907
2020,20538300,26.36872842
2019,20539100,3.065337614
2020,20539100,3.454635428
2019,20539200,6.879527973
2020,20539200,7.089609255
2019,20540100,3.990970045
2020,20540100,4.496813427
2019,20540200,26.68632546
2020,20540200,30.78870808
2019,20541100,15.725999015
2020,20541100,17.897479788
2019,20542100,9.854019142
2020,20542100,9.424530841
2019,20543100,27.91360216
2020,20543100,30.00193264
2019,20544100,21.489108767
2020,20544100,21.689344826
2019,20544200,9.71416501
2020,20544200,10.451425757
2019,20545100,33.28832238
2020,20545100,34.30073272
2019,20546100,3.752459893
2020,20546100,3.614158613
2019,20546200,38.37316246
2020,20546200,41.08899061
2019,20546300,9.565146179
2020,20546300,10.7208476
2019,20547100,9.014491657
2020,20547100,9.643670737
2019,20547200,4.323312071
2020,20547200,4.742112327
2019,20548100,8.712277678
2020,20548100,9.734849776
2019,20548200,17.65645154
2020,20548200,21.4658072
2019,20549100,29.94222379
2020,20549100,31.96357949
2019,20550100,33.52668637
2020,20550100,36.04009144
2019,20551100,14.479634181
2020,20551100,15.191994115
2019,20551200,16.929964148
2020,20551200,18.105199826
2019,20551300,11.659646215
2020,20551300,12.298530717
2019,20551400,4.966427102
2020,20551400,5.723136677
2019,20551500,2.942399326
2020,20551500,3.601044437
2019,20552100,23.36924273
2020,20552100,26.04363529
2019,20552200,26.26353637
2020,20552200,30.63864433
2019,20552300,11.534377917
2020,20552300,12.643729759
2019,20553100,12.542535042
2020,20553100,14.747733834
2019,20553200,5.092173913
2020,20553200,6.113451382
2019,20553300,12.848713587
2020,20553300,14.775838871
2019,20553400,3.664633053
2020,20553400,5.218377502
2019,20554100,5.917650211
2020,20554100,6.787776958
2019,20554200,5.605851107
2020,20554200,5.919179967
2019,20554300,14.936690036
2020,20554300,17.014588804
2019,20555100,7.552208515
2020,20555100,6.830232091
2019,20555200,18.326331035
2020,20555200,21.771644463
2019,20556100,5.173469925
2020,20556100,5.365938212
2019,20556200,7.005601026
2020,20556200,7.619301375
2019,20556300,12.165983308
2020,20556300,13.530285382
2019,20556400,11.165192493
2020,20556400,11.973916153
2019,20557100,19.649624168
2020,20557100,21.307748769
2019,20557200,14.918652297
2020,20557200,16.093447872
2019,20557300,16.973961408
2020,20557300,17.175127883
2019,20558100,21.78220903
2020,20558100,25.26573195
2019,20559100,25.50794375
2020,20559100,26.88932089
2019,20560100,12.951695783
2020,20560100,14.198816744
2019,20560200,16.347225747
2020,20560200,19.369535573
2019,20560300,8.675822359
2020,20560300,9.341375961
2019,20561100,26.36260049
2020,20561100,28.15990389
2019,20561200,4.311918576
2020,20561200,4.003018368
2019,20561300,19.031657326
2020,20561300,22.54503183
2019,20562100,14.787453725
2020,20562100,16.311940875
2019,20562200,24.15285336
2020,20562200,25.35431683
2019,20562300,11.979886147
2020,20562300,11.574318792
2019,20563100,23.58139757
2020,20563100,24.58843911
2019,20563200,8.672672089
2020,20563200,7.734797886
2019,20563300,4.366383755
2020,20563300,5.24197604
2019,20563400,10.243635137
2020,20563400,8.618789411
2019,20564100,17.485673695
2020,20564100,18.840058649
2019,20564200,10.987253733
2020,20564200,11.356353716
2019,20565100,21.841767699
2020,20565100,24.78602849
2019,20565200,17.990337887
2020,20565200,20.478313934
2019,20566100,24.07933121
2020,20566100,26.22700939
2019,20567100,18.579778113
2020,20567100,20.035845025
2019,20568100,21.48547087
2020,20568100,24.14523505
2019,20569100,25.15949776
2020,20569100,28.95027292
2019,20569200,13.351491607
2020,20569200,16.352479234
2019,20569300,4.687223271
2020,20569300,5.141793414
2019,20570100,13.219692552
2020,20570100,15.007001854
2019,20570200,11.93644822
2020,20570200,13.517025225
2019,20571100,17.613366326
2020,20571100,20.850979729
2019,20571200,15.674046075
2020,20571200,16.50013877
2019,20571300,7.720421385
2020,20571300,8.197758123
2019,20571400,0.444148489
2020,20571400,0.573856285
2019,20572100,12.304668197
2020,20572100,14.53308963
2019,20572200,7.546496929
2020,20572200,7.967700813
2019,20573100,21.209622856
2020,20573100,22.308340554
2019,20573200,17.481719896
2020,20573200,19.489602701
2019,20573300,11.650032953
2020,20573300,11.974419432
2019,20574100,15.377034157
2020,20574100,16.232921191
2019,20575100,12.94563877
2020,20575100,13.05201191
2019,20575200,24.77453463
2020,20575200,26.11351836
2019,20575300,20.328612608
2020,20575300,20.5885412
2019,20576100,23.359966646
2020,20576100,22.776471035
2019,20576200,13.201378719
2020,20576200,13.402940839
2019,20576300,10.488087779
2020,20576300,10.741930455
2019,20577100,24.55074139
2020,20577100,26.71018116
2019,20577200,15.103456475
2020,20577200,14.86267444
2019,20578100,15.666956136
2020,20578100,17.812744596
2019,20578200,10.730119745
2020,20578200,11.44156424
2019,20578300,9.929312241
2020,20578300,11.303725721
2019,20579100,21.82222987
2020,20579100,23.97613442
2019,20580100,9.536856937
2020,20580100,11.77016862
2019,20580200,10.050834599
2020,20580200,10.89239971
2019,20581100,9.471251568
2020,20581100,10.564365249
2019,20581200,11.995169368
2020,20581200,11.74545467
2019,20581300,23.82929527
2020,20581300,24.66890439
2019,20582100,8.937892481
2020,20582100,8.542537047
2019,20582200,11.391790995
2020,20582200,13.6617779
2019,20583100,11.194058756
2020,20583100,10.981997164
2019,20583200,6.208888817
2020,20583200,7.688049062
2019,20583300,10.565979296
2020,20583300,11.353636506
2019,20584100,29.70951411
2020,20584100,30.91687393
2019,20584200,18.639268294
2020,20584200,20.117362176
2019,20585100,26.18730143
2020,20585100,24.21084062
2019,20585200,2.511805259
2020,20585200,2.665261238
2019,20586100,11.241666335
2020,20586100,11.583740751
2019,20586200,17.047035606
2020,20586200,18.683172093
2019,20586300,14.490666316
2020,20586300,14.908900972
2019,20587100,41.20260062
2020,20587100,43.29370755
2019,20588100,7.261431233
2020,20588100,8.085803735
2019,20589100,12.211783548
2020,20589100,12.188072521
2019,20589200,16.750491003
2020,20589200,17.193233919
2019,20589300,13.546348709
2020,20589300,14.041559855
2019,20590100,14.265754658
2020,20590100,16.423178428
2019,20590200,9.72188297
2020,20590200,9.829475133
2019,20590300,13.395516446
2020,20590300,14.010327371
2019,20590400,6.408549729
2020,20590400,7.879479533
2019,20591100,2.709885758
2020,20591100,2.766842678
2019,20591200,7.788263355
2020,20591200,9.026818852
2019,20592100,10.852779944
2020,20592100,12.12120912
2019,20592200,2.408954113
2020,20592200,3.051746039
2019,20593100,4.754825855
2020,20593100,5.549230758
2019,20593200,19.773783446
2020,20593200,20.928962761
2019,20593300,7.846685792
2020,20593300,8.604713251
2019,20594100,4.126790374
2020,20594100,4.630407845
2019,20594200,11.473680773
2020,20594200,13.872865505
2019,20595100,3.984029687
2020,20595100,4.160438599
2019,20595200,26.903076901
2020,20595200,27.46482696
2019,20595300,14.86963012
2020,20595300,15.867584349
2019,20596100,4.726886011
2020,20596100,5.165983606
2019,20596200,15.346275772
2020,20596200,15.403647039
2019,20596300,6.705372595
2020,20596300,6.752753041
2019,20596400,23.064813357
2020,20596400,24.5791306
2019,20596500,9.769575841
2020,20596500,8.540132321
2019,20597100,8.447856525
2020,20597100,8.388935474
2019,20597200,17.926452237
2020,20597200,18.770313889
2019,20598100,5.968620836
2020,20598100,7.026120229
2019,20598200,9.809655848
2020,20598200,11.079225166
2019,20599100,7.38314167
2020,20599100,7.076441568
2019,20599200,5.465404046
2020,20599200,6.12239646
2019,20599300,21.079373184
2020,20599300,24.04093943
2019,20600100,3.932287134
2020,20600100,4.466613161
2019,20600200,2.783942657
2020,20600200,2.325783731
2019,20601100,10.837291811
2020,20601100,11.275394924
2019,20601200,14.413590979
2020,20601200,16.846319406
2019,20602100,5.687529704
2020,20602100,5.717024044
2019,20602200,19.662993839
2020,20602200,21.009913917
2019,20603100,17.491545499
2020,20603100,18.338078351
2019,20603200,26.87071928
2020,20603200,27.29452446
2019,20603300,11.311313951
2020,20603300,11.452569032
2019,20604100,11.783474501
2020,20604100,13.316429395
2019,20604200,9.519842119
2020,20604200,9.36695673
2019,20605100,7.254055683
2020,20605100,7.432529963
2019,20605200,16.083975739
2020,20605200,17.496409412
2019,20606100,11.719669395
2020,20606100,13.076329494
2019,20607100,11.367308071
2020,20607100,12.232636738
2019,20607200,4.816702758
2020,20607200,5.582665033
2019,20608100,19.511624117
2020,20608100,18.760871067
2019,20608200,8.997183313
2020,20608200,9.074913719
2019,20608300,7.529945537
2020,20608300,7.627997947
2019,20608400,7.183151692
2020,20608400,8.032189216
2019,20609100,19.331911408
2020,20609100,21.27035691
2019,20609200,7.850742594
2020,20609200,8.303624901
2019,20610100,12.977683006
2020,20610100,14.166609714
2019,20610200,4.029576507
2020,20610200,3.447097864
2019,20610300,8.937100967
2020,20610300,10.381356386
2019,20611100,1.238448533
2020,20611100,1.377513979
2019,20611200,31.97557732
2020,20611200,35.25084566
2019,20611300,14.457225518
2020,20611300,16.285330105
2019,20612100,18.839479445
2020,20612100,21.530363925
2019,20613100,20.921602624
2020,20613100,21.779069674
2019,20613200,14.703162453
2020,20613200,15.08286906
2019,20614100,9.067900928
2020,20614100,8.929780316
2019,20614200,6.032600716
2020,20614200,6.481832318
2019,20614300,8.987885233
2020,20614300,9.533738625
2019,20615100,15.660645512
2020,20615100,15.695634731
2019,20615200,12.31257873
2020,20615200,12.744522248
2019,20615300,8.78327781
2020,20615300,9.653447558
2019,20616100,15.34242137
2020,20616100,18.656804744
2019,20617100,10.954557386
2020,20617100,11.165816985
2019,20617200,7.635604719
2020,20617200,8.291347661
2019,20618100,13.635021638
2020,20618100,15.824014774
2019,20618200,11.085466693
2020,20618200,11.424504588
2019,20619100,12.445169506
2020,20619100,14.590641371
2019,20619200,7.454758743
2020,20619200,8.481575893
2019,20620100,0.009819381
2020,20620100,0.001008999
2019,20620200,0
2020,20620200,0
2019,20621100,12.027061557
2020,20621100,13.62345808
2019,20621200,7.69344196
2020,20621200,8.844642045
2019,20621300,7.902907788
2020,20621300,8.587604601
2019,20622100,18.44651704
2020,20622100,14.903872917
2019,20622200,13.034607669
2020,20622200,13.129877978
2019,20622300,25.84584496
2020,20622300,26.48480541
2019,20623100,10.004976398
2020,20623100,9.342359156
2019,20623200,13.298355465
2020,20623200,14.728528405
2019,20623300,19.694395756
2020,20623300,20.361812529
2019,20624100,7.208940143
2020,20624100,8.126494236
2019,20624200,16.160440387
2020,20624200,16.463799502
2019,20625100,19.090986553
2020,20625100,20.263670799
2019,20625200,11.523017158
2020,20625200,9.236682644
2019,20626100,0
2020,20626100,0
2019,20627100,22.561415065
2020,20627100,22.99330994
2019,20628100,24.72415749
2020,20628100,26.12653073
2019,20628200,0
2020,20628200,0
2019,20629100,10.341568863
2020,20629100,11.405086477
2019,20629200,3.456851371
2020,20629200,3.514761997
2019,20629300,3.488107514
2020,20629300,5.894673979
2019,20630100,10.84919265
2020,20630100,11.553258435
2019,20630200,19.556680816
2020,20630200,19.805424625
2019,20631100,30.42879584
2020,20631100,31.526645
2019,20632100,2.095869371
2020,20632100,2.320029603
2019,20632200,2.300888974
2020,20632200,2.159541411
2019,20632300,0.022797363
2020,20632300,0.024948522
2019,20632400,0.044118375
2020,20632400,0.054455856
2019,20632500,0
2020,20632500,0
2019,20632600,0.015188533
2020,20632600,0.016603405
2019,20632700,12.295929859
2020,20632700,12.452749249
2019,20632800,0.026612212
2020,20632800,0.026612212
2019,20633100,11.262836283
2020,20633100,11.190895334
2019,20633200,0.004402139
2020,20633200,0.024936708
2019,20633300,0.129791004
2020,20633300,0.049836093
2019,20633400,0.090658211
2020,20633400,0.100612671
2019,20633500,14.088103414
2020,20633500,14.554519238
2019,20633600,7.508576304
2020,20633600,8.157577094
2019,20633700,0
2020,20633700,0
2019,20634100,31.57497692
2020,20634100,32.19772728
2019,20634200,14.364479832
2020,20634200,14.774267405
2019,20635100,16.968900423
2020,20635100,15.385538715
2019,20635200,14.278220266
2020,20635200,14.746413996
2019,20635300,0.004402139
2020,20635300,0.024936708
2019,20636100,5.354984487
2020,20636100,5.705420584
2019,20636200,0.075936674
2020,20636200,0.079540215
2019,20636300,0.030645856
2020,20636300,0.013441343
2019,20637100,16.907177517
2020,20637100,15.497532246
2019,20637200,17.614361788
2020,20637200,17.512300601
2019,20637300,0.026645448
2020,20637300,0.024812968
2019,20637400,25.80825309
2020,20637400,26.19003338
2019,20638100,38.10472723
2020,20638100,40.34920717
2019,20638200,19.935760673
2020,20638200,20.554528453
2019,20638300,9.527785649
2020,20638300,10.998842478
2019,20638400,4.961524992
2020,20638400,4.570294093
2019,20639100,0.24545655
2020,20639100,0.350787474
2019,20639200,23.80536545
2020,20639200,23.99584427
2019,20639300,5.019948716
2020,20639300,4.78934534
2019,20639400,0.05962443
2020,20639400,0.050098577
2019,20639500,17.36380312
2020,20639500,18.03982486
2019,20640100,0.044850758
2020,20640100,0.049988447
2019,20640200,13.718134147
2020,20640200,13.633619557
2019,20640300,7.424579643
2020,20640300,7.609548759
2019,20640400,9.037338894
2020,20640400,9.455899854
2019,20640500,17.405347078
2020,20640500,18.720559639
2019,20640600,8.141804692
2020,20640600,7.975080911
2019,20641100,35.01071567
2020,20641100,35.26805864
2019,20642100,11.058389445
2020,20642100,11.622545866
2019,20642200,14.575486652
2020,20642200,15.358872481
2019,20643100,31.2351315
2020,20643100,30.09705536
2019,20643200,24.68514054
2020,20643200,27.0556392
2019,20644100,6.605690402
2020,20644100,8.546233646
2019,20644200,14.166949114
2020,20644200,14.109878276
2019,20645100,16.108265955
2020,20645100,16.665047302
2019,20645200,1.714187021
2020,20645200,1.864174722
2019,20645300,5.207164395
2020,20645300,4.905699095
2019,20645400,6.204590089
2020,20645400,5.52455054
2019,20645500,9.19950393
2020,20645500,8.98996369
2019,20646100,28.991050491
2020,20646100,33.101158585
2019,20646200,0.574537579
2020,20646200,0.680239005
2019,20646300,27.81125267
2020,20646300,31.27611141
2019,20647100,50.03905967
2020,20647100,53.08670147
2019,20647200,46.23867995
2020,20647200,48.70783759
2019,20648100,0.039674754
2020,20648100,0.033123466
2019,20648200,20.634189524
2020,20648200,22.385377325
2019,20648300,0.291190356
2020,20648300,0.261718618
2019,20648400,24.92469073
2020,20648400,25.26644343
2019,20649100,38.66450941
2020,20649100,39.80278268
2019,20650100,25.50253265
2020,20650100,27.68546519
2019,20650200,55.67743132
2020,20650200,59.49290844
2019,20651100,18.874516647
2020,20651100,19.714139566
2019,20652100,33.79924349
2020,20652100,34.19347135
2019,20653100,25.94380204
2020,20653100,27.10654618
2019,20654100,9.417083878
2020,20654100,8.697420577
2019,20654200,22.45370988
2020,20654200,22.707435
2019,20654300,34.01746133
2020,20654300,39.06654431
2019,20654400,26.27607093
2020,20654400,27.00176191
2019,20655100,25.42104394
2020,20655100,28.15385924
2019,20656100,25.5504963
2020,20656100,27.89600609
2019,20657100,16.809476888
2020,20657100,18.192630445
2019,20657200,48.55213189
2020,20657200,50.53391968
2019,20658100,13.984963263
2020,20658100,16.577167101
2019,20658200,46.87991907
2020,20658200,49.54542518
2019,20659100,25.76577968
2020,20659100,27.80014553
2019,20659200,16.732639386
2020,20659200,17.442245097
2019,20660100,23.54049579
2020,20660100,26.01495341
2019,20661100,21.246844616
2020,20661100,22.49206991
2019,20662100,32.39192451
2020,20662100,36.4865033
2019,20663100,47.53278394
2020,20663100,50.19754513
2019,20663200,19.896491819
2020,20663200,22.96380967
2019,20664100,20.133772953
2020,20664100,22.016012752
2019,20664200,12.961129565
2020,20664200,13.553809125
2019,20664300,10.812052559
2020,20664300,11.238531514
2019,20665100,18.956117049
2020,20665100,19.885469059
2019,20665200,18.857498104
2020,20665200,20.417932008
2019,20665300,6.667124191
2020,20665300,7.778493309
2019,20666100,21.213978084
2020,20666100,24.75058481
2019,20667100,5.594372813
2020,20667100,5.83503164
2019,20667200,17.034515547
2020,20667200,18.322381036
2019,20667300,9.906211852
2020,20667300,9.926762169
2019,20667400,8.497845807
2020,20667400,8.118395819
2019,20668100,5.479160803
2020,20668100,6.078066256
2019,20668200,13.479201033
2020,20668200,15.790452893
2019,20668300,12.931730391
2020,20668300,12.837472429
2019,20669100,10.32695785
2020,20669100,10.465178929
2019,20669200,9.966001776
2020,20669200,11.147340316
2019,20669300,11.274326046
2020,20669300,12.433369925
2019,20670100,7.049267148
2020,20670100,6.479445904
2019,20670200,19.291198569
2020,20670200,21.114318912
2019,20671100,0.363844151
2020,20671100,0.286104714
2019,20671200,12.951230094
2020,20671200,14.356862815
2019,20671300,9.354690807
2020,20671300,8.233638548
2019,20671400,8.19462146
2020,20671400,8.128948426
2019,20672100,0.270460371
2020,20672100,0.173526952
2019,20673100,10.095081899
2020,20673100,11.649905377
2019,20673200,7.774368479
2020,20673200,7.571321021
2019,20673300,10.29077565
2020,20673300,11.616378127
2019,20674100,15.435831762
2020,20674100,17.320990743
2019,20674200,10.993035644
2020,20674200,12.279822687
2019,20674300,7.281920654
2020,20674300,7.057692366
2019,20675100,23.83980506
2020,20675100,23.82751767
2019,20675200,14.835927733
2020,20675200,15.952972375
2019,20676100,28.70658189
2020,20676100,30.03541556
2019,20677100,15.402742774
2020,20677100,17.272142132
2019,20677200,6.159512188
2020,20677200,6.777545997
2019,20677300,9.451942174
2020,20677300,11.734672078
2019,20678100,20.571568587
2020,20678100,22.560069299
2019,20678200,29.40864208
2020,20678200,31.22684819
2019,20679100,12.618597237
2020,20679100,14.250577489
2019,20679200,8.73655496
2020,20679200,8.967200704
2019,20680100,18.010128542
2020,20680100,20.086734446
2019,20681100,17.37970736
2020,20681100,18.752085678
2019,20682100,7.424903497
2020,20682100,8.10469135
2019,20682200,5.80041625
2020,20682200,6.34886714
2019,20682300,0.099639769
2020,20682300,0.163183575
2019,20682400,4.745380826
2020,20682400,4.583158296
2019,20682500,7.701432842
2020,20682500,9.348367366
2019,20682600,12.869712999
2020,20682600,15.273706838
2019,20683100,21.86735759
2020,20683100,24.17777985
2019,20684100,30.39613517
2020,20684100,33.11771853
2019,20685100,13.259348733
2020,20685100,14.632040807
2019,20686100,2.078169437
2020,20686100,2.443393196
2019,20686200,14.121789677
2020,20686200,14.000176692
2019,20687100,16.657702441
2020,20687100,18.903252493
2019,20687200,7.427630145
2020,20687200,7.855736673
2019,20688100,13.452203896
2020,20688100,15.207074111
2019,20688200,6.862702567
2020,20688200,7.691938141
2019,20688300,9.097263158
2020,20688300,9.520832281
2019,20688400,11.027171286
2020,20688400,12.060073187
2019,20689100,12.760874267
2020,20689100,14.913706358
2019,20689200,10.256370063
2020,20689200,11.685923919
2019,20690100,11.152690349
2020,20690100,13.032152041
2019,20690200,6.641045328
2020,20690200,9.98982865
2019,20690300,4.802913605
2020,20690300,6.109567712
2019,20690400,5.099288472
2020,20690400,5.476323817
2019,20690500,10.906427344
2020,20690500,12.329678055
2019,20690600,6.521558722
2020,20690600,6.945930397
2019,20691100,8.193418207
2020,20691100,8.686788897
2019,20691200,17.633742167
2020,20691200,18.159499837
2019,20692100,8.281017052
2020,20692100,8.68737944
2019,20692200,6.225107737
2020,20692200,7.107803005
2019,20692300,7.707162452
2020,20692300,9.390425493
2019,20693100,14.002545166
2020,20693100,14.636099643
2019,20693200,9.174923926
2020,20693200,10.341248367
2019,20693300,5.266948061
2020,20693300,5.392125864
2019,20693400,6.67009326
2020,20693400,7.405624668
2019,20694100,32.82369301
2020,20694100,34.80676096
2019,20695100,17.76516777
2020,20695100,19.498540352
2019,20695200,11.374101781
2020,20695200,12.218928287
2019,20696100,11.935087033
2020,20696100,11.648851366
2019,20696200,8.204660524
2020,20696200,9.104408086
2019,20696300,6.606873935
2020,20696300,6.682713932
2019,20696400,5.710350119
2020,20696400,6.393392282
2019,20697100,27.07536557
2020,20697100,31.81953779
2019,20697200,6.229698512
2020,20697200,7.429912327
2019,20698100,5.910485076
2020,20698100,7.56365438
2019,20698200,8.637933531
2020,20698200,9.614846855
2019,20699100,11.984961046
2020,20699100,13.36191738
2019,20699200,25.94197277
2020,20699200,28.37619756
2019,20700100,17.778548688
2020,20700100,19.391679205
2019,20701100,24.85903663
2020,20701100,26.62804242
2019,20702100,4.38606448
2020,20702100,5.727333114
2019,20702200,15.004033966
2020,20702200,16.551751891
2019,20702300,6.429564001
2020,20702300,6.465344002
2019,20702400,4.040106987
2020,20702400,4.157490242
2019,20703100,3.573311996
2020,20703100,3.799693257
2019,20703200,12.237081973
2020,20703200,12.757849876
2019,20703300,13.124330624
2020,20703300,15.283447938
2019,20704100,16.054496845
2020,20704100,18.555139866
2019,20705100,13.19984804
2020,20705100,14.025528139
2019,20705200,13.187457605
2020,20705200,13.207701577
2019,20706100,6.267986799
2020,20706100,4.999857189
2019,20706200,12.365939003
2020,20706200,13.503710021
2019,20707100,6.561662439
2020,20707100,7.1876611
2019,20707200,17.317779962
2020,20707200,19.60488914
2019,20708100,10.567467382
2020,20708100,11.885688964
2019,20708200,22.55457569
2020,20708200,24.40822538
2019,20709100,9.366938039
2020,20709100,10.768071024
2019,20709200,13.47872725
2020,20709200,15.241970521
2019,20710100,16.708824543
2020,20710100,17.753046854
2019,20710200,12.660305963
2020,20710200,14.835229663
2019,20711100,24.219424239
2020,20711100,26.78505546
2019,20712100,4.902535009
2020,20712100,4.941498312
2019,20712200,23.7466526
2020,20712200,26.32416105
2019,20712300,5.748065508
2020,20712300,6.495618312
2019,20713100,8.64933054
2020,20713100,9.806341749
2019,20713200,10.70457916
2020,20713200,10.655915616
2019,20714100,13.80738664
2020,20714100,15.096728575
2019,20714200,26.39114886
2020,20714200,28.5949138
2019,20714300,0.052481269
2020,20714300,0.156017397
2019,20715100,19.681927146
2020,20715100,21.74228041
2019,20716100,8.961301369
2020,20716100,9.391189931
2019,20716200,10.847857506
2020,20716200,13.579390822
2019,20717100,1.484911393
2020,20717100,1.52855333
2019,20717200,9.257247482
2020,20717200,10.441177875
2019,20717300,7.086437279
2020,20717300,7.30112489
2019,20717400,7.889366876
2020,20717400,9.053932929
2019,20717500,0.000713262
2020,20717500,0.008245728
2019,20718100,22.17890416
2020,20718100,24.34938548
2019,20719100,15.23307074
2020,20719100,16.57779653
2019,20719200,11.049022874
2020,20719200,11.616819237
2019,20719300,5.653796975
2020,20719300,5.982849464
2019,20719400,21.113982865
2020,20719400,21.625558174
2019,20720100,3.11619693
2020,20720100,3.630388857
2019,20720200,28.92347721
2020,20720200,30.85470554
2019,20721100,18.715317006
2020,20721100,18.862952551
2019,20721200,40.02748215
2020,20721200,37.02896122
2019,20722100,6.838398811
2020,20722100,7.432568934
2019,20722200,14.505802242
2020,20722200,15.23619915
2019,20722300,5.514512638
2020,20722300,5.320102337
2019,20722400,18.332552214
2020,20722400,19.545704051
2019,20723100,52.07982167
2020,20723100,55.67776736
2019,20724100,5.104610305
2020,20724100,4.714696661
2019,20724200,9.050430838
2020,20724200,9.507702847
2019,20724300,5.987471533
2020,20724300,6.422509256
2019,20724400,7.915756774
2020,20724400,7.736030487
2019,20725100,24.8012815
2020,20725100,27.96885263
2019,20726100,11.796894587
2020,20726100,12.033815276
2019,20726200,21.94746184
2020,20726200,23.68657825
2019,20727100,17.467473305
2020,20727100,17.3602488
2019,20727200,11.246456053
2020,20727200,12.241485269
2019,20728100,9.246922447
2020,20728100,9.386286554
2019,20728200,25.34683471
2020,20728200,26.00616772
2019,20729100,24.90073997
2020,20729100,25.8014249
2019,20730100,14.090514705
2020,20730100,13.771335663
2019,20730200,10.243610048
2020,20730200,10.565344208
2019,20730300,13.473299254
2020,20730300,14.008126814
2019,20731100,10.163540437
2020,20731100,10.621232378
2019,20731200,17.248704
2020,20731200,18.33170296
2019,20732100,17.531583313
2020,20732100,15.969695442
2019,20733100,11.01137317
2020,20733100,11.892921526
2019,20733200,12.834961633
2020,20733200,14.50950548
2019,20733300,31.6184919
2020,20733300,33.09879266
2019,20733400,8.143989537
2020,20733400,8.839142455
2019,20734100,7.487941718
2020,20734100,7.908637341
2019,20735100,17.236109666
2020,20735100,16.068715778
2019,20736100,10.318554133
2020,20736100,9.774597842
2019,20737100,18.766043541
2020,20737100,18.89305151
2019,20737200,16.822153113
2020,20737200,17.70520233
2019,20738100,38.24064008
2020,20738100,39.12134184
2019,20739100,40.08455985
2020,20739100,43.18441522
2019,20739200,14.568559391
2020,20739200,14.557814692
2019,20739300,21.68911552
2020,20739300,22.87488707
2019,20740100,34.79116937
2020,20740100,39.82661053
2019,20741100,43.93628813
2020,20741100,44.78987309
2019,20742100,10.927312537
2020,20742100,11.398052953
2019,20742200,20.598353524
2020,20742200,22.20931445
2019,20743100,43.41764884
2020,20743100,45.25648812
2019,20744100,11.362107242
2020,20744100,12.315848091
2019,20744200,6.138486205
2020,20744200,6.630172475
2019,20744300,9.869842489
2020,20744300,8.23290719
2019,20744400,18.292620545
2020,20744400,18.570683669
2019,20744500,34.21285582
2020,20744500,35.82944702
2019,20745100,15.421155854
2020,20745100,17.919375121
2019,20745200,29.54310245
2020,20745200,31.24944435
2019,20746100,29.84393376
2020,20746100,31.30619409
2019,20746200,27.4631611
2020,20746200,29.87543281
2019,20746300,26.2238614
2020,20746300,27.71891684
2019,20746400,10.092619976
2020,20746400,11.384320961
2019,20747100,22.367482906
2020,20747100,22.797029811
2019,20747200,26.97087304
2020,20747200,28.80450691
2019,20748100,4.711089368
2020,20748100,4.816858965
2019,20749100,42.13098475
2020,20749100,45.14811731
2019,20749200,1.47719401
2020,20749200,1.856010135
2019,20749300,8.425439718
2020,20749300,9.259291198
2019,20750100,6.12753934
2020,20750100,6.409287912
2019,20750200,8.209216184
2020,20750200,9.881955686
2019,20750300,16.952145869
2020,20750300,18.391931474
2019,20750400,9.294821305
2020,20750400,10.49195186
2019,20751100,28.5506634
2020,20751100,28.90745321
2019,20752100,24.86333784
2020,20752100,26.16047628
2019,20752200,24.61863747
2020,20752200,25.07715936
2019,20753100,29.33695585
2020,20753100,31.0181978
2019,20754100,2.581832797
2020,20754100,2.531668827
2019,20755100,12.981215291
2020,20755100,13.739362044
2019,20755200,15.1677169
2020,20755200,15.75875669
2019,20755300,13.092212701
2020,20755300,14.026488855
2019,20756100,15.666446813
2020,20756100,15.906127968
2019,20756200,20.750040787
2020,20756200,24.557726428
2019,20757100,20.101365744
2020,20757100,21.70746982
2019,20757200,8.15691432
2020,20757200,9.056694634
2019,20757300,18.190307631
2020,20757300,17.875929278
2019,20758100,10.191402181
2020,20758100,11.152721871
2019,20758200,10.305351098
2020,20758200,11.535382452
2019,20758300,9.708641781
2020,20758300,11.013733819
2019,20759100,23.65268905
2020,20759100,23.55549687
2019,20759200,15.992890357
2020,20759200,17.261428588
2019,20759300,6.016468054
2020,20759300,6.906561315
2019,20760100,6.441153625
2020,20760100,6.738246989
2019,20760200,9.974684787
2020,20760200,10.602002377
2019,20760300,12.907149036
2020,20760300,14.838915297
2019,20760400,2.50399293
2020,20760400,2.591556326
2019,20760500,4.451984305
2020,20760500,4.887718724
2019,20760600,26.9736743
2020,20760600,27.98989892
2019,20761100,26.5658636
2020,20761100,26.80665596
2019,20761200,5.318810707
2020,20761200,5.657913364
2019,20761300,13.10287873
2020,20761300,12.368156943
2019,20762100,0.231018995
2020,20762100,0.047416915
2019,20762200,12.667990875
2020,20762200,13.125169628
2019,20762300,0.106741658
2020,20762300,0.131483605
2019,20762400,16.679839637
2020,20762400,17.206392733
2019,20763100,9.629299734
2020,20763100,9.853157063
2019,20763200,3.160429618
2020,20763200,3.942585445
2019,20763300,7.439532387
2020,20763300,7.711008502
2019,20764100,24.48394561
2020,20764100,25.45146171
2019,20764200,21.724400969
2020,20764200,23.03171302
2019,20764300,11.385447701
2020,20764300,10.436548318
2019,20764400,5.596038072
2020,20764400,6.842233054
2019,20765100,20.45580111
2020,20765100,21.570529534
2019,20765200,15.146859003
2020,20765200,16.535257361
2019,20766100,14.749256974
2020,20766100,15.69517765
2019,20766200,11.542263273
2020,20766200,12.049976236
2019,20766300,12.091756081
2020,20766300,11.626198803
2019,20767100,12.901035738
2020,20767100,13.348488388
2019,20767200,6.563620046
2020,20767200,7.175258978
2019,20768100,8.680491374
2020,20768100,9.320738834
2019,20768200,4.837543308
2020,20768200,5.162990049
2019,20768300,1.892716337
2020,20768300,1.929369223
2019,20769100,11.225823591
2020,20769100,12.365231663
2019,20769200,12.544017784
2020,20769200,13.194101355
2019,20769300,10.03491691
2020,20769300,10.974139952
2019,20770100,5.843509169
2020,20770100,6.003491737
2019,20770200,8.612776616
2020,20770200,8.96119031
2019,20770300,4.715333184
2020,20770300,5.257249107
2019,20771100,5.451796754
2020,20771100,5.618812007
2019,20771200,3.958022443
2020,20771200,4.249350116
2019,20771300,4.225586711
2020,20771300,4.657593355
2019,20772100,4.961415868
2020,20772100,4.466544917
2019,20772200,9.090565904
2020,20772200,9.248714843
2019,20772300,8.713936131
2020,20772300,8.844619169
2019,20773100,13.663639018
2020,20773100,14.564186787
2019,20773200,8.920362314
2020,20773200,9.339023402
2019,20773300,11.340923116
2020,20773300,12.080826132
2019,20773400,11.598805854
2020,20773400,11.904469818
2019,20774100,39.38566137
2020,20774100,43.05489853
2019,20775100,36.03405382
2020,20775100,38.11503792
2019,20775200,29.92586255
2020,20775200,31.3084064
2019,20776100,23.9424308
2020,20776100,26.70008645
2019,20776200,29.38656218
2020,20776200,32.23851669
2019,20777100,9.053981858
2020,20777100,13.959059392
2019,20777200,9.624565024
2020,20777200,10.129115359
2019,20777300,6.315842504
2020,20777300,7.391628106
2019,20778100,4.57705475
2020,20778100,4.714439615
2019,20778200,9.56389714
2020,20778200,9.683062939
2019,20778300,12.029899884
2020,20778300,12.692855091
2019,20778400,7.44730631
2020,20778400,8.047449007
2019,20779100,16.154358537
2020,20779100,16.688271219
2019,20779200,22.457677826
2020,20779200,23.36155572
2019,20779300,19.709041102
2020,20779300,21.338536112
2019,20780100,3.16326534
2020,20780100,3.390325941
2019,20780200,19.8647999
2020,20780200,21.761634926
2019,20781100,9.797939553
2020,20781100,10.271317929
2019,20781200,13.241144368
2020,20781200,14.373609268
2019,20782100,9.811159551
2020,20782100,10.16019735
2019,20782200,4.791638867
2020,20782200,5.378368826
2019,20782300,23.52295808
2020,20782300,22.79975996
2019,20782400,9.771682438
2020,20782400,10.681121934
2019,20783100,19.102166617
2020,20783100,15.500324214
2019,20783200,5.40826648
2020,20783200,6.03146435
2019,20783300,8.502249804
2020,20783300,8.691287975
2019,20784100,2.828802632
2020,20784100,2.589044758
2019,20784200,3.00524599
2020,20784200,2.549202152
2019,20784300,2.109376746
2020,20784300,1.876984531
2019,20784400,3.736996518
2020,20784400,4.37768121
2019,20785100,1.871703133
2020,20785100,1.457075618
2019,20786100,37.45809022
2020,20786100,39.88410579
2019,20786200,16.60735795
2020,20786200,17.951527495
2019,20787100,10.468273897
2020,20787100,9.936999638
2019,20787200,6.667117254
2020,20787200,7.214263808
2019,20787300,18.831138965
2020,20787300,20.365252587
2019,20787400,17.107753555
2020,20787400,18.158028148
2019,20787500,20.086990974
2020,20787500,21.113734225
2019,20788100,13.637080956
2020,20788100,14.803032841
2019,20788200,18.565705785
2020,20788200,20.169223272
2019,20789100,13.972933935
2020,20789100,14.724120502
2019,20789200,18.206588868
2020,20789200,21.531565176
2019,20790100,12.35488169
2020,20790100,12.752293105
2019,20790200,8.085569165
2020,20790200,8.191874604
2019,20791100,6.526881122
2020,20791100,7.965428478
2019,20791200,3.130010243
2020,20791200,3.771970967
2019,20791300,12.234548632
2020,20791300,11.472373799
2019,20792100,0.455184347
2020,20792100,0.412332219
2019,20793100,8.06373539
2020,20793100,8.271103423
2019,20793200,9.430792505
2020,20793200,10.141040323
2019,20794100,29.18502656
2020,20794100,30.50541174
2019,20794200,7.70845034
2020,20794200,8.129505377
2019,20795100,43.80607773
2020,20795100,43.10608461
2019,20795200,28.45480417
2020,20795200,28.90846836
2019,20795300,0.859645854
2020,20795300,1.081473213
2019,20795400,19.693466153
2020,20795400,27.190653852
2019,20796100,8.719332774
2020,20796100,7.663201661
2019,20796200,17.243105481
2020,20796200,19.305272438
2019,20796300,18.85608925
2020,20796300,20.100977736
2019,20797100,5.873159124
2020,20797100,5.038913635
2019,20797200,15.755957
2020,20797200,16.25163965
2019,20797300,7.075352286
2020,20797300,8.027224037
2019,20797400,17.832762957
2020,20797400,18.511861428
2019,20798100,2.801829925
2020,20798100,2.94747887
2019,20798200,9.744284862
2020,20798200,10.534615644
2019,20798300,20.06854557
2020,20798300,21.49858992
2019,20799100,5.73350123
2020,20799100,5.997541111
2019,20800100,8.839972621
2020,20800100,9.442983509
2019,20800200,4.388134435
2020,20800200,4.881923357
2019,20800300,7.972684004
2020,20800300,7.445749141
2019,20800400,15.674068619
2020,20800400,16.112292492
2019,20801100,0.041580597
2020,20801100,0.205117022
2019,20801200,1.349268621
2020,20801200,0.627321598
2019,20801300,12.951196972
2020,20801300,15.051563669
2019,20802100,8.836438822
2020,20802100,9.237536752
2019,20802200,16.629984438
2020,20802200,18.144975582
2019,20803100,4.706856313
2020,20803100,5.703395098
2019,20803200,10.993734048
2020,20803200,11.172956902
2019,20803300,11.389867557
2020,20803300,11.31815245
2019,20803400,2.471296528
2020,20803400,2.848831836
2019,20804100,26.76249475
2020,20804100,28.1750046
2019,20804200,22.04532352
2020,20804200,22.291511873
2019,20805100,11.235215288
2020,20805100,11.484464045
2019,20805200,20.952391508
2020,20805200,21.472177882
2019,20806100,20.976588196
2020,20806100,22.71236744
2019,20807100,8.362823151
2020,20807100,8.254503302
2019,20807200,35.62609112
2020,20807200,37.36766148
2019,20808100,2.517624429
2020,20808100,3.066054521
2019,20808200,2.752845022
2020,20808200,2.521128965
2019,20808300,6.272530714
2020,20808300,6.347120239
2019,20808400,10.245880831
2020,20808400,9.698644982
2019,20808500,10.006500544
2020,20808500,9.912587474
2019,20809100,8.320252458
2020,20809100,9.182374017
2019,20809200,9.171470755
2020,20809200,9.398561535
2019,20809300,0.699235575
2020,20809300,0.984319001
2019,20809400,3.343252399
2020,20809400,3.637733562
2019,20810100,15.19273432
2020,20810100,15.592980517
2019,20810200,10.400964687
2020,20810200,11.973191178
2019,20811100,23.77412268
2020,20811100,24.59720538
2019,20811200,1.927160115
2020,20811200,2.138880091
2019,20811300,12.173631455
2020,20811300,12.68517906
2019,20811400,9.013314904
2020,20811400,9.414851508
2019,20812100,40.72751023
2020,20812100,43.33315884
2019,20813100,5.900602905
2020,20813100,5.822079793
2019,20813200,19.920737994
2020,20813200,21.74798835
2019,20813300,6.571339565
2020,20813300,7.200788094
2019,20813400,4.197826515
2020,20813400,3.478559473
2019,20814100,17.16599148
2020,20814100,20.353215366
2019,20814200,1.844442961
2020,20814200,1.847146385
2019,20815100,16.637159091
2020,20815100,16.111482808
2019,20815200,29.35414495
2020,20815200,30.66352439
2019,20816100,20.242661534
2020,20816100,21.047040316
2019,20816200,4.870596075
2020,20816200,5.369424817
2019,20817100,20.963741073
2020,20817100,21.755209784
2019,20818100,2.152971086
2020,20818100,3.624411111
2019,20818200,14.58986398
2020,20818200,16.17120967
2019,20819100,19.651389849
2020,20819100,20.835690327
2019,20819200,6.513670883
2020,20819200,7.293314245
2019,20820100,16.73381648
2020,20820100,18.595523679
2019,20820200,7.212069748
2020,20820200,7.833889826
2019,20820300,8.693969539
2020,20820300,9.404909296
2019,20821100,4.280351707
2020,20821100,4.121105791
2019,20821200,4.756120279
2020,20821200,5.109617332
2019,20821300,12.693151032
2020,20821300,12.389494435
2019,20822100,61.76181871
2020,20822100,66.12369192
2019,20823100,12.993213355
2020,20823100,14.472330421
2019,20823200,33.22076487
2020,20823200,35.69776402
2019,20824100,9.096096398
2020,20824100,10.113833173
2019,20825100,13.574892473
2020,20825100,13.458910893
2019,20826100,8.743341747
2020,20826100,8.49642081
2019,20826200,13.479378696
2020,20826200,14.905415667
2019,20826300,4.557226949
2020,20826300,5.298545659
2019,20827100,6.745381274
2020,20827100,6.877070649
2019,20827200,9.940838317
2020,20827200,9.305468671
2019,20828100,18.261123229
2020,20828100,19.328219942
2019,20829100,22.78558866
2020,20829100,24.8755038
2019,20830100,5.671521611
2020,20830100,6.792078969
2019,20831100,2.149188086
2020,20831100,2.463321837
2019,20832100,0.228390848
2020,20832100,0.171264837
2019,20833100,4.141734005
2020,20833100,4.431125607
2019,20834100,0
2020,20834100,0
2019,20835100,0.250539278
2020,20835100,0.117226348
2019,20836100,19.789288469
2020,20836100,21.15900449
2019,20836200,4.514935603
2020,20836200,5.283776143
2019,20837100,9.162049365
2020,20837100,9.764867908
2019,20837200,1.870686644
2020,20837200,2.213233541
2019,20838100,44.45846593
2020,20838100,45.39782049
2019,20839100,0
2020,20839100,0
2019,20840100,4.991640102
2020,20840100,5.691351941
2019,20840200,10.174172009
2020,20840200,10.541480566
2019,20840300,32.76115594
2020,20840300,35.44786528
2019,20841100,0.019778701
2020,20841100,0.015177455
2019,20842100,14.317670887
2020,20842100,15.846571879
2019,20842200,8.169866464
2020,20842200,7.879151048
2019,20842300,27.05618049
2020,20842300,28.57373845
2019,20843100,31.34833295
2020,20843100,33.93993371
2019,20843200,23.031385352
2020,20843200,24.4688373
2019,20843300,10.734544442
2020,20843300,11.242433979
2019,20844100,22.71727876
2020,20844100,23.29406934
2019,20844200,23.35354899
2020,20844200,25.80754755
2019,20844300,40.10803983
2020,20844300,43.04802452
2019,20845100,14.089355918
2020,20845100,14.630817357
2019,20845200,6.474774103
2020,20845200,4.978840814
2019,20845300,14.180624474
2020,20845300,14.913652373
2019,20846100,18.432314145
2020,20846100,20.73745982
2019,20847100,22.045285211
2020,20847100,24.6179223
2019,20847200,30.87965954
2020,20847200,31.59320018
2019,20848100,16.789591881
2020,20848100,19.112567382
2019,20848200,10.412456147
2020,20848200,10.744320922
2019,20849100,38.08840808
2020,20849100,41.62343014
2019,20849200,44.03722331
2020,20849200,47.56841192
2019,20850100,18.428198331
2020,20850100,15.369305116
2019,20851100,15.71741038
2020,20851100,17.418653244
2019,20852100,10.128109083
2020,20852100,11.191900571
2019,20852200,36.63517566
2020,20852200,38.84743004
2019,20853100,4.422315663
2020,20853100,4.883154315
2019,20853200,10.78711313
2020,20853200,11.494399545
2019,20853300,1.873752021
2020,20853300,1.912287042
2019,20854100,8.998026743
2020,20854100,10.532708247
2019,20855100,11.523595202
2020,20855100,13.179393006
2019,20855200,20.133320818
2020,20855200,20.786337281
2019,20855300,2.754614356
2020,20855300,3.268801208
2019,20856100,24.16297784
2020,20856100,26.65301182
2019,20856200,12.588167328
2020,20856200,14.125873515
2019,20856300,7.085010306
2020,20856300,8.89355358
2019,20856400,5.811505342
2020,20856400,6.124273032
2019,20857100,94.1124982
2020,20857100,101.63219853
2019,20857200,4.987841539
2020,20857200,6.305042755
2019,20858100,3.289419123
2020,20858100,3.207773986
2019,20858200,15.523960572
2020,20858200,16.521985912
2019,20859100,9.743900384
2020,20859100,10.656503486
2019,20859200,8.41441795
2020,20859200,9.975205039
2019,20859300,12.138060053
2020,20859300,13.459391411
2019,20860100,14.699994644
2020,20860100,15.921008066
2019,20860200,13.925817179
2020,20860200,13.87291515
2019,20861100,22.52292284
2020,20861100,24.42369138
2019,20861200,17.088964862
2020,20861200,18.289197749
2019,20862100,9.493226612
2020,20862100,10.382617866
2019,20862200,20.484660239
2020,20862200,20.249798612
2019,20863100,4.808370042
2020,20863100,5.957455816
2019,20863200,12.963537765
2020,20863200,14.125900815
2019,20863300,8.792999039
2020,20863300,9.267728066
2019,20864100,10.130140446
2020,20864100,11.183406493
2019,20864200,21.677116992
2020,20864200,23.60876703
2019,20864300,5.566937405
2020,20864300,5.424514445
2019,20865100,21.972830418
2020,20865100,24.12422245
2019,20865200,13.10783786
2020,20865200,12.872421894
2019,20865300,7.615722086
2020,20865300,8.34203699
2019,20865400,9.669496949
2020,20865400,8.453584025
2019,20865500,14.239597147
2020,20865500,16.388732025
2019,20866100,9.44918794
2020,20866100,9.830272136
2019,20866200,5.984105634
2020,20866200,6.216461567
2019,20866300,18.913664629
2020,20866300,20.336484558
2019,20867100,10.411165997
2020,20867100,8.850826933
2019,20867200,18.387972156
2020,20867200,16.947050834
2019,20868100,18.547897226
2020,20868100,19.287907089
2019,20868200,0.112109988
2020,20868200,0.078135212
2019,20869100,12.633270745
2020,20869100,14.160022814
2019,20869200,17.922636442
2020,20869200,19.578706838
2019,20869300,14.751846613
2020,20869300,15.572866223
2019,20869400,7.877269114
2020,20869400,8.115970557
2019,20870100,0.002337005
2020,20870100,0.002337005
2019,20870200,2.132014502
2020,20870200,2.498262828
2019,20870300,10.763737699
2020,20870300,10.758407506
2019,20870400,19.986125971
2020,20870400,19.400651945
2019,20870500,5.699021732
2020,20870500,6.031060978
2019,20870600,1.564435566
2020,20870600,2.880832204
2019,20871100,9.705817732
2020,20871100,10.80468249
2019,20871200,15.454413357
2020,20871200,12.235320778
2019,20872100,3.248567066
2020,20872100,4.040556164
2019,20872200,16.038525678
2020,20872200,18.508029162
2019,20873100,48.49586311
2020,20873100,51.61708128
2019,20874100,12.365727885
2020,20874100,16.215009963
2019,20874200,10.390948548
2020,20874200,11.98632956
2019,20874300,15.372775775
2020,20874300,21.1906945
2019,20874400,19.039659535
2020,20874400,19.495871621
2019,20875100,7.3158009
2020,20875100,9.839350104
2019,20875200,14.646863586
2020,20875200,16.111031243
2019,20876100,11.747773731
2020,20876100,12.188743354
2019,20876200,15.757878686
2020,20876200,16.266118068
2019,20877100,7.767675428
2020,20877100,7.866211165
2019,20877200,5.578872954
2020,20877200,8.584477412
2019,20877300,10.817372746
2020,20877300,14.604259106
2019,20877400,6.806273174
2020,20877400,9.238282568
2019,20878100,4.031049413
2020,20878100,6.562246216
2019,20878200,20.354888633
2020,20878200,18.828774433
2019,20878300,4.700590823
2020,20878300,4.179957439
2019,20878400,17.138195409
2020,20878400,19.026722095
2019,20879100,3.991234444
2020,20879100,4.769922304
2019,20879200,0.020792229
2020,20879200,0.020792229
2019,20880100,22.080045591
2020,20880100,23.86085493
2019,20880200,6.565569349
2020,20880200,6.932346231
2019,20880300,2.732525101
2020,20880300,3.266445103
2019,20881100,44.26227641
2020,20881100,45.02690487
2019,20881200,15.33846826
2020,20881200,16.16645761
2019,20882100,6.906090825
2020,20882100,6.663664639
2019,20882200,9.376679044
2020,20882200,9.052703538
2019,20882300,5.44289714
2020,20882300,6.301288162
2019,20883100,21.738222183
2020,20883100,21.369809719
2019,20883200,11.044368137
2020,20883200,11.299894326
2019,20883300,3.45143765
2020,20883300,3.083926351
2019,20884100,23.167368903
2020,20884100,26.346500729
2019,20885100,39.20283928
2020,20885100,41.764696
2019,20886100,29.00730759
2020,20886100,31.43781161
2019,20886200,9.390871346
2020,20886200,12.077808042
2019,20887100,2.955963526
2020,20887100,2.836120118
2019,20887200,5.618623837
2020,20887200,6.891563312
2019,20887300,4.034005326
2020,20887300,4.774925925
2019,20887400,10.169049176
2020,20887400,12.349492138
2019,20888100,8.158654693
2020,20888100,7.964458443
2019,20888200,9.431461212
2020,20888200,10.190936326
2019,20888300,5.112994588
2020,20888300,5.24715277
2019,20889100,0.013811261
2020,20889100,0.012195489
2019,20889200,4.583393394
2020,20889200,4.82342425
2019,20889300,3.907348257
2020,20889300,3.813000763
2019,20890100,15.533562413
2020,20890100,16.522403562
2019,20891100,10.312700673
2020,20891100,13.781074495
2019,20891200,6.357916048
2020,20891200,7.670633371
2019,20891300,11.391229287
2020,20891300,12.283190572
2019,20891400,8.040134009
2020,20891400,5.947541499
2019,20891500,9.115705329
2020,20891500,13.626905274
2019,20891600,18.638281253
2020,20891600,25.29626644
2019,20892100,5.187682958
2020,20892100,5.195082353
2019,20892200,7.942168991
2020,20892200,8.072087208
2019,20892300,9.165654802
2020,20892300,9.928011881
2019,20893100,0.019343664
2020,20893100,0.019343664
2019,20894100,30.79766616
2020,20894100,30.80133025
2019,20894200,24.32581797
2020,20894200,24.55339094
2019,20895100,18.373268056
2020,20895100,22.866477406
2019,20895200,24.11144262
2020,20895200,31.80627021
2019,20895300,39.39960902
2020,20895300,50.55082248
2019,20896100,0
2020,20896100,0.005571479
2019,20896200,14.518904671
2020,20896200,16.340159995
2019,20896300,20.6686313
2020,20896300,23.37302356
2019,20897100,0.849723992
2020,20897100,0.544389781
2019,20897200,7.791858229
2020,20897200,8.513564103
2019,20898100,8.147096342
2020,20898100,8.243669118
2019,20898200,3.341230554
2020,20898200,3.441859203
2019,20899100,21.671800845
2020,20899100,21.959711
2019,20899200,5.573069052
2020,20899200,5.866081674
2019,20899300,21.315395528
2020,20899300,22.20155748
2019,20900100,23.991522069
2020,20900100,26.2364999
2019,20900200,14.499444946
2020,20900200,15.035522358
2019,20900300,11.347912136
2020,20900300,13.717914104
2019,20901100,25.97409482
2020,20901100,27.86880953
2019,20901200,33.71533871
2020,20901200,36.22219856
2019,20901300,39.8807835
2020,20901300,40.99734671
2019,20902100,10.030289296
2020,20902100,12.713989886
2019,20902200,10.793910464
2020,20902200,12.806803666
2019,20902300,8.965035643
2020,20902300,10.335030186
2019,20903100,6.079178633
2020,20903100,6.848105022
2019,20903200,19.24976761
2020,20903200,19.8155444
2019,20903300,21.335461198
2020,20903300,22.8088177
2019,20904100,12.183470173
2020,20904100,14.229719446
2019,20904200,10.984717002
2020,20904200,11.420584409
2019,20904300,12.672915564
2020,20904300,15.234213606
2019,20905100,10.172905679
2020,20905100,11.759678312
2019,20905200,7.771978186
2020,20905200,8.02043403
2019,20905300,7.073741018
2020,20905300,7.61227567
2019,20905400,3.899949839
2020,20905400,4.25197717
2019,20906100,23.43236146
2020,20906100,25.76973429
2019,20906200,33.91749094
2020,20906200,36.9541277
2019,20906300,8.288644902
2020,20906300,8.730473234
2019,20907100,7.489392637
2020,20907100,9.831762156
2019,20907200,10.132229323
2020,20907200,10.963399358
2019,20907300,7.407854623
2020,20907300,8.570003074
2019,20908100,19.275693266
2020,20908100,23.62669207
2019,20908200,6.870607676
2020,20908200,8.096143947
2019,20909100,7.975981301
2020,20909100,9.137775551
2019,20910100,33.15140808
2020,20910100,35.60300038
2019,20910200,9.615451107
2020,20910200,12.967038285
2019,20910300,7.744315826
2020,20910300,8.936976425
2019,20910400,6.932720234
2020,20910400,6.968106665
2019,20911100,8.629961663
2020,20911100,9.435217065
2019,20911200,11.298718942
2020,20911200,12.044919887
2019,20911300,6.914834103
2020,20911300,6.946315215
2019,20912100,27.33519837
2020,20912100,29.10732018
2019,20912200,10.599407387
2020,20912200,11.455161618
2019,20913100,22.60849494
2020,20913100,26.44574652
2019,20913200,7.312618714
2020,20913200,9.784575685
2019,20914100,9.95285273
2020,20914100,11.71891674
2019,20914200,15.927911902
2020,20914200,21.7643434
2019,20915100,26.22965073
2020,20915100,27.13857772
2019,20915200,6.107038854
2020,20915200,7.676652285
2019,20915300,6.769832287
2020,20915300,6.358694952
2019,20915400,17.878429845
2020,20915400,18.197342747
2019,20916100,4.63653271
2020,20916100,5.160312219
2019,20916200,6.121961332
2020,20916200,6.277469937
2019,20916300,14.336274743
2020,20916300,14.644952064
2019,20916400,6.286599086
2020,20916400,7.114165516
2019,20916500,18.448881654
2020,20916500,23.42213236
2019,20917100,16.228335641
2020,20917100,15.764005543
2019,20917200,3.386858311
2020,20917200,3.026976107
2019,20917300,12.285158936
2020,20917300,12.919383847
2019,20918100,15.200687964
2020,20918100,20.031408074
2019,20918200,18.420837753
2020,20918200,22.07135663
2019,20918300,9.522272462
2020,20918300,10.659692377
2019,20918400,0.201893077
2020,20918400,0.222733067
2019,20919100,8.588291893
2020,20919100,8.957686936
2019,20919200,5.177913961
2020,20919200,4.967160774
2019,20919300,15.15228992
2020,20919300,15.754380543
2019,20919400,6.262405108
2020,20919400,6.637617547
2019,20920100,25.704245455
2020,20920100,27.729927449
2019,20920200,26.95791468
2020,20920200,29.25903066
2019,20920300,14.319482854
2020,20920300,15.047617246
2019,20921100,14.628367631
2020,20921100,15.299029625
2019,20921200,10.212819626
2020,20921200,11.605471437
2019,20922100,10.355889005
2020,20922100,11.282514953
2019,20922200,2.160457467
2020,20922200,2.045897293
2019,20923100,10.947059567
2020,20923100,11.094122251
2019,20923200,7.731201075
2020,20923200,7.990232985
2019,20924100,37.08446993
2020,20924100,39.53319306
2019,20924200,14.467446982
2020,20924200,15.70774948
2019,20924300,13.495134239
2020,20924300,14.957623353
2019,20924400,10.62497368
2020,20924400,11.764896903
2019,20924500,8.34317258
2020,20924500,9.012324376
2019,20925100,9.975056365
2020,20925100,11.552859819
2019,20925200,9.52084343
2020,20925200,9.921764047
2019,20925300,4.03946141
2020,20925300,5.253696763
2019,20925400,16.682829539
2020,20925400,17.758337675
2019,20926100,6.773193774
2020,20926100,8.098878738
2019,20926200,41.25506253
2020,20926200,47.22464921
2019,20926300,15.787468595
2020,20926300,18.431012217
2019,20926400,6.760683459
2020,20926400,7.419817575
2019,20927100,30.94685714
2020,20927100,34.09601021
2019,20927200,13.449082455
2020,20927200,14.464243703
2019,20928100,8.08092781
2020,20928100,8.589024924
2019,20928200,8.905742325
2020,20928200,9.681673513
2019,20928300,9.60190362
2020,20928300,10.690104534
2019,20929100,8.92623155
2020,20929100,8.82669194
2019,20929200,2.458884826
2020,20929200,2.257013967
2019,20929300,21.32875086
2020,20929300,22.18884483
2019,20929400,13.998095753
2020,20929400,15.149206896
2019,20929500,3.964702684
2020,20929500,4.375517959
2019,20930100,13.480581216
2020,20930100,13.782123351
2019,20930200,24.50561914
2020,20930200,25.38057571
2019,20930300,30.8443182
2020,20930300,30.82374052
2019,20930400,16.731536572
2020,20930400,17.196304161
2019,20930500,26.27350912
2020,20930500,27.6965887
2019,20930600,26.65299899
2020,20930600,29.38673063
2019,20930700,16.723771803
2020,20930700,17.235951906
2019,20931100,5.813694921
2020,20931100,5.673659847
2019,20931200,12.129936954
2020,20931200,13.484314515
2019,20932100,36.92444892
2020,20932100,39.52468081
2019,20932200,16.021234612
2020,20932200,16.818338693
2019,20933100,16.799025518
2020,20933100,17.118685005
2019,20933200,1.226343982
2020,20933200,1.097119516
2019,20934100,10.614440529
2020,20934100,10.808341807
2019,20934200,10.789556576
2020,20934200,11.019909603
2019,20934300,14.132635596
2020,20934300,15.247200873
2019,20934400,12.931945021
2020,20934400,13.926575019
2019,20935100,10.750174453
2020,20935100,12.402944747
2019,20935200,41.39823724
2020,20935200,42.57159423
2019,20936100,14.913415311
2020,20936100,17.306132113
2019,20936200,6.107254841
2020,20936200,8.643988508
2019,20936300,5.945989499
2020,20936300,6.646468126
2019,20937100,29.01803316
2020,20937100,30.49338805
2019,20937200,21.433739503
2020,20937200,23.27253981
2019,20937300,8.11633711
2020,20937300,8.503366333
2019,20938100,3.865695334
2020,20938100,5.863233983
2019,20938200,8.598606732
2020,20938200,11.092444812
2019,20938300,18.916248402
2020,20938300,21.76569127
2019,20938400,10.197205986
2020,20938400,11.296496592
2019,20939100,31.96666682
2020,20939100,34.90860164
2019,20939200,8.90080833
2020,20939200,9.889320745
2019,20940100,5.064007657
2020,20940100,5.377804342
2019,20940200,12.312545468
2020,20940200,12.772712715
2019,20940300,6.692791625
2020,20940300,7.16745656
2019,20941100,13.096819413
2020,20941100,13.553638935
2019,20941200,9.554907645
2020,20941200,11.023582924
2019,20941300,17.626265912
2020,20941300,19.969438224
2019,20941400,14.688933417
2020,20941400,15.750390489
2019,20942100,23.108332728
2020,20942100,25.22580321
2019,20942200,5.689939197
2020,20942200,5.944135883
2019,20943100,13.861603436
2020,20943100,15.089821239
2019,20943200,5.336542766
2020,20943200,6.119221775
2019,20943300,6.29697552
2020,20943300,6.831551398
2019,20944100,18.674917431
2020,20944100,18.229154901
2019,20945100,2.235076051
2020,20945100,2.802927031
2019,20945200,7.179394889
2020,20945200,7.924462527
2019,20945300,6.757765625
2020,20945300,7.332549277
2019,20945400,7.205572194
2020,20945400,8.068190418
2019,20946100,16.90821812
2020,20946100,18.317545506
2019,20946200,21.178577037
2020,20946200,22.42967844
2019,20946300,14.955269785
2020,20946300,15.054182203
2019,20946400,9.000961022
2020,20946400,9.682240116
2019,20946500,7.197056434
2020,20946500,8.046045388
2019,20946600,19.404228541
2020,20946600,20.121069674
2019,20947100,25.05786624
2020,20947100,26.84209506
2019,20948100,10.812784699
2020,20948100,11.752635146
2019,20948200,9.420724075
2020,20948200,9.424406961
2019,20948300,9.58810877
2020,20948300,10.653812256
2019,20948400,5.714023167
2020,20948400,6.268310356
2019,20949100,8.410168789
2020,20949100,12.959088748
2019,20949200,5.763207422
2020,20949200,7.100120188
2019,20949300,9.611581797
2020,20949300,13.8913256
2019,20949400,6.428176339
2020,20949400,9.286913239
2019,20950100,3.890983785
2020,20950100,4.163518909
2019,20950200,7.959377328
2020,20950200,8.391569433
2019,20950300,9.585261972
2020,20950300,9.242441591
2019,20950400,6.055199918
2020,20950400,6.623421529
2019,20950500,2.774487641
2020,20950500,3.589515926
2019,20951100,20.160888445
2020,20951100,21.51564817
2019,20951200,6.902627918
2020,20951200,8.172333186
2019,20952100,12.013061322
2020,20952100,12.172542347
2019,20952200,23.13921388
2020,20952200,24.52404051
2019,20953100,12.105598599
2020,20953100,13.01826364
2019,20953200,12.357661645
2020,20953200,11.973602056
2019,20953300,6.198038213
2020,20953300,6.234193363
2019,20954100,16.371900651
2020,20954100,17.196287139
2019,20954200,12.810040073
2020,20954200,13.367084362
2019,20955100,26.54714498
2020,20955100,29.96629539
2019,20955200,5.422066825
2020,20955200,5.923838592
2019,20955300,15.09163841
2020,20955300,16.581805404
2019,20956100,10.666869465
2020,20956100,10.469283762
2019,20956200,5.906463711
2020,20956200,6.735707676
2019,20956300,7.729111969
2020,20956300,10.21167874
2019,20956400,10.490393223
2020,20956400,8.459857499
2019,20956500,4.92489311
2020,20956500,6.616702901
2019,20956600,14.264969156
2020,20956600,15.602996694
2019,20957100,15.084644219
2020,20957100,16.750863321
2019,20957200,9.961622147
2020,20957200,9.60048794
2019,20958100,20.83303832
2020,20958100,22.07454329
2019,20958200,26.55135751
2020,20958200,28.65112083
2019,20959100,12.420232699
2020,20959100,13.738861856
2019,20959200,25.0628397
2020,20959200,26.61897599
2019,20960100,21.667087224
2020,20960100,23.51907581
2019,20960200,16.936367685
2020,20960200,18.547576238
2019,20961100,12.401084129
2020,20961100,12.843045877
2019,20961200,20.754008936
2020,20961200,20.74347117
2019,20962100,9.87348464
2020,20962100,11.034882316
2019,20962200,7.828155737
2020,20962200,8.194100781
2019,20962300,8.269133498
2020,20962300,8.979742822
2019,20962400,18.229736101
2020,20962400,20.31171858
2019,20963100,8.369680002
2020,20963100,9.527820202
2019,20963200,12.536316491
2020,20963200,13.749593129
2019,20964100,15.549557864
2020,20964100,16.703705581
2019,20964200,6.642485435
2020,20964200,6.253983741
2019,20965100,13.125239572
2020,20965100,15.577249602
2019,20965200,12.977647722
2020,20965200,13.639193567
2019,20965300,8.096988464
2020,20965300,7.427746907
2019,20966100,7.032837892
2020,20966100,8.860084241
2019,20966200,16.96842865
2020,20966200,17.753784118
2019,20967100,9.694427942
2020,20967100,10.771031409
2019,20967200,7.124037852
2020,20967200,8.327272901
2019,20967300,10.064012169
2020,20967300,11.479507091
2019,20967400,16.036708349
2020,20967400,18.367899231
2019,20968100,4.838319062
2020,20968100,5.022681076
2019,20968200,14.494919689
2020,20968200,15.239400304
2019,20969100,5.983987493
2020,20969100,6.383754245
2019,20969200,2.172738634
2020,20969200,1.961181748
2019,20970100,17.778552831
2020,20970100,17.691418907
2019,20970200,13.843950434
2020,20970200,15.376346707
2019,20970300,10.840101595
2020,20970300,9.984867914
2019,20970400,1.086765073
2020,20970400,1.164478524
2019,20971100,18.95316101
2020,20971100,20.501923581
2019,20971200,6.154204005
2020,20971200,10.272049016
2019,20972100,16.02131334
2020,20972100,17.350927252
2019,20972200,16.269059305
2020,20972200,17.069679294
2019,20972300,15.569158988
2020,20972300,17.050153733
2019,20972400,6.294188179
2020,20972400,5.98668272
2019,20973100,19.234252888
2020,20973100,20.63159923
2019,20973200,18.043918574
2020,20973200,19.573635793
2019,20973300,9.917710434
2020,20973300,12.982799228
2019,20973400,5.151737813
2020,20973400,6.462699222
2019,20974100,19.642821335
2020,20974100,20.5092944
2019,20974200,12.130111152
2020,20974200,12.728581538
2019,20975100,11.666722808
2020,20975100,11.06939145
2019,20975200,15.050968958
2020,20975200,14.791915222
2019,20975300,7.016407727
2020,20975300,6.458560465
2019,20976100,19.336868168
2020,20976100,20.69744245
2019,20977100,14.525961749
2020,20977100,14.736783506
2019,20978100,18.345534223
2020,20978100,19.41435248
2019,20978200,10.768331841
2020,20978200,11.402445562
2019,20979100,4.265567273
2020,20979100,5.018308033
2019,20979200,14.043565381
2020,20979200,14.718233594
2019,20979300,12.058839398
2020,20979300,12.605690861
2019,20980100,13.573153495
2020,20980100,14.40705059
2019,20980200,23.45017148
2020,20980200,25.27484515
2019,20980300,11.626651496
2020,20980300,12.429689815
2019,20980400,9.102633223
2020,20980400,9.119572844
2019,20981100,21.410973666
2020,20981100,22.43066707
2019,20982100,14.938311194
2020,20982100,16.682732375
2019,20982200,15.582282953
2020,20982200,15.848472058
2019,20983100,14.359766995
2020,20983100,15.407500241
2019,20983200,9.571532693
2020,20983200,10.124019262
2019,20984100,15.686199511
2020,20984100,15.766249019
2019,20984200,9.9363946
2020,20984200,10.764768043
2019,20984300,1.961674322
2020,20984300,1.88706524
2019,20984400,6.146565504
2020,20984400,6.021809837
2019,20985100,4.150128441
2020,20985100,4.72275741
2019,20985200,9.344687898
2020,20985200,10.28384791
2019,20986100,3.47483499
2020,20986100,4.044126228
2019,20986200,10.468489318
2020,20986200,10.235495558
2019,20986300,5.478684476
2020,20986300,8.843902714
2019,20987100,6.212444319
2020,20987100,6.883543799
2019,20987200,4.205662031
2020,20987200,4.035069401
2019,20987300,12.680068501
2020,20987300,14.072013303
2019,20988100,20.068640015
2020,20988100,22.59779533
2019,20988200,3.351607477
2020,20988200,5.470058652
2019,20989100,34.90239788
2020,20989100,36.90533253
2019,20989200,8.555165998
2020,20989200,8.301337777
2019,20990100,4.410702548
2020,20990100,4.339571516
2019,20990200,15.895117635
2020,20990200,16.367019183
2019,20991100,8.086243141
2020,20991100,9.928297844
2019,20991200,24.27191732
2020,20991200,27.3748172
2019,20992100,14.282528721
2020,20992100,15.090942489
2019,20992200,10.917321255
2020,20992200,12.396631885
2019,20993100,11.849987122
2020,20993100,11.675665125
2019,20993200,12.531624462
2020,20993200,13.357141666
2019,20993300,8.452916714
2020,20993300,7.841144051
2019,20993400,14.191256978
2020,20993400,14.452158254
2019,20993500,11.028649048
2020,20993500,11.38454744
2019,20994100,25.35678511
2020,20994100,28.60390594
2019,20994200,17.422093715
2020,20994200,19.169732309
2019,20995100,12.431008006
2020,20995100,12.266073637
2019,20995200,21.908250681
2020,20995200,23.87372801
2019,20996100,11.801462124
2020,20996100,12.626504815
2019,20996200,14.438472285
2020,20996200,15.809698027
2019,20997100,25.42871028
2020,20997100,29.4817897
2019,20998100,14.490416271
2020,20998100,16.163807299
2019,20998200,11.781157041
2020,20998200,12.377038504
2019,20998300,24.6050691
2020,20998300,26.45053228
2019,20999100,9.527553331
2020,20999100,9.808768453
2019,20999200,13.739380164
2020,20999200,14.067733386
2019,20999300,23.3547854
2020,20999300,24.94391904
2019,21000100,10.636831571
2020,21000100,11.396432037
2019,21000200,18.927702097
2020,21000200,19.141920277
2019,21000300,9.710695698
2020,21000300,10.359066813
2019,21000400,7.135918355
2020,21000400,7.294640881
2019,21001100,11.603562016
2020,21001100,12.448345688
2019,21001200,4.574707729
2020,21001200,5.06241124
2019,21002100,0.300521899
2020,21002100,0.332839509
2019,21002200,7.871778981
2020,21002200,7.668777581
2019,21002300,2.55129459
2020,21002300,2.866706228
2019,21002400,1.381282288
2020,21002400,1.514009939
2019,21003100,12.234839359
2020,21003100,14.146075937
2019,21003200,5.440148024
2020,21003200,4.96868679
2019,21003300,10.896307375
2020,21003300,12.423074645
2019,21004100,15.79103114
2020,21004100,15.211000652
2019,21004200,9.750817584
2020,21004200,8.883843227
2019,21005100,11.815406562
2020,21005100,12.571070736
2019,21005200,6.809280909
2020,21005200,7.633862954
2019,21005300,12.786518058
2020,21005300,13.200902486
2019,21006100,8.529800616
2020,21006100,9.60023552
2019,21006200,21.339150576
2020,21006200,21.367072087
2019,21007100,16.134062215
2020,21007100,16.174029427
2019,21007200,10.556358061
2020,21007200,11.001146281
2019,21007300,14.396750823
2020,21007300,15.461691714
2019,21007400,8.861227684
2020,21007400,9.570219591
2019,21008100,18.912445764
2020,21008100,21.013543774
2019,21008200,32.53793607
2020,21008200,36.42930121
2019,21009100,17.103833554
2020,21009100,18.009721744
2019,21009200,33.20431511
2020,21009200,35.32575703
2019,21010100,19.000562076
2020,21010100,19.796654317
2019,21010200,3.872564605
2020,21010200,4.690117514
2019,21011100,7.40445849
2020,21011100,7.699914449
2019,21011200,11.780864488
2020,21011200,12.347435397
2019,21012100,7.85316464
2020,21012100,7.548932256
2019,21012200,22.203416722
2020,21012200,23.53363515
2019,21012300,10.001580206
2020,21012300,10.236399503
2019,21012400,18.336434032
2020,21012400,19.051917516
2019,21012500,14.991510364
2020,21012500,15.203814999
2019,21013100,12.446845058
2020,21013100,13.283370331
2019,21013200,26.71188389
2020,21013200,26.97084835
2019,21013300,30.06773532
2020,21013300,31.14982799
2019,21014100,6.103676198
2020,21014100,6.345392866
2019,21014200,16.018675227
2020,21014200,16.707058505
2019,21014300,10.158475976
2020,21014300,9.642041515
2019,21014400,1.883661334
2020,21014400,1.74430504
2019,21014500,6.636845146
2020,21014500,6.13132958
2019,21015100,15.096090335
2020,21015100,15.202108949
2019,21016100,19.680224813
2020,21016100,21.69958548
2019,21017100,11.771177647
2020,21017100,11.377907488
2019,21017200,11.037461887
2020,21017200,11.809280025
2019,21018100,19.492388652
2020,21018100,18.727516971
2019,21018200,7.403961333
2020,21018200,8.601831208
2019,21018300,13.238745672
2020,21018300,14.741359355
2019,21019100,22.456604009
2020,21019100,22.615260211
2019,21019200,10.935788485
2020,21019200,12.2412009
2019,21020100,26.27018818
2020,21020100,24.06136403
2019,21020200,36.3467658
2020,21020200,34.39158857
2019,21021100,11.316992669
2020,21021100,12.262198201
2019,21021200,13.082274525
2020,21021200,13.819896509
2019,21022100,13.183891454
2020,21022100,14.170805052
2019,21022200,12.9010855
2020,21022200,15.857555938
2019,21023100,18.155327655
2020,21023100,18.773129908
2019,21024100,8.966124205
2020,21024100,10.387722021
2019,21024200,12.346417562
2020,21024200,13.879771877
2019,21024300,2.815548082
2020,21024300,2.906988807
2019,21025100,7.025548163
2020,21025100,7.339299671
2019,21025200,9.266447858
2020,21025200,9.695725112
2019,21026100,12.200192854
2020,21026100,12.943538828
2019,21026200,12.047435037
2020,21026200,17.0949607
2019,21027100,19.045169128
2020,21027100,21.41270374
2019,21027200,3.652123998
2020,21027200,4.290370813
2019,21028100,38.95325117
2020,21028100,40.98537862
2019,21029100,8.34932365
2020,21029100,10.913692056
2019,21029200,23.33688692
2020,21029200,24.73785542
2019,21030100,27.07646403
2020,21030100,28.52574169
2019,21031100,9.729832921
2020,21031100,10.874660453
2019,21031200,20.277428773
2020,21031200,19.995778914
2019,21032100,17.901754516
2020,21032100,17.350205162
2019,21033100,12.322659295
2020,21033100,12.681921925
2019,21033200,10.146656856
2020,21033200,9.883293856
2019,21034100,21.7834167
2020,21034100,21.73496285
2019,21035100,9.696748133
2020,21035100,10.884897248
2019,21035200,7.49985736
2020,21035200,8.693195978
2019,21036100,13.390077892
2020,21036100,14.231091471
2019,21037100,4.159688376
2020,21037100,4.725624322
2019,21037200,11.994725114
2020,21037200,12.665589697
2019,21038100,39.57883995
2020,21038100,40.98108276
2019,21038200,17.363085235
2020,21038200,18.463933635
2019,21038300,11.39572593
2020,21038300,11.189446551
2019,21039100,8.101490575
2020,21039100,8.327877852
2019,21039200,16.85641661
2020,21039200,17.866098597
2019,21039300,12.371771989
2020,21039300,13.193018902
2019,21040100,8.964656978
2020,21040100,9.372206956
2019,21040200,12.71396274
2020,21040200,14.13451878
2019,21040300,8.14987325
2020,21040300,8.195071276
2019,21040400,17.185565659
2020,21040400,18.123287224
2019,21040500,9.403526988
2020,21040500,10.437872859
2019,21041100,12.007634807
2020,21041100,12.936174697
2019,21041200,26.88679506
2020,21041200,27.60240264
2019,21042100,15.088351938
2020,21042100,15.378513594
2019,21042200,14.704122225
2020,21042200,16.33498537
2019,21043100,7.349056029
2020,21043100,6.973046238
2019,21043200,11.339707744
2020,21043200,11.339433294
2019,21044100,15.150082134
2020,21044100,14.927938964
2019,21044200,9.919347402
2020,21044200,10.159915575
2019,21044300,10.727344689
2020,21044300,9.705736
2019,21044400,9.963728514
2020,21044400,9.652267717
2019,21045100,22.06786906
2020,21045100,23.86462628
2019,21046100,5.773982931
2020,21046100,6.462474551
2019,21046200,3.771369681
2020,21046200,4.067979564
2019,21047100,11.176163979
2020,21047100,11.825344189
2019,21048100,6.885858611
2020,21048100,6.712116058
2019,21049100,15.316754797
2020,21049100,14.887730134
2019,21050100,8.498304989
2020,21050100,8.838565554
2019,21051100,14.226439176
2020,21051100,15.732209766
2019,21052100,7.384800396
2020,21052100,8.997710229
2019,21052200,14.256993538
2020,21052200,13.398645924
2019,21053100,10.590743687
2020,21053100,12.212443771
2019,21053200,14.745775862
2020,21053200,15.399575359
2019,21054100,29.23798812
2020,21054100,25.79634355
2019,21054200,7.894910466
2020,21054200,7.619465771
2019,21055100,16.365065683
2020,21055100,17.900026979
2019,21055200,7.569532982
2020,21055200,7.855215191
2019,21056100,15.662580624
2020,21056100,15.733112243
2019,21056200,7.634968796
2020,21056200,7.534285764
2019,21057100,4.94408259
2020,21057100,5.3991434
2019,21057200,7.605630731
2020,21057200,8.40462299
2019,21058100,10.815820612
2020,21058100,11.200105018
2019,21058200,7.529995353
2020,21058200,7.970140832
2019,21059100,1.972573363
2020,21059100,2.541957449
2019,21059200,7.101573693
2020,21059200,8.221353867
2019,21059300,14.006554128
2020,21059300,15.36486083
2019,21060100,0.624249978
2020,21060100,0.787537573
2019,21060200,17.725149163
2020,21060200,18.070654933
2019,21060300,15.817006078
2020,21060300,17.322853386
2019,21061100,17.129830148
2020,21061100,18.181103894
2019,21061200,9.886722653
2020,21061200,10.072161428
2019,21061300,28.2103459
2020,21061300,30.45292518
2019,21062100,11.555391034
2020,21062100,11.970523188
2019,21063100,10.563105645
2020,21063100,11.115383663
2019,21063200,10.325117799
2020,21063200,10.902212976
2019,21064100,5.401914483
2020,21064100,5.310614874
2019,21064200,6.803306561
2020,21064200,7.04907994
2019,21065100,14.476074718
2020,21065100,14.163216912
2019,21065200,9.797320501
2020,21065200,10.251290008
2019,21066100,12.309950101
2020,21066100,12.436060989
2019,21067100,21.54775251
2020,21067100,23.50663739
2019,21068100,13.333042124
2020,21068100,13.99763682
2019,21069100,20.943714666
2020,21069100,20.899168172
2019,21070100,23.16232233
2020,21070100,24.94753062
2019,21071100,11.865642762
2020,21071100,13.67567458
2019,21071200,3.854852022
2020,21071200,4.504066614
2019,21072100,17.871035756
2020,21072100,20.642404531
2019,21073100,7.440493017
2020,21073100,6.997749907
2019,21073200,6.390769301
2020,21073200,6.002711006
2019,21074100,20.43068906
2020,21074100,18.783681124
2019,21074200,3.08298359
2020,21074200,3.650919202
2019,21074300,2.774253837
2020,21074300,2.325443897
2019,21075100,2.221118454
2020,21075100,2.30585649
2019,21075200,15.876344151
2020,21075200,16.733455068
2019,21076100,8.714771833
2020,21076100,9.33625027
2019,21076200,14.314656942
2020,21076200,14.11967084
2019,21077100,13.326810115
2020,21077100,13.749185968
2019,21077200,12.825493886
2020,21077200,13.361540277
2019,21077300,27.79861353
2020,21077300,27.85003061
2019,21078100,12.669017592
2020,21078100,12.825102237
2019,21078200,8.540524438
2020,21078200,8.046334328
2019,21078300,14.002827611
2020,21078300,15.716226669
2019,21079100,7.89042779
2020,21079100,7.024075975
2019,21079200,11.809699056
2020,21079200,11.422462832
2019,21079300,5.940661289
2020,21079300,6.030873875
2019,21080100,6.865545667
2020,21080100,5.985184395
2019,21080200,10.729626486
2020,21080200,10.451984126
2019,21080300,14.465272069
2020,21080300,15.731147407
2019,21080400,9.629348454
2020,21080400,12.086445569
2019,21081100,16.640230319
2020,21081100,16.024639264
2019,21081200,11.105902328
2020,21081200,11.175775404
2019,21082100,18.921988675
2020,21082100,19.588571562
2019,21083100,19.050486328
2020,21083100,17.351263777
2019,21084100,0.008012443
2020,21084100,0.037148726
2019,21084200,0.124553134
2020,21084200,0.195579734
2019,21085100,2.786072704
2020,21085100,2.315280036
2019,21085200,18.47824902
2020,21085200,19.704724037
2019,21086100,10.940314722
2020,21086100,12.187370181
2019,21087100,12.133381263
2020,21087100,13.218155322
2019,21087200,2.799474857
2020,21087200,3.022501343
2019,21088100,6.876422072
2020,21088100,6.688662745
2019,21088200,2.151001578
2020,21088200,1.806516085
2019,21089100,10.825136189
2020,21089100,11.509556006
2019,21089200,10.733255178
2020,21089200,11.397520849
2019,21090100,9.731159532
2020,21090100,9.349084987
2019,21090200,6.18974386
2020,21090200,6.768101653
2019,21090300,6.470895408
2020,21090300,7.853288296
2019,21090400,15.603486951
2020,21090400,16.662406336
2019,21090500,12.923517927
2020,21090500,13.303437613
2019,21091100,13.964148402
2020,21091100,14.710780315
2019,21092100,4.87108927
2020,21092100,5.399325515
2019,21092200,6.713257156
2020,21092200,6.555827245
2019,21092300,9.230878846
2020,21092300,10.184301216
2019,21093100,15.303951978
2020,21093100,13.63794485
2019,21094100,8.743617802
2020,21094100,8.488340292
2019,21094200,14.393627651
2020,21094200,15.273490415
2019,21095100,5.76761229
2020,21095100,6.187369574
2019,21095200,10.867723668
2020,21095200,11.476055475
2019,21096100,4.242413215
2020,21096100,3.962085957
2019,21096200,7.296114951
2020,21096200,6.911157694
2019,21096300,2.73287818
2020,21096300,3.063971532
2019,21097100,20.097310206
2020,21097100,22.36020648
2019,21098100,14.249794408
2020,21098100,15.186436472
2019,21099100,17.674483738
2020,21099100,16.415721278
2019,21100100,5.484393233
2020,21100100,6.048873032
2019,21100200,12.456636858
2020,21100200,11.40829825
2019,21100300,14.893538917
2020,21100300,14.185838178
2019,21101100,17.149132551
2020,21101100,17.984433319
2019,21101200,5.999961487
2020,21101200,5.915495373
2019,21102100,0.595573262
2020,21102100,0.532434089
2019,21102200,9.176726578
2020,21102200,9.700937271
2019,21102300,2.00468019
2020,21102300,1.800957386
2019,21102400,12.774804436
2020,21102400,14.136242926
2019,21103100,18.417026819
2020,21103100,18.872834212
2019,21104100,5.35320937
2020,21104100,5.912330921
2019,21104200,6.196619068
2020,21104200,5.716416929
2019,21104300,5.464647023
2020,21104300,5.9750786
2019,21104400,6.283875332
2020,21104400,5.929345902
2019,21105100,0.151192513
2020,21105100,0.646607506
2019,21106100,7.673103616
2020,21106100,7.931483532
2019,21106200,12.788879344
2020,21106200,14.74447133
2019,21107100,9.667029477
2020,21107100,9.796119972
2019,21107200,14.951474264
2020,21107200,16.221836933
2019,21108100,9.736552919
2020,21108100,10.421681078
2019,21108200,2.814729581
2020,21108200,3.312491451
2019,21108300,6.45178584
2020,21108300,6.664600182
2019,21109100,1.600724283
2020,21109100,1.868991224
2019,21109200,5.280483987
2020,21109200,5.70687583
2019,21110100,6.506994459
2020,21110100,6.348613906
2019,21111100,4.582006015
2020,21111100,4.960674814
2019,21111200,8.304800869
2020,21111200,8.734710509
2019,21112100,19.759406196
2020,21112100,20.098596569
2019,21112200,58.47842206
2020,21112200,62.27073739
2019,21113100,8.851118304
2020,21113100,9.181055688
2019,21113200,24.68754644
2020,21113200,25.95358222
2019,21114100,13.628971171
2020,21114100,14.745392279
2019,21115100,5.619420425
2020,21115100,5.612853576
2019,21115200,4.94945064
2020,21115200,5.821915363
2019,21115300,17.530167035
2020,21115300,18.276856202
2019,21116100,2.533543096
2020,21116100,2.722044464
2019,21116200,1.407813073
2020,21116200,2.210970338
2019,21117100,6.632538694
2020,21117100,6.830875966
2019,21117200,4.593466055
2020,21117200,4.717748194
2019,21117300,3.001842063
2020,21117300,2.921355338
2019,21117400,8.483549072
2020,21117400,8.661810796
2019,21117500,13.92435801
2020,21117500,15.093678508
2019,21117600,10.282779591
2020,21117600,11.140136551
2019,21117700,0.866422483
2020,21117700,0.744286142
2019,21118100,0
2020,21118100,0
2019,21119100,0.02150779
2020,21119100,0.049198113
2019,21119200,0
2020,21119200,0
2019,21120100,6.435710986
2020,21120100,6.564771681
2019,21120200,12.216633005
2020,21120200,11.957866378
2019,21120300,10.723634837
2020,21120300,8.570484579
2019,21120400,16.746981368
2020,21120400,15.7363101
2019,21121100,2.382497395
2020,21121100,3.073392586
2019,21121200,6.535942236
2020,21121200,7.853475261
2019,21121300,2.851767564
2020,21121300,2.835372797
2019,21121400,11.612041274
2020,21121400,12.413847694
2019,21122100,3.092065659
2020,21122100,2.603378827
2019,21122200,0.033735032
2020,21122200,0.008404106
2019,21122300,3.98588876
2020,21122300,3.832417627
2019,21123100,8.576457011
2020,21123100,9.384739569
2019,21123200,13.589539779
2020,21123200,14.598980073
2019,21123300,7.051598265
2020,21123300,7.605318993
2019,21124100,10.277812994
2020,21124100,10.272827184
2019,21124200,20.966395736
2020,21124200,22.202875832
2019,21125100,6.811781996
2020,21125100,7.62921357
2019,21125200,12.333629106
2020,21125200,12.210237786
2019,21125300,5.47211441
2020,21125300,6.503389702
2019,21126100,5.980610324
2020,21126100,6.712080735
2019,21126200,7.934847039
2020,21126200,9.009813645
2019,21126300,17.548795714
2020,21126300,17.700662703
2019,21127100,5.386101139
2020,21127100,6.091160301
2019,21127200,5.626181671
2020,21127200,6.093511053
2019,21127300,6.405573601
2020,21127300,6.603222548
2019,21127400,8.894487146
2020,21127400,9.240342907
2019,21127500,14.241407822
2020,21127500,15.254789092
2019,21127600,5.904966612
2020,21127600,5.530784608
2019,21127700,0
2020,21127700,0
2019,21128100,12.877953603
2020,21128100,14.074661272
2019,21128200,3.975379174
2020,21128200,4.634340687
2019,21129100,14.546181114
2020,21129100,15.102241171
2019,21129200,11.499703557
2020,21129200,10.703961874
2019,21129300,10.062360576
2020,21129300,11.472879871
2019,21130100,7.570245821
2020,21130100,7.465561747
2019,21130200,15.438321057
2020,21130200,15.778321669
2019,21131100,10.52801323
2020,21131100,10.256169728
2019,21131200,11.860693372
2020,21131200,12.96606319
2019,21131300,9.441228359
2020,21131300,10.865865755
2019,21131400,4.15110443
2020,21131400,4.240881764
2019,21132100,29.48398285
2020,21132100,33.03465361
2019,21132200,4.198575292
2020,21132200,4.426669145
2019,21133100,22.88416118
2020,21133100,25.33479669
2019,21133200,11.239898191
2020,21133200,11.490068744
2019,21134100,0.012498679
2020,21134100,0.143642551
2019,21134200,9.359927821
2020,21134200,8.777167429
2019,21135100,11.696539328
2020,21135100,13.317021867
2019,21135200,22.151427144
2020,21135200,25.16699681
2019,21136100,20.832263857
2020,21136100,21.196077369
2019,21136200,6.940433195
2020,21136200,7.513385557
2019,21137100,16.636518063
2020,21137100,17.718539245
2019,21138100,0.093845191
2020,21138100,0.034967456
2019,21138200,0
2020,21138200,0
2019,21139100,8.893309441
2020,21139100,9.783185569
2019,21139200,4.678999325
2020,21139200,5.384541821
2019,21139300,8.837008747
2020,21139300,9.538774228
2019,21139400,9.464601858
2020,21139400,9.441219089
2019,21139500,6.457003185
2020,21139500,7.220279371
2019,21139600,4.452697042
2020,21139600,5.04853993
2019,21139700,11.839487759
2020,21139700,11.994098003
2019,21140100,8.486821818
2020,21140100,9.6913137
2019,21140200,8.632995102
2020,21140200,9.191413733
2019,21140300,5.34633055
2020,21140300,6.578787526
2019,21140400,3.415884608
2020,21140400,3.637002199
2019,21141100,12.957383329
2020,21141100,13.42421531
2019,21142100,29.68525501
2020,21142100,28.14652007
2019,21142200,17.447320504
2020,21142200,17.356945464
2019,21142300,12.984364446
2020,21142300,12.303398622
2019,21142400,7.782371666
2020,21142400,8.460489999
2019,21142500,2.270920861
2020,21142500,2.37616094
2019,21142600,2.698509339
2020,21142600,2.807950307
2019,21143100,29.366270635
2020,21143100,27.99605593
2019,21143200,11.329793209
2020,21143200,12.984028808
2019,21143300,13.715799859
2020,21143300,14.277516012
2019,21144100,11.185916541
2020,21144100,12.718350523
2019,21145100,11.248280687
2020,21145100,12.450102274
2019,21145200,23.465880154
2020,21145200,27.650675463
2019,21145300,15.089076634
2020,21145300,16.280730751
2019,21146100,0.017515888
2020,21146100,0.011830563
2019,21146200,0
2020,21146200,0
2019,21147100,9.234069642
2020,21147100,10.037266644
2019,21147200,0.070236158
2020,21147200,0.022086532
2019,21148100,14.799852196
2020,21148100,15.467447325
2019,21148200,13.848900725
2020,21148200,15.3070747
2019,21148300,14.472874735
2020,21148300,15.090849178
2019,21149100,15.509810823
2020,21149100,16.823416758
2019,21149200,16.899939517
2020,21149200,18.67657773
2019,21149300,17.8950409
2020,21149300,19.111451939
2019,21150100,11.639739137
2020,21150100,12.672974343
2019,21150200,10.937668297
2020,21150200,11.922423192
2019,21150300,27.284256777
2020,21150300,30.836870212
2019,21150400,7.187004658
2020,21150400,8.110302349
2019,21151100,0.000807723
2020,21151100,0.005951382
2019,21152100,7.383231172
2020,21152100,7.733475266
2019,21152200,14.586897497
2020,21152200,14.633229774
2019,21153100,11.768709568
2020,21153100,12.254491105
2019,21153200,10.62066821
2020,21153200,11.103655065
2019,21153300,5.248494805
2020,21153300,5.461143645
2019,21154100,0.010574072
2020,21154100,0.010574072
2019,21155100,14.194941947
2020,21155100,15.213206696
2019,21155200,8.713599006
2020,21155200,8.035465229
2019,21155300,15.410647031
2020,21155300,16.599379821
2019,21156100,2.264356036
2020,21156100,3.140379664
2019,21156200,41.09617081
2020,21156200,41.47017246
2019,21156300,5.255007256
2020,21156300,6.622346292
2019,21157100,1.568597464
2020,21157100,2.479301586
2019,21157200,5.515382942
2020,21157200,6.323097198
2019,21157300,5.242347626
2020,21157300,5.35892791
2019,21157400,3.574509704
2020,21157400,4.099651113
2019,21157500,5.809219879
2020,21157500,6.127797522
2019,21157600,6.257168684
2020,21157600,6.417881133
2019,21158100,10.207173788
2020,21158100,12.325859133
2019,21158200,5.009244472
2020,21158200,6.005738536
2019,21158300,2.567070693
2020,21158300,2.545345816
2019,21158400,4.520268844
2020,21158400,4.685649842
2019,21158500,4.107445318
2020,21158500,3.860047601
2019,21158600,7.992219355
2020,21158600,10.508565078
2019,21158700,5.991380042
2020,21158700,5.808547009
2019,21158800,1.512645928
2020,21158800,3.139445367
2019,21159100,14.123393172
2020,21159100,15.363580452
2019,21159200,11.459188586
2020,21159200,10.971721285
2019,21159300,0.554816887
2020,21159300,0.425132595
2019,21159400,4.715446791
2020,21159400,4.298374719
2019,21160100,6.954535085
2020,21160100,7.045280345
2019,21160200,7.13907518
2020,21160200,8.294709921
2019,21160300,8.099118556
2020,21160300,8.899637892
2019,21161100,10.233895983
2020,21161100,13.083406001
2019,21161200,19.292294846
2020,21161200,20.057675343
2019,21161300,5.432939813
2020,21161300,6.592407216
2019,21161400,12.431203318
2020,21161400,14.257016882
2019,21162100,7.519984197
2020,21162100,8.825381061
2019,21162200,14.413064155
2020,21162200,14.179557325
2019,21162300,5.334707934
2020,21162300,5.156494084
2019,21163100,17.534917192
2020,21163100,18.477871298
2019,21163200,5.229391879
2020,21163200,4.756683577
2019,21163300,15.734012183
2020,21163300,16.121380586
2019,21163400,5.965214243
2020,21163400,6.767476749
2019,21164100,11.376104573
2020,21164100,12.164736877
2019,21164200,4.547222944
2020,21164200,5.580201016
2019,21164300,18.383759522
2020,21164300,19.327791519
2019,21165100,11.355356903
2020,21165100,12.301960858
2019,21165200,8.131896828
2020,21165200,9.730616911
2019,21166100,10.430159791
2020,21166100,9.960238692
2019,21167100,7.092491184
2020,21167100,7.493819688
2019,21167200,6.747793196
2020,21167200,6.910702776
2019,21168100,16.056925981
2020,21168100,16.860061733
2019,21168200,3.574687972
2020,21168200,3.946217929
2019,21169100,25.40831955
2020,21169100,25.63598471
2019,21169200,4.293567922
2020,21169200,4.971518529
2019,21169300,11.786288739
2020,21169300,12.27782669
2019,21170100,3.163214801
2020,21170100,3.691343356
2019,21170200,6.688104417
2020,21170200,5.70061106
2019,21170300,15.352966379
2020,21170300,15.690452019
2019,21170400,13.032610553
2020,21170400,14.170062204
2019,21170500,12.795799689
2020,21170500,13.697101514
2019,21171100,13.333867822
2020,21171100,14.047665395
2019,21171200,21.18034843
2020,21171200,24.05029698
2019,21172100,20.188892458
2020,21172100,21.49093205
2019,21172200,17.306012151
2020,21172200,19.257247094
2019,21173100,10.507044062
2020,21173100,11.39364279
2019,21173200,12.180651154
2020,21173200,12.756100086
2019,21173300,4.289360334
2020,21173300,4.068545142
2019,21173400,9.443731048
2020,21173400,9.058755978
2019,21173500,8.617527979
2020,21173500,9.072786453
2019,21174100,9.936909004
2020,21174100,10.377573462
2019,21174200,23.692125013
2020,21174200,35.347328844
2019,21174300,10.204040826
2020,21174300,11.510515491
2019,21174400,10.357385721
2020,21174400,10.389183176
2019,21174500,11.896453893
2020,21174500,12.197621018
2019,21175100,16.878000295
2020,21175100,26.78166362
2019,21175200,10.49442159
2020,21175200,12.261472924
2019,21175300,12.008836885
2020,21175300,14.084452373
2019,21176100,11.826401063
2020,21176100,12.903798597
2019,21176200,11.636762241
2020,21176200,12.447569785
2019,21177100,8.365294993
2020,21177100,8.624986468
2019,21177200,14.722031415
2020,21177200,14.190098391
2019,21178100,15.568699578
2020,21178100,17.006012268
2019,21178200,17.602619218
2020,21178200,26.62142616
2019,21179100,7.85092686
2020,21179100,8.547821609
2019,21179200,13.771681379
2020,21179200,15.711665446
2019,21179300,19.319980559
2020,21179300,20.314996914
2019,21179400,21.75872129
2020,21179400,24.6936263
2019,21180100,21.90937881
2020,21180100,24.01387868
2019,21181100,19.83711749
2020,21181100,22.465203609
2019,21181200,10.01070624
2020,21181200,10.936695745
2019,21181300,15.242103111
2020,21181300,17.349615647
2019,21182100,4.912930067
2020,21182100,5.786738343
2019,21182200,5.425003015
2020,21182200,6.238831828
2019,21182300,4.68341943
2020,21182300,7.246029326
2019,21183100,7.823763654
2020,21183100,7.802825641
2019,21183200,5.275545814
2020,21183200,5.471305686
2019,21184100,11.519324794
2020,21184100,11.699328703
2019,21185100,5.784154295
2020,21185100,5.730799037
2019,21185200,5.508670303
2020,21185200,5.407334809
2019,21185300,9.681572612
2020,21185300,9.837004687
2019,21185400,8.684809818
2020,21185400,9.459519275
2019,21185500,7.072924873
2020,21185500,9.455648703
2019,21186100,9.821380667
2020,21186100,9.181761042
2019,21186200,10.901535615
2020,21186200,12.761390627
2019,21186300,16.014085893
2020,21186300,16.205538629
2019,21186400,9.928006777
2020,21186400,8.431709973
2019,21187100,21.388068806
2020,21187100,22.12169332
2019,21187200,12.015759839
2020,21187200,12.856981124
2019,21188100,17.100092128
2020,21188100,18.849292446
2019,21188200,12.790048522
2020,21188200,14.304571056
2019,21189100,13.385615118
2020,21189100,15.198121453
2019,21189200,11.172234338
2020,21189200,13.274309747
2019,21190100,14.089802604
2020,21190100,14.92385868
2019,21190200,13.893415816
2020,21190200,18.118116948
2019,21191100,17.872230785
2020,21191100,19.62293873
2019,21192100,12.608201681
2020,21192100,13.864496064
2019,21192200,10.731034966
2020,21192200,12.182173112
2019,21193100,8.088815014
2020,21193100,7.952943595
2019,21194100,12.786605419
2020,21194100,13.647940966
2019,21194200,21.47216015
2020,21194200,22.95067688
2019,21195100,11.685618639
2020,21195100,12.520256379
2019,21195200,11.971498681
2020,21195200,12.776790227
2019,21196100,8.473516899
2020,21196100,8.891568011
2019,21196200,11.617160548
2020,21196200,12.676319177
2019,21197100,1.772251001
2020,21197100,1.332262244
2019,21197200,9.805411859
2020,21197200,11.089900924
2019,21197300,3.316802129
2020,21197300,3.808346709
2019,21197400,10.06869436
2020,21197400,11.151295794
2019,21197500,10.232273413
2020,21197500,11.384056899
2019,21197600,11.050662783
2020,21197600,12.118980967
2019,21198100,37.18868191
2020,21198100,38.40136712
2019,21199100,13.901428285
2020,21199100,15.677311168
2019,21200100,22.39875568
2020,21200100,24.18670554
2019,21201100,9.440677771
2020,21201100,9.680061442
2019,21201200,6.767571352
2020,21201200,6.527347729
2019,21202100,6.888897412
2020,21202100,7.351230611
2019,21202200,7.78056473
2020,21202200,8.021536665
2019,21202300,19.322763462
2020,21202300,22.31327821
2019,21202400,13.756192648
2020,21202400,15.977357939
2019,21203100,36.99248462
2020,21203100,41.52527398
2019,21204100,14.70045495
2020,21204100,16.131391652
2019,21204200,0.101511941
2020,21204200,0.028927746
2019,21204300,24.11270829
2020,21204300,27.12394081
2019,21204400,11.675071564
2020,21204400,12.535177518
2019,21205100,4.411019858
2020,21205100,4.512755242
2019,21205200,7.448656679
2020,21205200,7.306032321
2019,21205300,7.087401772
2020,21205300,6.954388473
2019,21205400,19.352290403
2020,21205400,19.865845989
2019,21205500,14.06953265
2020,21205500,15.172012984
2019,21206100,0.01552396
2020,21206100,0.032910827
2019,21207100,15.498417396
2020,21207100,16.969946894
2019,21207200,3.374737527
2020,21207200,2.859832782
2019,21208100,21.50079141
2020,21208100,23.03588812
2019,21208200,9.275651659
2020,21208200,10.036767625
2019,21209100,3.478337279
2020,21209100,3.644406228
2019,21209200,10.257495044
2020,21209200,10.47407271
2019,21209300,8.147942881
2020,21209300,13.66084855
2019,21210100,47.05021794
2020,21210100,45.55860115
2019,21211100,17.974649653
2020,21211100,19.277233279
2019,21212100,8.092608683
2020,21212100,8.753376324
2019,21213100,24.82319087
2020,21213100,27.1181393
2019,21213200,16.836515534
2020,21213200,17.99907509
2019,21214100,10.511131921
2020,21214100,10.955732717
2019,21214200,10.230442631
2020,21214200,10.734637252
2019,21215100,34.65113213
2020,21215100,38.17467923
2019,21216100,20.635829092
2020,21216100,21.102441903
2019,21216200,11.939073971
2020,21216200,12.243280049
2019,21217100,31.9282709
2020,21217100,33.54887231
2019,21218100,14.442055474
2020,21218100,15.667364449
2019,21218200,20.043335873
2020,21218200,21.86846203
2019,21219100,9.752261907
2020,21219100,11.247547484
2019,21219200,8.202724349
2020,21219200,8.773760391
2019,21219300,18.337914927
2020,21219300,19.66005001
2019,21220100,14.692490108
2020,21220100,15.286509586
2019,21220200,20.843164952
2020,21220200,23.2407735
2019,21220300,20.88662418
2020,21220300,20.95402529
2019,21220400,9.668419238
2020,21220400,9.911516048
2019,21221100,16.691286772
2020,21221100,16.533179522
2019,21221200,11.191261772
2020,21221200,11.023622392
2019,21222100,13.759563195
2020,21222100,17.255041067
2019,21222200,37.92106338
2020,21222200,41.36950427
2019,21222300,14.93732268
2020,21222300,15.178575001
2019,21223100,11.062589824
2020,21223100,11.161724038
2019,21223200,5.268477403
2020,21223200,5.691852623
2019,21223300,12.705731052
2020,21223300,12.858183837
2019,21223400,13.912070898
2020,21223400,14.592398192
2019,21223500,13.278994393
2020,21223500,14.103073801
2019,21223600,14.307217838
2020,21223600,14.787617059
2019,21223700,16.807738466
2020,21223700,19.127161558
2019,21224100,8.684339215
2020,21224100,8.684205952
2019,21224200,22.693888033
2020,21224200,26.9627993
2019,21224300,8.478887834
2020,21224300,8.978775289
2019,21225100,31.72892707
2020,21225100,35.12410176
2019,21225200,18.282772576
2020,21225200,18.877291672
2019,21226100,6.214975428
2020,21226100,6.568300849
2019,21226200,16.579728224
2020,21226200,16.981942661
2019,21226300,6.145651272
2020,21226300,5.545333516
2019,21226400,11.125186979
2020,21226400,12.018344183
2019,21227100,2.489952397
2020,21227100,2.682032325
2019,21227200,1.247380011
2020,21227200,1.656697373
2019,21227300,2.208352399
2020,21227300,2.077693491
2019,21228100,9.011865941
2020,21228100,10.625523113
2019,21228200,9.956275519
2020,21228200,10.043068323
2019,21228300,18.158905756
2020,21228300,18.475895281
2019,21229100,39.56343494
2020,21229100,39.41140327
2019,21229200,9.364915549
2020,21229200,10.50157309
2019,21230100,9.87150251
2020,21230100,10.346887736
2019,21230200,14.835912963
2020,21230200,16.988779031
2019,21230300,13.52454118
2020,21230300,14.727712276
2019,21230400,6.372771669
2020,21230400,6.455426201
2019,21231100,14.570573855
2020,21231100,15.039249965
2019,21231200,20.27600362
2020,21231200,21.070209842
2019,21232100,38.1305561
2020,21232100,41.73080193
2019,21232200,19.40862378
2020,21232200,21.06365577
2019,21233100,16.883855233
2020,21233100,17.958116434
2019,21233200,19.03226572
2020,21233200,21.261598285
2019,21233300,10.776626524
2020,21233300,11.50898453
2019,21233400,7.44004207
2020,21233400,8.834144194
2019,21234100,12.063918626
2020,21234100,13.039086153
2019,21234200,29.83381725
2020,21234200,32.05168782
2019,21235100,7.289717518
2020,21235100,7.629489588
2019,21235200,14.321669526
2020,21235200,15.333597474
2019,21236100,14.248051495
2020,21236100,14.98212356
2019,21237100,10.02027715
2020,21237100,10.237298943
2019,21237200,22.35566015
2020,21237200,27.64389854
2019,21237300,14.884099367
2020,21237300,17.164801283
2019,21238100,8.768231824
2020,21238100,8.128878375
2019,21238200,36.72487117
2020,21238200,38.40785824
2019,21239100,10.389681275
2020,21239100,10.918865165
2019,21239200,28.63319995
2020,21239200,28.85139285
2019,21240100,11.81051953
2020,21240100,12.775684055
2019,21240200,13.377320383
2020,21240200,14.51768752
2019,21241100,6.626837355
2020,21241100,7.021752394
2019,21241200,7.310254145
2020,21241200,7.359300215
2019,21241300,10.642409207
2020,21241300,11.312366716
2019,21241400,4.325348016
2020,21241400,4.125911696
2019,21242100,15.56395702
2020,21242100,16.981320942
2019,21242200,23.008029648
2020,21242200,26.25416588
2019,21243100,17.8914253
2020,21243100,19.437213802
2019,21243200,6.988049839
2020,21243200,6.479847995
2019,21243300,6.482179277
2020,21243300,7.13278613
2019,21244100,8.551587202
2020,21244100,8.728402626
2019,21244200,29.27996422
2020,21244200,30.16681061
2019,21245100,20.22331949
2020,21245100,21.02789605
2019,21245200,3.597282689
2020,21245200,3.365281085
2019,21246100,21.52337353
2020,21246100,22.91522891
2019,21246200,3.968312238
2020,21246200,4.54616719
2019,21247100,9.908664794
2020,21247100,10.08559057
2019,21248100,23.85153209
2020,21248100,24.7651484
2019,21249100,33.06682404
2020,21249100,34.59658616
2019,21249200,23.532099786
2020,21249200,25.29418496
2019,21250100,48.14948402
2020,21250100,49.04566525
2019,21251100,27.0058458
2020,21251100,27.26246682
2019,21251200,33.50721258
2020,21251200,35.27577413
2019,21252100,63.64261587
2020,21252100,67.4879114
2019,21253100,20.178402633
2020,21253100,21.116320269
2019,21254100,16.119623638
2020,21254100,17.060389967
2019,21254200,29.86970395
2020,21254200,30.02658752
2019,21255100,11.779814194
2020,21255100,10.773959164
2019,21255200,11.306914061
2020,21255200,11.751832672
2019,21255300,19.370224898
2020,21255300,20.987489583
2019,21255400,10.743734595
2020,21255400,11.434993146
2019,21255500,13.535069307
2020,21255500,13.238624885
2019,21256100,53.41074072
2020,21256100,57.04470166
2019,21257100,26.12780171
2020,21257100,27.57636273
2019,21257200,24.03368184
2020,21257200,26.60369593
2019,21257300,27.86043746
2020,21257300,30.64005833
2019,21258100,47.29133931
2020,21258100,48.858694
2019,21259100,38.9485149
2020,21259100,40.19221957
2019,21259200,30.75429098
2020,21259200,32.42194711
2019,21259300,26.78844449
2020,21259300,30.36077482
2019,21259400,2.817487322
2020,21259400,2.534843253
2019,21260100,13.588359859
2020,21260100,12.548267561
2019,21260200,28.62980229
2020,21260200,29.36427538
2019,21260300,7.975420899
2020,21260300,7.843629898
2019,21260400,9.888895584
2020,21260400,9.922016203
2019,21260500,7.795940361
2020,21260500,8.94237077
2019,21260600,14.75622789
2020,21260600,14.448200874
2019,21261100,37.58296436
2020,21261100,41.03911095
2019,21262100,14.030726153
2020,21262100,15.925188277
2019,21262200,31.34554001
2020,21262200,32.72724583
2019,21263100,27.03031459
2020,21263100,28.56488105
2019,21263200,21.210543197
2020,21263200,23.62349826
2019,21264100,7.243723492
2020,21264100,8.240548193
2019,21264200,5.675647329
2020,21264200,5.538400466
2019,21264300,19.379601124
2020,21264300,20.905165739
2019,21264400,6.879203057
2020,21264400,7.218235643
2019,21265100,6.757581373
2020,21265100,7.147028277
2019,21265200,15.372792136
2020,21265200,17.10652875
2019,21265300,10.715421364
2020,21265300,11.884623629
2019,21265400,11.092305321
2020,21265400,11.367871863
2019,21266100,87.93045034
2020,21266100,101.83591764
2019,21266200,14.013532139
2020,21266200,14.971379102
2019,21267100,44.28974885
2020,21267100,46.72413902
2019,21267200,4.082576738
2020,21267200,3.801753806
2019,21268100,8.898219731
2020,21268100,9.142899072
2019,21268200,8.901080104
2020,21268200,9.550713829
2019,21268300,2.718052577
2020,21268300,2.678307889
2019,21268400,5.061244358
2020,21268400,6.20803043
2019,21269100,36.1975045
2020,21269100,36.4350883
2019,21270100,2.265613926
2020,21270100,1.976295706
2019,21270200,5.92488422
2020,21270200,5.21783008
2019,21270300,5.860075923
2020,21270300,7.031547937
2019,21271100,9.631950281
2020,21271100,11.209540407
2019,21272100,34.28356993
2020,21272100,35.8190357
2019,21273100,29.39181478
2020,21273100,31.10028978
2019,21274100,82.03062601
2020,21274100,86.19567574
2019,21275100,4.842314449
2020,21275100,4.858332053
2019,21276100,0
2020,21276100,0.220717504
2019,21277100,73.52782761
2020,21277100,78.45126023
2019,21278100,22.385121496
2020,21278100,24.03212574
2019,21278200,11.803315301
2020,21278200,12.025954715
2019,21278300,16.959169551
2020,21278300,15.99986283
2019,21278400,16.458930532
2020,21278400,16.266919389
2019,21278500,19.545684534
2020,21278500,21.735307059
2019,21279100,56.72468044
2020,21279100,59.51319768
2019,21280100,0.010059609
2020,21280100,0.016319478
2019,21280200,0.011280055
2020,21280200,0.011280055
2019,21281100,0.027792555
2020,21281100,0.027792555
2019,21281200,0.317935902
2020,21281200,0.262000513
2019,21282100,12.509554419
2020,21282100,14.128729824
2019,21283100,74.61255984
2020,21283100,75.57549543
2019,21284100,6.856626633
2020,21284100,7.008315416
2019,21284200,9.18534708
2020,21284200,9.66382311
2019,21284300,6.830243911
2020,21284300,5.815072757
2019,21284400,11.121069596
2020,21284400,13.05882121
2019,21285100,30.73481695
2020,21285100,32.83094787
2019,21285200,14.393437722
2020,21285200,19.519392958
2019,21286100,30.7743808
2020,21286100,31.20708009
2019,21286200,14.054611191
2020,21286200,15.800581532
2019,21286300,39.40278482
2020,21286300,39.89064439
2019,21287100,13.558484852
2020,21287100,14.964538863
2019,21287200,14.058960959
2020,21287200,14.522854782
2019,21287300,23.26721481
2020,21287300,24.85362213
2019,21288100,17.950472989
2020,21288100,19.099278628
2019,21288200,24.42559141
2020,21288200,26.24281687
2019,21289100,20.350680534
2020,21289100,19.821659432
2019,21289200,10.20616226
2020,21289200,10.448375473
2019,21289300,21.9746355
2020,21289300,21.39613206
2019,21290100,16.642383468
2020,21290100,18.723259677
2019,21290200,13.894295649
2020,21290200,13.289906553
2019,21291100,10.13104373
2020,21291100,11.817473762
2019,21291200,17.727469723
2020,21291200,18.053929515
2019,21291300,24.83816164
2020,21291300,26.25860744
2019,21292100,9.291387715
2020,21292100,9.199407758
2019,21292200,6.569747627
2020,21292200,6.852383038
2019,21292300,14.247842137
2020,21292300,12.432903943
2019,21292400,7.807273307
2020,21292400,8.576704305
2019,21292500,6.645357559
2020,21292500,7.713652786
2019,21293100,1.961482093
2020,21293100,1.290863722
2019,21293200,0.871695001
2020,21293200,1.066381059
2019,21293300,0.950898158
2020,21293300,0.989479351
2019,21294100,35.36844186
2020,21294100,36.7088159
2019,21294200,28.78519961
2020,21294200,30.44357703
2019,21294300,26.93486781
2020,21294300,29.21426626
2019,21295100,13.226649623
2020,21295100,14.971859809
2019,21295200,10.706809227
2020,21295200,11.954194944
2019,21295300,31.77936877
2020,21295300,33.10319333
2019,21296100,6.331634853
2020,21296100,5.899356638
2019,21296200,27.10230207
2020,21296200,27.34356482
2019,21296300,37.25943048
2020,21296300,35.3811577
2019,21297100,28.22042841
2020,21297100,28.61254294
2019,21297200,2.148580499
2020,21297200,2.32036275
2019,21298100,34.6604216
2020,21298100,35.52899808
2019,21299100,8.278286204
2020,21299100,9.221481292
2019,21299200,7.245728171
2020,21299200,8.098855716
2019,21299300,9.690778313
2020,21299300,9.853316069
2019,21299400,20.392408489
2020,21299400,22.05498077
2019,21300100,11.721072869
2020,21300100,13.475062728
2019,21300200,18.917995246
2020,21300200,21.323435691
2019,21300300,21.44401449
2020,21300300,22.40789224
2019,21301100,22.67785642
2020,21301100,24.29727195
2019,21302100,3.808832036
2020,21302100,3.533351936
2019,21302200,26.32663381
2020,21302200,27.7667847
2019,21303100,18.970500753
2020,21303100,19.837624927
2019,21303200,16.069460507
2020,21303200,17.206217686
2019,21304100,5.827166856
2020,21304100,6.532669661
2019,21304200,10.884705446
2020,21304200,11.643946966
2019,21305100,7.907757532
2020,21305100,8.760455234
2019,21305200,8.449113344
2020,21305200,7.849802058
2019,21305300,12.451548106
2020,21305300,13.509211636
2019,21306100,27.92416921
2020,21306100,30.03691438
2019,21306200,9.858079195
2020,21306200,11.710469361
2019,21307100,32.73365567
2020,21307100,34.99613482
2019,21308100,4.542698089
2020,21308100,4.118670124
2019,21308200,9.772768546
2020,21308200,10.322351535
2019,21308300,13.820548212
2020,21308300,15.324995589
2019,21309100,13.968553362
2020,21309100,14.136013794
2019,21309200,18.324092568
2020,21309200,19.267419323
2019,21310100,13.095658881
2020,21310100,13.013663157
2019,21310200,24.16407629
2020,21310200,25.36771156
2019,21311100,18.58133838
2020,21311100,20.73051673
2019,21311200,9.684483155
2020,21311200,10.461357936
2019,21311300,12.882306149
2020,21311300,13.304830665
2019,21311400,17.129011185
2020,21311400,17.601666369
2019,21312100,0.136950799
2020,21312100,0.13263315
2019,21312200,1.222294825
2020,21312200,1.219480846
2019,21313100,8.165372432
2020,21313100,8.280758646
2019,21313200,10.265010955
2020,21313200,11.719407251
2019,21313300,13.268917603
2020,21313300,13.469133743
2019,21313400,19.843394217
2020,21313400,21.46516548
2019,21314100,0.799443855
2020,21314100,1.077786866
2019,21314200,56.99025837
2020,21314200,60.41462113
2019,21314300,0.882749431
2020,21314300,0.74345392
2019,21315100,8.18107575
2020,21315100,8.161120891
2019,21315200,20.904109348
2020,21315200,21.660151411
2019,21316100,45.46430563
2020,21316100,45.93691481
2019,21317100,27.97254568
2020,21317100,30.76357189
2019,21317200,5.999057288
2020,21317200,6.891677655
2019,21317300,5.859653876
2020,21317300,6.509928756
2019,21318100,37.38562419
2020,21318100,41.27479507
2019,21318200,35.90945289
2020,21318200,39.13724541
2019,21319100,27.520095557
2020,21319100,28.29332986
2019,21319200,30.639405
2020,21319200,35.42366762
2019,21320100,12.544907522
2020,21320100,12.309159241
2019,21320200,23.46464229
2020,21320200,24.68080635
2019,21321100,1.379044996
2020,21321100,1.498323663
2019,21321200,9.75723294
2020,21321200,10.473545014
2019,21322100,22.37379446
2020,21322100,23.71449339
2019,21323100,10.656328686
2020,21323100,11.852264527
2019,21323200,13.016470408
2020,21323200,13.581525321
2019,21323300,9.318108127
2020,21323300,10.359980499
2019,21323400,5.337712967
2020,21323400,5.796847998
2019,21323500,11.834909879
2020,21323500,16.85706269
2019,21324100,15.018987616
2020,21324100,16.240836643
2019,21324200,9.708579947
2020,21324200,10.44995667
2019,21325100,14.320559427
2020,21325100,15.648104647
2019,21325200,17.741263945
2020,21325200,18.706776544
2019,21326100,5.298140892
2020,21326100,5.688818621
2019,21326200,16.971801252
2020,21326200,17.321233881
2019,21326300,9.169196298
2020,21326300,8.980110336
2019,21326400,19.78368577
2020,21326400,20.798885656
2019,21327100,33.54187552
2020,21327100,36.4341859
2019,21327200,16.266623013
2020,21327200,16.946721134
2019,21328100,24.81684058
2020,21328100,25.68446602
2019,21329100,29.95220439
2020,21329100,33.20369145
2019,21329200,11.677109251
2020,21329200,12.095718734
2019,21329300,8.331402592
2020,21329300,8.747030514
2019,21330100,8.909281007
2020,21330100,10.034234529
2019,21330200,0.872953266
2020,21330200,0.897528779
2019,21330300,5.579589483
2020,21330300,6.368930224
2019,21331100,0.255010139
2020,21331100,0.230780724
2019,21331200,18.731460881
2020,21331200,20.5379897
2019,21332100,7.962603929
2020,21332100,9.596805996
2019,21332200,15.822828728
2020,21332200,16.771638017
2019,21332300,7.805179544
2020,21332300,9.018675086
2019,21333100,21.201814236
2020,21333100,24.03422525
2019,21334100,13.041119508
2020,21334100,13.241452803
2019,21335100,16.546687918
2020,21335100,23.821939262
2019,21335200,14.506941808
2020,21335200,14.655089117
2019,21336100,10.133931504
2020,21336100,10.087603627
2019,21336200,21.45135478
2020,21336200,22.764747272
2019,21336300,9.530605737
2020,21336300,8.701666655
2019,21336400,21.200509118
2020,21336400,19.856022814
2019,21337100,7.550708826
2020,21337100,8.818237864
2019,21337200,25.028857789
2020,21337200,20.757571524
2019,21338100,25.15864435
2020,21338100,25.27273911
2019,21339100,8.882079224
2020,21339100,11.230982011
2019,21339200,5.130415172
2020,21339200,6.240644276
2019,21339300,9.424773407
2020,21339300,10.387401312
2019,21339400,14.267086945
2020,21339400,15.727892714
2019,21340100,22.164558859
2020,21340100,20.574766427
2019,21341100,24.54696631
2020,21341100,25.34902329
2019,21341200,8.75259265
2020,21341200,10.281894959
2019,21342100,10.308340839
2020,21342100,12.854207892
2019,21342200,8.317764173
2020,21342200,9.652484276
2019,21343100,13.312750326
2020,21343100,15.246246662
2019,21344100,7.670284387
2020,21344100,7.922660601
2019,21344200,3.160449866
2020,21344200,3.015360978
2019,21345100,12.341633417
2020,21345100,14.704448048
2019,21345200,16.416619781
2020,21345200,18.698402879
2019,21346100,10.040239692
2020,21346100,11.212809452
2019,21346200,13.589397945
2020,21346200,14.460056179
2019,21347100,0.022706269
2020,21347100,0.019768921
2019,21347200,0.168702107
2020,21347200,0.123494538
2019,21347300,0.010939666
2020,21347300,0.010939666
2019,21348100,32.22048249
2020,21348100,34.90478087
2019,21349100,5.369665079
2020,21349100,6.926441819
2019,21349200,27.81926741
2020,21349200,31.37359973
2019,21349300,14.738751321
2020,21349300,15.825310763
2019,21349400,23.84067797
2020,21349400,25.12068458
2019,21350100,58.55710195
2020,21350100,56.62255811
2019,21351100,61.20146487
2020,21351100,62.10518646
2019,21351200,4.499450508
2020,21351200,4.528767309
2019,21352100,11.009404347
2020,21352100,11.05791458
2019,21352200,15.238397651
2020,21352200,17.074375658
2019,21353100,17.016781805
2020,21353100,14.134284973
2019,21353200,0.007897902
2020,21353200,0.025105405
2019,21353300,9.197349221
2020,21353300,8.784948351
2019,21353400,0
2020,21353400,0
2019,21354100,0.914133701
2020,21354100,1.01392445
2019,21354200,13.327213809
2020,21354200,15.41790862
2019,21354300,1.377804653
2020,21354300,1.411882969
2019,21354400,6.716065584
2020,21354400,7.431019859
2019,21355100,0.008300169
2020,21355100,0.008985581
2019,21356100,28.06606745
2020,21356100,30.7416277
2019,21356200,32.10902977
2020,21356200,35.33232285
2019,21356300,15.288935791
2020,21356300,16.325731278
2019,21357100,0
2020,21357100,0
2019,21357200,0
2020,21357200,0
2019,21358100,13.217087604
2020,21358100,13.237753176
2019,21359100,15.930697965
2020,21359100,16.986319232
2019,21360100,10.505848899
2020,21360100,11.915753403
2019,21360200,4.701850996
2020,21360200,5.267266729
2019,21361100,5.067529732
2020,21361100,5.261225694
2019,21361200,9.116752275
2020,21361200,10.001553849
2019,21361300,5.46180432
2020,21361300,5.439281929
2019,21362100,5.632824793
2020,21362100,6.389047777
2019,21362200,6.713873606
2020,21362200,6.604223573
2019,21362300,14.214552953
2020,21362300,12.446773304
2019,21362400,9.288965136
2020,21362400,9.629384624
2019,21363100,0.191301074
2020,21363100,0.208848599
2019,21363200,0.133099964
2020,21363200,0.133099964
2019,21364100,0
2020,21364100,0
2019,21365100,0.05385926
2020,21365100,0.03779794
2019,21365200,0.079414401
2020,21365200,0.159086196
2019,21366100,8.104253415
2020,21366100,8.598601532
2019,21366200,9.768969446
2020,21366200,9.781601669
2019,21367100,1.432059283
2020,21367100,1.483961467
2019,21367200,3.532705132
2020,21367200,2.695388669
2019,21368100,20.223488744
2020,21368100,23.90586813
2019,21369100,0.066416007
2020,21369100,0.052698327
2019,21369200,0.070145413
2020,21369200,0.064191838
2019,21369300,0.096350817
2020,21369300,0.101768905
2019,21369400,0.006256965
2020,21369400,0.006256965
2019,21370100,10.70923528
2020,21370100,9.296901891
2019,21370200,9.079170682
2020,21370200,12.355293468
2019,21370300,12.573590165
2020,21370300,14.705960084
2019,21371100,15.563134095
2020,21371100,20.202699477
2019,21371200,7.829878851
2020,21371200,10.149050512
2019,21371300,11.822291811
2020,21371300,12.870569781
2019,21372100,13.399915384
2020,21372100,15.292869184
2019,21372200,5.814043788
2020,21372200,7.134197142
2019,21373100,12.422995956
2020,21373100,13.551348208
2019,21373200,6.910626867
2020,21373200,7.344161177
2019,21374100,8.154095573
2020,21374100,8.814930102
2019,21375100,4.60091865
2020,21375100,4.898880548
2019,21376100,5.097969971
2020,21376100,5.534037618
2019,21376200,2.330506596
2020,21376200,2.971413282
2019,21376300,4.727185009
2020,21376300,5.076570755
2019,21377100,5.45914144
2020,21377100,5.139269614
2019,21378100,3.741130741
2020,21378100,4.11096555
2019,21378200,5.228039468
2020,21378200,4.96412815
2019,21378300,12.080432892
2020,21378300,13.487103048
2019,21379100,10.177038022
2020,21379100,11.56881519
2019,21379200,0.011788696
2020,21379200,0.679270199
2019,21379300,0
2020,21379300,0
2019,21380100,6.465835476
2020,21380100,6.300570286
2019,21380200,6.228962262
2020,21380200,6.661406927
2019,21380300,14.667505705
2020,21380300,16.049386454
2019,21381100,8.109204627
2020,21381100,9.352766865
2019,21381200,15.992321125
2020,21381200,18.136438142
2019,21381300,6.931270124
2020,21381300,6.988599745
2019,21382100,5.088187713
2020,21382100,5.284787753
2019,21382200,9.481305698
2020,21382200,9.623967762
2019,21383100,23.74595206
2020,21383100,25.58067495
2019,21383200,6.77481671
2020,21383200,7.072008837
2019,21383300,6.312090717
2020,21383300,7.985024934
2019,21384100,8.84652574
2020,21384100,9.252546052
2019,21384200,14.880031675
2020,21384200,16.215213382
2019,21384300,10.236885076
2020,21384300,12.594184367
2019,21385100,11.676348133
2020,21385100,12.804517092
2019,21385200,7.063176729
2020,21385200,7.618763075
2019,21386100,3.520950261
2020,21386100,4.085037009
2019,21386200,4.791001113
2020,21386200,5.475914389
2019,21386300,10.060313969
2020,21386300,11.783663098
2019,21387100,29.47494589
2020,21387100,30.78722593
2019,21387200,9.058790648
2020,21387200,8.98730137
2019,21388100,19.077135235
2020,21388100,19.169650077
2019,21388200,20.184304458
2020,21388200,24.987493307
2019,21389100,6.056061752
2020,21389100,6.627396557
2019,21389200,13.103683482
2020,21389200,14.383965383
2019,21389300,22.11561595
2020,21389300,25.0925639
2019,21389400,4.77361909
2020,21389400,5.084207658
2019,21390100,17.79757143
2020,21390100,20.470839553
2019,21391100,5.985490077
2020,21391100,6.681058864
2019,21391200,11.35859203
2020,21391200,11.859292672
2019,21392100,15.787399053
2020,21392100,18.35917038
2019,21392200,21.38413773
2020,21392200,22.94753037
2019,21392300,8.002765209
2020,21392300,8.021841816
2019,21393100,9.187246282
2020,21393100,8.995256543
2019,21394100,4.721878084
2020,21394100,5.095047826
2019,21394200,4.79020414
2020,21394200,4.60708402
2019,21395100,18.770065534
2020,21395100,21.559346956
2019,21396100,20.020120176
2020,21396100,23.921109724
2019,21396200,15.766918441
2020,21396200,16.86670234
2019,21397100,3.359852106
2020,21397100,4.083558476
2019,21398100,4.80300265
2020,21398100,4.513768041
2019,21398200,34.81688732
2020,21398200,37.43377156
2019,21398300,8.009046051
2020,21398300,8.219356253
2019,21398400,7.526847508
2020,21398400,8.093753411
2019,21399100,8.497075785
2020,21399100,9.668286831
2019,21399200,7.254159198
2020,21399200,8.787597147
2019,21399300,14.020901496
2020,21399300,18.541834293
2019,21400100,3.985842355
2020,21400100,3.923642614
2019,21400200,19.473735327
2020,21400200,18.613272767
2019,21400300,7.573332009
2020,21400300,8.041005782
2019,21400400,0.592950541
2020,21400400,1.293653355
2019,21400500,1.640370306
2020,21400500,2.132213784
2019,21401100,5.85631848
2020,21401100,6.049376983
2019,21401200,3.337751485
2020,21401200,3.024257909
2019,21401300,8.151429791
2020,21401300,8.639782756
2019,21401400,4.273954611
2020,21401400,5.321753721
2019,21401500,6.745765738
2020,21401500,8.882982608
2019,21401600,7.215426393
2020,21401600,6.943367133
2019,21402100,17.13787677
2020,21402100,17.476160381
2019,21402200,5.174610379
2020,21402200,5.633102036
2019,21403100,8.787289468
2020,21403100,9.400382401
2019,21403200,14.803307229
2020,21403200,15.439201916
2019,21404100,16.725450498
2020,21404100,17.33422565
2019,21404200,10.551953101
2020,21404200,11.479702164
2019,21405100,11.353596605
2020,21405100,13.37673669
2019,21405200,9.593748683
2020,21405200,10.637684746
2019,21405300,8.646361278
2020,21405300,9.182445646
2019,21406100,6.776561886
2020,21406100,7.165833671
2019,21407100,18.272974021
2020,21407100,19.625441845
2019,21408100,11.318850744
2020,21408100,12.514205472
2019,21408200,9.351233628
2020,21408200,9.084024065
2019,21409100,16.354847961
2020,21409100,17.011131246
2019,21409200,6.753231553
2020,21409200,7.240251338
2019,21410100,7.507009285
2020,21410100,8.111150425
2019,21411100,4.614869737
2020,21411100,5.281041477
2019,21411200,7.119619659
2020,21411200,7.681149155
2019,21412100,7.399679451
2020,21412100,8.508489654
2019,21412200,11.161159072
2020,21412200,11.826459309
2019,21412300,13.979867089
2020,21412300,15.705822531
2019,21413100,0
2020,21413100,0
2019,21414100,1.962487723
2020,21414100,1.820145535
2019,21414200,4.85421536
2020,21414200,4.763780213
2019,21414300,8.889360292
2020,21414300,10.107154669
2019,21414400,9.52452056
2020,21414400,10.074449244
2019,21415100,10.886522923
2020,21415100,11.337328346
2019,21415200,7.598613697
2020,21415200,8.827495063
2019,21416100,7.147914693
2020,21416100,7.89844049
2019,21416200,8.273363725
2020,21416200,8.925812945
2019,21416300,5.860378418
2020,21416300,4.299930945
2019,21416400,12.20191896
2020,21416400,12.70221771
2019,21416500,10.26408105
2020,21416500,10.366854659
2019,21417100,11.753232306
2020,21417100,12.317932377
2019,21417200,18.366163529
2020,21417200,18.719506554
2019,21417300,10.386219023
2020,21417300,10.324993343
2019,21418100,5.825181562
2020,21418100,6.937932335
2019,21418200,7.504285218
2020,21418200,7.991834568
2019,21419100,9.25712898
2020,21419100,10.543818749
2019,21419200,4.980081744
2020,21419200,5.249413377
2019,21420100,7.492441808
2020,21420100,7.515958896
2019,21420200,5.471324427
2020,21420200,5.620616062
2019,21421100,9.234509481
2020,21421100,10.09505982
2019,21421200,8.608706141
2020,21421200,9.183677394
2019,21421300,6.313500004
2020,21421300,6.84196459
2019,21421400,3.542882923
2020,21421400,3.668630825
2019,21422100,8.348390351
2020,21422100,8.844410019
2019,21422200,13.17234857
2020,21422200,13.700342626
2019,21422300,5.498640134
2020,21422300,5.689085651
2019,21423100,5.003701686
2020,21423100,4.988398656
2019,21423200,5.727312984
2020,21423200,6.029944207
2019,21424100,12.176141664
2020,21424100,13.146360581
2019,21424200,5.158229144
2020,21424200,6.214731989
2019,21425100,5.047808527
2020,21425100,5.386917072
2019,21425200,7.360448978
2020,21425200,7.607233427
2019,21426100,23.4580445
2020,21426100,26.79262827
2019,21426200,16.813394703
2020,21426200,17.61164336
2019,21426300,9.520820862
2020,21426300,10.480223986
2019,21426400,6.2226801
2020,21426400,6.760802639
2019,21427100,6.655275444
2020,21427100,7.030082015
2019,21427200,3.460183584
2020,21427200,3.610451421
2019,21427300,17.066832018
2020,21427300,19.013161972
2019,21427400,0.098756048
2020,21427400,0.162472852
2019,21428100,6.894821253
2020,21428100,6.988428099
2019,21428200,9.341138806
2020,21428200,9.962916131
2019,21428300,15.098107365
2020,21428300,16.496923787
2019,21429100,9.048979694
2020,21429100,9.64468956
2019,21429200,5.632727015
2020,21429200,5.620890886
2019,21430100,19.690146073
2020,21430100,21.135817329
2019,21430200,9.920006661
2020,21430200,10.576056659
2019,21431100,6.236053714
2020,21431100,6.482444818
2019,21431200,5.711576226
2020,21431200,6.129776751
2019,21432100,6.669699774
2020,21432100,7.24016352
2019,21432200,6.369642019
2020,21432200,6.889820102
2019,21433100,9.021348697
2020,21433100,9.05743098
2019,21433200,20.106987037
2020,21433200,23.71329033
2019,21434100,16.701526535
2020,21434100,17.067524401
2019,21434200,11.514832502
2020,21434200,11.808041496
2019,21435100,21.995751258
2020,21435100,23.84220633
2019,21436100,9.402825821
2020,21436100,10.252424269
2019,21436200,4.263532419
2020,21436200,4.512936245
2019,21437100,18.885898124
2020,21437100,21.27797736
2019,21438100,16.318930002
2020,21438100,17.248570768
2019,21439100,9.618198128
2020,21439100,10.648913548
2019,21439200,4.137728443
2020,21439200,4.959049023
2019,21439300,13.395997456
2020,21439300,15.149896204
2019,21439400,9.522593832
2020,21439400,7.824263857
2019,21439500,0
2020,21439500,0
2019,21440100,6.000209972
2020,21440100,6.287902941
2019,21440200,10.255160714
2020,21440200,11.276758905
2019,21440300,6.088237902
2020,21440300,6.43892494
2019,21441100,0
2020,21441100,0
2019,21442100,21.00528702
2020,21442100,22.85736464
2019,21443100,0
2020,21443100,0
2019,21443200,0.011689503
2020,21443200,0.005923275
2019,21443300,0
2020,21443300,0
2019,21443400,0
2020,21443400,0
2019,21444100,9.014605902
2020,21444100,9.056711271
2019,21444200,9.001068738
2020,21444200,9.390626497
2019,21445100,9.493696624
2020,21445100,10.004439435
2019,21445200,9.739160134
2020,21445200,11.913622336
2019,21446100,5.337002962
2020,21446100,5.704615199
2019,21446200,19.495225652
2020,21446200,21.561431641
2019,21446300,10.571218111
2020,21446300,11.82337835
2019,21446400,25.86638373
2020,21446400,24.74961353
2019,21447100,7.199528434
2020,21447100,8.546003159
2019,21447200,16.361351181
2020,21447200,16.841430718
2019,21447300,11.968620656
2020,21447300,12.913130389
2019,21448100,17.441791969
2020,21448100,18.875445698
2019,21448200,16.089064532
2020,21448200,16.008935456
2019,21448300,10.197735804
2020,21448300,12.028464143
2019,21449100,8.591360424
2020,21449100,9.349405017
2019,21449200,12.131030845
2020,21449200,12.546509809
2019,21449300,7.673592426
2020,21449300,8.889687264
2019,21449400,8.941875976
2020,21449400,9.495170504
2019,21450100,19.662059821
2020,21450100,21.824389265
2019,21451100,3.447037494
2020,21451100,3.320172685
2019,21451200,1.337110073
2020,21451200,1.257988442
2019,21451300,13.675359639
2020,21451300,13.110686646
2019,21452100,12.120406626
2020,21452100,12.424577496
2019,21452200,12.002564136
2020,21452200,14.182351677
2019,21452300,10.494291894
2020,21452300,10.092514962
2019,21453100,5.274346619
2020,21453100,6.370258296
2019,21453200,8.89991257
2020,21453200,9.722617937
2019,21453300,3.70278687
2020,21453300,3.671281127
2019,21453400,11.855270869
2020,21453400,12.176861775
2019,21454100,7.390122806
2020,21454100,6.789352543
2019,21454200,6.78273381
2020,21454200,7.313268455
2019,21454300,8.570052294
2020,21454300,8.19335369
2019,21454400,6.182081437
2020,21454400,6.508716859
2019,21454500,3.703916501
2020,21454500,4.307870148
2019,21455100,5.615717154
2020,21455100,5.522362334
2019,21455200,7.36117725
2020,21455200,7.951825487
2019,21456100,7.073593625
2020,21456100,7.950549946
2019,21456200,15.298717107
2020,21456200,14.111410613
2019,21456300,4.096265868
2020,21456300,4.982426641
2019,21456400,7.100147772
2020,21456400,6.604599313
2019,21456500,3.235194171
2020,21456500,3.18856426
2019,21457100,10.309700674
2020,21457100,9.83608852
2019,21457200,5.801233614
2020,21457200,5.969620366
2019,21457300,6.255390095
2020,21457300,7.310119038
2019,21458100,14.767146085
2020,21458100,14.757184192
2019,21458200,20.421669856
2020,21458200,21.077055607
2019,21458300,5.285019109
2020,21458300,7.278714292
2019,21458400,4.998449713
2020,21458400,6.150578857
2019,21458500,7.873745328
2020,21458500,6.674617274
2019,21458600,9.425546271
2020,21458600,9.67002081
2019,21459100,9.245662273
2020,21459100,9.86273789
2019,21459200,5.954279317
2020,21459200,6.390792623
2019,21459300,8.99545428
2020,21459300,9.091035253
2019,21459400,13.145371553
2020,21459400,14.695448043
2019,21459500,0
2020,21459500,0
2019,21459600,0
2020,21459600,0
2019,21460100,10.773279464
2020,21460100,13.101754837
2019,21460200,11.148805116
2020,21460200,11.440230223
2019,21460300,5.926424569
2020,21460300,5.337344896
2019,21461100,17.198108223
2020,21461100,17.797678386
2019,21461200,31.8388646
2020,21461200,32.9338966
2019,21461300,21.783946047
2020,21461300,23.21347608
2019,21462100,10.652423684
2020,21462100,12.453549331
2019,21462200,6.297914241
2020,21462200,6.732860423
2019,21463100,10.329529084
2020,21463100,10.797472761
2019,21463200,16.597625897
2020,21463200,18.248037305
2019,21464100,9.93887881
2020,21464100,9.902526834
2019,21464200,6.958787538
2020,21464200,7.488237032
2019,21464300,8.862221723
2020,21464300,12.455803379
2019,21465100,15.309490566
2020,21465100,15.156619104
2019,21466100,5.406833801
2020,21466100,4.81075662
2019,21466200,6.994227373
2020,21466200,7.377494276
2019,21466300,5.384017546
2020,21466300,5.125194737
2019,21466400,3.769746403
2020,21466400,3.516909503
2019,21466500,15.401514954
2020,21466500,18.805523801
2019,21466600,13.733762189
2020,21466600,17.187976229
2019,21467100,14.656490092
2020,21467100,15.768568649
2019,21467200,28.75818937
2020,21467200,30.70887077
2019,21468100,8.898938847
2020,21468100,9.543460334
2019,21468200,12.541634403
2020,21468200,12.92312499
2019,21468300,7.60166588
2020,21468300,8.94876349
2019,21468400,17.474184085
2020,21468400,18.131245295
2019,21469100,8.708398308
2020,21469100,9.895770473
2019,21469200,14.575272577
2020,21469200,15.903396598
2019,21470100,0
2020,21470100,0
2019,21471100,16.180194884
2020,21471100,17.466196344
2019,21471200,7.172688228
2020,21471200,6.101843971
2019,21471300,7.92596909
2020,21471300,8.942906385
2019,21471400,7.099616519
2020,21471400,8.084073191
2019,21471500,7.915098114
2020,21471500,7.850048961
2019,21471600,9.157584146
2020,21471600,9.648455646
2019,21472100,18.35704441
2020,21472100,19.890322922
2019,21472200,8.173498341
2020,21472200,8.619926734
2019,21472300,3.278687154
2020,21472300,3.296624227
2019,21473100,10.561642745
2020,21473100,12.01014688
2019,21473200,6.739636451
2020,21473200,6.878468424
2019,21473300,5.484636956
2020,21473300,4.945664278
2019,21473400,5.13726252
2020,21473400,4.477639709
2019,21474100,9.670446038
2020,21474100,11.602770662
2019,21474200,7.393128933
2020,21474200,8.023135737
2019,21474300,8.756156756
2020,21474300,10.399011714
2019,21474400,2.147972406
2020,21474400,2.827163686
2019,21475100,0.177661048
2020,21475100,0.057674269
2019,21476100,34.44534098
2020,21476100,36.93630355
2019,21477100,21.16738539
2020,21477100,22.279490643
2019,21478100,9.211938753
2020,21478100,11.093969478
2019,21478200,9.075248178
2020,21478200,9.817804374
2019,21478300,6.009384444
2020,21478300,4.635422623
2019,21478400,6.050457114
2020,21478400,6.671889155
2019,21478500,11.429546591
2020,21478500,11.541333994
2019,21479100,9.634296223
2020,21479100,11.468589629
2019,21479200,7.486882684
2020,21479200,7.564615098
2019,21479300,6.878942298
2020,21479300,7.140305231
2019,21479400,6.077152966
2020,21479400,5.69168334
2019,21479500,6.511483561
2020,21479500,7.350523284
2019,21480100,7.968637297
2020,21480100,9.932669274
2019,21481100,10.296964456
2020,21481100,12.731247341
2019,21481200,7.515954419
2020,21481200,8.627142708
2019,21481300,7.875355982
2020,21481300,8.009753
2019,21481400,5.057262047
2020,21481400,6.384704456
2019,21481500,6.671445477
2020,21481500,7.444817548
2019,21481600,8.451694444
2020,21481600,9.869224354
2019,21482100,9.442098269
2020,21482100,9.26607695
2019,21482200,7.387407239
2020,21482200,8.221295413
2019,21482300,11.181314786
2020,21482300,12.367586631
2019,21482400,8.75427565
2020,21482400,10.16780494
2019,21482500,8.142849714
2020,21482500,8.790044981
2019,21482600,6.742469972
2020,21482600,7.935172076
2019,21483100,6.539464357
2020,21483100,7.249312186
2019,21483200,8.976337914
2020,21483200,9.292522789
2019,21483300,18.142041216
2020,21483300,19.424740326
2019,21484100,9.711045252
2020,21484100,10.209280366
2019,21484200,7.56357568
2020,21484200,8.336769651
2019,21484300,6.596169344
2020,21484300,7.399046725
2019,21484400,7.579289224
2020,21484400,7.933631709
2019,21484500,3.45752902
2020,21484500,3.403006866
2019,21484600,9.094356766
2020,21484600,9.665165423
2019,21485100,20.321520607
2020,21485100,22.87241894
2019,21485200,19.805615736
2020,21485200,21.27539817
2019,21485300,24.56867088
2020,21485300,27.29932886
2019,21486100,0
2020,21486100,0
2019,21487100,25.97447465
2020,21487100,26.50164826
2019,21488100,34.73938813
2020,21488100,37.85975314
2019,21489100,15.086585908
2020,21489100,16.374516964
2019,21489200,12.411500112
2020,21489200,13.125792639
2019,21489300,11.221430253
2020,21489300,11.886054316
2019,21490100,9.657088799
2020,21490100,10.448940658
2019,21490200,12.840989823
2020,21490200,13.700479495
2019,21490300,7.812426493
2020,21490300,8.426503403
2019,21491100,12.398416659
2020,21491100,13.223578216
2019,21491200,5.98645167
2020,21491200,6.979340079
2019,21491300,6.11356029
2020,21491300,6.437224103
2019,21492100,4.210526643
2020,21492100,4.643892478
2019,21492200,15.700232443
2020,21492200,17.052349573
2019,21492300,7.350254482
2020,21492300,7.842350131
2019,21493100,16.803129414
2020,21493100,18.419899286
2019,21494100,10.277172645
2020,21494100,10.966965056
2019,21495100,13.643298093
2020,21495100,12.112957658
2019,21495200,0.031884766
2020,21495200,0.076465403
2019,21496100,5.929503773
2020,21496100,6.667653169
2019,21496200,12.867380922
2020,21496200,12.923200549
2019,21496300,14.729583093
2020,21496300,16.494282459
2019,21497100,12.083269331
2020,21497100,13.211841581
2019,21497200,22.381134149
2020,21497200,24.36753546
2019,21497300,15.603723243
2020,21497300,16.407189422
2019,21497400,0.000984776
2020,21497400,0.003014695
2019,21498100,12.250365872
2020,21498100,11.702739318
2019,21498200,7.777204504
2020,21498200,7.968654823
2019,21498300,21.93996176
2020,21498300,23.14688021
2019,21499100,9.900982961
2020,21499100,10.40252519
2019,21499200,9.151715162
2020,21499200,10.738409
2019,21499300,10.601273183
2020,21499300,11.677876911
2019,21500100,6.381966911
2020,21500100,7.994411662
2019,21500200,11.048963432
2020,21500200,12.157768994
2019,21501100,7.295814175
2020,21501100,8.035487316
2019,21501200,5.205850756
2020,21501200,5.21694471
2019,21502100,8.710951997
2020,21502100,9.478447079
2019,21503100,15.947984369
2020,21503100,17.744136799
2019,21504100,4.155471571
2020,21504100,5.179449651
2019,21504200,9.956487829
2020,21504200,11.022306038
2019,21505100,6.482413953
2020,21505100,6.516970823
2019,21505200,10.584174255
2020,21505200,11.194462527
2019,21506100,4.162143816
2020,21506100,3.974420134
2019,21506200,5.4153691
2020,21506200,4.363062502
2019,21506300,5.087078835
2020,21506300,4.57598128
2019,21507100,7.834021834
2020,21507100,7.975684149
2019,21507200,5.19870852
2020,21507200,5.60417866
2019,21507300,6.984445987
2020,21507300,7.383377381
2019,21507400,6.987402303
2020,21507400,7.560066064
2019,21508100,7.989458856
2020,21508100,8.89879456
2019,21508200,8.544355397
2020,21508200,8.863096327
2019,21508300,5.838945461
2020,21508300,6.1968834
2019,21508400,5.011607455
2020,21508400,5.395154516
2019,21509100,11.479906016
2020,21509100,12.345564285
2019,21509200,17.854215527
2020,21509200,18.403953075
2019,21510100,2.138880018
2020,21510100,2.383382646
2019,21510200,10.219582296
2020,21510200,11.176888535
2019,21511100,6.011091098
2020,21511100,6.577862289
2019,21511200,9.200620104
2020,21511200,10.064324736
2019,21511300,5.611794373
2020,21511300,6.676001287
2019,21511400,8.844148854
2020,21511400,8.72164715
2019,21511500,4.253646404
2020,21511500,4.25388274
2019,21512100,3.771316108
2020,21512100,2.862670334
2019,21512200,7.37600819
2020,21512200,8.834000247
2019,21513100,12.30539409
2020,21513100,13.104256552
2019,21513200,4.528414237
2020,21513200,4.764383037
2019,21513300,6.40951048
2020,21513300,6.974549378
2019,21513400,6.435495907
2020,21513400,7.078776087
2019,21514100,4.252363797
2020,21514100,4.046840234
2019,21514200,6.484617258
2020,21514200,7.190963584
2019,21515100,4.221902759
2020,21515100,4.319415246
2019,21515200,6.344221419
2020,21515200,7.216261432
2019,21515300,11.210796951
2020,21515300,11.699610328
2019,21516100,6.959505361
2020,21516100,8.116109907
2019,21516200,17.192274273
2020,21516200,17.816319292
2019,21517100,5.760244289
2020,21517100,5.174033453
2019,21517200,5.136674317
2020,21517200,5.273425489
2019,21517300,2.198718694
2020,21517300,1.820581045
2019,21517400,4.335898004
2020,21517400,5.073968028
2019,21518100,6.687475871
2020,21518100,6.805708475
2019,21518200,5.746971875
2020,21518200,5.513598135
2019,21518300,6.658315899
2020,21518300,7.261535665
2019,21518400,12.150587546
2020,21518400,14.656345064
2019,21518500,8.416973297
2020,21518500,8.809972683
2019,21519100,4.003620477
2020,21519100,4.070914624
2019,21519200,9.045703227
2020,21519200,10.495335478
2019,21519300,6.015686245
2020,21519300,6.651787599
2019,21520100,8.158347717
2020,21520100,8.051927918
2019,21520200,6.659572286
2020,21520200,6.238496517
2019,21521100,18.010935757
2020,21521100,19.014864919
2019,21521200,2.997054456
2020,21521200,4.71232014
2019,21522100,22.55745017
2020,21522100,24.57242078
2019,21522200,7.141026251
2020,21522200,9.636752785
2019,21522300,7.723810058
2020,21522300,8.516913408
2019,21522400,16.292759015
2020,21522400,17.203093452
2019,21523100,7.290869056
2020,21523100,7.690595092
2019,21523200,7.624626163
2020,21523200,8.334899486
2019,21524100,13.878695648
2020,21524100,15.395287493
2019,21525100,7.28814717
2020,21525100,7.96356919
2019,21525200,6.679007551
2020,21525200,7.092379881
2019,21526100,7.72082015
2020,21526100,7.123779073
2019,21526200,30.86396874
2020,21526200,32.12203269
2019,21526300,9.091933681
2020,21526300,9.536559526
2019,21527100,6.444031334
2020,21527100,6.314408553
2019,21527200,11.719701075
2020,21527200,11.778022916
2019,21527300,8.620598338
2020,21527300,10.258331553
2019,21527400,15.69932173
2020,21527400,17.362859426
2019,21528100,8.431991584
2020,21528100,7.561966466
2019,21528200,21.606488062
2020,21528200,22.898849479
2019,21529100,11.08827532
2020,21529100,12.450224874
2019,21529200,26.4390437
2020,21529200,28.44998128
2019,21529300,12.247947064
2020,21529300,12.288425608
2019,21529400,11.568875306
2020,21529400,12.569512358
2019,21529500,5.222678787
2020,21529500,5.403566478
2019,21530100,9.874956436
2020,21530100,10.053222005
2019,21530200,15.397998806
2020,21530200,16.044914577
2019,21530300,10.10653953
2020,21530300,11.344738163
2019,21530400,7.444582676
2020,21530400,6.377778082
2019,21530500,6.26990033
2020,21530500,7.471928298
2019,21530600,10.082815298
2020,21530600,10.573276872
2019,21531100,8.156657609
2020,21531100,8.706804964
2019,21531200,9.436481605
2020,21531200,9.267394332
2019,21532100,12.751421248
2020,21532100,14.535195726
2019,21533100,5.825091915
2020,21533100,6.831105864
2019,21533200,11.836825555
2020,21533200,14.025349881
2019,21533300,9.961444444
2020,21533300,10.078649742
2019,21534100,6.577409767
2020,21534100,6.711157884
2019,21534200,7.602019181
2020,21534200,7.891143076
2019,21535100,13.815656946
2020,21535100,15.335618331
2019,21536100,9.040559777
2020,21536100,9.130826204
2019,21536200,5.800181785
2020,21536200,5.811640776
2019,21537100,8.755594978
2020,21537100,9.807686282
2019,21537200,4.338338267
2020,21537200,4.874736089
2019,21538100,7.228314193
2020,21538100,6.714167841
2019,21538200,15.232931417
2020,21538200,10.587571941
2019,21539100,13.845984637
2020,21539100,14.988162692
2019,21539200,8.153071389
2020,21539200,8.476614821
2019,21540100,8.263030333
2020,21540100,9.55591459
2019,21540200,0.675009716
2020,21540200,0.762453785
2019,21541100,12.982867941
2020,21541100,14.227538255
2019,21541200,6.62494547
2020,21541200,8.91809124
2019,21541300,6.105992557
2020,21541300,5.884077265
2019,21541400,9.112065131
2020,21541400,9.458501454
2019,21542100,7.017571775
2020,21542100,7.707105969
2019,21542200,24.60643398
2020,21542200,22.766284099
2019,21543100,12.806494506
2020,21543100,14.949101997
2019,21543200,10.734575829
2020,21543200,11.86217855
2019,21544100,3.444318488
2020,21544100,5.629108685
2019,21544200,8.463326832
2020,21544200,8.4371688
2019,21544300,0.222023409
2020,21544300,2.428786653
2019,21544400,1.017862761
2020,21544400,3.345320893
2019,21545100,8.305752086
2020,21545100,9.103577779
2019,21545200,5.473449507
2020,21545200,5.27061767
2019,21546100,12.97927353
2020,21546100,15.282331998
2019,21546200,16.199167895
2020,21546200,17.063774635
2019,21547100,7.970298343
2020,21547100,9.00033806
2019,21547200,5.627038265
2020,21547200,5.68989763
2019,21547300,9.400271379
2020,21547300,9.806370432
2019,21547400,6.114072393
2020,21547400,6.72690798
2019,21548100,2.323119334
2020,21548100,2.154844834
2019,21548200,4.816026902
2020,21548200,5.839339235
2019,21548300,4.218367997
2020,21548300,3.471335223
2019,21548400,3.160114707
2020,21548400,4.398686094
2019,21549100,12.845259585
2020,21549100,13.710214194
2019,21549200,12.789212238
2020,21549200,13.667964835
2019,21550100,13.825733731
2020,21550100,13.595901458
2019,21550200,6.369766504
2020,21550200,8.236885666
2019,21551100,24.01276291
2020,21551100,23.80615053
2019,21552100,2.277992757
2020,21552100,1.612229192
2019,21552200,8.837641224
2020,21552200,9.171314515
2019,21552300,6.758628551
2020,21552300,8.00706006
2019,21553100,0
2020,21553100,0.044779287
2019,21553200,0.06633382
2020,21553200,0.101348584
2019,21553300,0.355302725
2020,21553300,0.973647706
2019,21554100,11.45395279
2020,21554100,12.706753291
2019,21554200,7.730182397
2020,21554200,8.70271051
2019,21554300,7.212291591
2020,21554300,7.973515813
2019,21554400,10.821663325
2020,21554400,10.300882299
2019,21555100,0.592848905
2020,21555100,1.743550787
2019,21555200,13.132059646
2020,21555200,15.237654257
2019,21555300,35.71247471
2020,21555300,36.04944787
2019,21556100,6.953432992
2020,21556100,7.90063077
2019,21556200,8.192491259
2020,21556200,8.540178741
2019,21556300,5.983217313
2020,21556300,7.070501039
2019,21556400,6.014790503
2020,21556400,5.92373867
2019,21557100,5.527360067
2020,21557100,2.337872362
2019,21557200,6.239031524
2020,21557200,7.016041017
2019,21557300,8.046634753
2020,21557300,7.332706782
2019,21558100,3.794852245
2020,21558100,4.064583555
2019,21558200,4.801884215
2020,21558200,4.763139493
2019,21559100,8.749932606
2020,21559100,9.020801958
2019,21559200,21.267180244
2020,21559200,21.12241123
2019,21559300,9.278821239
2020,21559300,9.291807626
2019,21560100,0.004817069
2020,21560100,1.004444938
2019,21560200,0
2020,21560200,0
2019,21560300,0.029707279
2020,21560300,0.011608913
2019,21561100,2.351319735
2020,21561100,1.893803176
2019,21561200,4.368074338
2020,21561200,4.184682391
2019,21561300,5.318683409
2020,21561300,5.212291976
2019,21562100,8.045617764
2020,21562100,9.768239297
2019,21562200,16.755259122
2020,21562200,16.651893266
2019,21562300,4.171702649
2020,21562300,4.629135199
2019,21563100,4.405196067
2020,21563100,3.860478758
2019,21563200,5.229755986
2020,21563200,4.991141862
2019,21563300,7.58311592
2020,21563300,8.55517418
2019,21563400,10.264750412
2020,21563400,10.223827603
2019,21564100,8.284443366
2020,21564100,9.259417328
2019,21564200,19.712990845
2020,21564200,20.119198878
2019,21564300,7.493264967
2020,21564300,7.320903146
2019,21565100,26.79550941
2020,21565100,28.56475488
2019,21566100,3.32764509
2020,21566100,3.659153928
2019,21566200,9.245325349
2020,21566200,9.613608479
2019,21566300,15.229010526
2020,21566300,16.831440817
2019,21567100,3.273129879
2020,21567100,3.944311443
2019,21567200,4.946530069
2020,21567200,10.614584153
2019,21567300,9.418904796
2020,21567300,10.482845832
2019,21567400,11.265950523
2020,21567400,17.992571674
2019,21568100,4.312902965
2020,21568100,4.426440623
2019,21569100,24.37962923
2020,21569100,26.2917255
2019,21570100,16.195405423
2020,21570100,16.107469732
2019,21570200,8.040382744
2020,21570200,8.152499429
2019,21571100,0.067825729
2020,21571100,0.067825729
2019,21571200,0.436561359
2020,21571200,0.065204935
2019,21572100,4.463529818
2020,21572100,5.397266289
2019,21572200,15.117482471
2020,21572200,18.745100922
2019,21573100,7.828260802
2020,21573100,8.798244972
2019,21573200,9.548473475
2020,21573200,11.225967286
2019,21573300,6.527151172
2020,21573300,7.555246379
2019,21574100,8.384571366
2020,21574100,10.397593004
2019,21574200,7.925043864
2020,21574200,7.506572779
2019,21574300,2.584294735
2020,21574300,2.547395024
2019,21574400,7.41472476
2020,21574400,7.233720664
2019,21575100,5.910089053
2020,21575100,6.445718698
2019,21575200,8.718019038
2020,21575200,11.116593776
2019,21575300,0.049114326
2020,21575300,0.081109403
2019,21576100,10.536095136
2020,21576100,13.76230607
2019,21576200,9.255348709
2020,21576200,9.641187884
2019,21577100,6.588108483
2020,21577100,7.273784475
2019,21577200,3.997030626
2020,21577200,4.43649331
2019,21578100,8.923289218
2020,21578100,10.05667889
2019,21579100,5.661233148
2020,21579100,6.9301124
2019,21579200,9.880177105
2020,21579200,12.798842899
2019,21579300,4.579893409
2020,21579300,4.799800382
2019,21580100,6.31468041
2020,21580100,6.328851074
2019,21581100,5.634526211
2020,21581100,5.721840783
2019,21581200,1.872640346
2020,21581200,1.803019761
2019,21581300,9.826884431
2020,21581300,10.692052761
2019,21582100,0.426740558
2020,21582100,0.43006399
2019,21582200,4.701431751
2020,21582200,4.924769573
2019,21582300,0.063724893
2020,21582300,0.120773416
2019,21583100,1.873843021
2020,21583100,2.070999036
2019,21583200,8.985519818
2020,21583200,9.104177656
2019,21584100,18.903918219
2020,21584100,20.978227721
2019,21584200,9.393350902
2020,21584200,10.850115836
2019,21585100,5.826671222
2020,21585100,5.909682986
2019,21586100,5.826269406
2020,21586100,6.154474381
2019,21586200,19.546296455
2020,21586200,20.893952199
2019,21587100,4.9421735
2020,21587100,7.482124937
2019,21587200,15.33004756
2020,21587200,17.285604752
2019,21588100,7.399122859
2020,21588100,8.004322152
2019,21589100,15.906095623
2020,21589100,19.515304539
2019,21590100,9.127273523
2020,21590100,9.313898663
2019,21590200,9.649060184
2020,21590200,9.867093471
2019,21590300,18.397394164
2020,21590300,20.86013196
2019,21591100,6.147943323
2020,21591100,7.65670401
2019,21591200,0.080964783
2020,21591200,0.328861467
2019,21592100,10.127526794
2020,21592100,10.070485187
2019,21592200,19.335445722
2020,21592200,21.218502816
2019,21593100,6.562358485
2020,21593100,6.075793219
2019,21593200,8.070484108
2020,21593200,9.285437381
2019,21594100,3.321716274
2020,21594100,3.324511779
2019,21594200,17.624546118
2020,21594200,24.321746531
2019,21595100,4.910521833
2020,21595100,5.086963804
2019,21595200,4.619139382
2020,21595200,4.286933365
2019,21595300,7.117147041
2020,21595300,7.180369857
2019,21595400,4.641139315
2020,21595400,5.758505969
2019,21596100,3.038833308
2020,21596100,3.015948912
2019,21596200,7.475463226
2020,21596200,14.073644823
2019,21597100,3.454664225
2020,21597100,3.324373296
2019,21597200,8.346373858
2020,21597200,9.230222194
2019,21598100,8.775518736
2020,21598100,10.328672617
2019,21598200,7.480469427
2020,21598200,7.727690355
2019,21599100,3.847178214
2020,21599100,3.75844257
2019,21599200,8.858274344
2020,21599200,9.412377118
2019,21599300,3.953332334
2020,21599300,3.765024465
2019,21600100,17.687151058
2020,21600100,20.044311568
2019,21601100,1.686104521
2020,21601100,1.70236192
2019,21601200,6.189929447
2020,21601200,7.38367776
2019,21601300,10.070448437
2020,21601300,10.603365847
2019,21602100,10.338598691
2020,21602100,13.00901035
2019,21602200,7.64955994
2020,21602200,8.888676734
2019,21603100,3.573928113
2020,21603100,3.1110874
2019,21603200,8.326099717
2020,21603200,7.221339879
2019,21603300,8.417576963
2020,21603300,9.009778847
2019,21604100,9.744207054
2020,21604100,9.406763998
2019,21604200,7.335527589
2020,21604200,9.234606972
2019,21604300,4.959473391
2020,21604300,5.44660741
2019,21605100,5.643166358
2020,21605100,6.443269742
2019,21606100,11.478953061
2020,21606100,12.668390743
2019,21607100,0
2020,21607100,0
2019,21607200,0
2020,21607200,0
2019,21608100,0
2020,21608100,0
2019,21608200,0.013962157
2020,21608200,0.102328234
2019,21608300,0.166142686
2020,21608300,0.157882778
2019,21609100,11.720576736
2020,21609100,13.133900952
2019,21609200,8.31655823
2020,21609200,10.006492641
2019,21610100,10.339370422
2020,21610100,11.284744014
2019,21611100,1.98202534
2020,21611100,3.308678516
2019,21611200,5.300014318
2020,21611200,5.078920191
2019,21611300,7.784715542
2020,21611300,8.960622311
2019,21611400,7.528852558
2020,21611400,7.153541075
2019,21612100,13.4538211
2020,21612100,14.81296909
2019,21612200,12.350145486
2020,21612200,12.992265086
2019,21613100,12.345070865
2020,21613100,12.555116765
2019,21614100,11.458956493
2020,21614100,11.310861109
2019,21614200,14.779338996
2020,21614200,16.87085652
2019,21615100,22.92687978
2020,21615100,24.59868689
2019,21616100,10.710403224
2020,21616100,11.582806681
2019,21617100,9.747081408
2020,21617100,10.78226461
2019,21617200,6.467302395
2020,21617200,6.908272239
2019,21618100,1.52320091
2020,21618100,1.566740474
2019,21618200,3.365702219
2020,21618200,3.197137399
2019,21619100,15.809745332
2020,21619100,18.005520838
2019,21620100,13.767825906
2020,21620100,14.619018559
2019,21621100,12.383666026
2020,21621100,12.772674989
2019,21621200,6.184405066
2020,21621200,6.47572725
2019,21622100,18.57871254
2020,21622100,20.466336465
2019,21622200,6.780297077
2020,21622200,6.433168791
2019,21623100,9.168527058
2020,21623100,10.200413811
2019,21623200,8.091285583
2020,21623200,9.056192504
2019,21623300,15.286617796
2020,21623300,17.20405133
2019,21624100,17.969064116
2020,21624100,19.955886238
2019,21624200,14.595463999
2020,21624200,16.525064234
2019,21625100,4.49751634
2020,21625100,4.970186413
2019,21625200,14.031204347
2020,21625200,16.499952097
2019,21626100,11.73554877
2020,21626100,12.623111657
2019,21626200,4.179412902
2020,21626200,4.29597681
2019,21627100,11.375293207
2020,21627100,12.028097582
2019,21627200,3.77280273
2020,21627200,4.547644766
2019,21628100,11.63766862
2020,21628100,13.658846472
2019,21628200,7.494356245
2020,21628200,6.59949537
2019,21629100,7.484051951
2020,21629100,8.163359473
2019,21629200,3.250515273
2020,21629200,3.601087119
2019,21629300,4.235631688
2020,21629300,4.232388196
2019,21630100,13.78135358
2020,21630100,13.505514801
2019,21630200,13.329584533
2020,21630200,13.89298312
2019,21630300,10.067171549
2020,21630300,10.510076071
2019,21631100,5.320835192
2020,21631100,5.887860148
2019,21632100,12.522155445
2020,21632100,13.810522114
2019,21633100,18.621315974
2020,21633100,22.18067937
2019,21633200,12.826090483
2020,21633200,14.73581976
2019,21634100,14.891801888
2020,21634100,15.311150989
2019,21634200,6.36894614
2020,21634200,6.814098737
2019,21634300,8.485799726
2020,21634300,10.45625735
2019,21635100,8.544428428
2020,21635100,9.150691541
2019,21635200,8.963406793
2020,21635200,9.373289292
2019,21635300,22.0624417
2020,21635300,25.06603322
2019,21636100,2.983471757
2020,21636100,2.667998565
2019,21636200,2.179334147
2020,21636200,1.625828859
2019,21637100,7.609629266
2020,21637100,7.527491866
2019,21637200,13.601745064
2020,21637200,16.112133099
2019,21637300,7.915271987
2020,21637300,9.19813854
2019,21638100,12.969308431
2020,21638100,12.930186884
2019,21638200,4.915340297
2020,21638200,5.106714768
2019,21638300,7.118062954
2020,21638300,7.294825705
2019,21639100,19.218050726
2020,21639100,20.50767274
2019,21640100,10.149454294
2020,21640100,11.312785893
2019,21640200,3.199579945
2020,21640200,2.387767735
2019,21640300,2.960127683
2020,21640300,3.263124912
2019,21641100,19.018924421
2020,21641100,20.223755402
2019,21641200,9.003702318
2020,21641200,9.67684719
2019,21642100,17.223283516
2020,21642100,19.321905268
2019,21643100,12.927958828
2020,21643100,14.827407036
2019,21643200,13.864185084
2020,21643200,14.957494145
2019,21644100,7.404266997
2020,21644100,7.851886995
2019,21644200,7.415345512
2020,21644200,8.347416816
2019,21645100,2.187672377
2020,21645100,2.00003567
2019,21645200,0.000243292
2020,21645200,0.021063529
2019,21646100,10.969729691
2020,21646100,11.687283016
2019,21646200,4.734797154
2020,21646200,4.966322466
2019,21646300,5.442900794
2020,21646300,4.433824522
2019,21646400,7.659836475
2020,21646400,7.581942171
2019,21646500,3.715004857
2020,21646500,4.675973566
2019,21647100,13.504673575
2020,21647100,14.132679203
2019,21647200,9.808581823
2020,21647200,9.809882309
2019,21647300,6.931340975
2020,21647300,8.297273671
2019,21648100,13.338711292
2020,21648100,13.935022759
2019,21649100,11.091060757
2020,21649100,12.500535087
2019,21649200,6.93579974
2020,21649200,7.949191292
2019,21650100,15.62843121
2020,21650100,16.917470504
2019,21651100,14.064786496
2020,21651100,15.286683671
2019,21652100,21.580786142
2020,21652100,23.415632741
2019,21653100,13.520904861
2020,21653100,14.230163508
2019,21653200,13.369337132
2020,21653200,14.320162142
2019,21654100,23.26628808
2020,21654100,24.55325606
2019,21654200,10.995313893
2020,21654200,10.803786277
2019,21655100,13.262698503
2020,21655100,14.894520364
2019,21656100,8.863113311
2020,21656100,10.034389158
2019,21656200,16.4317142
2020,21656200,17.406335117
2019,21657100,3.849960832
2020,21657100,4.329788312
2019,21657200,7.112523906
2020,21657200,7.53336604
2019,21657300,16.136287222
2020,21657300,17.159733034
2019,21658100,10.06809662
2020,21658100,10.308472919
2019,21658200,17.787889274
2020,21658200,19.311983584
2019,21659100,14.404428408
2020,21659100,17.028923979
2019,21659200,3.368113113
2020,21659200,3.607936436
2019,21660100,8.550768344
2020,21660100,10.202954199
2019,21660200,14.536643606
2020,21660200,16.445437377
2019,21661100,2.433309685
2020,21661100,3.420976082
2019,21661200,5.564734381
2020,21661200,6.7615118
2019,21661300,13.009568213
2020,21661300,15.016434842
2019,21662100,7.291308157
2020,21662100,8.111586246
2019,21662200,13.574555147
2020,21662200,14.818477398
2019,21662300,12.220260464
2020,21662300,13.062438624
2019,21663100,18.220081623
2020,21663100,19.85854015
2019,21664100,3.996381242
2020,21664100,4.743941506
2019,21664200,15.224590131
2020,21664200,15.572042217
2019,21665100,14.593516012
2020,21665100,16.007423003
2019,21665200,8.215972736
2020,21665200,8.577763491
2019,21665300,8.822552467
2020,21665300,6.979629951
2019,21666100,13.144777167
2020,21666100,14.447473145
2019,21666200,8.390526358
2020,21666200,8.690976265
2019,21666300,7.052865478
2020,21666300,5.150807745
2019,21667100,17.622284708
2020,21667100,18.064782942
2019,21668100,9.0003057
2020,21668100,9.531591563
2019,21668200,5.793520878
2020,21668200,6.445513604
2019,21668300,13.61077931
2020,21668300,15.201604007
2019,21669100,8.679929924
2020,21669100,9.815607482
2019,21670100,8.739807346
2020,21670100,8.765688777
2019,21670200,11.583641728
2020,21670200,11.403170886
2019,21671100,4.762002871
2020,21671100,4.991263325
2019,21671200,9.190661885
2020,21671200,9.848657352
2019,21672100,25.16109149
2020,21672100,29.14479904
2019,21672200,6.745158962
2020,21672200,7.294217057
2019,21673100,12.490451839
2020,21673100,13.953872966
2019,21673200,10.570934331
2020,21673200,11.798721877
2019,21673300,7.964906957
2020,21673300,8.513207909
2019,21674100,14.641362938
2020,21674100,16.237355844
2019,21674200,6.286196428
2020,21674200,6.105627862
2019,21675100,5.629631428
2020,21675100,5.343666566
2019,21675200,9.612948521
2020,21675200,10.567882189
2019,21676100,11.414178095
2020,21676100,12.227296955
2019,21676200,7.482827049
2020,21676200,7.172041805
2019,21676300,11.328387218
2020,21676300,13.927738542
2019,21677100,8.457640084
2020,21677100,9.461584698
2019,21678100,14.549203392
2020,21678100,15.582559966
2019,21679100,0.013962157
2020,21679100,0.013962157
2019,21679200,0
2020,21679200,0
2019,21680100,11.506056928
2020,21680100,12.944821359
2019,21680200,7.893349815
2020,21680200,8.191855581
2019,21680300,13.072718349
2020,21680300,14.234537719
2019,21681100,6.363219049
2020,21681100,7.252518014
2019,21681200,6.885542263
2020,21681200,7.710554183
2019,21681300,5.78371722
2020,21681300,5.680168462
2019,21682100,10.126003129
2020,21682100,10.170747193
2019,21682200,1.519434734
2020,21682200,1.827183705
2019,21682300,10.236129975
2020,21682300,11.008494806
2019,21683100,8.293523956
2020,21683100,8.629830361
2019,21683200,11.218251594
2020,21683200,10.635247896
2019,21684100,5.039491507
2020,21684100,5.023376622
2019,21684200,4.883576276
2020,21684200,4.927982882
2019,21684300,10.850981518
2020,21684300,11.681819936
2019,21684400,5.86190186
2020,21684400,7.103096602
2019,21685100,13.403909593
2020,21685100,15.356743631
2019,21685200,6.024048578
2020,21685200,6.537443082
2019,21686100,12.677181318
2020,21686100,13.615267936
2019,21686200,5.631591894
2020,21686200,6.021180532
2019,21687100,14.525364726
2020,21687100,14.135116711
2019,21687200,11.613805161
2020,21687200,12.589590644
2019,21688100,4.045223178
2020,21688100,3.850755282
2019,21688200,7.432074484
2020,21688200,7.254600076
2019,21688300,4.24672961
2020,21688300,3.946487021
2019,21688400,10.516590474
2020,21688400,10.985067158
2019,21688500,5.171302195
2020,21688500,4.299857173
2019,21689100,10.632199523
2020,21689100,11.278362899
2019,21689200,4.808878627
2020,21689200,4.804689072
2019,21690100,7.95340318
2020,21690100,8.824873934
2019,21690200,16.606289463
2020,21690200,16.949773619
2019,21690300,7.128640996
2020,21690300,6.49360133
2019,21691100,13.250009953
2020,21691100,14.217284084
2019,21691200,9.745035871
2020,21691200,10.239839664
2019,21691300,14.727199283
2020,21691300,16.734773129
2019,21692100,7.249172257
2020,21692100,6.886413312
2019,21692200,18.767961649
2020,21692200,18.659277305
2019,21693100,11.253336768
2020,21693100,12.953295372
2019,21694100,15.876468276
2020,21694100,17.474430641
2019,21695100,7.2745097
2020,21695100,7.182785137
2019,21695200,10.607064378
2020,21695200,11.383091513
2019,21695300,4.646408943
2020,21695300,6.21442148
2019,21695400,15.102006141
2020,21695400,17.374040031
2019,21695500,13.153501129
2020,21695500,14.233125034
2019,21696100,5.864585942
2020,21696100,6.496878359
2019,21696200,17.638084363
2020,21696200,18.481484056
2019,21697100,6.47307328
2020,21697100,6.519480041
2019,21697200,24.22219476
2020,21697200,26.01705636
2019,21698100,13.730403628
2020,21698100,14.797416917
2019,21698200,5.593879316
2020,21698200,6.086058814
2019,21699100,1.258724051
2020,21699100,1.798557398
2019,21699200,10.919513713
2020,21699200,12.559477118
2019,21700100,19.350083419
2020,21700100,21.059074444
2019,21701100,8.486865001
2020,21701100,8.55596998
2019,21702100,10.205213841
2020,21702100,11.153842244
2019,21702200,9.944146847
2020,21702200,10.035546598
2019,21702300,14.022076901
2020,21702300,15.945507939
2019,21702400,3.135222524
2020,21702400,3.283254365
2019,21703100,15.958162937
2020,21703100,17.797094774
2019,21704100,6.515180412
2020,21704100,6.988747502
2019,21704200,12.534913069
2020,21704200,14.292277656
2019,21705100,15.706568281
2020,21705100,18.017723213
2019,21706100,3.726647968
2020,21706100,3.13294266
2019,21706200,3.652619067
2020,21706200,3.288850546
2019,21706300,3.306993562
2020,21706300,4.036306002
2019,21706400,4.461943286
2020,21706400,3.931282732
2019,21706500,4.477691339
2020,21706500,5.179631364
2019,21706600,4.6009861
2020,21706600,4.691184993
2019,21706700,5.644077894
2020,21706700,6.603804906
2019,21707100,14.123767576
2020,21707100,16.570191145
2019,21707200,8.795788032
2020,21707200,9.37416514
2019,21707300,17.300612489
2020,21707300,18.502982888
2019,21708100,1.040737043
2020,21708100,1.068681615
2019,21709100,0.999272851
2020,21709100,0.486476814
2019,21709200,7.882101142
2020,21709200,8.651674302
2019,21710100,4.271050977
2020,21710100,5.482924082
2019,21710200,3.880329131
2020,21710200,3.870626859
2019,21710300,3.678868808
2020,21710300,3.769933353
2019,21711100,11.574699867
2020,21711100,14.156852626
2019,21711200,9.442354752
2020,21711200,10.605620507
2019,21711300,4.638997859
2020,21711300,4.651989891
2019,21711400,8.778278447
2020,21711400,8.621018825
2019,21712100,18.335567978
2020,21712100,19.813253926
2019,21713100,9.066382104
2020,21713100,9.453383969
2019,21713200,9.064121453
2020,21713200,9.668456595
2019,21713300,14.387355445
2020,21713300,15.293376699
2019,21713400,12.222208489
2020,21713400,12.309424862
2019,21714100,7.461568522
2020,21714100,8.310547917
2019,21714200,8.657413958
2020,21714200,9.147837975
2019,21715100,6.202561665
2020,21715100,7.078631526
2019,21715200,0.857723832
2020,21715200,0.545014166
2019,21716100,10.701765548
2020,21716100,11.647054676
2019,21716200,5.734911615
2020,21716200,5.619779247
2019,21716300,11.082936322
2020,21716300,13.28360257
2019,21716400,2.557842094
2020,21716400,2.097906682
2019,21716500,4.31131335
2020,21716500,5.141991067
2019,21717100,9.587345555
2020,21717100,10.351542911
2019,21717200,18.030979648
2020,21717200,20.185864887
2019,21718100,19.397113215
2020,21718100,19.859309965
2019,21719100,7.145355855
2020,21719100,8.369255418
2019,21719200,4.381535172
2020,21719200,4.886902323
2019,21719300,2.888200731
2020,21719300,2.940477957
2019,21720100,19.318377086
2020,21720100,21.71702944
2019,21721100,5.788251043
2020,21721100,6.279955159
2019,21721200,6.002706087
2020,21721200,6.684465719
2019,21722100,9.4504878
2020,21722100,10.463558293
2019,21722200,10.250817867
2020,21722200,10.767624984
2019,21722300,3.394048218
2020,21722300,3.185557549
2019,21723100,5.86953795
2020,21723100,6.511583357
2019,21723200,7.798683691
2020,21723200,7.949484409
2019,21723300,6.257135291
2020,21723300,6.643029731
2019,21724100,26.70852327
2020,21724100,26.8230767
2019,21724200,7.583943187
2020,21724200,7.781012514
2019,21725100,10.149175042
2020,21725100,10.519137174
2019,21725200,5.727005457
2020,21725200,5.275340482
2019,21726100,24.476944317
2020,21726100,27.25514607
2019,21727100,19.36546064
2020,21727100,20.86150961
2019,21728100,0.214457305
2020,21728100,0.18515617
2019,21729100,31.18334255
2020,21729100,32.25130184
2019,21729200,6.447408617
2020,21729200,6.75428231
2019,21729300,18.902541099
2020,21729300,14.568396487
2019,21730100,16.742862136
2020,21730100,17.630029538
2019,21730200,9.555155308
2020,21730200,9.940148089
2019,21731100,0
2020,21731100,0
2019,21731200,0.686339554
2020,21731200,0.632564297
2019,21732100,12.836302423
2020,21732100,14.321231461
2019,21732200,18.884459087
2020,21732200,21.63616176
2019,21732300,9.94419123
2020,21732300,10.870712268
2019,21733100,13.534025537
2020,21733100,14.225944748
2019,21733200,4.504375341
2020,21733200,5.197128061
2019,21734100,3.154251193
2020,21734100,2.417175806
2019,21734200,3.630908111
2020,21734200,2.800351745
2019,21735100,9.414763964
2020,21735100,10.617380559
2019,21735200,6.990538188
2020,21735200,7.078732267
2019,21735300,19.016109877
2020,21735300,20.538262977
2019,21736100,14.991521539
2020,21736100,15.838074893
2019,21736200,5.573993372
2020,21736200,6.393108157
2019,21737100,9.793748999
2020,21737100,11.10153411
2019,21737200,17.230419618
2020,21737200,19.648889618
2019,21738100,1.784964594
2020,21738100,2.018088196
2019,21738200,8.140871783
2020,21738200,7.945615222
2019,21738300,30.28285166
2020,21738300,32.18034756
2019,21739100,0
2020,21739100,0
2019,21740100,23.18300503
2020,21740100,24.37213403
2019,21740200,0.097214129
2020,21740200,0.098160884
2019,21741100,8.110687581
2020,21741100,8.642615495
2019,21741200,17.377057402
2020,21741200,18.668675884
2019,21742100,8.374185115
2020,21742100,8.123734251
2019,21742200,10.22482597
2020,21742200,11.244296573
2019,21743100,15.972522259
2020,21743100,16.364769316
2019,21744100,2.663435053
2020,21744100,2.351557209
2019,21744200,11.555675265
2020,21744200,13.141712548
2019,21744300,16.228358311
2020,21744300,16.941048699
2019,21745100,9.448214577
2020,21745100,10.892634484
2019,21745200,14.302777966
2020,21745200,17.17731291
2019,21745300,4.185637051
2020,21745300,4.263219672
2019,21746100,27.50086461
2020,21746100,28.8234958
2019,21747100,29.91424401
2020,21747100,30.61346746
2019,21747200,39.07478674
2020,21747200,40.01929575
2019,21748100,13.700233837
2020,21748100,14.561722612
2019,21748200,13.041577093
2020,21748200,12.377035349
2019,21748300,27.87256858
2020,21748300,30.69578323
2019,21748400,15.485883468
2020,21748400,15.601527247
2019,21749100,18.770888406
2020,21749100,23.185809134
2019,21749200,5.795164394
2020,21749200,6.380572393
2019,21750100,38.99356072
2020,21750100,41.70763898
2019,21751100,11.287738184
2020,21751100,11.034224426
2019,21751200,10.520765586
2020,21751200,10.865962126
2019,21751300,5.291284896
2020,21751300,5.443256932
2019,21752100,15.271540385
2020,21752100,16.152366939
2019,21752200,21.97258553
2020,21752200,22.86799838
2019,21752300,6.474971417
2020,21752300,7.388411321
2019,21753100,50.69327822
2020,21753100,53.34921569
2019,21754100,51.27574955
2020,21754100,53.46800377
2019,21755100,10.046627009
2020,21755100,11.449873905
2019,21755200,6.658414226
2020,21755200,8.815453095
2019,21756100,3.919979779
2020,21756100,4.722050817
2019,21756200,8.3692038
2020,21756200,9.374260405
2019,21757100,7.549110717
2020,21757100,8.513561578
2019,21757200,26.76069835
2020,21757200,25.15216893
2019,21757300,7.270934349
2020,21757300,7.761081467
2019,21758100,2.060529642
2020,21758100,2.25824166
2019,21758200,2.864738581
2020,21758200,2.681391126
2019,21758300,7.250038975
2020,21758300,8.110233182
2019,21759100,7.648507847
2020,21759100,7.893297065
2019,21759200,6.19807502
2020,21759200,9.872380894
2019,21759300,0.062175298
2020,21759300,0.05756757
2019,21760100,9.850141231
2020,21760100,10.614500236
2019,21760200,7.422313872
2020,21760200,8.468164868
2019,21761100,0
2020,21761100,0
2019,21762100,18.877841297
2020,21762100,15.1127912
2019,21762200,31.94042564
2020,21762200,36.23558866
2019,21762300,14.5062162
2020,21762300,15.035641037
2019,21762400,11.029084784
2020,21762400,12.34040514
2019,21763100,7.171741628
2020,21763100,7.266533117
2019,21763200,15.022543995
2020,21763200,14.534479335
2019,21764100,7.990869675
2020,21764100,8.772026263
2019,21764200,14.468227158
2020,21764200,16.203494172
2019,21764300,10.271824921
2020,21764300,10.653207821
2019,21765100,8.550882988
2020,21765100,11.970116747
2019,21765200,7.259277196
2020,21765200,7.104971649
2019,21765300,15.669923736
2020,21765300,15.88721783
2019,21766100,10.268446972
2020,21766100,9.80867651
2019,21766200,9.14250181
2020,21766200,9.981932896
2019,21767100,13.573118739
2020,21767100,14.051472777
2019,21767200,16.043317002
2020,21767200,17.373952664
2019,21767300,9.941243097
2020,21767300,10.560718843
2019,21767400,21.57092599
2020,21767400,24.825691564
2019,21768100,8.184003729
2020,21768100,14.374884675
2019,21768200,11.697664017
2020,21768200,13.290508038
2019,21769100,7.958535467
2020,21769100,9.014079047
2019,21769200,11.063958396
2020,21769200,10.246421373
2019,21769300,8.948369507
2020,21769300,9.304853168
2019,21770100,11.866207326
2020,21770100,12.469703924
2019,21770200,7.740087584
2020,21770200,10.352334402
2019,21770300,14.113232658
2020,21770300,13.767436004
2019,21770400,2.913832027
2020,21770400,2.839329721
2019,21771100,27.97085057
2020,21771100,29.15184377
2019,21772100,7.077785163
2020,21772100,7.491348156
2019,21772200,10.825512455
2020,21772200,11.2662648
2019,21772300,15.282602311
2020,21772300,15.265527559
2019,21772400,8.763716411
2020,21772400,9.688855212
2019,21772500,9.517208829
2020,21772500,10.996707166
2019,21772600,6.698187542
2020,21772600,8.465028781
2019,21773100,9.948592473
2020,21773100,9.910155753
2019,21773200,12.878912795
2020,21773200,13.08164307
2019,21774100,13.380445449
2020,21774100,14.729282827
2019,21774200,9.959322213
2020,21774200,8.373458755
2019,21775100,5.995507192
2020,21775100,7.963263561
2019,21775200,11.859049605
2020,21775200,12.30689025
2019,21776100,12.857170747
2020,21776100,16.773835997
2019,21776200,11.480750997
2020,21776200,16.61885326
2019,21776300,17.563384768
2020,21776300,19.760646051
2019,21777100,9.692659969
2020,21777100,9.897017011
2019,21777200,20.3206224
2020,21777200,21.022723823
2019,21778100,11.379165629
2020,21778100,12.594101965
2019,21778200,18.902387882
2020,21778200,18.319136275
2019,21778300,9.325240477
2020,21778300,10.733521877
2019,21779100,8.969197107
2020,21779100,8.531996528
2019,21779200,9.885735159
2020,21779200,10.538662021
2019,21779300,4.65882916
2020,21779300,5.426660556
2019,21780100,12.375487467
2020,21780100,13.031156737
2019,21780200,11.426437945
2020,21780200,12.148543697
2019,21780300,7.210067438
2020,21780300,12.117039685
2019,21780400,4.77358204
2020,21780400,5.838566638
2019,21780500,5.908804881
2020,21780500,6.40724585
2019,21780600,8.311613924
2020,21780600,8.701146908
2019,21781100,4.477834078
2020,21781100,5.238696165
2019,21781200,13.668559242
2020,21781200,14.149095471
2019,21782100,9.395847033
2020,21782100,10.499196384
2019,21782200,6.004740111
2020,21782200,7.578880073
2019,21782300,11.536282537
2020,21782300,13.395870218
2019,21782400,11.540834568
2020,21782400,12.959203345
2019,21783100,7.126947943
2020,21783100,9.671350058
2019,21784100,10.758106036
2020,21784100,12.964458313
2019,21784200,2.308159436
2020,21784200,2.503910258
2019,21784300,2.009982833
2020,21784300,2.00547998
2019,21784400,8.473371812
2020,21784400,10.014524913
2019,21784500,6.382274457
2020,21784500,7.559588696
2019,21784600,5.829378761
2020,21784600,6.44492184
2019,21784700,8.493795949
2020,21784700,7.01361164
2019,21785100,19.506842756
2020,21785100,24.4203249
2019,21785200,11.365429149
2020,21785200,11.748023329
2019,21785300,23.21905716
2020,21785300,24.87230332
2019,21785400,7.016983301
2020,21785400,7.723259206
2019,21786100,11.461207015
2020,21786100,11.034429124
2019,21787100,9.080980879
2020,21787100,9.46593998
2019,21787200,2.616160558
2020,21787200,3.506188143
2019,21788100,6.522489513
2020,21788100,7.693687512
2019,21788200,8.514412061
2020,21788200,10.015290515
2019,21788300,12.462005412
2020,21788300,14.319007346
2019,21788400,10.829890291
2020,21788400,11.476440718
2019,21788500,9.579484499
2020,21788500,10.749014824
2019,21788600,8.105829626
2020,21788600,10.826830875
2019,21789100,12.348948925
2020,21789100,13.063225903
2019,21789200,10.71893182
2020,21789200,11.503298668
2019,21789300,12.810839777
2020,21789300,13.09420148
2019,21790100,16.094581619
2020,21790100,17.301319193
2019,21790200,7.425668018
2020,21790200,8.420964914
2019,21790300,11.113568729
2020,21790300,17.669725921
2019,21790400,8.906760876
2020,21790400,9.215244021
2019,21790500,14.503845809
2020,21790500,15.122998893
2019,21790600,13.98433451
2020,21790600,13.969582546
2019,21791100,2.278145014
2020,21791100,3.231079155
2019,21791200,22.686162511
2020,21791200,29.422786678
2019,21791300,6.152682882
2020,21791300,7.235378265
2019,21791400,4.187311209
2020,21791400,4.20289149
2019,21792100,16.030364324
2020,21792100,17.122806456
2019,21792200,20.849451144
2020,21792200,20.148721207
2019,21792300,18.528195146
2020,21792300,19.232102219
2019,21792400,3.837797826
2020,21792400,3.5718896
2019,21793100,25.76058577
2020,21793100,27.89287872
2019,21793200,6.918488584
2020,21793200,7.44898312
2019,21793300,9.296259082
2020,21793300,10.043636992
2019,21794100,17.045504419
2020,21794100,18.797876882
2019,21794200,10.538576396
2020,21794200,11.89018289
2019,21794300,9.092301714
2020,21794300,11.851030601
2019,21794400,13.511748791
2020,21794400,12.837119692
2019,21794500,10.931427839
2020,21794500,10.618958442
2019,21795100,15.702632776
2020,21795100,17.27273364
2019,21795200,14.634939864
2020,21795200,14.153040267
2019,21795300,2.951428062
2020,21795300,2.446175396
2019,21795400,0
2020,21795400,0
2019,21796100,0
2020,21796100,0
2019,21797100,5.020163335
2020,21797100,6.149918974
2019,21797200,10.233732651
2020,21797200,11.174555919
2019,21797300,4.623942514
2020,21797300,4.824901717
2019,21797400,3.888092759
2020,21797400,4.44606417
2019,21797500,5.955012595
2020,21797500,4.196347463
2019,21797600,5.717779123
2020,21797600,6.704248129
2019,21798100,22.68645397
2020,21798100,24.466739252
2019,21798200,8.116713481
2020,21798200,8.180740594
2019,21798300,15.202026864
2020,21798300,14.884517458
2019,21798400,18.841756643
2020,21798400,20.379714808
2019,21798500,7.378711902
2020,21798500,7.454159229
2019,21799100,8.317057172
2020,21799100,9.827736933
2019,21799200,3.250684457
2020,21799200,3.44349074
2019,21799300,4.296066918
2020,21799300,4.416290306
2019,21799400,12.328974821
2020,21799400,14.923944632
2019,21800100,10.828082316
2020,21800100,10.063262448
2019,21800200,13.661101935
2020,21800200,15.572016971
2019,21801100,7.381993495
2020,21801100,7.487741153
2019,21801200,24.78285529
2020,21801200,27.04878135
2019,21802100,10.97550456
2020,21802100,11.931715699
2019,21802200,12.530871369
2020,21802200,14.957038203
2019,21802300,8.303304278
2020,21802300,9.57026563
2019,21802400,10.936869001
2020,21802400,11.956688256
2019,21802500,1.227158681
2020,21802500,1.41236235
2019,21802600,15.05547916
2020,21802600,16.182459307
2019,21803100,10.768047537
2020,21803100,11.954257707
2019,21804100,10.826685366
2020,21804100,11.045301896
2019,21804200,20.510613296
2020,21804200,20.734574336
2019,21804300,11.694463982
2020,21804300,11.731626141
2019,21804400,20.688190472
2020,21804400,22.83326226
2019,21804500,5.396771823
2020,21804500,6.442995984
2019,21805100,24.55682709
2020,21805100,27.2466606
2019,21806100,28.10831437
2020,21806100,29.80185538
2019,21806200,16.330039779
2020,21806200,17.864151822
2019,21807100,15.66444676
2020,21807100,17.451036039
2019,21807200,0
2020,21807200,0
2019,21808100,20.049638324
2020,21808100,22.78144919
2019,21808200,18.543796425
2020,21808200,18.897447899
2019,21808300,11.389248053
2020,21808300,12.463425738
2019,21808400,6.232235387
2020,21808400,6.48160188
2019,21809100,2.837556302
2020,21809100,2.508351207
2019,21809200,41.38294374
2020,21809200,47.38973684
2019,21810100,13.658845832
2020,21810100,16.057791531
2019,21810200,8.820957748
2020,21810200,9.321926136
2019,21810300,9.69211463
2020,21810300,8.588558246
2019,21811100,4.848503146
2020,21811100,5.291197099
2019,21811200,13.754975155
2020,21811200,14.411919586
2019,21811300,16.442971216
2020,21811300,17.007737002
2019,21811400,14.159694053
2020,21811400,16.810617493
2019,21812100,4.31149433
2020,21812100,4.289246973
2019,21812200,12.569987313
2020,21812200,13.802199738
2019,21812300,14.046841228
2020,21812300,15.484514597
2019,21813100,11.874640916
2020,21813100,13.586903488
2019,21813200,11.765148918
2020,21813200,13.111831646
2019,21813300,12.558760392
2020,21813300,13.845450093
2019,21813400,11.863957534
2020,21813400,13.084262956
2019,21814100,11.231284034
2020,21814100,13.101866069
2019,21814200,7.368768107
2020,21814200,8.523407543
2019,21814300,9.448493775
2020,21814300,11.96522956
2019,21814400,12.380075002
2020,21814400,15.016890094
2019,21814500,6.337183668
2020,21814500,5.6724694
2019,21814600,6.284947546
2020,21814600,7.184430491
2019,21815100,17.673321456
2020,21815100,19.297196754
2019,21816100,29.8282719
2020,21816100,33.22510504
2019,21817100,17.508197692
2020,21817100,17.626667575
2019,21817200,16.225736084
2020,21817200,17.423139256
2019,21818100,6.546259667
2020,21818100,6.974120967
2019,21818200,30.89797149
2020,21818200,32.92600513
2019,21818300,18.567456495
2020,21818300,22.11158267
2019,21818400,7.424240279
2020,21818400,7.900782957
2019,21819100,7.456611657
2020,21819100,7.396598603
2019,21819200,12.839399124
2020,21819200,13.420903719
2019,21819300,19.131088492
2020,21819300,22.00641129
2019,21819400,11.135972535
2020,21819400,11.026456873
2019,21820100,9.386443957
2020,21820100,9.991257313
2019,21820200,14.048431017
2020,21820200,14.625727892
2019,21820300,4.971950841
2020,21820300,6.332562058
2019,21820400,17.933775983
2020,21820400,17.549891325
2019,21821100,19.795149191
2020,21821100,20.088080602
2019,21821200,8.939535417
2020,21821200,8.656654648
2019,21821300,18.490435197
2020,21821300,19.390234408
2019,21822100,10.103159289
2020,21822100,11.058012346
2019,21822200,7.153729705
2020,21822200,5.611920977
2019,21823100,26.00321581
2020,21823100,27.56517173
2019,21824100,14.332764725
2020,21824100,16.511128814
2019,21824200,12.354528889
2020,21824200,13.553327315
2019,21824300,18.77524139
2020,21824300,20.930271378
2019,21825100,14.292149182
2020,21825100,15.551145677
2019,21825200,11.190096578
2020,21825200,11.683611505
2019,21825300,21.65406355
2020,21825300,24.94973678
2019,21825400,4.003585464
2020,21825400,4.51416707
2019,21825500,3.784125659
2020,21825500,4.228000171
2019,21826100,21.118544055
2020,21826100,23.27974402
2019,21826200,16.383084968
2020,21826200,17.736221454
2019,21826300,11.887185136
2020,21826300,14.233975191
2019,21827100,12.163032597
2020,21827100,12.321837618
2019,21827200,18.480336267
2020,21827200,19.825090269
2019,21827300,13.810956127
2020,21827300,14.617960649
2019,21827400,3.09067347
2020,21827400,5.1485253
2019,21828100,13.715669431
2020,21828100,14.001849083
2019,21828200,13.567121129
2020,21828200,15.736457464
2019,21829100,33.69893963
2020,21829100,36.4920545
2019,21830100,17.396073133
2020,21830100,19.369814092
2019,21830200,5.173796033
2020,21830200,6.162620264
2019,21830300,9.89649401
2020,21830300,10.462510237
2019,21831100,15.200950456
2020,21831100,17.363870051
2019,21831200,7.848392574
2020,21831200,8.67730414
2019,21831300,10.036475723
2020,21831300,10.273306653
2019,21832100,0
2020,21832100,0
2019,21832200,9.696036894
2020,21832200,12.879476319
2019,21832300,11.720807037
2020,21832300,12.892116493
2019,21832400,13.816581248
2020,21832400,17.080371375
2019,21832500,7.836484034
2020,21832500,9.94233169
2019,21832600,14.946576961
2020,21832600,14.942563715
2019,21833100,11.572602098
2020,21833100,14.359681136
2019,21833200,21.67871266
2020,21833200,24.80534068
2019,21834100,12.945071607
2020,21834100,14.505010019
2019,21834200,8.349163479
2020,21834200,8.893591629
2019,21834300,9.56495676
2020,21834300,9.95305633
2019,21834400,11.401961461
2020,21834400,12.36928344
2019,21834500,11.875950275
2020,21834500,14.356641396
2019,21835100,9.669330172
2020,21835100,10.213784263
2019,21835200,23.66629578
2020,21835200,24.58105917
2019,21836100,14.171793169
2020,21836100,15.920961706
2019,21836200,4.296646664
2020,21836200,5.820568522
2019,21836300,13.874739657
2020,21836300,14.024269799
2019,21836400,8.17683508
2020,21836400,8.45531605
2019,21837100,8.633597939
2020,21837100,8.97164033
2019,21837200,11.445156699
2020,21837200,12.707800219
2019,21837300,12.055960092
2020,21837300,13.281822082
2019,21838100,11.147631387
2020,21838100,12.816383679
2019,21838200,8.670424615
2020,21838200,9.020469316
2019,21838300,4.323869451
2020,21838300,5.306295215
2019,21839100,21.984105853
2020,21839100,23.76878338
2019,21839200,9.575596407
2020,21839200,10.203836395
2019,21839300,11.569663563
2020,21839300,11.950433501
2019,21839400,10.304902164
2020,21839400,10.011901159
2019,21840100,19.932799754
2020,21840100,22.16601464
2019,21841100,17.180810451
2020,21841100,20.962103828
2019,21841200,15.101954441
2020,21841200,15.624944156
2019,21842100,20.449174234
2020,21842100,21.968110443
2019,21843100,26.94181767
2020,21843100,27.73188898
2019,21843200,0.012344911
2020,21843200,0.013931091
2019,21843300,9.445069057
2020,21843300,12.755636445
2019,21843400,0.006034751
2020,21843400,0.034674701
2019,21844100,15.246272938
2020,21844100,18.672264948
2019,21845100,3.927132399
2020,21845100,4.258862867
2019,21846100,34.33897613
2020,21846100,37.04416107
2019,21847100,17.838906688
2020,21847100,19.274737548
2019,21847200,6.337808561
2020,21847200,7.03107142
2019,21848100,35.02307501
2020,21848100,36.33882246
2019,21848200,18.032491627
2020,21848200,18.320139243
2019,21848300,29.28830113
2020,21848300,29.83869969
2019,21848400,14.929360338
2020,21848400,14.134181709
2019,21849100,15.04894571
2020,21849100,18.67954596
2019,21849200,12.249691231
2020,21849200,12.970137103
2019,21850100,8.716547623
2020,21850100,9.446944491
2019,21850200,11.498576515
2020,21850200,10.958348552
2019,21850300,12.476518432
2020,21850300,13.287432202
2019,21850400,15.906557881
2020,21850400,16.409457087
2019,21850500,8.011064045
2020,21850500,7.699570561
2019,21850600,8.197173502
2020,21850600,8.789274745
2019,21851100,20.13800109
2020,21851100,22.76451127
2019,21851200,19.119343498
2020,21851200,19.993017803
2019,21852100,0.211436554
2020,21852100,0.345314224
2019,21852200,0.034674701
2020,21852200,0.001760288
2019,21852300,0
2020,21852300,0
2019,21853100,23.402528036
2020,21853100,27.78105066
2019,21853200,21.27117991
2020,21853200,23.99137498
2019,21853300,11.227058903
2020,21853300,11.979968826
2019,21853400,9.878591618
2020,21853400,10.538813135
2019,21854100,39.08375766
2020,21854100,46.01942297
2019,21855100,20.859707946
2020,21855100,24.10490014
2019,21855200,6.646280413
2020,21855200,8.010041452
2019,21856100,30.9191771
2020,21856100,33.99612742
2019,21856200,20.67456294
2020,21856200,23.52586699
2019,21857100,14.81092162
2020,21857100,16.896495342
2019,21857200,12.903895599
2020,21857200,13.490421448
2019,21857300,4.780214209
2020,21857300,5.337217759
2019,21857400,11.569861434
2020,21857400,11.379227926
2019,21857500,13.142555909
2020,21857500,14.606012323
2019,21858100,4.295332091
2020,21858100,3.137967615
2019,21858200,14.879302691
2020,21858200,16.930806465
2019,21859100,16.579944526
2020,21859100,19.192039332
2019,21859200,14.81889121
2020,21859200,15.526665885
2019,21859300,9.787290861
2020,21859300,12.180780392
2019,21859400,14.743978962
2020,21859400,15.602699535
2019,21860100,7.524710693
2020,21860100,7.706450341
2019,21860200,0.001223574
2020,21860200,0.034674701
2019,21861100,3.18253105
2020,21861100,3.151582621
2019,21861200,5.85723757
2020,21861200,8.607948279
2019,21862100,11.382533731
2020,21862100,13.092174494
2019,21862200,14.122802223
2020,21862200,12.382024657
2019,21863100,6.106261948
2020,21863100,6.113799792
2019,21863200,4.225831858
2020,21863200,4.271581888
2019,21863300,9.620849567
2020,21863300,8.279664987
2019,21864100,0.014749755
2020,21864100,0.04714411
2019,21865100,18.677507853
2020,21865100,19.664129236
2019,21865200,12.540882261
2020,21865200,13.920066813
2019,21865300,5.862377629
2020,21865300,8.04219393
2019,21866100,17.545129778
2020,21866100,18.249325694
2019,21866200,11.572907252
2020,21866200,12.149827115
2019,21866300,11.895901242
2020,21866300,14.184940517
2019,21867100,7.601005689
2020,21867100,8.161674582
2019,21867200,2.093508016
2020,21867200,2.282358703
2019,21867300,9.620642793
2020,21867300,10.308128447
2019,21867400,10.173379741
2020,21867400,12.579700563
2019,21868100,19.206407424
2020,21868100,20.242397865
2019,21868200,16.394713177
2020,21868200,18.485763122
2019,21869100,6.737304783
2020,21869100,7.279591157
2019,21869200,28.65913244
2020,21869200,30.88164206
2019,21870100,18.006485421
2020,21870100,20.38207053
2019,21870200,7.329613081
2020,21870200,7.757261084
2019,21871100,0.487375559
2020,21871100,0.447918789
2019,21871200,25.81763375
2020,21871200,28.99091986
2019,21872100,0
2020,21872100,0
2019,21872200,0
2020,21872200,0
2019,21872300,0
2020,21872300,0
2019,21873100,3.121490043
2020,21873100,3.125000939
2019,21873200,8.780432423
2020,21873200,9.70358403
2019,21873300,20.572937139
2020,21873300,22.081137036
2019,21874100,14.850672231
2020,21874100,16.393951022
2019,21874200,8.451028921
2020,21874200,8.869465683
2019,21874300,6.942193698
2020,21874300,6.784042803
2019,21875100,20.48076034
2020,21875100,21.886357942
2019,21875200,15.333349869
2020,21875200,17.38726693
2019,21876100,29.43922048
2020,21876100,31.30853006
2019,21876200,14.531536238
2020,21876200,19.932179293
2019,21877100,3.869848853
2020,21877100,5.084280397
2019,21877200,17.194543428
2020,21877200,18.247066566
2019,21878100,23.4703831
2020,21878100,24.51252412
2019,21879100,21.82270771
2020,21879100,23.3724938
2019,21879200,11.426299307
2020,21879200,13.379588513
2019,21880100,12.804954567
2020,21880100,15.549995467
2019,21880200,19.422904663
2020,21880200,21.46587237
2019,21881100,7.17180368
2020,21881100,6.645274067
2019,21881200,12.152908464
2020,21881200,13.757682562
2019,21881300,5.875516982
2020,21881300,4.883349164
2019,21882100,10.78127332
2020,21882100,11.718821633
2019,21882200,21.34154475
2020,21882200,22.46899031
2019,21882300,8.577346476
2020,21882300,9.347547769
2019,21883100,10.30967283
2020,21883100,10.389284824
2019,21883200,6.499473015
2020,21883200,5.921024003
2019,21883300,9.714445232
2020,21883300,11.224771572
2019,21883400,13.300246584
2020,21883400,14.412064194
2019,21884100,20.024216356
2020,21884100,20.808512511
2019,21884200,20.316650392
2020,21884200,22.96233777
2019,21885100,12.539255767
2020,21885100,13.633479592
2019,21885200,10.043490326
2020,21885200,10.535316611
2019,21885300,12.250189191
2020,21885300,13.960924383
2019,21886100,12.156031274
2020,21886100,13.073468556
2019,21886200,22.641133646
2020,21886200,24.23228938
2019,21886300,7.136931479
2020,21886300,7.970612377
2019,21886400,0.031126187
2020,21886400,0.030227118
2019,21886500,0
2020,21886500,0
2019,21887100,11.58432369
2020,21887100,12.57673791
2019,21887200,12.134880151
2020,21887200,12.299601034
2019,21887300,7.715474619
2020,21887300,7.866807383
2019,21888100,12.104496979
2020,21888100,14.123286338
2019,21888200,9.224560594
2020,21888200,8.751073732
2019,21888300,7.819206271
2020,21888300,9.734777619
2019,21889100,24.26451488
2020,21889100,27.39274048
2019,21889200,16.780407948
2020,21889200,17.543390183
2019,21890100,22.914075832
2020,21890100,24.36706815
2019,21890200,22.85834014
2020,21890200,22.85804076
2019,21891100,43.96296434
2020,21891100,48.62086774
2019,21892100,9.599479087
2020,21892100,10.40478544
2019,21892200,14.72041003
2020,21892200,15.717025943
2019,21893100,22.04221311
2020,21893100,24.54797078
2019,21893200,28.4504614
2020,21893200,31.65807406
2019,21894100,15.854709317
2020,21894100,17.718703181
2019,21894200,22.565829866
2020,21894200,25.07797202
2019,21895100,17.299596838
2020,21895100,18.708003703
2019,21895200,24.58362582
2020,21895200,25.41744737
2019,21896100,4.381064542
2020,21896100,4.980389843
2019,21896200,4.451594189
2020,21896200,4.706211188
2019,21896300,13.741795787
2020,21896300,13.23648261
2019,21896400,7.997443301
2020,21896400,7.442521256
2019,21897100,11.676750643
2020,21897100,13.305239809
2019,21897200,7.192440302
2020,21897200,8.012387525
2019,21897300,11.743045754
2020,21897300,12.118716093
2019,21898100,9.681435031
2020,21898100,10.142606026
2019,21898200,7.989717251
2020,21898200,6.672434651
2019,21898300,10.635977868
2020,21898300,11.883192004
2019,21898400,32.78443212
2020,21898400,34.36354319
2019,21899100,23.44405097
2020,21899100,26.36830818
2019,21899200,11.960197141
2020,21899200,12.901812532
2019,21900100,156.26420301
2020,21900100,152.74476697
2019,21901100,16.78149431
2020,21901100,18.199966842
2019,21901200,31.8559914
2020,21901200,35.05032001
2019,21902100,17.744610752
2020,21902100,19.458575734
2019,21902200,21.024899218
2020,21902200,22.46364232
2019,21902300,19.929045967
2020,21902300,22.85344489
2019,21902400,10.220146271
2020,21902400,11.303544697
2019,21903100,48.33589584
2020,21903100,50.60827169
2019,21903200,31.75666348
2020,21903200,33.31084932
2019,21904100,15.395294642
2020,21904100,17.090936018
2019,21904200,10.828886123
2020,21904200,10.578282257
2019,21904300,16.437066806
2020,21904300,17.571090957
2019,21905100,9.677243736
2020,21905100,10.464621
2019,21906100,16.196466709
2020,21906100,18.375056225
2019,21907100,24.76950791
2020,21907100,25.72154719
2019,21908100,9.235227673
2020,21908100,9.256040613
2019,21909100,7.391445714
2020,21909100,8.291663598
2019,21909200,13.038041075
2020,21909200,14.304180393
2019,21910100,17.457630703
2020,21910100,20.482266462
2019,21910200,13.614249814
2020,21910200,14.900770182
2019,21911100,10.479488042
2020,21911100,10.88720307
2019,21911200,11.376472643
2020,21911200,12.565799993
2019,21912100,10.640000229
2020,21912100,11.939798757
2019,21912200,5.005748649
2020,21912200,5.133152017
2019,21913100,11.629326023
2020,21913100,12.741208631
2019,21914100,3.288832295
2020,21914100,4.793628426
2019,21914200,14.241224809
2020,21914200,15.564926358
2019,21915100,9.33886352
2020,21915100,11.653282878
2019,21916100,20.508266009
2020,21916100,20.83003684
2019,21917100,5.260587895
2020,21917100,5.73457443
2019,21917200,20.994821021
2020,21917200,21.63831969
2019,21918100,24.55528139
2020,21918100,26.00365011
2019,21918200,10.384092913
2020,21918200,10.891328411
2019,21918300,16.941414908
2020,21918300,18.981209365
2019,21919100,10.400759266
2020,21919100,11.772310947
2019,21920100,6.585705704
2020,21920100,6.552874663
2019,21920200,3.711986853
2020,21920200,3.169314184
2019,21921100,0.239925892
2020,21921100,0.281086465
2019,21921200,2.631231719
2020,21921200,2.959197248
2019,21921300,10.973084406
2020,21921300,12.240795279
2019,21922100,37.38705727
2020,21922100,43.2864687
2019,21923100,8.809263435
2020,21923100,9.245230754
2019,21923200,8.633506877
2020,21923200,10.344645983
2019,21924100,6.021889981
2020,21924100,7.005336491
2019,21924200,1.435739243
2020,21924200,2.115667606
2019,21924300,2.681821036
2020,21924300,2.728159064
2019,21925100,12.902485481
2020,21925100,15.35915586
2019,21925200,8.755427594
2020,21925200,9.918716355
2019,21925300,12.264571791
2020,21925300,13.188642326
2019,21926100,5.515380123
2020,21926100,6.781391424
2019,21927100,7.864397514
2020,21927100,10.643192887
2019,21927200,0.902702421
2020,21927200,0.911450296
2019,21927300,16.703827033
2020,21927300,19.4875734
2019,21928100,13.160065354
2020,21928100,14.272548549
2019,21929100,8.807660504
2020,21929100,11.096884911
2019,21929200,5.122210385
2020,21929200,6.513099191
2019,21930100,3.973328771
2020,21930100,8.647499708
2019,21931100,6.388667671
2020,21931100,6.704222099
2019,21931200,10.209244756
2020,21931200,11.628817093
2019,21932100,13.137011122
2020,21932100,14.22038422
2019,21932200,19.964523061
2020,21932200,19.185866496
2019,21933100,17.081659926
2020,21933100,18.650711049
2019,21933200,5.822840866
2020,21933200,5.79007972
2019,21933300,7.455025464
2020,21933300,7.833783822
2019,21934100,0.235695332
2020,21934100,0.138652013
2019,21934200,16.712006198
2020,21934200,21.263250302
2019,21934300,5.425368568
2020,21934300,8.242206329
2019,21935100,9.789024228
2020,21935100,11.129699261
2019,21935200,8.897235265
2020,21935200,10.255210986
2019,21936100,3.226963731
2020,21936100,5.617826741
2019,21936200,4.451883558
2020,21936200,4.72988236
2019,21937100,102.51819973
2020,21937100,102.82848654
2019,21938100,10.080577038
2020,21938100,11.082921967
2019,21939100,0.898423917
2020,21939100,1.225071353
2019,21939200,0.839501054
2020,21939200,0.962120075
2019,21940100,8.667360873
2020,21940100,8.42706229
2019,21940200,12.552905357
2020,21940200,14.203530515
2019,21940300,23.76732353
2020,21940300,26.25787577
2019,21941100,0.009744926
2020,21941100,0.024492121
2019,21941200,2.865913973
2020,21941200,3.579716159
2019,21942100,0.049465199
2020,21942100,0.024190788
2019,21942200,0.005899202
2020,21942200,0.225611465
2019,21943100,61.10480737
2020,21943100,60.31194592
2019,21944100,8.444248323
2020,21944100,19.740535362
2019,21945100,1.497134714
2020,21945100,1.094915833
2019,21945200,0.922238753
2020,21945200,1.325657827
2019,21945300,10.503492794
2020,21945300,11.693986721
2019,21946100,16.708754598
2020,21946100,17.760592769
2019,21947100,7.964510201
2020,21947100,5.441681405
2019,21948100,18.19697615
2020,21948100,31.458613491
2019,21949100,16.529810997
2020,21949100,21.154760515
2019,21950100,80.12636736
2020,21950100,91.11847643
2019,21951100,15.155345961
2020,21951100,13.536341374
2019,21952100,76.55114958
2020,21952100,73.47463364
2019,21953100,28.40607169
2020,21953100,28.09294455
2019,21954100,0
2020,21954100,0.009861894
2019,21955100,0
2020,21955100,0
2019,21955200,0
2020,21955200,0
2019,21956100,4.171373352
2020,21956100,3.608325972
2019,21956200,25.66983837
2020,21956200,27.43972032
2019,21957100,69.9531706
2020,21957100,84.41089861
2019,21958100,10.052695746
2020,21958100,10.626038261
2019,21958200,46.66282592
2020,21958200,50.45503662
2019,21959100,35.56839483
2020,21959100,37.66343208
2019,21959200,23.36460436
2020,21959200,24.77884984
2019,21960100,0.524672709
2020,21960100,0.177315422
2019,21960200,3.542262805
2020,21960200,3.199296085
2019,21960300,0
2020,21960300,0
2019,21961100,18.035704818
2020,21961100,20.363355291
2019,21962100,9.273357426
2020,21962100,9.810097487
2019,21962200,9.649029971
2020,21962200,11.596390878
2019,21963100,39.72071282
2020,21963100,43.57372368
2019,21964100,15.106774682
2020,21964100,16.706218771
2019,21964200,4.966230171
2020,21964200,3.881671325
2019,21964300,12.826193623
2020,21964300,15.669847391
2019,21965100,21.14452635
2020,21965100,22.63921168
2019,21966100,13.954147886
2020,21966100,15.39479622
2019,21966200,3.3045216
2020,21966200,3.852174022
2019,21966300,12.319365163
2020,21966300,12.652900401
2019,21966400,8.232225096
2020,21966400,9.42136491
2019,21966500,5.475354301
2020,21966500,5.558776491
2019,21967100,14.066702072
2020,21967100,15.195649254
2019,21967200,8.434135514
2020,21967200,9.317185127
2019,21967300,6.465501665
2020,21967300,7.252453755
2019,21968100,17.97418084
2020,21968100,18.924232698
2019,21968200,8.706758222
2020,21968200,9.819563423
2019,21968300,6.069221456
2020,21968300,6.687224713
2019,21969100,12.026142094
2020,21969100,11.988658076
2019,21969200,21.28034405
2020,21969200,22.911823188
2019,21970100,10.348885095
2020,21970100,11.099168301
2019,21970200,22.198986581
2020,21970200,22.050394269
2019,21970300,39.70887237
2020,21970300,42.04018595
2019,21971100,13.339489458
2020,21971100,12.173405442
2019,21971200,8.805972442
2020,21971200,9.003408441
2019,21971300,8.298114657
2020,21971300,8.457889257
2019,21972100,11.58652421
2020,21972100,12.766555069
2019,21972200,11.841858835
2020,21972200,10.33857997
2019,21972300,1.225245354
2020,21972300,1.191334819
2019,21972400,2.25074801
2020,21972400,2.680262775
2019,21972500,27.52331236
2020,21972500,27.49870632
2019,21973100,20.531590063
2020,21973100,21.90576485
2019,21974100,13.276000494
2020,21974100,14.240217403
2019,21974200,5.213083615
2020,21974200,5.865525442
2019,21975100,10.750465841
2020,21975100,12.398531411
2019,21975200,8.593486665
2020,21975200,8.754793087
2019,21975300,22.76991529
2020,21975300,22.84659081
2019,21976100,7.983010726
2020,21976100,8.563764377
2019,21976200,4.349768448
2020,21976200,4.276679472
2019,21976300,3.875044116
2020,21976300,4.201101195
2019,21977100,4.312036924
2020,21977100,5.001409029
2019,21977200,17.81778009
2020,21977200,18.533560661
2019,21977300,11.971841045
2020,21977300,14.619095731
2019,21978100,6.766519759
2020,21978100,7.21418559
2019,21978200,5.502654071
2020,21978200,6.223262903
2019,21979100,14.44487995
2020,21979100,15.15800576
2019,21979200,20.53695563
2020,21979200,20.162456014
2019,21980100,6.121843789
2020,21980100,6.685210645
2019,21980200,12.72265051
2020,21980200,12.913429231
2019,21980300,4.53904303
2020,21980300,4.110854097
2019,21980400,0
2020,21980400,0
2019,21980500,1.577454441
2020,21980500,2.055210241
2019,21981100,4.083393201
2020,21981100,3.862769878
2019,21981200,4.179470169
2020,21981200,4.56415848
2019,21981300,11.724365777
2020,21981300,11.571180524
2019,21981400,9.64773397
2020,21981400,9.766034849
2019,21981500,4.07720781
2020,21981500,3.319797183
2019,21981600,2.702445489
2020,21981600,2.434098808
2019,21982100,6.010744969
2020,21982100,6.402492065
2019,21982200,12.491961125
2020,21982200,11.977550526
2019,21982300,12.421412142
2020,21982300,12.211436852
2019,21983100,2.260046656
2020,21983100,1.95549359
2019,21983200,2.811854387
2020,21983200,3.179269589
2019,21983300,8.225301073
2020,21983300,9.061406174
2019,21983400,0.696161861
2020,21983400,0.477876588
2019,21983500,7.276817476
2020,21983500,7.351095918
2019,21984100,48.46627129
2020,21984100,53.30945728
2019,21985100,3.293763543
2020,21985100,3.606103601
2019,21985200,2.844228319
2020,21985200,2.433618301
2019,21985300,9.900401234
2020,21985300,10.100323497
2019,21985400,20.371810672
2020,21985400,19.692934855
2019,21985500,8.200578705
2020,21985500,8.474639788
2019,21985600,0
2020,21985600,0
2019,21985700,1.904501139
2020,21985700,0.7598686
2019,21986100,0.335544012
2020,21986100,0.736610669
2019,21986200,3.1896738
2020,21986200,4.060106065
2019,21986300,0
2020,21986300,0
2019,21986400,5.256502427
2020,21986400,5.357493659
2019,21986500,8.106981928
2020,21986500,8.661411694
2019,21986600,0.670885089
2020,21986600,0.547147645
2019,21986700,6.897783577
2020,21986700,6.246151676
2019,21986800,5.686917865
2020,21986800,5.65971745
2019,21986900,11.636774111
2020,21986900,8.976857821
2019,21987100,12.930490667
2020,21987100,12.823273778
2019,21987200,16.219274529
2020,21987200,16.902103393
2019,21987300,13.878124835
2020,21987300,14.790395644
2019,21987400,3.476269932
2020,21987400,3.596235506
2019,21988100,15.129212306
2020,21988100,17.22236894
2019,21988200,6.117741031
2020,21988200,6.365390917
2019,21988300,20.687669515
2020,21988300,23.185644993
2019,21988400,19.749397602
2020,21988400,23.03403806
2019,21989100,10.67602322
2020,21989100,12.157604292
2019,21989200,9.990330945
2020,21989200,11.724872598
2019,21990100,0
2020,21990100,0
2019,21990200,8.198145507
2020,21990200,9.220805524
2019,21990300,22.048099779
2020,21990300,24.351382517
2019,21990400,22.302030729
2020,21990400,23.94638326
2019,21990500,16.0373932
2020,21990500,17.206498448
2019,21991100,8.582362272
2020,21991100,8.883329267
2019,21991200,8.927426587
2020,21991200,9.895994132
2019,21992100,12.238770629
2020,21992100,13.551750653
2019,21992200,22.167579379
2020,21992200,24.453665191
2019,21992300,20.564889827
2020,21992300,22.400712555
2019,21993100,2.99860271
2020,21993100,2.792741299
2019,21993200,12.260667776
2020,21993200,13.417196045
2019,21993300,6.063386146
2020,21993300,6.467476291
2019,21993400,1.318138393
2020,21993400,0.316692591
2019,21994100,21.220194683
2020,21994100,22.328926297
2019,21995100,6.692472475
2020,21995100,7.494683317
2019,21995200,3.828182115
2020,21995200,4.001009726
2019,21996100,27.89182066
2020,21996100,28.39833389
2019,21996200,12.285661339
2020,21996200,12.608416987
2019,21997100,25.45290647
2020,21997100,27.63482332
2019,21997200,31.09242438
2020,21997200,33.62998921
2019,21998100,0
2020,21998100,0
2019,21998200,0
2020,21998200,0
2019,21998300,6.804887523
2020,21998300,7.658973311
2019,21998400,4.180810943
2020,21998400,3.297238647
2019,21998500,10.942885667
2020,21998500,11.58718093
2019,21998600,13.181919455
2020,21998600,14.227077934
2019,21998700,6.042296221
2020,21998700,5.399864381
2019,21998800,0.502587827
2020,21998800,0.515563359
2019,21998900,0.887567294
2020,21998900,0.795517893
2019,21999100,30.85390913
2020,21999100,32.57467928
2019,21999200,24.70311713
2020,21999200,26.77630877
2019,21999300,7.700467812
2020,21999300,8.090203087
2019,22000100,2.297142641
2020,22000100,2.195023801
2019,22000200,27.18628519
2020,22000200,29.75482674
2019,22000300,12.016284005
2020,22000300,11.643796275
2019,22001100,16.503512922
2020,22001100,17.888797419
2019,22001200,11.650948865
2020,22001200,11.774442544
2019,22001300,8.478452453
2020,22001300,9.485392049
2019,22001400,15.99657767
2020,22001400,17.079641868
2019,22001500,0.223192272
2020,22001500,0.603204271
2019,22002100,4.684379204
2020,22002100,5.29672425
2019,22002200,14.476029924
2020,22002200,16.536666866
2019,22002300,30.6020499
2020,22002300,32.84101512
2019,22002400,4.825311508
2020,22002400,7.424836732
2019,22003100,16.604033525
2020,22003100,17.337084189
2019,22003200,14.643240108
2020,22003200,16.321547381
2019,22004100,5.892699633
2020,22004100,6.473042607
2019,22004200,8.22409415
2020,22004200,8.994573317
2019,22005100,26.19483991
2020,22005100,27.33469868
2019,22005200,7.840418479
2020,22005200,7.29071892
2019,22005300,4.290411956
2020,22005300,4.126513688
2019,22005400,4.005170097
2020,22005400,3.280679184
2019,22005500,16.585413562
2020,22005500,18.141230034
2019,22005600,9.369394176
2020,22005600,8.912554294
2019,22005700,1.103887061
2020,22005700,1.934784287
2019,22005800,22.53675209
2020,22005800,23.80465953
2019,22005900,6.170139124
2020,22005900,6.290580471
2019,22006100,14.62186662
2020,22006100,14.827572876
2019,22006200,12.455064435
2020,22006200,13.830000328
2019,22006300,1.523393516
2020,22006300,2.007633721
2019,22007100,16.737590921
2020,22007100,15.984470409
2019,22007200,11.068431307
2020,22007200,11.626368264
2019,22007300,16.64663714
2020,22007300,16.279776134
2019,22007400,13.028148676
2020,22007400,15.962979762
2019,22007500,3.604179483
2020,22007500,3.051366687
2019,22008100,15.585835897
2020,22008100,14.598186401
2019,22008200,11.138498968
2020,22008200,12.140018245
2019,22008300,7.115127889
2020,22008300,7.826385459
2019,22008400,20.531814093
2020,22008400,21.844812668
2019,22008500,21.163611752
2020,22008500,23.30892414
2019,22009100,43.03174748
2020,22009100,44.14250889
2019,22009200,30.73218791
2020,22009200,31.470825213
2019,22009300,17.408151358
2020,22009300,21.576400078
2019,22009400,5.847533887
2020,22009400,1.009806643
2019,22010100,17.679406799
2020,22010100,18.720454536
2019,22010200,7.178456377
2020,22010200,7.773590909
2019,22011100,26.86239856
2020,22011100,28.36673894
2019,22011200,22.52336455
2020,22011200,23.0765553
2019,22011300,26.35857398
2020,22011300,27.34926105
2019,22012100,4.803137538
2020,22012100,5.678606697
2019,22012200,11.327940623
2020,22012200,12.267620158
2019,22012300,12.635110824
2020,22012300,13.172808181
2019,22012400,11.271618205
2020,22012400,11.810187597
2019,22013100,48.76906674
2020,22013100,51.15242957
2019,22013200,24.680814
2020,22013200,27.32667319
2019,22014100,19.891887673
2020,22014100,22.64202535
2019,22014200,11.915652813
2020,22014200,12.308889409
2019,22015100,9.71654381
2020,22015100,9.922226366
2019,22015200,12.397382904
2020,22015200,13.007648895
2019,22016100,5.401668048
2020,22016100,4.25653052
2019,22016200,0.69993402
2020,22016200,1.063061859
2019,22017100,25.59237524
2020,22017100,27.6140121
2019,22017200,20.606611466
2020,22017200,23.08582506
2019,22018100,13.723774948
2020,22018100,15.54406273
2019,22018200,7.516333042
2020,22018200,7.555117681
2019,22018300,8.423646501
2020,22018300,8.967013886
2019,22018400,8.667602875
2020,22018400,9.705013602
2019,22019100,3.637258924
2020,22019100,3.799778563
2019,22019200,37.78348009
2020,22019200,37.91422116
2019,22019300,20.468349919
2020,22019300,23.78606762
2019,22019400,15.236024415
2020,22019400,16.614324762
2019,22020100,13.581623328
2020,22020100,14.849823674
2019,22020200,17.053795193
2020,22020200,19.609905119
2019,22020300,14.468470587
2020,22020300,16.200059633
2019,22021100,15.226879372
2020,22021100,17.239687417
2019,22021200,7.012598948
2020,22021200,7.615078971
2019,22021300,14.306613919
2020,22021300,14.827295556
2019,22021400,13.613960784
2020,22021400,13.651794574
2019,22022100,15.203550684
2020,22022100,16.262340604
2019,22022200,10.024959872
2020,22022200,11.178048443
2019,22023100,11.287480967
2020,22023100,12.402523561
2019,22023200,15.422629953
2020,22023200,16.339127914
2019,22024100,7.11094966
2020,22024100,6.568773868
2019,22024200,16.433884785
2020,22024200,17.618100907
2019,22024300,20.613082034
2020,22024300,21.137840487
2019,22025100,9.491367924
2020,22025100,9.876301588
2019,22025200,12.496259866
2020,22025200,13.540613803
2019,22025300,3.752327968
2020,22025300,3.408987794
2019,22025400,7.821000257
2020,22025400,8.084894927
2019,22025500,10.057824232
2020,22025500,11.156063574
2019,22026100,25.68288073
2020,22026100,27.33162193
2019,22026200,15.003332298
2020,22026200,15.9435817
2019,22027100,12.955799206
2020,22027100,13.944484013
2019,22027200,10.119044895
2020,22027200,9.515764711
2019,22028100,48.09662932
2020,22028100,55.30952318
2019,22029100,22.4030864
2020,22029100,24.37640165
2019,22029200,16.849002843
2020,22029200,18.761511663
2019,22030100,5.572799806
2020,22030100,5.59442943
2019,22030200,10.170036175
2020,22030200,10.305158246
2019,22031100,14.313459337
2020,22031100,14.81749368
2019,22031200,3.915356955
2020,22031200,5.100334521
2019,22031300,4.490024011
2020,22031300,6.719551707
2019,22032100,5.720829697
2020,22032100,6.285742965
2019,22032200,24.198800935
2020,22032200,20.071486473
2019,22032300,21.656221043
2020,22032300,21.580174866
2019,22032400,3.005480629
2020,22032400,2.898568234
2019,22033100,2.128237813
2020,22033100,2.028217997
2019,22033200,20.668072602
2020,22033200,20.74594736
2019,22033300,11.138929918
2020,22033300,12.66765209
2019,22033400,9.897740355
2020,22033400,9.89361673
2019,22033500,9.328554233
2020,22033500,10.645156074
2019,22033600,4.927831911
2020,22033600,5.500328861
2019,22033700,6.57896289
2020,22033700,6.947105104
2019,22033800,0
2020,22033800,0
2019,22034100,7.079271901
2020,22034100,7.519442401
2019,22034200,22.902274622
2020,22034200,25.008423511
2019,22035100,25.6651668
2020,22035100,28.43053966
2019,22035200,8.79579969
2020,22035200,9.031189584
2019,22035300,25.60802508
2020,22035300,25.23359259
2019,22035400,13.081753528
2020,22035400,15.439970628
2019,22036100,4.31982624
2020,22036100,4.509908988
2019,22036200,15.723093001
2020,22036200,17.063936067
2019,22037100,22.510816576
2020,22037100,23.946403834
2019,22037200,29.34474795
2020,22037200,32.60308273
2019,22038100,7.678903371
2020,22038100,8.035893652
2019,22038200,20.283819671
2020,22038200,22.20964805
2019,22039100,11.129899994
2020,22039100,12.358244936
2019,22039200,9.952514952
2020,22039200,10.098350558
2019,22040100,25.12627674
2020,22040100,29.39893904
2019,22040200,11.910488549
2020,22040200,11.734677359
2019,22040300,7.808100817
2020,22040300,9.329007529
2019,22041100,5.241693606
2020,22041100,5.300032705
2019,22041200,10.6524578
2020,22041200,12.198817837
2019,22041300,13.218953113
2020,22041300,13.81992994
2019,22042100,18.647306136
2020,22042100,20.74631716
2019,22042200,14.964596198
2020,22042200,17.677666583
2019,22043100,15.330154799
2020,22043100,17.248591459
2019,22043200,9.298138665
2020,22043200,9.464742189
2019,22044100,3.455985922
2020,22044100,3.434146522
2019,22044200,6.558747782
2020,22044200,6.450657361
2019,22044300,10.762851966
2020,22044300,11.348217182
2019,22044400,17.544360462
2020,22044400,19.343360426
2019,22044500,9.631769131
2020,22044500,10.058528782
2019,22044600,24.77966555
2020,22044600,26.20960459
2019,22045100,24.08022636
2020,22045100,25.47586572
2019,22045200,21.631358202
2020,22045200,21.657552827
2019,22045300,14.475557252
2020,22045300,15.755841281
2019,22045400,16.158860912
2020,22045400,17.141801425
2019,22046100,18.228356645
2020,22046100,20.52876051
2019,22047100,23.88005258
2020,22047100,26.55665761
2019,22048100,7.89713994
2020,22048100,9.247078411
2019,22048200,9.913346012
2020,22048200,8.920247706
2019,22049100,20.880642489
2020,22049100,25.40637983
2019,22050100,37.67459382
2020,22050100,38.97799468
2019,22051100,8.85224257
2020,22051100,9.665654562
2019,22051200,18.096744429
2020,22051200,20.268184166
2019,22052100,32.76873647
2020,22052100,35.94900712
2019,22052200,10.885299895
2020,22052200,12.03138029
2019,22053100,12.479328117
2020,22053100,14.710617937
2019,22053200,10.555325605
2020,22053200,13.885977962
2019,22054100,13.860870513
2020,22054100,15.349710313
2019,22055100,10.096974952
2020,22055100,10.362448023
2019,22055200,7.964649639
2020,22055200,9.327089803
2019,22056100,12.295286922
2020,22056100,13.520562082
2019,22057100,35.27680717
2020,22057100,38.57499002
2019,22057200,15.526004813
2020,22057200,17.414371282
2019,22058100,26.02986417
2020,22058100,26.7636638
2019,22058200,7.02635244
2020,22058200,6.709245917
2019,22059100,13.201694047
2020,22059100,14.033008295
2019,22059200,7.237412297
2020,22059200,8.224907242
2019,22059300,5.152134635
2020,22059300,5.654544427
2019,22060100,16.349794508
2020,22060100,18.320050217
2019,22061100,28.60951523
2020,22061100,30.218927
2019,22061200,22.14499546
2020,22061200,24.24627601
2019,22062100,12.993679551
2020,22062100,15.184563272
2019,22062200,16.127004975
2020,22062200,16.476282029
2019,22063100,19.143375932
2020,22063100,20.574885813
2019,22063200,9.402765006
2020,22063200,9.458897741
2019,22064100,15.976034535
2020,22064100,19.341690178
2019,22064200,10.14135717
2020,22064200,11.5331221
2019,22064300,9.248255051
2020,22064300,11.549183349
2019,22064400,12.356949424
2020,22064400,11.993784396
2019,22065100,15.984179001
2020,22065100,16.974089336
2019,22065200,27.302804851
2020,22065200,27.889582636
2019,22065300,25.301443728
2020,22065300,27.827865174
2019,22066100,6.030773136
2020,22066100,6.015088088
2019,22066200,12.784764098
2020,22066200,13.356102278
2019,22066300,7.607998347
2020,22066300,8.092701845
2019,22067100,13.36355957
2020,22067100,13.81273771
2019,22068100,8.54215466
2020,22068100,10.473575323
2019,22069100,10.201995096
2020,22069100,12.864246858
2019,22070100,21.70121262
2020,22070100,23.9879827
2019,22071100,7.214098148
2020,22071100,7.914221939
2019,22071200,40.07921758
2020,22071200,44.53120868
2019,22072100,12.278027053
2020,22072100,14.616181097
2019,22073100,9.033649101
2020,22073100,10.544154244
2019,22073200,5.526056699
2020,22073200,4.935885816
2019,22073300,23.31296667
2020,22073300,25.24656954
2019,22074100,8.178703434
2020,22074100,8.377678908
2019,22074200,2.075856178
2020,22074200,2.571927225
2019,22075100,24.69386068
2020,22075100,26.41449762
2019,22075200,17.742055295
2020,22075200,19.517487189
2019,22076100,12.40257369
2020,22076100,14.154328929
2019,22076200,11.837621247
2020,22076200,13.19757415
2019,22077100,19.1804982
2020,22077100,21.91497593
2019,22078100,14.569217775
2020,22078100,15.462112096
2019,22079100,52.90172499
2020,22079100,57.57772469
2019,22080100,28.38056851
2020,22080100,31.08589094
2019,22081100,52.73906274
2020,22081100,57.23668318
2019,22082100,19.795081504
2020,22082100,21.317366834
2019,22082200,28.91044909
2020,22082200,30.58448249
2019,22083100,26.70066424
2020,22083100,27.97722876
2019,22083200,25.19742987
2020,22083200,27.05468817
2019,22084100,9.309093918
2020,22084100,8.337717075
2019,22085100,40.1951954
2020,22085100,45.4633735
2019,22086100,12.314890257
2020,22086100,13.27077955
2019,22086200,2.689890913
2020,22086200,2.853044638
2019,22087100,18.169958374
2020,22087100,22.44177846
2019,22087200,5.395635062
2020,22087200,4.316532312
2019,22087300,28.61142276
2020,22087300,31.13771709
2019,22088100,20.694807747
2020,22088100,19.03951793
2019,22088200,10.212246043
2020,22088200,10.672620699
2019,22088300,6.834894513
2020,22088300,7.720433505
2019,22088400,7.482807936
2020,22088400,7.892222837
2019,22089100,29.48426212
2020,22089100,31.7975037
2019,22090100,22.558127369
2020,22090100,23.4386477
2019,22090200,14.434302832
2020,22090200,14.77500111
2019,22090300,5.84428599
2020,22090300,6.966102063
2019,22090400,9.985703907
2020,22090400,9.760808087
2019,22091100,17.557187867
2020,22091100,18.479263748
2019,22091200,8.042436373
2020,22091200,8.970445052
2019,22091300,23.201690847
2020,22091300,25.647405262
2019,22091400,1.229137552
2020,22091400,1.981831479
2019,22092100,37.96318972
2020,22092100,39.05964127
2019,22092200,16.166130004
2020,22092200,15.126092134
2019,22092300,0.008841688
2020,22092300,0.008841688
2019,22093100,62.54337371
2020,22093100,67.29720711
2019,22094100,13.770532222
2020,22094100,14.001906442
2019,22094200,8.510080394
2020,22094200,8.742966027
2019,22094300,8.630894927
2020,22094300,8.94010158
2019,22095100,13.055310903
2020,22095100,15.002066749
2019,22095200,14.771643468
2020,22095200,14.943584872
2019,22095300,11.090031516
2020,22095300,11.332743257
2019,22096100,15.424566256
2020,22096100,17.327139769
2019,22096200,17.347029084
2020,22096200,20.665371355
2019,22096300,17.889535612
2020,22096300,21.226373566
2019,22097100,7.644169163
2020,22097100,7.510673463
2019,22097200,15.305691331
2020,22097200,15.749438643
2019,22097300,16.807628587
2020,22097300,15.738785723
2019,22098100,35.69205507
2020,22098100,38.5647497
2019,22099100,29.29930823
2020,22099100,33.26209448
2019,22100100,17.441848037
2020,22100100,18.725614307
2019,22100200,3.06929916
2020,22100200,2.046506581
2019,22100300,13.678503308
2020,22100300,16.329940638
2019,22101100,0
2020,22101100,0
2019,22101200,13.282251563
2020,22101200,15.390220389
2019,22102100,14.403909024
2020,22102100,16.991604678
2019,22103100,25.618937237
2020,22103100,27.50093429
2019,22103200,19.403988562
2020,22103200,22.109174745
2019,22103300,22.95879633
2020,22103300,22.55224312
2019,22103400,27.74304905
2020,22103400,28.55420402
2019,22104100,17.66256421
2020,22104100,18.812694774
2019,22104200,13.574828488
2020,22104200,13.477560402
2019,22105100,16.454955841
2020,22105100,18.036127889
2019,22105200,3.348480116
2020,22105200,3.127799638
2019,22105300,8.880742737
2020,22105300,9.24689457
2019,22106100,0.327206215
2020,22106100,0.767943957
2019,22106200,0.442304073
2020,22106200,1.148265786
2019,22106300,3.890914825
2020,22106300,3.952025816
2019,22106400,11.455853242
2020,22106400,13.628529007
2019,22106500,1.411590288
2020,22106500,1.477076128
2019,22107100,13.272307297
2020,22107100,17.140874287
2019,22107200,1.748974763
2020,22107200,1.618254988
2019,22107300,23.838431095
2020,22107300,25.168488912
2019,22107400,29.57198079
2020,22107400,31.01672787
2019,22108100,18.452469692
2020,22108100,19.798910266
2019,22108200,11.356269665
2020,22108200,12.250154755
2019,22108300,14.464015819
2020,22108300,17.573527207
2019,22109100,57.20492736
2020,22109100,61.09754658
2019,22110100,5.54689351
2020,22110100,5.782660743
2019,22110200,8.522919925
2020,22110200,9.670961901
2019,22110300,3.373803787
2020,22110300,3.570845806
2019,22110400,21.48789354
2020,22110400,22.15082007
2019,22110500,7.723123941
2020,22110500,6.999750528
2019,22111100,13.906445924
2020,22111100,17.374932746
2019,22111200,4.661302213
2020,22111200,5.426767573
2019,22111300,8.608846055
2020,22111300,9.925309355
2019,22112100,23.53674731
2020,22112100,25.25394209
2019,22113100,17.079233775
2020,22113100,18.880521444
2019,22113200,35.06919345
2020,22113200,39.22503306
2019,22113300,5.689444801
2020,22113300,5.473707264
2019,22113400,6.298200089
2020,22113400,7.638356884
2019,22113500,28.79949178
2020,22113500,30.96715229
2019,22114100,16.641235886
2020,22114100,17.358608144
2019,22114200,8.291088558
2020,22114200,7.88938807
2019,22115100,7.482650709
2020,22115100,8.585668984
2019,22115200,12.495765456
2020,22115200,12.967430101
2019,22115300,8.890866814
2020,22115300,9.299559707
2019,22116100,31.94117953
2020,22116100,37.07749125
2019,22117100,21.421663767
2020,22117100,23.27722769
2019,22117200,17.515923121
2020,22117200,18.239135639
2019,22117300,16.785203814
2020,22117300,17.924982924
2019,22117400,2.399421876
2020,22117400,3.431761207
2019,22118100,14.382988934
2020,22118100,13.944470555
2019,22118200,24.64400007
2020,22118200,26.12215083
2019,22118300,19.401451064
2020,22118300,19.153937849
2019,22119100,31.95727754
2020,22119100,33.91141209
2019,22120100,16.277806775
2020,22120100,17.852533789
2019,22120200,10.407203475
2020,22120200,10.158566057
2019,22121100,7.85321937
2020,22121100,7.302675725
2019,22121200,7.530298853
2020,22121200,8.291121905
2019,22121300,1.215127218
2020,22121300,1.499830086
2019,22121400,4.723909113
2020,22121400,5.06820436
2019,22121500,17.785416077
2020,22121500,20.382900953
2019,22121600,7.626250785
2020,22121600,7.699204949
2019,22122100,21.587820898
2020,22122100,24.70027031
2019,22122200,4.341332002
2020,22122200,4.462418916
2019,22122300,6.592883558
2020,22122300,6.537428324
2019,22123100,9.600203934
2020,22123100,8.020674027
2019,22123200,12.423673975
2020,22123200,14.034094526
2019,22123300,7.144491614
2020,22123300,7.6390516
2019,22123400,15.565245103
2020,22123400,15.324371767
2019,22123500,10.69561727
2020,22123500,11.351936287
2019,22124100,33.23256844
2020,22124100,35.52868716
2019,22124200,12.687421387
2020,22124200,13.31613165
2019,22124300,13.525177481
2020,22124300,15.66976506
2019,22125100,39.00285799
2020,22125100,41.688793
2019,22126100,38.85432817
2020,22126100,39.86384009
2019,22127100,35.66638313
2020,22127100,39.92995309
2019,22127200,20.17592985
2020,22127200,22.11728461
2019,22128100,27.59543482
2020,22128100,27.30711533
2019,22128200,10.436700463
2020,22128200,11.35795989
2019,22129100,17.826277002
2020,22129100,18.498487605
2019,22129200,8.204960766
2020,22129200,7.229577818
2019,22130100,8.147031287
2020,22130100,8.818569762
2019,22130200,22.68389918
2020,22130200,25.07895465
2019,22130300,8.576259585
2020,22130300,9.257705107
2019,22131100,5.901590981
2020,22131100,6.013153174
2019,22131200,16.482307063
2020,22131200,17.148405319
2019,22132100,4.646947384
2020,22132100,4.109696903
2019,22133100,16.819141592
2020,22133100,18.602925925
2019,22133200,5.473825286
2020,22133200,5.866045393
2019,22133300,3.054348588
2020,22133300,3.957038216
2019,22133400,10.673861048
2020,22133400,11.607155618
2019,22134100,9.155725395
2020,22134100,10.565569536
2019,22134200,3.147516698
2020,22134200,2.987549488
2019,22134300,4.423938486
2020,22134300,4.855590621
2019,22134400,19.818358293
2020,22134400,21.693085825
2019,22134500,11.03090487
2020,22134500,11.72115108
2019,22135100,14.229937138
2020,22135100,15.027832347
2019,22135200,11.408895423
2020,22135200,13.208157591
2019,22135300,14.198510585
2020,22135300,14.781411785
2019,22135400,20.8780754
2020,22135400,22.32368059
2019,22136100,19.486758531
2020,22136100,21.128879062
2019,22136200,12.110927659
2020,22136200,12.712918131
2019,22137100,29.2143517
2020,22137100,31.12856881
2019,22138100,13.923530522
2020,22138100,14.453662834
2019,22138200,37.72316116
2020,22138200,38.66374763
2019,22139100,7.883842527
2020,22139100,9.096462264
2019,22139200,7.217425268
2020,22139200,7.50075222
2019,22139300,10.221322823
2020,22139300,11.718313845
2019,22139400,9.351297979
2020,22139400,10.748280863
2019,22139500,7.02874568
2020,22139500,7.512110226
2019,22139600,8.207698805
2020,22139600,8.197107947
2019,22139700,7.097960357
2020,22139700,8.211419963
2019,22140100,26.27080222
2020,22140100,28.69230989
2019,22140200,16.432516449
2020,22140200,16.387015769
2019,22141100,48.28989094
2020,22141100,52.76870397
2019,22142100,13.59409717
2020,22142100,14.520858194
2019,22142200,11.056767911
2020,22142200,13.177463696
2019,22143100,17.361401889
2020,22143100,19.874862648
2019,22143200,25.31929449
2020,22143200,26.53966757
2019,22144100,19.022515384
2020,22144100,20.77873113
2019,22145100,31.05851259
2020,22145100,30.45419555
2019,22145200,42.6932032
2020,22145200,46.90129553
2019,22145300,50.6436788
2020,22145300,54.22646154
2019,22146100,19.998070619
2020,22146100,21.65067601
2019,22146200,16.055675295
2020,22146200,16.858112064
2019,22146300,13.469681355
2020,22146300,14.592923
2019,22147100,6.332779088
2020,22147100,6.182894923
2019,22147200,16.873498012
2020,22147200,18.150094419
2019,22147300,22.35418181
2020,22147300,22.73238853
2019,22148100,23.14974694
2020,22148100,26.62428753
2019,22148200,11.439845903
2020,22148200,18.028971086
2019,22149100,22.58038759
2020,22149100,24.46059388
2019,22149200,9.618030098
2020,22149200,9.31566668
2019,22149300,9.001346427
2020,22149300,9.795276073
2019,22150100,3.921052808
2020,22150100,4.501524874
2019,22150200,16.338036673
2020,22150200,16.347268475
2019,22150300,25.61201159
2020,22150300,27.04455673
2019,22150400,7.448578045
2020,22150400,7.848211234
2019,22151100,10.962089578
2020,22151100,11.621412861
2019,22151200,5.520823746
2020,22151200,5.793738973
2019,22151300,12.839536967
2020,22151300,13.929554352
2019,22151400,13.65543187
2020,22151400,13.97917275
2019,22151500,16.347200073
2020,22151500,17.541231836
2019,22152100,23.44762542
2020,22152100,24.36809291
2019,22152200,30.57703472
2020,22152200,33.64705813
2019,22153100,13.720540188
2020,22153100,14.925270873
2019,22153200,13.39487104
2020,22153200,15.312666876
2019,22153300,9.15386989
2020,22153300,10.40717899
2019,22154100,22.64348548
2020,22154100,26.01569429
2019,22155100,15.342323993
2020,22155100,17.044581146
2019,22155200,9.730428709
2020,22155200,10.274920105
2019,22155300,21.80639912
2020,22155300,22.33776085
2019,22155400,8.766758415
2020,22155400,9.459715707
2019,22155500,6.463016439
2020,22155500,6.71033985
2019,22156100,14.059668541
2020,22156100,15.068610648
2019,22156200,16.120227327
2020,22156200,17.47452417
2019,22157100,30.80832408
2020,22157100,30.94065883
2019,22158100,23.76830468
2020,22158100,23.599501268
2019,22158200,18.037325476
2020,22158200,17.563562867
2019,22158300,7.275837609
2020,22158300,8.014354459
2019,22159100,34.34679268
2020,22159100,36.55161354
2019,22159200,26.4487511
2020,22159200,29.57292067
2019,22160100,14.54569552
2020,22160100,15.04425165
2019,22160200,10.196355696
2020,22160200,11.008686087
2019,22161100,19.507926254
2020,22161100,20.753520095
2019,22162100,32.29891707
2020,22162100,33.86866632
2019,22163100,12.375075019
2020,22163100,13.669475117
2019,22163200,12.479000374
2020,22163200,14.361081212
2019,22163300,29.6875578
2020,22163300,31.1199918
2019,22164100,13.048675811
2020,22164100,13.832714461
2019,22164200,18.030080988
2020,22164200,17.416513355
2019,22164300,7.250299625
2020,22164300,5.592419636
2019,22165100,26.96109638
2020,22165100,29.52850662
2019,22166100,16.185962283
2020,22166100,17.768499374
2019,22166200,6.990368807
2020,22166200,6.553218107
2019,22166300,8.686682895
2020,22166300,9.327762791
2019,22166400,6.164437986
2020,22166400,5.585692919
2019,22167100,6.233862776
2020,22167100,6.831225425
2019,22167200,7.743666289
2020,22167200,8.402900782
2019,22167300,13.889545881
2020,22167300,14.649034687
2019,22167400,3.501726409
2020,22167400,2.779666144
2019,22167500,14.24613648
2020,22167500,15.851224927
2019,22168100,15.946383881
2020,22168100,15.677026694
2019,22168200,11.304644515
2020,22168200,10.501810821
2019,22168300,10.936628257
2020,22168300,11.23023611
2019,22168400,9.38490146
2020,22168400,7.616795574
2019,22169100,18.52540649
2020,22169100,20.37622948
2019,22169200,7.16581549
2020,22169200,6.403488238
2019,22170100,12.898456289
2020,22170100,12.948139778
2019,22170200,15.945863079
2020,22170200,17.414327789
2019,22171100,19.487490874
2020,22171100,18.562005109
2019,22171200,11.582140069
2020,22171200,11.477225368
2019,22172100,14.91695729
2020,22172100,15.14188055
2019,22172200,3.425792631
2020,22172200,2.514838797
2019,22173100,3.36108139
2020,22173100,4.083981873
2019,22173200,7.724289296
2020,22173200,6.164326775
2019,22173300,13.366415371
2020,22173300,13.86440959
2019,22173400,18.783757165
2020,22173400,18.637736052
2019,22173500,22.358104104
2020,22173500,22.387534992
2019,22174100,18.814604287
2020,22174100,20.794141835
2019,22174200,16.724160871
2020,22174200,19.149691397
2019,22174300,0.49971154
2020,22174300,0.555917433
2019,22174400,0
2020,22174400,0
2019,22175100,11.826279793
2020,22175100,12.062090625
2019,22175200,16.604411329
2020,22175200,17.375886223
2019,22176100,10.361778665
2020,22176100,10.779053857
2019,22176200,12.163560162
2020,22176200,13.637918848
2019,22177100,8.786547043
2020,22177100,7.556963585
2019,22177200,13.161141034
2020,22177200,15.072834424
2019,22177300,16.920481234
2020,22177300,17.394295279
2019,22178100,10.280131031
2020,22178100,9.475335018
2019,22178200,13.731094193
2020,22178200,14.693163292
2019,22178300,11.192285391
2020,22178300,13.126095871
2019,22179100,13.939300625
2020,22179100,14.103943506
2019,22179200,8.953048184
2020,22179200,9.620920635
2019,22179300,9.231062076
2020,22179300,9.661502029
2019,22179400,0.234786037
2020,22179400,0.166867062
2019,22180100,25.86970046
2020,22180100,23.8078865
2019,22180200,23.203094004
2020,22180200,26.94823881
2019,22181100,25.07138281
2020,22181100,29.27454889
2019,22182100,11.883215126
2020,22182100,12.404882784
2019,22182200,4.385700335
2020,22182200,3.045439627
2019,22182300,33.32177112
2020,22182300,35.57828209
2019,22182400,3.690087533
2020,22182400,2.855113052
2019,22183100,24.60034493
2020,22183100,24.83558854
2019,22183200,13.852063017
2020,22183200,12.984661579
2019,22183300,6.985521172
2020,22183300,6.18457159
2019,22184100,27.83853617
2020,22184100,30.3752114
2019,22184200,37.90706042
2020,22184200,40.19887413
2019,22185100,33.18348054
2020,22185100,34.94431411
2019,22186100,11.363762807
2020,22186100,13.53381476
2019,22186200,35.96277575
2020,22186200,37.90690595
2019,22187100,15.36092434
2020,22187100,15.147795835
2019,22187200,24.43173912
2020,22187200,24.55399348
2019,22188100,23.93312611
2020,22188100,23.20903523
2019,22188200,2.889717251
2020,22188200,2.956258067
2019,22189100,17.125711364
2020,22189100,16.750867984
2019,22189200,9.362526427
2020,22189200,10.004863923
2019,22189300,11.235510405
2020,22189300,11.933223558
2019,22190100,18.170068661
2020,22190100,19.512180859
2019,22190200,18.31532511
2020,22190200,19.83080318
2019,22191100,20.615583106
2020,22191100,24.17578369
2019,22191200,16.050789592
2020,22191200,15.9008838
2019,22192100,32.40002925
2020,22192100,34.11207666
2019,22192200,1.523315967
2020,22192200,2.119291847
2019,22193100,24.1134755
2020,22193100,27.15882216
2019,22193200,6.194043173
2020,22193200,6.124024124
2019,22194100,7.120904418
2020,22194100,5.840991403
2019,22194200,13.688985456
2020,22194200,13.844247712
2019,22195100,8.515141015
2020,22195100,9.342980348
2019,22196100,0.107179527
2020,22196100,0.040747295
2019,22197100,24.7916665
2020,22197100,26.89101128
2019,22198100,26.46748766
2020,22198100,27.41672664
2019,22198200,22.69925672
2020,22198200,22.79369222
2019,22198300,15.312247876
2020,22198300,17.30541656
2019,22199100,18.336126022
2020,22199100,18.892851458
2019,22199200,11.389043115
2020,22199200,11.2310565
2019,22200100,4.118188897
2020,22200100,5.39918284
2019,22200200,25.12428416
2020,22200200,25.8769249
2019,22201100,8.212749277
2020,22201100,8.525746299
2019,22201200,8.771759408
2020,22201200,10.733384227
2019,22201300,8.014222061
2020,22201300,9.883147385
2019,22202100,10.480595505
2020,22202100,10.472465875
2019,22202200,12.344804023
2020,22202200,12.207388521
2019,22202300,17.840356844
2020,22202300,18.293011611
2019,22202400,9.260216433
2020,22202400,9.796787967
2019,22203100,17.932351363
2020,22203100,19.327873051
2019,22203200,27.87900748
2020,22203200,28.20513918
2019,22204100,36.76813847
2020,22204100,44.17761588
2019,22204200,8.571084783
2020,22204200,9.440181754
2019,22205100,36.42371594
2020,22205100,38.33602671
2019,22206100,20.059425583
2020,22206100,21.64526327
2019,22206200,8.001239827
2020,22206200,9.706802562
2019,22206300,19.298980394
2020,22206300,20.383896325
2019,22207100,4.71725595
2020,22207100,5.55057586
2019,22207200,6.763449554
2020,22207200,7.682493555
2019,22207300,5.788287766
2020,22207300,7.428677158
2019,22208100,25.11859284
2020,22208100,26.68228916
2019,22208200,14.247120616
2020,22208200,15.715343526
2019,22208300,6.214433458
2020,22208300,5.723467443
2019,22208400,10.470540228
2020,22208400,12.07726837
2019,22208500,16.294018815
2020,22208500,17.664202078
2019,22209100,28.77936216
2020,22209100,30.50599831
2019,22209200,30.69144884
2020,22209200,32.32611768
2019,22209300,7.852238425
2020,22209300,7.089244312
2019,22209400,6.612161889
2020,22209400,4.785595335
2019,22209500,13.839470396
2020,22209500,13.899346795
2019,22210100,11.691544011
2020,22210100,13.06396335
2019,22210200,1.93390864
2020,22210200,1.760967919
2019,22210300,7.738995598
2020,22210300,7.59735372
2019,22210400,7.465500619
2020,22210400,8.595699891
2019,22211100,16.460403612
2020,22211100,17.039496625
2019,22211200,23.61985963
2020,22211200,25.2292174
2019,22211300,6.136457453
2020,22211300,6.62807738
2019,22212100,23.00322002
2020,22212100,25.14406345
2019,22212200,21.79808387
2020,22212200,23.35149014
2019,22213100,14.052139278
2020,22213100,15.325367466
2019,22214100,15.670117557
2020,22214100,16.859209398
2019,22214200,6.294256665
2020,22214200,6.837520631
2019,22214300,5.257532437
2020,22214300,5.447486164
2019,22214400,1.650628659
2020,22214400,1.832914336
2019,22215100,20.54575719
2020,22215100,23.57640358
2019,22216100,12.05849415
2020,22216100,10.261436444
2019,22216200,23.82798937
2020,22216200,24.97005043
2019,22217100,9.143426273
2020,22217100,6.695353885
2019,22217200,11.92702323
2020,22217200,12.700039824
2019,22217300,26.79771888
2020,22217300,27.77322189
2019,22217400,24.62741725
2020,22217400,26.38610951
2019,22218100,16.857894895
2020,22218100,17.086517929
2019,22218200,0.485176994
2020,22218200,0.172186684
2019,22218300,0
2020,22218300,0
2019,22219100,18.306724743
2020,22219100,19.540546854
2019,22219200,7.755861103
2020,22219200,8.239792527
2019,22219300,17.44443437
2020,22219300,17.532571172
2019,22220100,18.706425413
2020,22220100,18.235472289
2019,22221100,4.988512472
2020,22221100,5.946012379
2019,22221200,6.038849622
2020,22221200,6.03181651
2019,22221300,10.612171683
2020,22221300,11.815608268
2019,22221400,3.924877519
2020,22221400,3.554861816
2019,22222100,9.805453195
2020,22222100,11.102271568
2019,22222200,3.659284239
2020,22222200,4.68575796
2019,22222300,9.523987189
2020,22222300,9.098722916
2019,22222400,13.624430443
2020,22222400,15.837993805
2019,22223100,14.025248311
2020,22223100,15.231375263
2019,22223200,4.158521345
2020,22223200,4.153390578
2019,22223300,8.712637841
2020,22223300,9.821626478
2019,22223400,2.39967188
2020,22223400,2.652243138
2019,22224100,6.07390957
2020,22224100,7.748389383
2019,22224200,9.720456773
2020,22224200,10.859756305
2019,22225100,18.620490104
2020,22225100,20.543150535
2019,22225200,7.07183681
2020,22225200,7.720186021
2019,22225300,12.689647295
2020,22225300,13.733690954
2019,22226100,14.498087356
2020,22226100,14.700935803
2019,22226200,14.820543514
2020,22226200,16.435292467
2019,22226300,8.221019886
2020,22226300,8.139815003
2019,22227100,11.832162374
2020,22227100,13.184208299
2019,22227200,12.417382883
2020,22227200,14.636208463
2019,22228100,11.662289843
2020,22228100,13.451458195
2019,22228200,6.097962028
2020,22228200,6.117965069
2019,22229100,2.063464846
2020,22229100,4.023964873
2019,22229200,16.178035952
2020,22229200,16.212469459
2019,22229300,17.734939786
2020,22229300,18.520594394
2019,22230100,25.12743085
2020,22230100,27.000391
2019,22230200,4.612751352
2020,22230200,4.473148637
2019,22230300,6.384073791
2020,22230300,6.738516925
2019,22231100,8.995767446
2020,22231100,10.187794114
2019,22231200,23.94398518
2020,22231200,25.06580553
2019,22231300,32.34678974
2020,22231300,34.59362236
2019,22231400,16.776111856
2020,22231400,17.250014361
2019,22231500,15.056786415
2020,22231500,16.223811227
2019,22232100,12.215565355
2020,22232100,12.82235855
2019,22232200,14.89760987
2020,22232200,15.265851677
2019,22233100,12.318915451
2020,22233100,12.835397837
2019,22233200,8.707367906
2020,22233200,8.027117705
2019,22233300,11.797483759
2020,22233300,12.474277063
2019,22233400,19.154480122
2020,22233400,20.729402192
2019,22234100,9.018041999
2020,22234100,9.813118499
2019,22234200,3.687576399
2020,22234200,3.347583836
2019,22234300,4.22197932
2020,22234300,4.175823417
2019,22235100,17.549671406
2020,22235100,18.162582912
2019,22235200,9.184591278
2020,22235200,7.947937111
2019,22235300,9.036788748
2020,22235300,10.740383604
2019,22236100,18.490989156
2020,22236100,19.410237893
2019,22236200,10.895714863
2020,22236200,13.483974041
2019,22236300,8.767791387
2020,22236300,10.837950588
2019,22236400,10.184144337
2020,22236400,10.939837756
2019,22237100,8.23698806
2020,22237100,8.858798586
2019,22238100,13.374763943
2020,22238100,15.087427931
2019,22238200,11.574115276
2020,22238200,12.83501369
2019,22238300,13.949965934
2020,22238300,14.534761798
2019,22239100,10.343434343
2020,22239100,10.495858193
2019,22239200,13.336603091
2020,22239200,14.732532382
2019,22240100,12.320801432
2020,22240100,12.279028342
2019,22240200,13.908903525
2020,22240200,14.899860551
2019,22240300,33.68834892
2020,22240300,34.93400869
2019,22241100,27.94383643
2020,22241100,26.62396272
2019,22241200,10.865424661
2020,22241200,11.577539241
2019,22241300,8.260972501
2020,22241300,9.276012735
2019,22242100,10.042119952
2020,22242100,11.205386946
2019,22242200,7.998265829
2020,22242200,5.807458915
2019,22242300,3.468204808
2020,22242300,3.386359009
2019,22242400,8.244376077
2020,22242400,8.598338961
2019,22243100,14.205718516
2020,22243100,15.552303959
2019,22243200,22.4042355
2020,22243200,23.61671028
2019,22243300,18.286128534
2020,22243300,19.941593788
2019,22243400,8.153716941
2020,22243400,9.516259861
2019,22244100,14.114653344
2020,22244100,16.423464031
2019,22245100,21.79875023
2020,22245100,22.951227909
2019,22245200,8.823036755
2020,22245200,9.377473303
2019,22246100,11.860362169
2020,22246100,12.935768292
2019,22246200,14.689452969
2020,22246200,15.853377991
2019,22246300,8.280936628
2020,22246300,8.32018824
2019,22246400,7.951256542
2020,22246400,8.246953588
2019,22247100,9.804667643
2020,22247100,10.683384964
2019,22247200,11.39308361
2020,22247200,12.348271012
2019,22247300,22.60810032
2020,22247300,21.5959534
2019,22248100,23.62678228
2020,22248100,25.61531346
2019,22248200,20.157753286
2020,22248200,22.01713424
2019,22249100,10.740675743
2020,22249100,12.265202182
2019,22249200,12.408762756
2020,22249200,13.518759898
2019,22249300,16.947768452
2020,22249300,17.986447236
2019,22249400,8.438761721
2020,22249400,8.184564164
2019,22249500,5.103758504
2020,22249500,4.567123748
2019,22250100,7.679310728
2020,22250100,8.256226115
2019,22250200,5.791621051
2020,22250200,7.331806514
2019,22250300,5.360315805
2020,22250300,5.545695782
2019,22250400,10.194502375
2020,22250400,10.787389254
2019,22251100,22.930095826
2020,22251100,24.46463885
2019,22252100,25.15613342
2020,22252100,25.08467541
2019,22252200,8.83117338
2020,22252200,9.544499222
2019,22253100,43.33215304
2020,22253100,44.94652907
2019,22253200,22.239113312
2020,22253200,23.84941553
2019,22253300,9.662258872
2020,22253300,9.602379176
2019,22254100,17.406368241
2020,22254100,18.704791798
2019,22255100,21.009266657
2020,22255100,21.78485908
2019,22255200,9.078607196
2020,22255200,9.969579272
2019,22255300,20.618248102
2020,22255300,21.571127769
2019,22255400,6.9342412
2020,22255400,7.250257324
2019,22255500,0
2020,22255500,0
2019,22256100,29.2893144
2020,22256100,30.44104836
2019,22256200,10.518896586
2020,22256200,11.725359986
2019,22257100,29.06519419
2020,22257100,31.01027424
2019,22258100,37.2381737
2020,22258100,38.05934133
2019,22259100,30.63018728
2020,22259100,32.69135105
2019,22259200,26.0180246
2020,22259200,31.38175914
2019,22260100,6.169885251
2020,22260100,6.682472925
2019,22260200,23.72624769
2020,22260200,25.34827436
2019,22261100,9.947096662
2020,22261100,11.191021718
2019,22261200,4.18281219
2020,22261200,4.586515604
2019,22261300,10.118824281
2020,22261300,10.645749878
2019,22262100,10.943321959
2020,22262100,11.580678156
2019,22262200,0
2020,22262200,0
2019,22262300,11.79171425
2020,22262300,10.768144293
2019,22263100,0.080336999
2020,22263100,0.080336999
2019,22264100,1.895716644
2020,22264100,1.477084537
2019,22264200,13.731687856
2020,22264200,14.340388283
2019,22265100,20.446510936
2020,22265100,22.271569862
2019,22265200,18.787705199
2020,22265200,19.091453089
2019,22265300,40.11148916
2020,22265300,42.40867711
2019,22266100,7.332605209
2020,22266100,7.835884071
2019,22266200,2.585194969
2020,22266200,2.101169426
2019,22267100,9.034791535
2020,22267100,10.373452767
2019,22267200,14.70009037
2020,22267200,14.038215607
2019,22268100,23.299880387
2020,22268100,22.234981876
2019,22268200,16.422368092
2020,22268200,18.863761436
2019,22269100,22.58116452
2020,22269100,24.29132249
2019,22270100,21.961548019
2020,22270100,24.08362213
2019,22270200,10.066005881
2020,22270200,9.863750159
2019,22270300,12.959674771
2020,22270300,14.23731816
2019,22271100,8.29821076
2020,22271100,8.754841674
2019,22271200,13.976395481
2020,22271200,14.882175486
2019,22271300,17.426753272
2020,22271300,21.069238565
2019,22272100,8.55417117
2020,22272100,9.669336875
2019,22272200,8.498063302
2020,22272200,10.952815292
2019,22272300,22.22430936
2020,22272300,23.6164401
2019,22272400,22.10589736
2020,22272400,23.51141819
2019,22273100,7.148334435
2020,22273100,6.61727751
2019,22273200,8.698538341
2020,22273200,9.690052324
2019,22273300,8.739419092
2020,22273300,9.915808998
2019,22274100,15.845676552
2020,22274100,18.186051817
2019,22274200,11.238121999
2020,22274200,12.655949767
2019,22275100,0.502991359
2020,22275100,0.178797355
2019,22275200,0.346222297
2020,22275200,0.310288647
2019,22275300,1.202363859
2020,22275300,1.322895111
2019,22276100,8.262253392
2020,22276100,10.661116784
2019,22276200,10.63870859
2020,22276200,12.143033631
2019,22276300,11.987708016
2020,22276300,11.57237383
2019,22277100,14.295159088
2020,22277100,15.379441954
2019,22278100,26.60152533
2020,22278100,29.06264851
2019,22279100,14.284080746
2020,22279100,15.41940783
2019,22279200,19.03262439
2020,22279200,20.731586025
2019,22279300,10.903170746
2020,22279300,11.255785662
2019,22279400,21.005430108
2020,22279400,23.33886202
2019,22280100,8.404053318
2020,22280100,9.068809622
2019,22280200,9.134448617
2020,22280200,9.229956455
2019,22281100,1.182608846
2020,22281100,0.962080131
2019,22282100,15.485928037
2020,22282100,15.625379508
2019,22282200,8.174214617
2020,22282200,8.667717594
2019,22282300,5.741006164
2020,22282300,6.550180654
2019,22283100,12.455598267
2020,22283100,21.053201044
2019,22284100,16.275972993
2020,22284100,16.1543716
2019,22284200,19.804432673
2020,22284200,19.762462935
2019,22284300,15.687096786
2020,22284300,15.4198249
2019,22285100,0.099604882
2020,22285100,0.099153431
2019,22285200,0.027463787
2020,22285200,0.053512129
2019,22286100,4.233421243
2020,22286100,5.232072033
2019,22286200,20.524008941
2020,22286200,21.91875178
2019,22287100,30.64940962
2020,22287100,31.13707479
2019,22288100,14.955709284
2020,22288100,21.5366551
2019,22288200,10.860640749
2020,22288200,10.200447585
2019,22289100,9.11540268
2020,22289100,9.400172947
2019,22289200,15.136558523
2020,22289200,15.41303196
2019,22289300,9.531277351
2020,22289300,9.982846101
2019,22289400,14.269354236
2020,22289400,15.860297258
2019,22290100,8.980787919
2020,22290100,9.992216728
2019,22290200,19.016939429
2020,22290200,19.41409739
2019,22291100,8.397737727
2020,22291100,8.772168181
2019,22291200,15.902863815
2020,22291200,16.905714221
2019,22292100,19.037017447
2020,22292100,19.996710849
2019,22292200,5.884577004
2020,22292200,6.863477689
2019,22292300,5.553431887
2020,22292300,6.037558457
2019,22293100,13.436718389
2020,22293100,13.805386342
2019,22293200,25.50559598
2020,22293200,28.77562851
2019,22293300,15.440361854
2020,22293300,16.729048286
2019,22294100,17.576891614
2020,22294100,18.857405869
2019,22295100,19.985159028
2020,22295100,21.481700321
2019,22296100,27.05576546
2020,22296100,28.49505323
2019,22296200,12.133048147
2020,22296200,12.186124757
2019,22297100,8.691199204
2020,22297100,8.955274836
2019,22297200,12.696459483
2020,22297200,12.698154308
2019,22297300,8.605278829
2020,22297300,9.385719444
2019,22298100,26.796845731
2020,22298100,23.391242365
2019,22298200,12.22205474
2020,22298200,13.020654253
2019,22299100,8.675534
2020,22299100,9.268930027
2019,22299200,3.770557628
2020,22299200,3.211040913
2019,22300100,19.78221859
2020,22300100,22.70618371
2019,22300200,12.743836118
2020,22300200,13.277442004
2019,22300300,10.091785563
2020,22300300,10.397477264
2019,22301100,6.913982526
2020,22301100,7.842798106
2019,22301200,11.840392061
2020,22301200,13.774833099
2019,22301300,12.652511196
2020,22301300,13.608268454
2019,22301400,10.270861715
2020,22301400,11.076182629
2019,22302100,10.201894148
2020,22302100,9.860882456
2019,22302200,8.780166055
2020,22302200,8.839728295
2019,22302300,19.950788536
2020,22302300,20.727663834
2019,22302400,13.842778872
2020,22302400,14.974423361
2019,22303100,0.048574102
2020,22303100,0.056443456
2019,22304100,0.203151693
2020,22304100,0.183215243
2019,22305100,23.914788131
2020,22305100,22.549950579
2019,22305200,14.840351329
2020,22305200,14.985404553
2019,22305300,18.940867031
2020,22305300,18.753871157
2019,22306100,15.023136724
2020,22306100,14.829389943
2019,22306200,12.121497815
2020,22306200,13.03808469
2019,22306300,8.969865136
2020,22306300,8.667128052
2019,22306400,15.519317683
2020,22306400,16.845660728
2019,22306500,8.899106079
2020,22306500,8.928798409
2019,22307100,4.9980374
2020,22307100,5.281935263
2019,22307200,0.008446084
2020,22307200,0.012400087
2019,22307300,0.692101864
2020,22307300,0.536322542
2019,22307400,1.453284739
2020,22307400,1.38442344
2019,22308100,28.97340541
2020,22308100,33.03328775
2019,22309100,4.483118282
2020,22309100,3.840724449
2019,22309200,17.95919311
2020,22309200,19.609272757
2019,22309300,10.592232466
2020,22309300,11.46595492
2019,22309400,21.821690835
2020,22309400,24.599220479
2019,22309500,9.087571872
2020,22309500,9.561814846
2019,22309600,4.368300778
2020,22309600,4.996674234
2019,22309700,2.542939425
2020,22309700,3.251045721
2019,22309800,7.818250959
2020,22309800,6.873350956
2019,22310100,8.176095028
2020,22310100,8.604140709
2019,22310200,14.60833458
2020,22310200,14.829117073
2019,22310300,14.596227469
2020,22310300,14.960979035
2019,22311100,9.666312831
2020,22311100,10.219992651
2019,22311200,16.355621281
2020,22311200,16.908488817
2019,22311300,6.205571648
2020,22311300,6.946599585
2019,22312100,17.891249899
2020,22312100,17.961731725
2019,22312200,17.998478926
2020,22312200,20.35428938
2019,22312300,8.64203519
2020,22312300,9.914634883
2019,22312400,13.923380805
2020,22312400,14.950545364
2019,22313100,10.23191247
2020,22313100,10.084374832
2019,22313200,15.760051548
2020,22313200,16.155076234
2019,22314100,5.506833947
2020,22314100,4.888625405
2019,22314200,9.326566205
2020,22314200,9.68072938
2019,22314300,6.436697032
2020,22314300,7.685559715
2019,22314400,10.51252066
2020,22314400,11.524303595
2019,22314500,6.185367222
2020,22314500,6.655963233
2019,22314600,8.738667085
2020,22314600,8.208595504
2019,22315100,40.00883413
2020,22315100,41.55563154
2019,22315200,8.962537545
2020,22315200,8.594314228
2019,22316100,19.780940048
2020,22316100,20.470649311
2019,22317100,13.520708738
2020,22317100,14.269206696
2019,22317200,10.444174754
2020,22317200,11.126190471
2019,22317300,2.603080256
2020,22317300,2.135919125
2019,22318100,12.770072493
2020,22318100,14.634473947
2019,22319100,12.114611209
2020,22319100,12.205964719
2019,22319200,21.558377417
2020,22319200,22.595034356
2019,22320100,11.694114711
2020,22320100,12.184017247
2019,22320200,11.320459962
2020,22320200,11.848026116
2019,22320300,6.009888883
2020,22320300,6.756850978
2019,22320400,13.238638664
2020,22320400,14.327494954
2019,22321100,8.527860051
2020,22321100,9.744685225
2019,22322100,0
2020,22322100,0
2019,22322200,0.606762071
2020,22322200,0.815873178
2019,22323100,34.35509097
2020,22323100,34.85076534
2019,22323200,13.510977229
2020,22323200,11.090451105
2019,22324100,26.29974993
2020,22324100,30.33800848
2019,22325100,15.539118954
2020,22325100,17.939929003
2019,22325200,34.95032923
2020,22325200,38.54060009
2019,22326100,14.894637862
2020,22326100,16.01800522
2019,22326200,4.166577876
2020,22326200,5.098063976
2019,22326300,17.617207873
2020,22326300,18.121235213
2019,22326400,14.174604737
2020,22326400,16.200051881
2019,22327100,14.115714092
2020,22327100,13.906871099
2019,22327200,17.260681401
2020,22327200,17.581142353
2019,22327300,8.246302438
2020,22327300,8.318449103
2019,22327400,7.98822233
2020,22327400,8.089372293
2019,22328100,23.704400923
2020,22328100,25.429426728
2019,22328200,20.572711069
2020,22328200,22.789881391
2019,22329100,11.728756236
2020,22329100,13.499540445
2019,22329200,6.549225221
2020,22329200,6.995992925
2019,22330100,8.618355866
2020,22330100,8.347031859
2019,22330200,14.491620586
2020,22330200,14.025236797
2019,22330300,13.910013201
2020,22330300,12.983590673
2019,22331100,7.538949512
2020,22331100,7.844512527
2019,22331200,11.001304996
2020,22331200,13.291683889
2019,22331300,7.890894132
2020,22331300,10.571465503
2019,22332100,6.685410176
2020,22332100,6.577629312
2019,22332200,24.16584305
2020,22332200,25.56215011
2019,22333100,14.060738825
2020,22333100,14.929494412
2019,22333200,16.259168772
2020,22333200,17.409280433
2019,22333300,11.548773244
2020,22333300,13.56034177
2019,22334100,28.8210408
2020,22334100,30.01264029
2019,22335100,4.197367651
2020,22335100,4.895074851
2019,22335200,11.780371719
2020,22335200,12.443445333
2019,22335300,6.493998806
2020,22335300,6.417378203
2019,22336100,25.09714801
2020,22336100,26.05066791
2019,22336200,9.662877191
2020,22336200,9.923228568
2019,22336300,9.869869113
2020,22336300,11.035644128
2019,22337100,13.850412119
2020,22337100,13.779650273
2019,22338100,34.66896012
2020,22338100,36.57987654
2019,22339100,0.00184675
2020,22339100,0.001426613
2019,22339200,0.005952505
2020,22339200,0.005952505
2019,22340100,24.118723927
2020,22340100,24.66309306
2019,22341100,13.953859253
2020,22341100,15.412827227
2019,22341200,7.214614773
2020,22341200,6.682269833
2019,22342100,12.521179137
2020,22342100,14.014553234
2019,22342200,12.966237182
2020,22342200,11.820383629
2019,22343100,14.120992453
2020,22343100,14.435274112
2019,22344100,24.12628763
2020,22344100,25.02259175
2019,22345100,18.192330029
2020,22345100,21.14859463
2019,22345200,13.964954084
2020,22345200,16.565330033
2019,22345300,11.620521253
2020,22345300,14.905683048
2019,22346100,49.12631444
2020,22346100,48.32389209
2019,22347100,15.818989054
2020,22347100,15.999490675
2019,22347200,16.31164023
2020,22347200,17.479211302
2019,22348100,16.882002629
2020,22348100,15.742828969
2019,22349100,33.81182061
2020,22349100,37.02863816
2019,22350100,14.652005553
2020,22350100,17.09666129
2019,22350200,42.44047888
2020,22350200,45.54908067
2019,22351100,13.115154208
2020,22351100,15.863617732
2019,22351200,11.398292267
2020,22351200,12.495696086
2019,22351300,5.902380045
2020,22351300,5.631286505
2019,22352100,20.626400542
2020,22352100,21.6100891
2019,22352200,12.217044556
2020,22352200,12.669665743
2019,22353100,18.680966493
2020,22353100,19.880422275
2019,22353200,5.566363486
2020,22353200,6.595217524
2019,22353300,7.844521119
2020,22353300,7.855291277
2019,22354100,6.212718698
2020,22354100,6.762017053
2019,22354200,19.22384951
2020,22354200,20.559798636
2019,22354300,6.014881668
2020,22354300,6.700127057
2019,22355100,6.718297242
2020,22355100,6.79768345
2019,22355200,15.229864016
2020,22355200,15.747817396
2019,22356100,3.964399473
2020,22356100,3.865540177
2019,22356200,5.513863305
2020,22356200,5.343081204
2019,22356300,13.946890548
2020,22356300,15.227122721
2019,22357100,42.49870905
2020,22357100,53.5124689
2019,22358100,7.365189712
2020,22358100,7.561698018
2019,22358200,9.562596885
2020,22358200,11.198518773
2019,22358300,8.067258297
2020,22358300,9.208209344
2019,22359100,17.840811069
2020,22359100,18.443864943
2019,22359200,11.976797912
2020,22359200,13.054138077
2019,22359300,3.844238068
2020,22359300,4.026803253
2019,22359400,11.627599048
2020,22359400,10.290267235
2019,22360100,0
2020,22360100,0
2019,22360200,11.753208629
2020,22360200,11.536037437
2019,22360300,17.201020472
2020,22360300,18.041088294
2019,22361100,8.678382976
2020,22361100,8.47681396
2019,22361200,15.587163609
2020,22361200,16.676079618
2019,22361300,9.52044699
2020,22361300,10.562131284
2019,22362100,18.342114504
2020,22362100,17.782615291
2019,22362200,23.02617269
2020,22362200,23.26692832
2019,22363100,6.920719453
2020,22363100,7.26459986
2019,22363200,3.487331018
2020,22363200,3.493144885
2019,22363300,20.510410034
2020,22363300,20.91529104
2019,22364100,19.513289614
2020,22364100,20.961519704
2019,22364200,27.47357544
2020,22364200,26.98086981
2019,22365100,8.653398101
2020,22365100,9.012429738
2019,22365200,7.701568965
2020,22365200,9.610317417
2019,22365300,11.700518047
2020,22365300,12.942242701
2019,22366100,12.309464546
2020,22366100,12.362881227
2019,22367100,6.659104116
2020,22367100,6.680098246
2019,22367200,13.013752175
2020,22367200,14.29542702
2019,22367300,9.337007828
2020,22367300,10.491148563
2019,22368100,20.133825811
2020,22368100,21.10310678
2019,22368200,17.375545326
2020,22368200,20.688356029
2019,22369100,5.729206651
2020,22369100,5.266800431
2019,22369200,5.484904194
2020,22369200,6.343868566
2019,22369300,8.561332824
2020,22369300,7.617247091
2019,22370100,9.564821558
2020,22370100,10.000970922
2019,22371100,13.173573218
2020,22371100,10.046072359
2019,22371200,2.246741453
2020,22371200,2.634367314
2019,22371300,25.19735863
2020,22371300,21.900083875
2019,22372100,20.66395394
2020,22372100,20.432730665
2019,22372200,11.076737237
2020,22372200,11.163928797
2019,22372300,8.155332344
2020,22372300,8.835569015
2019,22373100,8.214638766
2020,22373100,9.004687254
2019,22373200,7.63256654
2020,22373200,7.467855317
2019,22373300,7.990531372
2020,22373300,9.190110501
2019,22374100,22.00967038
2020,22374100,22.67523009
2019,22374200,10.244108678
2020,22374200,10.958148467
2019,22375100,9.916512874
2020,22375100,11.10714939
2019,22376100,20.152864396
2020,22376100,21.148318442
2019,22377100,2.280122974
2020,22377100,1.682883223
2019,22377200,21.014110839
2020,22377200,21.320326786
2019,22377300,19.948860989
2020,22377300,21.42663239
2019,22377400,17.344746564
2020,22377400,18.325246499
2019,22378100,14.047156956
2020,22378100,14.573091646
2019,22378200,17.984306477
2020,22378200,19.428679567
2019,22379100,19.599451074
2020,22379100,20.244880557
2019,22379200,18.400964236
2020,22379200,20.566298384
2019,22380100,15.158693255
2020,22380100,16.512066825
2019,22380200,11.015379702
2020,22380200,10.777751576
2019,22381100,0.025005499
2020,22381100,0.025005499
2019,22381200,6.37586103
2020,22381200,7.186164987
2019,22382100,15.965274078
2020,22382100,17.080881845
2019,22383100,39.45023744
2020,22383100,42.3236611
2019,22384100,17.344961085
2020,22384100,18.432002259
2019,22384200,26.267735042
2020,22384200,28.124094385
2019,22385100,16.263680282
2020,22385100,15.245010845
2019,22386100,16.053068702
2020,22386100,17.438017977
2019,22386200,8.068461398
2020,22386200,8.520432643
2019,22387100,20.76628189
2020,22387100,22.54690391
2019,22388100,7.743421213
2020,22388100,8.889736982
2019,22389100,30.61532647
2020,22389100,30.65569318
2019,22389200,9.925985052
2020,22389200,10.02934202
2019,22390100,17.640765092
2020,22390100,17.893998988
2019,22390200,25.29677852
2020,22390200,27.70714435
2019,22391100,10.477343878
2020,22391100,10.941111975
2019,22392100,7.491540826
2020,22392100,7.247604977
2019,22392200,11.697312473
2020,22392200,10.877692182
2019,22392300,14.707662197
2020,22392300,13.674267529
2019,22393100,13.552052658
2020,22393100,14.806474721
2019,22393200,12.68015133
2020,22393200,13.7664636
2019,22394100,14.831158796
2020,22394100,14.339304641
2019,22394200,9.344377584
2020,22394200,9.691955841
2019,22395100,9.363205788
2020,22395100,10.131230951
2019,22395200,21.355213946
2020,22395200,21.80405301
2019,22395300,9.0496894
2020,22395300,8.369831504
2019,22396100,17.634097148
2020,22396100,18.323869358
2019,22396200,26.60187773
2020,22396200,29.04863214
2019,22397100,11.456795936
2020,22397100,21.51952254
2019,22397200,18.264892461
2020,22397200,19.73265376
2019,22398100,10.033247163
2020,22398100,10.899780243
2019,22398200,12.219335027
2020,22398200,13.169289124
2019,22398300,11.673875803
2020,22398300,13.736788606
2019,22399100,11.964164038
2020,22399100,14.04422103
2019,22399200,19.675259305
2020,22399200,13.802779093
2019,22400100,0.091595951
2020,22400100,0.158891555
2019,22401100,14.737760809
2020,22401100,15.757395994
2019,22401200,8.060636373
2020,22401200,9.835577365
2019,22401300,20.21145952
2020,22401300,21.77334608
2019,22402100,17.935173458
2020,22402100,19.28943824
2019,22402200,13.743410532
2020,22402200,18.350147311
2019,22403100,34.82955044
2020,22403100,37.73641027
2019,22404100,25.222355691
2020,22404100,26.20334422
2019,22404200,15.49975956
2020,22404200,15.999227305
2019,22404300,16.332447058
2020,22404300,17.672849136
2019,22405100,15.342494846
2020,22405100,13.62275635
2019,22405200,14.933107972
2020,22405200,17.083914816
2019,22406100,16.764578479
2020,22406100,18.637403708
2019,22406200,13.731713432
2020,22406200,16.515399928
2019,22406300,6.34703102
2020,22406300,6.687709645
2019,22407100,12.463038213
2020,22407100,14.286822538
2019,22407200,14.291861676
2020,22407200,15.062722789
2019,22408100,12.454879594
2020,22408100,13.337788599
2019,22408200,10.348429126
2020,22408200,11.347647747
2019,22408300,13.782233034
2020,22408300,12.758244493
2019,22409100,42.16887602
2020,22409100,45.21765731
2019,22410100,10.237496683
2020,22410100,11.057579402
2019,22410200,14.163680982
2020,22410200,12.501516073
2019,22410300,11.491589331
2020,22410300,12.005535173
2019,22411100,0.120202459
2020,22411100,0.044199306
2019,22412100,15.036181125
2020,22412100,17.057931013
2019,22413100,29.23510917
2020,22413100,32.3079747
2019,22413200,18.319177864
2020,22413200,21.156631019
2019,22413300,12.02445125
2020,22413300,11.934114115
2019,22413400,14.84652767
2020,22413400,16.077828178
2019,22414100,4.99403353
2020,22414100,5.795994488
2019,22414200,15.549921331
2020,22414200,21.630059548
2019,22415100,24.70730158
2020,22415100,26.87736922
2019,22415200,32.59510433
2020,22415200,32.04076517
2019,22415300,10.803569404
2020,22415300,11.864153012
2019,22416100,15.899933632
2020,22416100,15.462764282
2019,22416200,9.016777876
2020,22416200,9.264292597
2019,22416300,13.636157557
2020,22416300,14.041251923
2019,22417100,19.89533899
2020,22417100,23.137314157
2019,22417200,12.084527792
2020,22417200,12.299200079
2019,22418100,2.060456171
2020,22418100,2.179832599
2019,22418200,11.576807201
2020,22418200,9.321989907
2019,22419100,21.71944418
2020,22419100,23.02328064
2019,22420100,12.118110988
2020,22420100,11.21130641
2019,22420200,11.877151658
2020,22420200,11.926612697
2019,22421100,16.707705683
2020,22421100,17.569794854
2019,22421200,10.831999161
2020,22421200,12.105554537
2019,22421300,7.56066386
2020,22421300,6.445018503
2019,22422100,75.28470754
2020,22422100,74.33209312
2019,22423100,8.234351583
2020,22423100,9.863413075
2019,22423200,33.6793745
2020,22423200,38.45218639
2019,22424100,45.1742579
2020,22424100,48.03576959
2019,22424200,11.222530859
2020,22424200,11.510110859
2019,22425100,15.05779005
2020,22425100,14.947751836
2019,22425200,9.430217263
2020,22425200,9.147707628
2019,22426100,12.670563176
2020,22426100,13.821759643
2019,22426200,17.908549458
2020,22426200,17.38131289
2019,22426300,29.24928438
2020,22426300,27.27897352
2019,22427100,5.817101148
2020,22427100,6.909727088
2019,22427200,13.084852491
2020,22427200,12.923929407
2019,22428100,15.646191544
2020,22428100,18.005986128
2019,22428200,15.743255402
2020,22428200,17.457244984
2019,22429100,18.626758932
2020,22429100,19.785585705
2019,22429200,9.015883666
2020,22429200,9.888664075
2019,22429300,13.337421819
2020,22429300,13.930748772
2019,22430100,8.774948658
2020,22430100,9.475446551
2019,22430200,31.77918262
2020,22430200,33.84731332
2019,22431100,37.37103011
2020,22431100,39.87003209
2019,22431200,10.299989804
2020,22431200,10.627028375
2019,22432100,8.200881022
2020,22432100,8.740753367
2019,22432200,5.927125078
2020,22432200,5.824737972
2019,22432300,2.667700438
2020,22432300,2.156871244
2019,22432400,9.38323292
2020,22432400,10.586098653
2019,22432500,5.983296519
2020,22432500,6.411625753
2019,22433100,18.294815593
2020,22433100,23.848256151
2019,22433200,10.499387271
2020,22433200,12.182194001
2019,22434100,5.860616857
2020,22434100,5.377262606
2019,22434200,9.37668829
2020,22434200,8.249794793
2019,22434300,7.31653686
2020,22434300,7.942972594
2019,22434400,2.99059246
2020,22434400,3.232103729
2019,22434500,2.081480623
2020,22434500,2.457095871
2019,22434600,0.385731947
2020,22434600,0.389447585
2019,22435100,18.96472393
2020,22435100,17.491211113
2019,22435200,18.405663812
2020,22435200,19.051987026
2019,22436100,14.634419366
2020,22436100,15.341822162
2019,22436200,11.264790823
2020,22436200,11.979681679
2019,22436300,3.796187615
2020,22436300,3.901921948
2019,22437100,5.02915621
2020,22437100,5.694030066
2019,22437200,8.998570471
2020,22437200,9.750626491
2019,22437300,6.734002901
2020,22437300,7.519811459
2019,22437400,11.511434693
2020,22437400,9.775050736
2019,22437500,13.525012667
2020,22437500,14.236493655
2019,22438100,12.567018682
2020,22438100,13.373055672
2019,22438200,38.92245541
2020,22438200,41.60546171
2019,22439100,12.026949863
2020,22439100,12.193812349
2019,22439200,9.459865263
2020,22439200,9.109887364
2019,22439300,51.42569881
2020,22439300,55.13926531
2019,22440100,22.87422789
2020,22440100,24.57787893
2019,22440200,10.05809078
2020,22440200,11.755540087
2019,22440300,10.943828408
2020,22440300,11.087704041
2019,22441100,8.67434007
2020,22441100,8.891283256
2019,22441200,9.197955594
2020,22441200,9.958248106
2019,22441300,4.199995315
2020,22441300,4.921773256
2019,22442100,9.788281882
2020,22442100,10.056303928
2019,22442200,16.653867946
2020,22442200,16.886821434
2019,22443100,6.597523566
2020,22443100,8.068258113
2019,22443200,4.572334842
2020,22443200,4.450283739
2019,22443300,5.25508076
2020,22443300,5.408251737
2019,22444100,9.37773459
2020,22444100,10.350657919
2019,22444200,7.000156643
2020,22444200,4.628291991
2019,22444300,4.901278525
2020,22444300,5.39672649
2019,22444400,3.819770045
2020,22444400,3.9306
2019,22445100,6.821371586
2020,22445100,7.07585234
2019,22445200,30.59620253
2020,22445200,34.60319622
2019,22445300,24.15087271
2020,22445300,23.52982224
2019,22445400,15.275412507
2020,22445400,17.093798024
2019,22446100,10.881397819
2020,22446100,11.04047536
2019,22446200,7.731471087
2020,22446200,7.206069055
2019,22446300,13.238770019
2020,22446300,14.287967504
2019,22446400,14.418245718
2020,22446400,14.973528369
2019,22447100,10.5723332
2020,22447100,11.07627025
2019,22447200,15.315638799
2020,22447200,16.311328547
2019,22448100,5.67114654
2020,22448100,4.943300626
2019,22449100,18.577165831
2020,22449100,19.320558233
2019,22449200,14.688722774
2020,22449200,16.409566683
2019,22449300,14.804477798
2020,22449300,15.971404258
2019,22449400,9.102028272
2020,22449400,10.079895274
2019,22450100,19.646778241
2020,22450100,22.90549262
2019,22450200,28.50474406
2020,22450200,31.38482825
2019,22451100,21.683102419
2020,22451100,23.72555661
2019,22452100,24.06189667
2020,22452100,25.53548081
2019,22452200,30.3810019
2020,22452200,32.80373701
2019,22452300,22.0928455
2020,22452300,20.7426034
2019,22453100,0.568694736
2020,22453100,0.560242262
2019,22453200,0.149536811
2020,22453200,0.152867212
2019,32454100,42.05889956
2020,32454100,45.73528574
2019,32454200,16.220760692
2020,32454200,16.722708798
2019,32455100,61.81564414
2020,32455100,65.87247499
2019,32456100,43.59740885
2020,32456100,46.22139179
2019,32457100,12.940881303
2020,32457100,13.457259408
2019,32457200,1.674648357
2020,32457200,1.104169191
2019,32457300,26.7489067
2020,32457300,28.23344543
2019,32457400,3.37009441
2020,32457400,3.897071288
2019,32458100,13.226853293
2020,32458100,14.94226642
2019,32458200,15.860446484
2020,32458200,16.236515837
2019,32459100,23.36368367
2020,32459100,26.065423018
2019,32459200,38.20150985
2020,32459200,37.50467859
2019,32460100,42.67388101
2020,32460100,42.43088277
2019,32461100,83.11443677
2020,32461100,89.26784521
2019,32462100,16.051431458
2020,32462100,16.0188237
2019,32462200,13.33728343
2020,32462200,14.250103683
2019,32462300,36.5659661
2020,32462300,34.21549936
2019,32463100,0
2020,32463100,0
2019,32463200,14.087239695
2020,32463200,17.68861745
2019,32463300,2.410570484
2020,32463300,2.30294865
2019,32463400,23.56402587
2020,32463400,28.29336499
2019,32464100,0.505377443
2020,32464100,32.59699363
2019,32464200,0
2020,32464200,0
2019,32464300,0.493405975
2020,32464300,0.498065183
2019,32465100,14.71076198
2020,32465100,15.997264044
2019,32466100,27.42988399
2020,32466100,29.1815222
2019,32466200,20.610021105
2020,32466200,21.367232048
2019,32466300,13.363811147
2020,32466300,14.738334146
2019,32467100,14.818964533
2020,32467100,18.612381843
2019,32467200,13.895814496
2020,32467200,14.013898266
2019,32467300,9.366424484
2020,32467300,10.334981495
2019,32468100,16.656560295
2020,32468100,17.107428521
2019,32468200,20.876949395
2020,32468200,20.759478475
2019,32468300,10.828762735
2020,32468300,10.249648885
2019,32469100,3.503174251
2020,32469100,3.204074865
2019,32469200,35.49463668
2020,32469200,40.51192004
2019,32469300,23.75395975
2020,32469300,27.84113221
2019,32470100,1.320258873
2020,32470100,1.116750479
2019,32470200,40.71507604
2020,32470200,46.10401955
2019,32471100,21.76734429
2020,32471100,21.36004935
2019,32471200,20.30658893
2020,32471200,21.384811065
2019,32471300,8.135779303
2020,32471300,7.447757225
2019,32472100,32.07590158
2020,32472100,33.53180183
2019,32472200,39.17135033
2020,32472200,44.1731686
2019,32473100,26.29101424
2020,32473100,27.64450395
2019,32473200,7.486814952
2020,32473200,7.441023176
2019,32473300,37.77086271
2020,32473300,39.13572362
2019,32474100,20.048928526
2020,32474100,20.013479619
2019,32474200,24.71984695
2020,32474200,26.52849264
2019,32475100,0.104555727
2020,32475100,0.104555727
2019,32475200,6.021007629
2020,32475200,4.875697807
2019,32475300,21.062965116
2020,32475300,22.23791919
2019,32475400,0
2020,32475400,0
2019,32475500,0.020973841
2020,32475500,0.020973841
2019,32475600,3.630694181
2020,32475600,2.649799603
2019,32476100,27.21023552
2020,32476100,29.29384229
2019,32476200,20.90652843
2020,32476200,21.90871704
2019,32477100,0
2020,32477100,0
2019,32477200,0
2020,32477200,0
2019,32477300,23.68731822
2020,32477300,24.09995927
2019,32477400,32.76899823
2020,32477400,32.20608313
2019,32478100,20.656684316
2020,32478100,20.400286148
2019,32478200,25.21439506
2020,32478200,26.72032767
2019,32479100,0
2020,32479100,0
2019,32479200,5.703021702
2020,32479200,6.336515441
2019,32480100,31.56687366
2020,32480100,32.28413828
2019,32480200,6.425378864
2020,32480200,6.937376604
2019,32480300,11.499411521
2020,32480300,13.138574886
2019,32481100,19.916899841
2020,32481100,22.644090778
2019,32481200,37.69211166
2020,32481200,34.95806474
2019,32481300,51.65290561
2020,32481300,48.08878891
2019,32482100,29.56384596
2020,32482100,31.44651405
2019,32482200,23.57315331
2020,32482200,23.87987068
2019,32483100,0
2020,32483100,0
2019,32483200,1.620899068
2020,32483200,3.527544782
2019,32483300,21.791356283
2020,32483300,26.9766615
2019,32483400,29.84181978
2020,32483400,31.87692531
2019,32484100,22.4219794
2020,32484100,23.72889265
2019,32484200,25.56221321
2020,32484200,25.67486193
2019,32484300,9.527175539
2020,32484300,9.433141713
2019,32485100,22.63353134
2020,32485100,24.03756853
2019,32486100,1.905770596
2020,32486100,2.269389082
2019,32486200,10.93560523
2020,32486200,11.711461624
2019,32486300,15.021933154
2020,32486300,15.124701698
2019,32486400,9.104864872
2020,32486400,9.685797957
2019,32487100,8.373018439
2020,32487100,8.952294911
2019,32487200,11.276692801
2020,32487200,11.273493011
2019,32487300,11.837939844
2020,32487300,13.056587163
2019,32488100,0
2020,32488100,0
2019,32488200,0
2020,32488200,0
2019,32488300,13.094390835
2020,32488300,11.26004964
2019,32488400,26.99367655
2020,32488400,27.97834372
2019,32489100,0.021648188
2020,32489100,0.021230781
2019,32489200,14.255273316
2020,32489200,14.614686989
2019,32489300,23.54257672
2020,32489300,23.89355677
2019,32489400,5.048259795
2020,32489400,4.118408042
2019,32489500,10.425528201
2020,32489500,9.868782246
2019,32490100,99.70677154
2020,32490100,96.29682967
2019,32490200,29.5158637
2020,32490200,30.74611196
2019,32491100,7.909746267
2020,32491100,8.590668324
2019,32491200,6.341759001
2020,32491200,6.593811697
2019,32492100,44.79670256
2020,32492100,50.16265206
2019,32493100,16.406364261
2020,32493100,19.802124707
2019,32493200,9.381515734
2020,32493200,9.968554654
2019,32494100,27.0358405
2020,32494100,27.29096697
2019,32494200,24.470789295
2020,32494200,24.772323762
2019,32494300,0
2020,32494300,0
2019,32495100,26.33207576
2020,32495100,27.82936564
2019,32495200,14.356062858
2020,32495200,15.089097399
2019,32496100,7.023655361
2020,32496100,7.206439408
2019,32496200,11.634303896
2020,32496200,11.493094855
2019,32496300,17.406430021
2020,32496300,17.180604681
2019,32496400,27.92181809
2020,32496400,30.48463044
2019,32496500,0
2020,32496500,0
2019,32497100,21.489415812
2020,32497100,23.19537429
2019,32498100,24.43482547
2020,32498100,25.59481435
2019,32499100,17.403518115
2020,32499100,22.546184696
2019,32499200,22.11328881
2020,32499200,27.19835986
2019,32499300,18.527767733
2020,32499300,21.601486336
2019,32500100,18.492752547
2020,32500100,20.61890678
2019,32500200,24.24296594
2020,32500200,30.78670783
2019,32501100,9.662879692
2020,32501100,9.042018213
2019,32501200,12.543074433
2020,32501200,15.052020464
2019,32502100,14.178351586
2020,32502100,17.031748319
2019,32502200,7.166778156
2020,32502200,7.693308576
2019,32502300,16.046328394
2020,32502300,15.798055893
2019,32502400,21.382096508
2020,32502400,22.899271964
2019,32503100,21.947872244
2020,32503100,25.30641992
2019,32504100,21.065886792
2020,32504100,25.28029819
2019,32504200,12.7318995
2020,32504200,11.827992059
2019,32504300,18.436246859
2020,32504300,19.960038334
2019,32505100,28.46870914
2020,32505100,30.74460337
2019,32506100,13.334532802
2020,32506100,15.685296347
2019,32507100,23.72035471
2020,32507100,25.22991275
2019,32507200,12.055653362
2020,32507200,15.347598501
2019,32508100,21.014884979
2020,32508100,22.53256936
2019,32509100,14.20798321
2020,32509100,15.257361747
2019,32509200,16.839691022
2020,32509200,19.891551971
2019,32510100,42.68450492
2020,32510100,58.77553758
2019,32511100,17.034051159
2020,32511100,19.953477511
2019,32511200,18.110006252
2020,32511200,19.739828507
2019,32512100,25.81648931
2020,32512100,28.5799867
2019,32512200,25.25013653
2020,32512200,27.62948147
2019,32512300,6.987473345
2020,32512300,9.059344209
2019,32513100,29.591802687
2020,32513100,35.33780233
2019,32513200,6.745692376
2020,32513200,7.242040853
2019,32514100,47.43697665
2020,32514100,51.84474727
2019,32515100,22.81586606
2020,32515100,23.42504819
2019,32515200,12.828761674
2020,32515200,14.650572901
2019,32516100,15.931096793
2020,32516100,17.58288624
2019,32516200,19.866670318
2020,32516200,22.89436081
2019,32517100,10.223459194
2020,32517100,12.744733812
2019,32517200,7.80822206
2020,32517200,9.498250195
2019,32518100,8.257371241
2020,32518100,8.093702252
2019,32518200,6.992414821
2020,32518200,7.133229277
2019,32518300,14.329998481
2020,32518300,14.184497902
2019,32519100,22.089581583
2020,32519100,26.90819923
2019,32519200,19.504603123
2020,32519200,22.3757033
2019,32520100,0
2020,32520100,0
2019,32520200,0.227817175
2020,32520200,0.347136056
2019,32520300,0
2020,32520300,0
2019,32521100,29.52538907
2020,32521100,30.88013267
2019,32521200,38.33792532
2020,32521200,53.63492946
2019,32522100,27.64845755
2020,32522100,30.04394943
2019,32522200,25.133812953
2020,32522200,28.31368199
2019,32522300,23.811584709
2020,32522300,26.918576113
2019,32522400,44.24448236
2020,32522400,49.79454174
2019,32523100,23.52634819
2020,32523100,27.06686605
2019,32523200,19.638841548
2020,32523200,22.70503852
2019,32524100,3.266271821
2020,32524100,3.056226891
2019,32524200,10.97683406
2020,32524200,10.423744193
2019,32524300,7.464915021
2020,32524300,7.718379615
2019,32525100,28.77904314
2020,32525100,30.740116
2019,32525200,6.549684322
2020,32525200,7.362294011
2019,32525300,18.31471182
2020,32525300,17.533147095
2019,32525400,0
2020,32525400,0
2019,32526100,47.50277453
2020,32526100,50.43883787
2019,32526200,0.00547644
2020,32526200,0.00547644
2019,32527100,6.584136921
2020,32527100,6.479299234
2019,32527200,11.772491346
2020,32527200,12.073603853
2019,32527300,13.300256603
2020,32527300,13.04315069
2019,32528100,24.53006528
2020,32528100,26.41543066
2019,32528200,23.72376368
2020,32528200,27.73656669
2019,32529100,6.318909264
2020,32529100,6.231843212
2019,32529200,14.577006564
2020,32529200,18.097042278
2019,32529300,22.38881991
2020,32529300,24.27965634
2019,32530100,0
2020,32530100,0
2019,32530200,1.202849105
2020,32530200,1.151863793
2019,32530300,0.021967993
2020,32530300,0.005041057
2019,32531100,0
2020,32531100,0
2019,32531200,4.301922007
2020,32531200,3.841873976
2019,32531300,2.725200407
2020,32531300,3.438479735
2019,32531400,0.012757034
2020,32531400,0.014514689
2019,32531500,11.260027127
2020,32531500,11.799592202
2019,32531600,35.4181137
2020,32531600,36.71891678
2019,32532100,12.471013282
2020,32532100,14.247193191
2019,32532200,49.2629556
2020,32532200,52.98665874
2019,32532300,8.430909456
2020,32532300,8.97445661
2019,32533100,26.56993084
2020,32533100,29.00883618
2019,32534100,36.62231676
2020,32534100,42.71438474
2019,32535100,32.08459026
2020,32535100,34.41060204
2019,32535200,9.939885177
2020,32535200,11.817540282
2019,32535300,22.645011831
2020,32535300,21.304228708
2019,32536100,19.474305634
2020,32536100,21.029103328
2019,32537100,14.382508213
2020,32537100,15.8018417
2019,32537200,9.163424692
2020,32537200,10.320566347
2019,32537300,9.334207574
2020,32537300,10.493303929
2019,32538100,0.039885793
2020,32538100,0.016698161
2019,32538200,0.039885793
2020,32538200,0.016698161
2019,32538300,2.839847018
2020,32538300,3.502898578
2019,32538400,0.006319364
2020,32538400,0.237367771
2019,32539100,16.53614384
2020,32539100,17.516098347
2019,32539200,11.647118484
2020,32539200,12.146289563
2019,32540100,17.668724183
2020,32540100,19.235740547
2019,32541100,8.242797566
2020,32541100,10.211407365
2019,32541200,27.73429161
2020,32541200,27.51615355
2019,32542100,21.913481324
2020,32542100,24.17323597
2019,32543100,36.83084538
2020,32543100,41.92117332
2019,32543200,6.945711149
2020,32543200,7.481661743
2019,32544100,15.948535896
2020,32544100,20.448685868
2019,32544200,14.585426898
2020,32544200,16.59616308
2019,32544300,44.39852688
2020,32544300,45.85578254
2019,32545100,47.62623524
2020,32545100,54.04001511
2019,32546100,39.6443784
2020,32546100,42.6615438
2019,32547100,40.81262908
2020,32547100,44.39825673
2019,32547200,26.63220937
2020,32547200,28.11521849
2019,32548100,31.40080217
2020,32548100,32.90912841
2019,32548200,10.278789847
2020,32548200,11.165373165
2019,32549100,6.466346296
2020,32549100,7.790501817
2019,32549200,12.692167586
2020,32549200,12.005036951
2019,32549300,9.874462414
2020,32549300,11.916802743
2019,32549400,17.298100067
2020,32549400,19.306846582
2019,32550100,55.35322327
2020,32550100,65.25128066
2019,32550200,23.37804589
2020,32550200,26.63544442
2019,32551100,0
2020,32551100,0
2019,32551200,0
2020,32551200,0
2019,32552100,10.459965634
2020,32552100,10.999421608
2019,32552200,1.994020932
2020,32552200,2.084221369
2019,32552300,0.000523602
2020,32552300,0
2019,32553100,29.09703556
2020,32553100,31.95838981
2019,32553200,17.968081929
2020,32553200,19.608943579
2019,32553300,10.8262439
2020,32553300,11.684894666
2019,32554100,36.12421051
2020,32554100,38.18597084
2019,32554200,28.52181364
2020,32554200,31.52890602
2019,32555100,23.64112338
2020,32555100,25.8056508
2019,32555200,14.143016725
2020,32555200,13.620664607
2019,32556100,12.297267145
2020,32556100,12.410220906
2019,32556200,29.83487239
2020,32556200,31.85344012
2019,32557100,17.023389611
2020,32557100,18.935462592
2019,32557200,18.625024983
2020,32557200,22.90619815
2019,32558100,16.183223917
2020,32558100,17.46629959
2019,32558200,11.787525191
2020,32558200,11.333701216
2019,32558300,8.691955523
2020,32558300,8.620288121
2019,32559100,26.59934309
2020,32559100,29.81280457
2019,32559200,3.177791072
2020,32559200,3.318148684
2019,32559300,0.291256681
2020,32559300,0.277423355
2019,32560100,11.559032797
2020,32560100,13.58379418
2019,32560200,10.110012542
2020,32560200,11.789870329
2019,32560300,13.091918288
2020,32560300,15.431527606
2019,32561100,8.313542127
2020,32561100,9.848123372
2019,32561200,20.520235011
2020,32561200,22.980389736
2019,32561300,19.331746456
2020,32561300,20.719817869
2019,32562100,27.02152514
2020,32562100,29.29201264
2019,32562200,30.38050312
2020,32562200,32.37485022
2019,32562300,27.294907181
2020,32562300,26.9136466
2019,32563100,24.98792788
2020,32563100,25.97466109
2019,32563200,3.399906005
2020,32563200,3.58492609
2019,32563300,13.289738336
2020,32563300,13.781788731
2019,32564100,7.086165217
2020,32564100,7.750666086
2019,32564200,11.702107102
2020,32564200,14.791208449
2019,32564300,21.994768179
2020,32564300,23.63973516
2019,32565100,12.45206667
2020,32565100,13.127128137
2019,32565200,10.629697323
2020,32565200,11.843645644
2019,32565300,10.27181512
2020,32565300,12.747512938
2019,32566100,8.917271542
2020,32566100,9.420586664
2019,32566200,28.04298146
2020,32566200,26.87381295
2019,32567100,7.360221163
2020,32567100,9.008309547
2019,32567200,32.46815949
2020,32567200,35.99619121
2019,32568100,25.88125992
2020,32568100,28.16280762
2019,32568200,28.2482779
2020,32568200,29.31027832
2019,32569100,21.247370395
2020,32569100,24.81197873
2019,32569200,16.663452491
2020,32569200,18.691645431
2019,32570100,11.721352382
2020,32570100,13.166366633
2019,32570200,8.843509664
2020,32570200,8.243533581
2019,32570300,7.59744692
2020,32570300,8.245198463
2019,32571100,17.004985399
2020,32571100,18.241710403
2019,32571200,6.38874116
2020,32571200,5.631490516
2019,32571300,10.955232588
2020,32571300,12.218535684
2019,32572100,9.298980423
2020,32572100,11.70453708
2019,32572200,13.249878022
2020,32572200,12.716998814
2019,32572300,31.79449446
2020,32572300,35.06624062
2019,32573100,0.007332721
2020,32573100,0.017755784
2019,32573200,25.29179648
2020,32573200,28.82523683
2019,32573300,9.116952836
2020,32573300,10.991874628
2019,32574100,9.726150641
2020,32574100,10.319146986
2019,32574200,16.752497428
2020,32574200,17.645285276
2019,32574300,7.499541255
2020,32574300,8.659420837
2019,32574400,16.162698752
2020,32574400,17.531227592
2019,32575100,21.589884065
2020,32575100,24.64248785
2019,32575200,16.177922847
2020,32575200,17.392008369
2019,32576100,32.00388591
2020,32576100,30.74746679
2019,32576200,6.332585135
2020,32576200,6.795185493
2019,32576300,15.436846545
2020,32576300,17.40356349
2019,32577100,5.196309135
2020,32577100,5.760419971
2019,32577200,21.996519248
2020,32577200,23.0307779
2019,32577300,4.752123659
2020,32577300,4.286232497
2019,32578100,14.892243965
2020,32578100,16.197870984
2019,32578200,27.96117879
2020,32578200,31.44547447
2019,32579100,27.4440229
2020,32579100,29.62881782
2019,32579200,23.64223104
2020,32579200,25.62292747
2019,32580100,22.345333399
2020,32580100,24.54976594
2019,32580200,22.03211326
2020,32580200,23.52324287
2019,32581100,29.5155063
2020,32581100,31.23024905
2019,32581200,14.502277704
2020,32581200,15.88099339
2019,32582100,19.36450796
2020,32582100,22.911328078
2019,32582200,35.91111994
2020,32582200,41.26012646
2019,32583100,13.087866189
2020,32583100,15.146525577
2019,32583200,17.003971047
2020,32583200,19.237858755
2019,32584100,24.52552012
2020,32584100,27.40165337
2019,32584200,10.184043307
2020,32584200,10.328698079
2019,32584300,9.39943925
2020,32584300,8.972823483
2019,32585100,43.32334909
2020,32585100,48.31907365
2019,32586100,20.086416852
2020,32586100,21.648077931
2019,32586200,22.25145568
2020,32586200,26.62479211
2019,32586300,27.70133693
2020,32586300,31.94490688
2019,32587100,45.98582021
2020,32587100,46.88553776
2019,32588100,36.0867373
2020,32588100,40.97655146
2019,32588200,25.69984607
2020,32588200,27.47354112
2019,32589100,39.09325476
2020,32589100,43.85272142
2019,32590100,20.755147658
2020,32590100,22.758667476
2019,32590200,23.35070227
2020,32590200,27.40466022
2019,32591100,18.282397604
2020,32591100,18.952274893
2019,32591200,27.31051377
2020,32591200,29.67215805
2019,32591300,23.001581056
2020,32591300,24.578832267
2019,32592100,13.365923501
2020,32592100,13.763955428
2019,32592200,30.6885585
2020,32592200,34.01415719
2019,32593100,24.20241425
2020,32593100,26.51888013
2019,32593200,16.884803754
2020,32593200,19.367806448
2019,32593300,18.457325571
2020,32593300,20.71863307
2019,32594100,9.984024902
2020,32594100,9.442430102
2019,32594200,10.114128365
2020,32594200,9.165037669
2019,32594300,10.996585402
2020,32594300,11.780451679
2019,32594400,10.492321575
2020,32594400,12.267564994
2019,32594500,17.488016191
2020,32594500,19.625546324
2019,32595100,12.631492556
2020,32595100,14.233560411
2019,32596100,16.003038128
2020,32596100,17.380305369
2019,32596200,17.065157777
2020,32596200,20.014627289
2019,32597100,3.132346342
2020,32597100,3.498698012
2019,32597200,33.30037921
2020,32597200,31.67458979
2019,32598100,33.98164505
2020,32598100,37.43080588
2019,32599100,30.24552237
2020,32599100,30.81021591
2019,32599200,6.859568358
2020,32599200,7.312122003
2019,32600100,14.026336001
2020,32600100,14.308648793
2019,32600200,0.011222874
2020,32600200,0.003097625
2019,32601100,20.870713519
2020,32601100,22.69675009
2019,32601200,22.288054171
2020,32601200,22.682969736
2019,32601300,30.4955905
2020,32601300,32.56869219
2019,32602100,12.193236668
2020,32602100,13.69743477
2019,32603100,10.162701492
2020,32603100,10.862203062
2019,32603200,11.283538389
2020,32603200,13.547970277
2019,32603300,0
2020,32603300,0
2019,32603400,0
2020,32603400,0
2019,32604100,20.92635454
2020,32604100,24.30704856
2019,32604200,18.993840854
2020,32604200,20.95838422
2019,32605100,24.99450927
2020,32605100,28.79454028
2019,32605200,20.898345053
2020,32605200,22.998517451
2019,32606100,27.72326212
2020,32606100,30.2234155
2019,32607100,22.93873722
2020,32607100,24.43358852
2019,32607200,0
2020,32607200,0
2019,32607300,6.470496314
2020,32607300,6.725428892
2019,32607400,6.290229123
2020,32607400,6.306205307
2019,32608100,14.149429724
2020,32608100,16.975007799
2019,32608200,11.57186899
2020,32608200,13.805529297
2019,32609100,0.925021215
2020,32609100,0.369966593
2019,32609200,16.961642507
2020,32609200,17.841590768
2019,32610100,12.793042946
2020,32610100,13.950740252
2019,32610200,33.91481742
2020,32610200,38.45409836
2019,32611100,21.271330411
2020,32611100,22.377617406
2019,32611200,12.859782983
2020,32611200,13.558823738
2019,32612100,32.66020005
2020,32612100,36.70639745
2019,32613100,0.003168908
2020,32613100,0.008758872
2019,32613200,0.008758872
2020,32613200,0.007323321
2019,32613300,0.050778291
2020,32613300,0.04717527
2019,32614100,12.102514139
2020,32614100,13.829085735
2019,32615100,11.415812965
2020,32615100,11.595910431
2019,32615200,2.898815365
2020,32615200,3.242367191
2019,32616100,26.21970877
2020,32616100,28.54261774
2019,32616200,22.519457414
2020,32616200,22.602428985
2019,32617100,22.277198398
2020,32617100,25.94335944
2019,32617200,12.616243316
2020,32617200,15.183826491
2019,32618100,5.944169296
2020,32618100,6.658605601
2019,32618200,17.105588637
2020,32618200,20.040116891
2019,32619100,9.377624489
2020,32619100,12.097102348
2019,32619200,6.629061686
2020,32619200,7.735863435
2019,32620100,35.65958084
2020,32620100,42.10106198
2019,32620200,12.375078298
2020,32620200,13.934870639
2019,32621100,15.752455898
2020,32621100,18.343035772
2019,32621200,24.73462802
2020,32621200,27.80883687
2019,32622100,26.73695425
2020,32622100,30.41271223
2019,32622200,15.73499501
2020,32622200,17.824085822
2019,32623100,22.05477374
2020,32623100,25.83181028
2019,32624100,20.434282754
2020,32624100,21.637274237
2019,32624200,0.015555696
2020,32624200,0
2019,32624300,0.016607257
2020,32624300,0.016173617
2019,32624400,0.042132048
2020,32624400,0.017815311
2019,32625100,14.701653991
2020,32625100,17.331365482
2019,32625200,15.515148599
2020,32625200,19.723649383
2019,32626100,0
2020,32626100,0
2019,32626200,0
2020,32626200,0
2019,32626300,0
2020,32626300,0
2019,32626400,11.636528021
2020,32626400,14.739391476
2019,32626500,0.038243136
2020,32626500,0
2019,32626600,23.81529022
2020,32626600,25.143935621
2019,32627100,30.22737809
2020,32627100,35.86832118
2019,32628100,17.460689978
2020,32628100,18.823088844
2019,32628200,29.18165296
2020,32628200,32.9216904
2019,32629100,13.79577541
2020,32629100,14.713452168
2019,32629200,21.199293756
2020,32629200,21.326035036
2019,32630100,22.576520355
2020,32630100,24.76871419
2019,32630200,0.039751143
2020,32630200,0.007307472
2019,32630300,0.011177233
2020,32630300,0
2019,32630400,0
2020,32630400,0
2019,32631100,18.790890002
2020,32631100,19.530433996
2019,32631200,9.671419261
2020,32631200,11.841157436
2019,32631300,13.823758195
2020,32631300,15.909347276
2019,32632100,5.612872496
2020,32632100,6.551185397
2019,32632200,22.09898052
2020,32632200,23.87116115
2019,32632300,8.404578131
2020,32632300,9.247630474
2019,32633100,15.634098493
2020,32633100,17.136109984
2019,32633200,7.234770971
2020,32633200,8.753607735
2019,32633300,10.624899833
2020,32633300,12.129379608
2019,32634100,11.697497839
2020,32634100,12.543549275
2019,32634200,18.525835378
2020,32634200,18.833579093
2019,32635100,0
2020,32635100,0
2019,32635200,25.7171582
2020,32635200,27.7826539
2019,32635300,18.19341852
2020,32635300,18.741270055
2019,32636100,35.69756831
2020,32636100,37.69267418
2019,32637100,40.02251739
2020,32637100,42.36412745
2019,32637200,4.404116462
2020,32637200,5.260274482
2019,32638100,2.847147683
2020,32638100,2.685803511
2019,32638200,28.92722765
2020,32638200,33.56801173
2019,32638300,3.650887573
2020,32638300,4.475386855
2019,32639100,185.44890571
2020,32639100,196.12162733
2019,32640100,173.41300605
2020,32640100,178.22894544
2019,32641100,16.372040207
2020,32641100,13.819214332
2019,32642100,29.4374396
2020,32642100,30.48753489
2019,32643100,0.020973841
2020,32643100,0.020973841
2019,32643200,1.819230202
2020,32643200,2.048294066
2019,32644100,29.58842918
2020,32644100,30.98488286
2019,32644200,50.61683763
2020,32644200,54.80486299
2019,32645100,38.86572062
2020,32645100,41.50348907
2019,32645200,7.170693764
2020,32645200,8.627949484
2019,32646100,16.160104844
2020,32646100,16.763065913
2019,32646200,16.146194423
2020,32646200,17.636593457
2019,32646300,5.246495121
2020,32646300,5.510179058
2019,32646400,8.823401482
2020,32646400,11.365757346
2019,32646500,0
2020,32646500,0
2019,32646600,0
2020,32646600,0
2019,32646700,0
2020,32646700,0.121402975
2019,32647100,25.33247226
2020,32647100,26.95360817
2019,32648100,3.701556933
2020,32648100,3.530842891
2019,32648200,21.564168902
2020,32648200,23.06163386
2019,32648300,19.338031469
2020,32648300,21.96281694
2019,32649100,12.27251896
2020,32649100,12.045083444
2019,32649200,4.198304917
2020,32649200,3.634281343
2019,32649300,22.097107844
2020,32649300,25.01708138
2019,32649400,1.950110857
2020,32649400,1.375140014
2019,32649500,3.718871744
2020,32649500,3.280611323
2019,32649600,6.301908559
2020,32649600,6.026986477
2019,32649700,2.713065355
2020,32649700,1.650603998
2019,32650100,52.93411321
2020,32650100,54.73422701
2019,32651100,14.321905327
2020,32651100,14.319983222
2019,32651200,17.986308009
2020,32651200,21.00619108
2019,32651300,18.926455173
2020,32651300,20.291856122
2019,32651400,0.10940374
2020,32651400,0.200637355
2019,32652100,3.856176854
2020,32652100,2.416197732
2019,32652200,0.015819818
2020,32652200,0
2019,32652300,7.156390703
2020,32652300,5.096477782
2019,32652400,1.115631094
2020,32652400,1.586803746
2019,32653100,35.49025113
2020,32653100,37.22050773
2019,32654100,22.41195536
2020,32654100,25.82300559
2019,32654200,7.9524914
2020,32654200,6.279887112
2019,32655100,26.97012516
2020,32655100,28.34285464
2019,32655200,8.47522134
2020,32655200,8.564832049
2019,32656100,16.789501791
2020,32656100,19.111341788
2019,32656200,15.847361982
2020,32656200,17.41988977
2019,32657100,30.46126393
2020,32657100,33.70501871
2019,32657200,18.994858714
2020,32657200,20.044432501
2019,32658100,13.607731903
2020,32658100,14.080286668
2019,32658200,11.698018996
2020,32658200,14.562807832
2019,32659100,10.882796474
2020,32659100,12.174148044
2019,32659200,27.378146127
2020,32659200,29.12627907
2019,32659300,12.877981376
2020,32659300,15.388938332
2019,32659400,1.147444638
2020,32659400,1.118852022
2019,32660100,13.021606099
2020,32660100,18.281117315
2019,32660200,13.588861093
2020,32660200,14.371246039
2019,32660300,8.327603455
2020,32660300,10.667463704
2019,32660400,3.506874282
2020,32660400,3.237201919
2019,32661100,30.61521033
2020,32661100,34.52471119
2019,32661200,24.06508714
2020,32661200,27.94425806
2019,32662100,27.96011879
2020,32662100,30.39323651
2019,32663100,30.75397971
2020,32663100,33.5482372
2019,32663200,10.903415142
2020,32663200,12.600270054
2019,32664100,17.499739469
2020,32664100,19.978031734
2019,32664200,18.418898911
2020,32664200,23.1885493
2019,32664300,8.208173597
2020,32664300,8.335214052
2019,32665100,35.96732331
2020,32665100,38.64805074
2019,32665200,22.318432009
2020,32665200,24.40372279
2019,32666100,1.541663959
2020,32666100,1.069266496
2019,32666200,4.107847155
2020,32666200,4.511006221
2019,32666300,2.654315108
2020,32666300,2.178424108
2019,32667100,14.400463467
2020,32667100,15.182339324
2019,32667200,12.33099214
2020,32667200,13.748628541
2019,32667300,4.548390359
2020,32667300,4.718378788
2019,32667400,0
2020,32667400,0
2019,32668100,0
2020,32668100,0
2019,32668200,22.758719218
2020,32668200,23.07798672
2019,32669100,14.870678878
2020,32669100,16.147903894
2019,32669200,15.900355384
2020,32669200,16.934380664
2019,32669300,13.448751764
2020,32669300,16.079126729
2019,32669400,16.171917983
2020,32669400,17.253827186
2019,32670100,0.776061031
2020,32670100,0.666974432
2019,32670200,25.39410969
2020,32670200,26.94475267
2019,32671100,14.401689838
2020,32671100,18.250768891
2019,32671200,22.848335049
2020,32671200,24.47258601
2019,32672100,31.536242604
2020,32672100,32.97853454
2019,32672200,13.685428958
2020,32672200,15.375683666
2019,32673100,8.281805342
2020,32673100,8.982591516
2019,32673200,9.345291138
2020,32673200,9.086329087
2019,32673300,9.189222185
2020,32673300,9.813169893
2019,32673400,1.442587473
2020,32673400,1.485837562
2019,32674100,13.517967315
2020,32674100,11.46362435
2019,32674200,9.291846104
2020,32674200,9.124062707
2019,32674300,0.135005901
2020,32674300,0.046977689
2019,32674400,7.76515693
2020,32674400,8.647717497
2019,32675100,25.35943691
2020,32675100,26.83262491
2019,32675200,10.096508989
2020,32675200,9.924380258
2019,32675300,41.30571528
2020,32675300,43.82067922
2019,32675400,3.402241604
2020,32675400,4.146588022
2019,32676100,25.23930563
2020,32676100,24.25942684
2019,32676200,4.838644689
2020,32676200,4.854005727
2019,32676300,14.50898356
2020,32676300,14.060581016
2019,32676400,0
2020,32676400,0
2019,32677100,8.897027715
2020,32677100,10.409516472
2019,32677200,9.07677545
2020,32677200,8.909299949
2019,32677300,12.625926425
2020,32677300,13.619922434
2019,32678100,8.31955161
2020,32678100,10.50307744
2019,32678200,15.367190287
2020,32678200,16.798190038
2019,32678300,9.488752598
2020,32678300,10.052820066
2019,32678400,9.456562646
2020,32678400,8.647254683
2019,32679100,9.140275108
2020,32679100,9.003218758
2019,32679200,21.30742838
2020,32679200,21.247869901
2019,32679300,21.244736902
2020,32679300,22.666912025
2019,32680100,36.32282272
2020,32680100,38.78821483
2019,32680200,17.735465137
2020,32680200,19.164675235
2019,32681100,33.671688
2020,32681100,37.52537077
2019,32681200,13.917941074
2020,32681200,16.691203749
2019,32681300,21.49463316
2020,32681300,25.3397444
2019,32682100,5.779177435
2020,32682100,5.595160048
2019,32682200,19.783243491
2020,32682200,19.405993287
2019,32682300,28.05762796
2020,32682300,28.8458132
2019,32682400,17.346416019
2020,32682400,18.845511383
2019,32683100,0
2020,32683100,0
2019,32683200,20.020528935
2020,32683200,25.07283006
2019,32683300,30.23966966
2020,32683300,34.83564866
2019,32684100,15.439048367
2020,32684100,17.503084406
2019,32684200,18.304584338
2020,32684200,20.89999931
2019,32685100,16.708443622
2020,32685100,18.854491808
2019,32685200,12.29125941
2020,32685200,13.164945859
2019,32686100,15.876797134
2020,32686100,18.235723268
2019,32686200,15.044492972
2020,32686200,14.396711626
2019,32687100,17.531547135
2020,32687100,19.636189111
2019,32687200,18.043519001
2020,32687200,20.788755558
2019,32688100,28.43561159
2020,32688100,31.20082018
2019,32688200,13.840526668
2020,32688200,13.54184473
2019,32688300,4.67510592
2020,32688300,4.19143917
2019,32688400,10.226122403
2020,32688400,11.275348298
2019,32689100,20.962009086
2020,32689100,22.778147289
2019,32689200,16.826387226
2020,32689200,17.496008617
2019,32690100,15.63054033
2020,32690100,17.631981168
2019,32690200,12.579879062
2020,32690200,13.955101566
2019,32691100,18.921270237
2020,32691100,22.66447576
2019,32691200,16.862731062
2020,32691200,16.511126903
2019,32691300,8.57659788
2020,32691300,8.88207664
2019,32691400,0.013037616
2020,32691400,0
2019,32691500,0
2020,32691500,0
2019,32692100,23.74965957
2020,32692100,26.04057725
2019,32692200,19.319909297
2020,32692200,19.560783796
2019,32693100,15.966925359
2020,32693100,16.830507532
2019,32693200,47.40140255
2020,32693200,49.94532186
2019,32694100,21.03774293
2020,32694100,22.558715806
2019,32694200,19.811503917
2020,32694200,20.754068233
2019,32695100,23.384930289
2020,32695100,25.01688538
2019,32695200,25.4363544
2020,32695200,26.83682098
2019,32695300,10.895200465
2020,32695300,10.385088162
2019,32695400,10.177539954
2020,32695400,9.178012699
2019,32696100,12.1798747
2020,32696100,13.529532655
2019,32696200,9.75419226
2020,32696200,10.01384823
2019,32696300,24.88667889
2020,32696300,27.5898496
2019,32697100,15.080568133
2020,32697100,16.116204823
2019,32697200,21.72000734
2020,32697200,21.255595783
2019,32697300,14.941698356
2020,32697300,16.37848258
2019,32698100,23.14312198
2020,32698100,27.09990862
2019,32698200,17.8372224
2020,32698200,19.594759042
2019,32699100,29.64661027
2020,32699100,32.69146874
2019,32699200,21.751075622
2020,32699200,23.80269971
2019,32700100,10.495912899
2020,32700100,8.764500086
2019,32700200,9.05940909
2020,32700200,9.353819441
2019,32700300,11.992501976
2020,32700300,10.537904757
2019,32700400,9.679151526
2020,32700400,7.261837354
2019,32701100,2.588559043
2020,32701100,2.798766257
2019,32701200,9.718215847
2020,32701200,7.981230348
2019,32701300,10.542436101
2020,32701300,11.187594666
2019,32701400,13.081552803
2020,32701400,13.452082338
2019,32701500,2.840611822
2020,32701500,2.841783313
2019,32701600,5.074345146
2020,32701600,4.47296383
2019,32701700,0
2020,32701700,0
2019,32702100,6.653426973
2020,32702100,5.97112385
2019,32702200,3.555741869
2020,32702200,3.652841514
2019,32702300,11.856610424
2020,32702300,13.181044364
2019,32703100,9.103085524
2020,32703100,7.827616994
2019,32703200,7.997896772
2020,32703200,7.201819131
2019,32703300,27.54727799
2020,32703300,29.66828855
2019,32704100,14.264419305
2020,32704100,15.669655612
2019,32704200,32.16546141
2020,32704200,36.72733451
2019,32704300,12.365031498
2020,32704300,14.092847822
2019,32704400,16.640188258
2020,32704400,16.661651027
2019,32705100,26.6461123
2020,32705100,27.58722843
2019,32705200,16.445722223
2020,32705200,18.559729844
2019,32705300,2.444953735
2020,32705300,2.364602777
2019,32706100,23.87070016
2020,32706100,25.35015834
2019,32706200,14.765183767
2020,32706200,12.989795672
2019,32707100,31.46083735
2020,32707100,34.95389736
2019,32707200,5.770304045
2020,32707200,5.896507856
2019,32707300,16.127269617
2020,32707300,15.940150331
2019,32708100,16.493101446
2020,32708100,21.881764533
2019,32708200,20.569137923
2020,32708200,23.178430071
2019,32709100,25.923239
2020,32709100,29.71981734
2019,32709200,21.51565288
2020,32709200,24.15450862
2019,32710100,25.80242557
2020,32710100,26.59488497
2019,32710200,20.043042082
2020,32710200,21.76317178
2019,32711100,15.368136281
2020,32711100,17.697553813
2019,32711200,21.181699404
2020,32711200,23.31117343
2019,32712100,25.77233173
2020,32712100,26.26822692
2019,32712200,27.06145191
2020,32712200,24.66303381
2019,32713100,48.80076888
2020,32713100,51.55556015
2019,32713200,24.32849816
2020,32713200,25.34933351
2019,32714100,36.99567159
2020,32714100,42.10117447
2019,32714200,22.953492331
2020,32714200,25.44606642
2019,32715100,17.944711207
2020,32715100,20.121363812
2019,32715200,33.13680259
2020,32715200,35.55879065
2019,32716100,0.010364502
2020,32716100,0
2019,32717100,20.309644779
2020,32717100,20.926081886
2019,32717200,22.584587096
2020,32717200,22.381695577
2019,32717300,0
2020,32717300,0
2019,32718100,0
2020,32718100,0
2019,32718200,0
2020,32718200,0
2019,32719100,18.51348642
2020,32719100,19.26673668
2019,32719200,12.413306649
2020,32719200,13.789305959
2019,32719300,5.807491926
2020,32719300,6.54625561
2019,32720100,36.4610194
2020,32720100,39.31671266
2019,32720200,26.01444543
2020,32720200,26.94952418
2019,32720300,0.014643112
2020,32720300,0.05481428
2019,32720400,0
2020,32720400,0
2019,32721100,19.765513822
2020,32721100,18.618588572
2019,32721200,8.805358222
2020,32721200,8.687925899
2019,32721300,17.296831288
2020,32721300,18.886595201
2019,32722200,0
2020,32722200,0
2019,32722300,10.733126522
2020,32722300,10.914260848
2019,32723100,23.97042765
2020,32723100,27.10166231
2019,32724100,13.033601774
2020,32724100,13.268673894
2019,32724200,24.14436525
2020,32724200,26.06931191
2019,32725100,49.93907375
2020,32725100,59.97168206
2019,32726100,22.934384856
2020,32726100,27.59473697
2019,32726200,12.822865882
2020,32726200,14.350927133
2019,32727100,18.212819255
2020,32727100,20.184070534
2019,32727200,32.87495906
2020,32727200,34.38921118
2019,32728100,20.324809216
2020,32728100,19.898618363
2019,32728200,26.6684523
2020,32728200,27.54967244
2019,32729100,25.24607962
2020,32729100,27.89533572
2019,32730100,32.3649827
2020,32730100,33.00592225
2019,32730200,14.31285745
2020,32730200,14.774574699
2019,32731100,14.551630166
2020,32731100,14.168694831
2019,32731200,16.119066893
2020,32731200,18.386094044
2019,32732100,0
2020,32732100,0
2019,32732200,0.16484846
2020,32732200,0.170876281
2019,32732300,0
2020,32732300,0
2019,32733100,33.28832834
2020,32733100,49.36387193
2019,32734100,26.80321531
2020,32734100,37.9871139
2019,32735100,71.91305855
2020,32735100,105.71414755
2019,32736100,23.309320558
2020,32736100,25.35029032
2019,32736200,10.387547529
2020,32736200,12.209111371
2019,32736300,14.32305497
2020,32736300,14.333168607
2019,32737100,13.533241972
2020,32737100,14.376673114
2019,32738100,20.718037133
2020,32738100,22.20797889
2019,32738200,11.835218279
2020,32738200,12.447139953
2019,32739100,13.290178298
2020,32739100,15.953582003
2019,32739200,6.956461246
2020,32739200,6.044866105
2019,32740100,32.47856524
2020,32740100,33.08927911
2019,32741100,17.002340174
2020,32741100,18.618910042
2019,32741200,39.71115129
2020,32741200,43.72193797
2019,32742100,23.42450166
2020,32742100,24.05493744
2019,32742200,14.454109559
2020,32742200,15.063063254
2019,32743100,5.846538522
2020,32743100,5.899100044
2019,32744100,18.418451524
2020,32744100,19.713694298
2019,32745100,34.20765799
2020,32745100,39.51755323
2019,32746100,45.22999226
2020,32746100,49.93313754
2019,32746200,2.275527327
2020,32746200,2.062786504
2019,32747100,10.919708804
2020,32747100,13.107188211
2019,32747200,21.35899784
2020,32747200,26.42245471
2019,32748100,58.98301211
2020,32748100,70.31552344
2019,32749100,14.68731466
2020,32749100,15.541596994
2019,32749200,7.72041382
2020,32749200,7.071121718
2019,32750100,9.180068354
2020,32750100,8.242208246
2019,32750200,17.413455427
2020,32750200,19.622348182
2019,32751100,27.59342533
2020,32751100,31.85611143
2019,32752100,15.00185581
2020,32752100,17.31162498
2019,32752200,19.851052723
2020,32752200,16.836448611
2019,32752300,21.9203945
2020,32752300,28.13143475
2019,32752400,31.53403222
2020,32752400,31.98933452
2019,32753100,0.104857619
2020,32753100,0.087222756
2019,32753200,0
2020,32753200,0
2019,32753300,0
2020,32753300,0
2019,32753400,0.02150797
2020,32753400,0
2019,32754100,53.46118018
2020,32754100,59.85018662
2019,32754200,0
2020,32754200,0
2019,32755100,11.128619496
2020,32755100,12.789783843
2019,32755200,24.73565572
2020,32755200,28.06945838
2019,32755300,16.692451793
2020,32755300,17.592491268
2019,32756100,35.14344149
2020,32756100,38.54378588
2019,32756200,78.3308271
2020,32756200,86.50866166
2019,32757100,3.548870304
2020,32757100,4.906722599
2019,32757200,7.242530728
2020,32757200,7.863457183
2019,32757300,12.566084935
2020,32757300,13.462364614
2019,32758100,38.625745178
2020,32758100,34.361453829
2019,32758200,82.10175178
2020,32758200,86.88564135
2019,32758300,14.416878151
2020,32758300,21.759599517
2019,32758400,4.98264452
2020,32758400,6.756084388
2019,32759100,22.555001675
2020,32759100,20.970838655
2019,32759200,12.277679551
2020,32759200,12.359504264
2019,32759300,9.246861357
2020,32759300,9.852362466
2019,32760100,17.035811322
2020,32760100,19.002527245
2019,32760200,0.321586592
2020,32760200,0.065342489
2019,32760300,8.978814952
2020,32760300,8.572169545
2019,32761100,48.73629627
2020,32761100,56.03228853
2019,32762100,0
2020,32762100,0
2019,32762200,5.731288136
2020,32762200,5.164731189
2019,32762300,8.096557171
2020,32762300,8.554842846
2019,32763100,28.20635995
2020,32763100,28.36913256
2019,32763200,22.055325741
2020,32763200,23.43057275
2019,32763300,0
2020,32763300,0
2019,32763400,0.003860675
2020,32763400,0
2019,32763500,0.016275511
2020,32763500,0
2019,32764100,0.072557159
2020,32764100,0.07149054
2019,32764200,0.79792089
2020,32764200,0.795240185
2019,32765100,4.953648228
2020,32765100,4.205473911
2019,32765200,0
2020,32765200,0
2019,32765300,13.187861168
2020,32765300,13.084918759
2019,32765400,14.327849141
2020,32765400,16.751599437
2019,32765500,22.059810053
2020,32765500,24.611435101
2019,32765600,33.15609554
2020,32765600,35.97734491
2019,32766100,42.34733335
2020,32766100,41.12079003
2019,32766200,37.60958126
2020,32766200,46.63887349
2019,32767100,0
2020,32767100,0
2019,32768100,0.020752638
2020,32768100,0.028662816
2019,32768200,0.011357534
2020,32768200,0.000709866
2019,32768300,0
2020,32768300,0
2019,32768400,0
2020,32768400,0
2019,32768500,0.063848639
2020,32768500,0.160662413
2019,32768600,0.026363001
2020,32768600,0.146145212
2019,32769100,38.31372772
2020,32769100,43.1316775
2019,32769200,29.49654982
2020,32769200,31.68523265
2019,32770100,0
2020,32770100,0
2019,32770200,0
2020,32770200,0
2019,32770300,0
2020,32770300,0
2019,32771100,16.723812787
2020,32771100,18.09106016
2019,32771200,30.46587493
2020,32771200,36.62759104
2019,32771300,36.51042322
2020,32771300,38.8524486
2019,32772100,0
2020,32772100,0
2019,32772200,18.611730281
2020,32772200,13.463471246
2019,32772300,6.630147008
2020,32772300,4.352684641
2019,32772400,60.46644187
2020,32772400,67.98856594
2019,32773100,7.325482065
2020,32773100,12.59566594
2019,32773200,0.446369001
2020,32773200,0.391751455
2019,32774100,1.688757514
2020,32774100,1.141935941
2019,32774200,0.006289746
2020,32774200,0.008376724
2019,32774300,9.900251052
2020,32774300,8.977511042
2019,32774400,11.657633732
2020,32774400,20.59294237
2019,32774500,11.799828368
2020,32774500,11.675599917
2019,32774600,8.352026186
2020,32774600,3.859775947
2019,32774700,0
2020,32774700,0
2019,32775100,9.43170861
2020,32775100,10.672087781
2019,32776100,6.200571046
2020,32776100,4.556719311
2019,32776200,4.825236469
2020,32776200,4.174903091
2019,32776300,32.88645651
2020,32776300,35.73251649
2019,32776400,13.060896641
2020,32776400,13.253177635
2019,32777100,57.93379346
2020,32777100,59.37613037
2019,32778100,23.94632461
2020,32778100,24.93127819
2019,32778200,4.167398903
2020,32778200,4.042593765
2019,32778300,3.522883157
2020,32778300,3.557975904
2019,32779100,11.982620978
2020,32779100,11.38976254
2019,32779200,2.242023092
2020,32779200,2.364855597
2019,32780100,6.463797565
2020,32780100,3.403214911
2019,32780200,4.042688979
2020,32780200,4.857918685
2019,32780300,0
2020,32780300,0
2019,32780400,7.098993225
2020,32780400,4.830529885
2019,32780500,0
2020,32780500,0
2019,32780600,5.580506665
2020,32780600,4.866612097
2019,32780700,0.003281838
2020,32780700,0.009133658
2019,32781100,31.76965831
2020,32781100,32.71749613
2019,32782100,12.14930602
2020,32782100,14.63245702
2019,32783100,59.6750293
2020,32783100,64.61351584
2019,32783200,29.99685856
2020,32783200,29.59396465
2019,32784100,43.15852401
2020,32784100,43.2743937
2019,32785100,4.579696278
2020,32785100,5.161239823
2019,32786100,0.001083144
2020,32786100,0
2019,32786200,24.09073408
2020,32786200,25.38613099
2019,32787100,22.39027454
2020,32787100,20.391988514
2019,32787200,49.40872448
2020,32787200,54.33726265
2019,32787300,0
2020,32787300,0
2019,32787400,3.916356993
2020,32787400,3.73743716
2019,32787500,0
2020,32787500,0
2019,32787600,3.209414276
2020,32787600,1.857009046
2019,32787700,0
2020,32787700,0
2019,32788100,20.95912465
2020,32788100,21.852053838
2019,32788200,45.52294954
2020,32788200,45.54589843
2019,32788300,0
2020,32788300,0
2019,32788400,0
2020,32788400,0
2019,32788500,2.412862401
2020,32788500,2.423203623
2019,32788600,0
2020,32788600,0
2019,32788700,0
2020,32788700,0
2019,32788800,0
2020,32788800,0
2019,32788900,0
2020,32788900,0
2019,32789100,5.25932645
2020,32789100,6.067543758
2019,32789200,0
2020,32789200,0
2019,32789300,1.885163351
2020,32789300,1.154218381
2019,32789400,1.433209223
2020,32789400,2.981808935
2019,32789500,6.043207355
2020,32789500,3.316573782
2019,32789600,6.228760257
2020,32789600,6.495956584
2019,32790100,0.037221297
2020,32790100,0.011773329
2019,32790200,5.120843595
2020,32790200,4.969723123
2019,32790300,2.593920607
2020,32790300,3.408292457
2019,32790400,17.064252001
2020,32790400,17.704970314
2019,32790500,6.025560985
2020,32790500,3.585725794
2019,32790600,2.563819762
2020,32790600,3.653070468
2019,32791100,0
2020,32791100,0
2019,32791200,0
2020,32791200,0
2019,32791300,56.0360975
2020,32791300,59.73645597
2019,32792100,43.06901281
2020,32792100,47.49983002
2019,32793100,58.88310263
2020,32793100,60.88561348
2019,32794100,64.14339059
2020,32794100,67.99405022
2019,32795100,0
2020,32795100,0
2019,32795200,3.625070648
2020,32795200,2.45638804
2019,32795300,11.597875667
2020,32795300,15.278034514
2019,32795400,0.004902515
2020,32795400,0
2019,32795500,10.409536886
2020,32795500,11.293922202
2019,32795600,19.955324361
2020,32795600,22.26421349
2019,32796100,18.93300551
2020,32796100,7.899210204
2019,32796200,0
2020,32796200,0
2019,32797100,26.10780294
2020,32797100,33.36022964
2019,32798100,19.178632414
2020,32798100,21.790444136
2019,32798200,0.511110428
2020,32798200,0.7083314
2019,32798400,0
2020,32798400,0
2019,32799100,86.5034213
2020,32799100,88.12780127
2019,32799200,0.006075334
2020,32799200,0.006902027
2019,32799300,19.9205288
2020,32799300,22.47145208
2019,32799400,0
2020,32799400,0
2019,32800100,121.54730144
2020,32800100,124.71584735
2019,32800200,85.53264418
2020,32800200,93.2112744
2019,32801100,37.42149334
2020,32801100,39.98535463
2019,32801200,5.988068444
2020,32801200,3.95610163
2019,32802100,22.995533982
2020,32802100,24.66856434
2019,32803100,30.82538115
2020,32803100,33.38300718
2019,32804100,16.38045529
2020,32804100,17.249687026
2019,32804200,10.652835372
2020,32804200,10.558719083
2019,32805100,12.041297504
2020,32805100,13.512928267
2019,32805200,15.129380446
2020,32805200,16.193459734
2019,32805300,0.008129243
2020,32805300,0
2019,32806100,24.14414945
2020,32806100,23.40964634
2019,32806200,25.42013376
2020,32806200,26.2256625
2019,32806300,30.44446874
2020,32806300,32.20571438
2019,32807100,47.97046676
2020,32807100,45.71048279
2019,32808100,62.72582699
2020,32808100,69.56078443
2019,32809100,20.238479147
2020,32809100,20.316210963
2019,32809200,0
2020,32809200,0
2019,32810100,15.006032437
2020,32810100,15.322634914
2019,32810200,21.132400862
2020,32810200,20.330782175
2019,32811100,47.1062401
2020,32811100,49.86477029
2019,32812100,0.016929182
2020,32812100,0.010798748
2019,32812200,10.37939954
2020,32812200,13.746597516
2019,32812300,145.41272258
2020,32812300,153.04248783
2019,32812400,0
2020,32812400,0
2019,32813100,15.350596674
2020,32813100,16.007954686
2019,32813200,16.079442858
2020,32813200,9.485896297
2019,32814100,149.4129101
2020,32814100,154.35377174
2019,32815100,14.452865197
2020,32815100,16.410424413
2019,32815200,19.462293503
2020,32815200,22.5140365
2019,32815300,30.82167048
2020,32815300,31.93223156
2019,32815400,14.284632129
2020,32815400,12.982523326
2019,32816100,18.837780109
2020,32816100,18.776131212
2019,32816200,14.217222029
2020,32816200,15.044427375
2019,32817100,17.7104283
2020,32817100,20.972617305
2019,32817200,5.912115051
2020,32817200,5.483648475
2019,32817300,7.644023397
2020,32817300,6.944312407
2019,32817400,0.011617048
2020,32817400,0.069846093
2019,32818100,27.77773909
2020,32818100,26.52513583
2019,32818200,10.018961343
2020,32818200,10.550602811
2019,32818300,7.767232642
2020,32818300,5.087357272
2019,32818400,0
2020,32818400,0
2019,32818500,0
2020,32818500,0
2019,32819100,34.138559
2020,32819100,37.62027761
2019,32820100,89.30427531
2020,32820100,92.93112438
2019,32820200,16.765797326
2020,32820200,6.152036408
2019,32820300,17.10523685
2020,32820300,13.077566647
2019,32821100,28.93810497
2020,32821100,31.56102182
2019,32821200,82.37512184
2020,32821200,86.21345937
2019,32821300,15.268863567
2020,32821300,12.712450802
2019,32822100,49.1308236
2020,32822100,53.94066975
2019,32822200,13.763515625
2020,32822200,15.254893573
2019,32823100,5.47380114
2020,32823100,5.166335979
2019,32823200,22.183084501
2020,32823200,24.867610957
2019,32823300,16.362964813
2020,32823300,16.312809014
2019,32823400,9.006777905
2020,32823400,6.484099972
2019,32824100,25.36541079
2020,32824100,28.46169845
2019,32824200,15.804789703
2020,32824200,16.968845527
2019,32825100,29.56032327
2020,32825100,31.04348268
2019,32825200,22.91052071
2020,32825200,24.4405251
2019,32825300,6.262316205
2020,32825300,5.603371639
2019,32825400,13.035932781
2020,32825400,11.33898991
2019,32825500,0.2144562
2020,32825500,0.015603945
2019,32826100,48.28251169
2020,32826100,51.10744256
2019,32827100,12.984105151
2020,32827100,13.777484843
2019,32827200,9.329741735
2020,32827200,10.432225552
2019,32827300,5.878132709
2020,32827300,6.349722818
2019,32828100,4.98262167
2020,32828100,5.667766027
2019,32828200,6.165255625
2020,32828200,6.50266608
2019,32828300,15.66719775
2020,32828300,17.450872437
2019,32829100,26.27412482
2020,32829100,29.23051316
2019,32830100,13.964168042
2020,32830100,16.797938188
2019,32830200,26.96155647
2020,32830200,30.22442216
2019,32831100,6.190804
2020,32831100,6.85651728
2019,32831200,5.612415133
2020,32831200,5.630741066
2019,32831300,32.49705743
2020,32831300,35.04735865
2019,32832100,34.67687301
2020,32832100,36.51444807
2019,32832200,19.499886106
2020,32832200,21.56548248
2019,32832300,10.364406226
2020,32832300,12.07882265
2019,32833100,6.106735542
2020,32833100,5.446087544
2019,32833200,7.664620039
2020,32833200,7.340190516
2019,32833300,9.878422257
2020,32833300,10.71061196
2019,32834100,53.88665381
2020,32834100,59.20059858
2019,32834200,0
2020,32834200,0
2019,32834300,0
2020,32834300,0
2019,32835100,0
2020,32835100,0
2019,32835200,21.127986092
2020,32835200,23.883411993
2019,32836100,25.384041119
2020,32836100,28.64848698
2019,32836200,23.89612986
2020,32836200,24.26104889
2019,32836300,34.38093148
2020,32836300,37.80835413
2019,32836400,14.408091007
2020,32836400,15.931933774
2019,32837100,22.08721768
2020,32837100,23.950925433
2019,32837200,25.95373203
2020,32837200,27.58676978
2019,32837300,22.377150961
2020,32837300,22.360361342
2019,32838100,0.020489139
2020,32838100,0.018373152
2019,32838200,23.281302505
2020,32838200,25.29929188
2019,32838300,5.995116623
2020,32838300,6.349340725
2019,32838400,10.890665948
2020,32838400,11.621458265
2019,32838500,11.718324805
2020,32838500,11.775894812
2019,32838600,0.169437032
2020,32838600,0.1937789
2019,32839100,4.166900478
2020,32839100,6.009499083
2019,32839200,2.648067337
2020,32839200,2.673578805
2019,32839300,15.971780163
2020,32839300,19.774067012
2019,32839400,13.789022132
2020,32839400,14.425958744
2019,32839500,36.61963585
2020,32839500,40.61384262
2019,32840100,24.362621167
2020,32840100,23.50891821
2019,32840200,18.440056876
2020,32840200,20.385917511
2019,32840300,0.939439706
2020,32840300,1.133009905
2019,32841100,6.447704322
2020,32841100,7.010978354
2019,32841200,9.192960427
2020,32841200,12.077631025
2019,32841300,2.701345178
2020,32841300,4.267807734
2019,32842100,49.44645442
2020,32842100,52.9305609
2019,32843100,19.39385655
2020,32843100,21.305689231
2019,32843200,26.30289476
2020,32843200,27.76894141
2019,32843300,18.126588725
2020,32843300,18.528502461
2019,32843400,13.044124607
2020,32843400,12.124487291
2019,32843500,15.889919867
2020,32843500,18.108301316
2019,32844100,0.007889977
2020,32844100,0
2019,32844200,30.33330277
2020,32844200,35.93391282
2019,32844300,18.29391535
2020,32844300,19.566977077
2019,32844400,29.69829423
2020,32844400,32.26888474
2019,32845100,29.01759557
2020,32845100,35.28458643
2019,32846100,0
2020,32846100,0
2019,32846200,3.612392029
2020,32846200,4.474816007
2019,32846300,7.308898435
2020,32846300,8.918854953
2019,32846400,61.20348648
2020,32846400,65.34580572
2019,32847100,7.334292098
2020,32847100,9.338392865
2019,32847200,13.186674362
2020,32847200,13.752991806
2019,32848100,64.67855334
2020,32848100,70.29825237
2019,32849100,8.288650426
2020,32849100,8.347728721
2019,32849200,7.105719878
2020,32849200,6.617447247
2019,32849300,8.765765382
2020,32849300,7.711065511
2019,32849400,17.069704802
2020,32849400,19.037948856
2019,32850100,73.70788643
2020,32850100,80.35086905
2019,32851100,61.96912461
2020,32851100,66.48037235
2019,32851200,13.215925347
2020,32851200,13.905040557
2019,32852100,0
2020,32852100,0
2019,32852200,54.38338629
2020,32852200,57.15393683
2019,32853100,55.857477
2020,32853100,58.70713165
2019,32854100,2.831333036
2020,32854100,3.554752984
2019,32854200,9.461016294
2020,32854200,11.303282137
2019,32855100,9.521464367
2020,32855100,9.264314505
2019,32855200,16.838267048
2020,32855200,16.928023487
2019,32855300,15.232811509
2020,32855300,15.079796119
2019,32855400,5.652053325
2020,32855400,4.420320858
2019,32856100,17.848133213
2020,32856100,19.563344988
2019,32857100,29.05553738
2020,32857100,31.67360799
2019,32857200,13.570460182
2020,32857200,13.978871717
2019,32858100,12.640763889
2020,32858100,14.883486038
2019,32858200,20.09318525
2020,32858200,21.99741065
2019,32859100,14.03179308
2020,32859100,15.805633073
2019,32859200,13.820360158
2020,32859200,15.082750544
2019,32860100,0.149704847
2020,32860100,0.214541206
2019,32861100,30.38430033
2020,32861100,32.27412613
2019,32861200,17.366524705
2020,32861200,19.510275386
2019,32862100,12.169500579
2020,32862100,14.512806253
2019,32862200,16.141093179
2020,32862200,19.146634642
2019,32862300,24.13799579
2020,32862300,25.90305629
2019,32863100,10.356025902
2020,32863100,11.133445413
2019,32863200,0
2020,32863200,0
2019,32864100,25.25377117
2020,32864100,27.92183644
2019,32864200,13.720413145
2020,32864200,14.504783691
2019,32865100,18.66490368
2020,32865100,22.42856927
2019,32865200,77.57688242
2020,32865200,85.16318728
2019,32865300,9.113113202
2020,32865300,9.969856734
2019,32866100,0.677733258
2020,32866100,0.685669198
2019,32866200,0.005372467
2020,32866200,0.019886181
2019,32866300,0.015798958
2020,32866300,0
2019,32866400,0
2020,32866400,0
2019,32866500,3.012280183
2020,32866500,7.487368433
2019,32867100,18.134130923
2020,32867100,19.163603748
2019,32867200,15.914359327
2020,32867200,17.790178326
2019,32868100,30.25818722
2020,32868100,33.35291505
2019,32868200,5.537738661
2020,32868200,5.437788524
2019,32869100,7.367826987
2020,32869100,7.317514721
2019,32869200,26.15445496
2020,32869200,27.99156125
2019,32870100,41.16796952
2020,32870100,47.63214253
2019,32871100,20.644834959
2020,32871100,22.389421338
2019,32871200,14.46049213
2020,32871200,16.745590213
2019,32872100,37.24579448
2020,32872100,41.35220558
2019,32872200,8.615152374
2020,32872200,9.22306827
2019,32872300,2.362265286
2020,32872300,2.189874361
2019,32873100,0.018461368
2020,32873100,0.02289412
2019,32873200,8.624938641
2020,32873200,9.647888821
2019,32873300,3.596819872
2020,32873300,3.88946441
2019,32873400,23.663763948
2020,32873400,25.867210592
2019,32874100,0.030034332
2020,32874100,0.008138566
2019,32874200,15.177690857
2020,32874200,16.818372315
2019,32874300,16.728716173
2020,32874300,18.58226758
2019,32874400,15.079364401
2020,32874400,16.066963586
2019,32875100,10.654208149
2020,32875100,10.623469853
2019,32875200,14.394296706
2020,32875200,14.749855599
2019,32876100,0.130410787
2020,32876100,0.225186843
2019,32876200,1.154406355
2020,32876200,0.005165079
2019,32876300,0
2020,32876300,0
2019,32876400,0.032140744
2020,32876400,0.380968049
2019,32877100,22.358166725
2020,32877100,22.934615939
2019,32877200,31.59998408
2020,32877200,32.15675673
2019,32878100,3.943805505
2020,32878100,4.011459211
2019,32878200,30.29287486
2020,32878200,32.51486781
2019,32878300,8.033770293
2020,32878300,8.687463801
2019,32879100,27.46441325
2020,32879100,34.17726409
2019,32879200,7.866058895
2020,32879200,7.822003225
2019,32879300,12.157754608
2020,32879300,14.099487501
2019,32880100,35.98127282
2020,32880100,39.82155923
2019,32880200,22.308241655
2020,32880200,23.801065065
2019,32881100,8.756803789
2020,32881100,8.653165262
2019,32881200,36.24482789
2020,32881200,40.98599533
2019,32881300,6.331882622
2020,32881300,6.976324508
2019,32882100,26.94913072
2020,32882100,28.97565445
2019,32882200,23.166420492
2020,32882200,23.647763655
2019,32883100,0.099682843
2020,32883100,0
2019,32883200,5.226983625
2020,32883200,4.343384712
2019,32884100,27.00337167
2020,32884100,28.37835547
2019,32885100,7.269715521
2020,32885100,7.239698203
2019,32885200,0
2020,32885200,0
2019,32885300,0
2020,32885300,0
2019,32885400,6.911183227
2020,32885400,6.887836321
2019,32885500,15.049649935
2020,32885500,18.927155748
2019,32885600,9.267958096
2020,32885600,11.80163893
2019,32885700,19.435824166
2020,32885700,21.112531793
2019,32885800,3.717888514
2020,32885800,3.493542703
2019,32886100,7.945919448
2020,32886100,10.189099785
2019,32886200,15.262273253
2020,32886200,16.622369331
2019,32887100,33.80420348
2020,32887100,37.434666
2019,32888100,12.154107556
2020,32888100,13.073956609
2019,32888200,26.28750727
2020,32888200,28.07090428
2019,32888300,15.531745506
2020,32888300,16.124115566
2019,32889100,33.8541659
2020,32889100,34.95078353
2019,32889200,27.894366888
2020,32889200,28.95262742
2019,32889300,0.166509164
2020,32889300,0
2019,32890100,11.633371616
2020,32890100,13.264967287
2019,32890200,15.861178472
2020,32890200,19.190966592
2019,32891100,47.09523129
2020,32891100,47.86734444
2019,32891200,30.36012464
2020,32891200,31.91822714
2019,32892100,33.57200929
2020,32892100,35.95812844
2019,32893100,30.25613438
2020,32893100,32.91869769
2019,32893200,3.430144427
2020,32893200,3.655354212
2019,32893300,9.272663918
2020,32893300,10.525723756
2019,32894100,17.441144889
2020,32894100,18.609110072
2019,32895100,3.179591438
2020,32895100,2.581647789
2019,32895200,5.375860731
2020,32895200,4.822687302
2019,32895300,1.032302664
2020,32895300,0.834644924
2019,32895400,0
2020,32895400,0
2019,32896100,12.241445375
2020,32896100,13.647121968
2019,32896200,20.68054135
2020,32896200,21.921896385
2019,32897100,9.171430123
2020,32897100,9.033989091
2019,32897200,26.86829422
2020,32897200,29.33109298
2019,32898100,0.017946109
2020,32898100,0
2019,32898200,0
2020,32898200,0
2019,32898300,0
2020,32898300,0
2019,32898400,0
2020,32898400,0
2019,32899100,7.503014531
2020,32899100,9.567609567
2019,32899200,1.857037122
2020,32899200,1.860193235
2019,32899300,14.49208759
2020,32899300,15.986577856
2019,32899400,0
2020,32899400,0
2019,32899500,11.894723562
2020,32899500,13.582990967
2019,32899600,0
2020,32899600,0
2019,32900100,28.22303771
2020,32900100,31.09862829
2019,32901100,1.417222673
2020,32901100,1.343872195
2019,32901200,15.48485207
2020,32901200,17.652830964
2019,32902100,19.022768648
2020,32902100,20.757457282
2019,32903100,0
2020,32903100,0
2019,32903200,0
2020,32903200,0
2019,32903300,0
2020,32903300,0
2019,32903400,1.226891872
2020,32903400,1.960444106
2019,32903500,0
2020,32903500,0
2019,32903600,261.33512275
2020,32903600,96.08913423
2019,32903700,0.820308158
2020,32903700,8.770308403
2019,32904100,23.080468142
2020,32904100,24.41086252
2019,32905100,4.244482958
2020,32905100,1.806247728
2019,32905200,0
2020,32905200,0
2019,32905300,0
2020,32905300,0
2019,32905400,0
2020,32905400,0
2019,32906100,3.861552995
2020,32906100,3.861325741
2019,32906200,7.915208205
2020,32906200,7.517100832
2019,32907100,0
2020,32907100,0
2019,32907200,0.009783246
2020,32907200,0.004633705
2019,32907300,0
2020,32907300,0
2019,32907400,0
2020,32907400,0
2019,32908100,0.006485015
2020,32908100,0.007164863
2019,32908200,0
2020,32908200,0
2019,32909100,21.22747318
2020,32909100,23.20745898
2019,32909200,26.58829778
2020,32909200,28.72358146
2019,32910100,22.35113599
2020,32910100,24.23662923
2019,32910200,13.225083116
2020,32910200,13.545785082
2019,32910300,6.413052767
2020,32910300,6.173500659
2019,32911100,7.256105423
2020,32911100,8.262201943
2019,32911200,9.130753203
2020,32911200,9.349043622
2019,32912100,18.884875458
2020,32912100,19.044387194
2019,32912200,22.611972479
2020,32912200,23.422491293
2019,32912300,17.241481498
2020,32912300,18.422672068
2019,32913100,15.484455577
2020,32913100,17.014336353
2019,32913200,23.8673022
2020,32913200,27.14788885
2019,32914100,34.92132271
2020,32914100,38.47183822
2019,32915100,15.229751668
2020,32915100,16.95656728
2019,32915200,0.012266237
2020,32915200,0.005210509
2019,32915300,0
2020,32915300,0
2019,32915400,0
2020,32915400,0
2019,32915500,0.210312074
2020,32915500,0.247339492
2019,32916100,12.146919388
2020,32916100,12.616956213
2019,32917100,0.103885983
2020,32917100,0.144040609
2019,32918100,18.735417204
2020,32918100,20.503290114
2019,32919100,0
2020,32919100,0
2019,32919200,11.168556394
2020,32919200,12.277093352
2019,32920100,21.50987128
2020,32920100,23.6911442
2019,32921100,27.88868883
2020,32921100,29.3118435
2019,32921200,16.168093289
2020,32921200,16.362922635
2019,32921300,6.693540836
2020,32921300,6.721593908
2019,32922100,24.06513669
2020,32922100,26.27878282
2019,32923100,8.126547397
2020,32923100,8.648855573
2019,32924100,21.807692489
2020,32924100,23.328804582
2019,32925100,29.90577391
2020,32925100,32.58792166
2019,32926100,2.299341615
2020,32926100,2.224582325
2019,32926200,16.094711544
2020,32926200,17.430939768
2019,32927100,14.034410676
2020,32927100,15.172891083
2019,32928100,15.758821922
2020,32928100,18.292028232
2019,32928200,13.025008027
2020,32928200,14.3920914
2019,32929100,7.491168864
2020,32929100,8.620841689
2019,32929200,16.59281737
2020,32929200,16.970013104
2019,32929300,12.661883062
2020,32929300,12.610990953
2019,32930100,18.486491157
2020,32930100,25.342030476
2019,32930200,21.07412636
2020,32930200,21.96638775
2019,32931100,4.394678272
2020,32931100,4.991204222
2019,32931200,12.866096158
2020,32931200,14.13516318
2019,32932100,29.39285384
2020,32932100,31.44806929
2019,32933100,23.99206778
2020,32933100,25.82305798
2019,32934100,28.05183877
2020,32934100,30.62125065
2019,32935100,19.875921582
2020,32935100,22.620424673
2019,32935200,13.746797117
2020,32935200,14.608683413
2019,32936100,6.007764219
2020,32936100,6.563868855
2019,32936200,17.421803347
2020,32936200,19.122889382
2019,32937100,0.004371964
2020,32937100,0.02107465
2019,32938100,0
2020,32938100,0
2019,32938200,0
2020,32938200,0
2019,32938300,9.105122988
2020,32938300,6.70873808
2019,32938400,24.36601495
2020,32938400,24.05926306
2019,32939100,5.227532068
2020,32939100,5.766609348
2019,32939200,19.491211114
2020,32939200,21.479674211
2019,32940100,43.00624622
2020,32940100,44.24024638
2019,32941100,23.582163022
2020,32941100,30.37250034
2019,32941200,10.847021979
2020,32941200,13.05869519
2019,32942100,20.488779817
2020,32942100,23.275874602
2019,32943100,22.162863252
2020,32943100,24.66050418
2019,32944100,14.988871468
2020,32944100,18.04960684
2019,32945100,71.48489495
2020,32945100,85.47184118
2019,32945200,3.571874882
2020,32945200,3.694395358
2019,32946100,18.789381708
2020,32946100,18.653461624
2019,32946200,23.430746518
2020,32946200,24.97468031
2019,32946300,9.084154436
2020,32946300,10.668175337
2019,32947100,22.38958138
2020,32947100,26.82876459
2019,32947200,25.18305179
2020,32947200,27.61382681
2019,32947300,6.524859857
2020,32947300,7.743550578
2019,32948100,70.69187643
2020,32948100,75.94527939
2019,32948200,22.773164099
2020,32948200,26.60059526
2019,32949100,12.135552818
2020,32949100,13.386771028
2019,32950100,11.737103853
2020,32950100,13.599178498
2019,32950200,19.357432128
2020,32950200,19.328648942
2019,32951100,0
2020,32951100,0
2019,32951200,1.366574103
2020,32951200,1.68408635
2019,32951300,10.755441231
2020,32951300,10.789233783
2019,32951400,8.958606612
2020,32951400,11.271888377
2019,32952100,35.67977014
2020,32952100,46.52990645
2019,32952200,29.25068833
2020,32952200,36.7677494
2019,32953100,3.224005871
2020,32953100,4.921342248
2019,32953200,0.595679073
2020,32953200,0.572051933
2019,32954100,29.6092161
2020,32954100,33.98223243
2019,32954200,11.574151442
2020,32954200,12.947786376
2019,32955100,48.22963732
2020,32955100,49.37568686
2019,32955200,5.014447717
2020,32955200,5.607156618
2019,32955300,17.017571298
2020,32955300,18.141682793
2019,32956100,2.352232755
2020,32956100,3.002955419
2019,32956200,55.33882515
2020,32956200,40.89209838
2019,32957100,8.958387698
2020,32957100,9.421194604
2019,32958100,0.040850909
2020,32958100,0.040850909
2019,32958200,0
2020,32958200,0
2019,32958300,19.232509746
2020,32958300,20.90310004
2019,32959100,8.991650512
2020,32959100,7.968702723
2019,32959200,7.980319404
2020,32959200,9.382285695
2019,32959300,4.631809724
2020,32959300,5.689011478
2019,32960100,25.511813177
2020,32960100,29.953587716
2019,32960200,7.524170606
2020,32960200,8.475137546
2019,32961100,0.97972802
2020,32961100,0.032253968
2019,32961200,0.02533116
2020,32961200,0.017301875
2019,32962100,47.26850395
2020,32962100,54.21756894
2019,32963100,0.037511091
2020,32963100,0
2019,32963200,10.327307847
2020,32963200,11.886378662
2019,32963300,1.428730883
2020,32963300,2.013021394
2019,32964100,15.827391521
2020,32964100,18.350138414
2019,32964200,8.332804302
2020,32964200,9.822004245
2019,32965100,23.32726056
2020,32965100,24.72862141
2019,32966100,20.212105786
2020,32966100,23.861605534
2019,32966200,7.825184594
2020,32966200,8.74739956
2019,32966300,0.084944663
2020,32966300,0.107743383
2019,32967100,4.847181281
2020,32967100,4.778681417
2019,32967200,1.981749289
2020,32967200,2.673696902
2019,32968100,25.121461331
2020,32968100,26.92497669
2019,32969100,9.204824045
2020,32969100,11.356177999
2019,32969200,10.88278185
2020,32969200,11.728515318
2019,32970100,17.819538397
2020,32970100,18.869961167
2019,32970200,12.017310237
2020,32970200,12.49031569
2019,32970300,24.91339017
2020,32970300,27.00400027
2019,32971100,96.18883334
2020,32971100,106.46585934
2019,32971200,10.23089057
2020,32971200,12.397422167
2019,32972100,52.22652364
2020,32972100,59.00766232
2019,32972200,5.232822704
2020,32972200,7.367962821
2019,32972300,8.541066766
2020,32972300,10.437962714
2019,32973100,0.029223734
2020,32973100,0.038353355
2019,32973200,10.967386771
2020,32973200,12.709136269
2019,32973300,8.99144023
2020,32973300,10.209666954
2019,32973400,0.02419388
2020,32973400,0.02419388
2019,32973500,0.013492625
2020,32973500,0.007802904
2019,32974100,2.85437645
2020,32974100,2.610989807
2019,32974200,9.430835321
2020,32974200,10.416350486
2019,32974300,17.145069401
2020,32974300,18.572044305
2019,32974400,8.669893664
2020,32974400,7.924510566
2019,32975100,1.690227515
2020,32975100,2.674126097
2019,32975200,3.698097961
2020,32975200,3.785959167
2019,32975300,4.658423178
2020,32975300,4.852500952
2019,32975400,5.990162565
2020,32975400,5.999365863
2019,32976100,0.064230957
2020,32976100,0.060465796
2019,32976200,0.027382431
2020,32976200,0.028960585
2019,32977100,15.986615229
2020,32977100,19.439704103
2019,32977200,0.779678375
2020,32977200,0.812811769
2019,32977300,22.945738679
2020,32977300,26.81957799
2019,32977400,20.159900859
2020,32977400,28.11941186
2019,32978100,9.904149934
2020,32978100,10.809326822
2019,32979100,42.07127321
2020,32979100,46.82638782
2019,32980100,7.436446939
2020,32980100,9.854040518
2019,32980200,7.757017388
2020,32980200,6.955745925
2019,32980300,12.967781243
2020,32980300,13.410409808
2019,32980400,17.978412108
2020,32980400,19.808694168
2019,32981100,13.42915897
2020,32981100,14.497661993
2019,32981200,66.95976887
2020,32981200,72.73696694
2019,32981300,9.536309456
2020,32981300,10.699033798
2019,32982100,15.628355342
2020,32982100,16.400645048
2019,32982200,16.182692447
2020,32982200,18.265650784
2019,32983100,40.78014311
2020,32983100,53.83314004
2019,32983200,10.519311173
2020,32983200,10.579651271
2019,32983300,12.557133222
2020,32983300,14.140243251
2019,32984100,3.903849464
2020,32984100,4.225602578
2019,32984200,13.368924496
2020,32984200,15.334484761
2019,32984300,8.108429211
2020,32984300,9.003847215
2019,32985100,26.21388168
2020,32985100,28.13191361
2019,32986100,14.629233935
2020,32986100,15.495273913
2019,32987100,24.1602665
2020,32987100,25.90616926
2019,32988100,4.97160698
2020,32988100,5.719998517
2019,32988200,4.855113879
2020,32988200,5.682584541
2019,32988300,9.115993137
2020,32988300,10.13945985
2019,32989100,11.35569123
2020,32989100,9.498565136
2019,32989200,34.12809763
2020,32989200,36.81343674
2019,32990100,37.11958297
2020,32990100,40.68068851
2019,32990200,7.798252214
2020,32990200,9.857632965
2019,32991100,20.717872536
2020,32991100,20.544580976
2019,32991200,17.248611398
2020,32991200,11.558105325
2019,32992100,7.826974733
2020,32992100,7.753799172
2019,32992200,5.39687329
2020,32992200,6.084499805
2019,32992300,17.969565754
2020,32992300,18.901878853
2019,32992400,26.12823424
2020,32992400,28.70990412
2019,32993100,21.807656966
2020,32993100,25.06269362
2019,32993200,22.727670978
2020,32993200,25.34045393
2019,32993300,4.636414952
2020,32993300,4.121621232
2019,32994100,2.506197274
2020,32994100,2.621735958
2019,32994200,5.723950208
2020,32994200,5.55995671
2019,32994300,6.127474858
2020,32994300,7.24652223
2019,32994400,5.540586091
2020,32994400,5.882593911
2019,32994500,11.025647729
2020,32994500,14.121673719
2019,32995100,46.5834419
2020,32995100,52.62537105
2019,32996100,14.335589265
2020,32996100,15.48960787
2019,32997100,25.57241282
2020,32997100,29.664487
2019,32997200,16.350447059
2020,32997200,18.913848356
2019,32998100,25.011886522
2020,32998100,26.77488171
2019,32998200,17.337771795
2020,32998200,19.414157626
2019,32999100,7.893547006
2020,32999100,9.2676815
2019,32999200,11.416774401
2020,32999200,13.71081703
2019,33000100,21.56867719
2020,33000100,24.15672799
2019,33001100,16.873422923
2020,33001100,17.257259656
2019,33001200,20.40048496
2020,33001200,21.33807258
2019,33002100,14.808134016
2020,33002100,16.461426503
2019,33002200,13.679901022
2020,33002200,14.485316595
2019,33002300,11.018151821
2020,33002300,11.923744594
2019,33003100,17.264266665
2020,33003100,18.606044919
2019,33003200,41.44866902
2020,33003200,45.14757169
2019,33003300,0.011835153
2020,33003300,0.006107469
2019,33004100,21.16953438
2020,33004100,24.268586986
2019,33004200,19.920790103
2020,33004200,24.030400479
2019,33005100,32.98353572
2020,33005100,37.7355763
2019,33005200,17.456847406
2020,33005200,17.625444028
2019,33006100,10.65620124
2020,33006100,11.91286448
2019,33006200,14.332961895
2020,33006200,13.901972243
2019,33006300,10.440680772
2020,33006300,14.805512297
2019,33006400,4.265725206
2020,33006400,5.124297431
2019,33007100,14.307215291
2020,33007100,16.447260929
2019,33007200,10.056241036
2020,33007200,10.367134428
2019,33007300,6.471449344
2020,33007300,6.280613135
2019,33007400,20.384701814
2020,33007400,22.41173356
2019,33008100,7.000301551
2020,33008100,6.851978233
2019,33008200,32.91712079
2020,33008200,37.50971895
2019,33009100,3.359963497
2020,33009100,3.259411452
2019,33009200,9.506698162
2020,33009200,11.280843317
2019,33009300,8.856952726
2020,33009300,6.414906367
2019,33010100,26.75864368
2020,33010100,30.12694337
2019,33010200,13.626927594
2020,33010200,14.708658956
2019,33011100,22.072411109
2020,33011100,23.90901124
2019,33011200,9.869239924
2020,33011200,13.092832439
2019,33012100,11.007425665
2020,33012100,10.437455332
2019,33012200,12.916993345
2020,33012200,17.861995354
2019,33012300,13.474213667
2020,33012300,16.160590912
2019,33013100,34.83806215
2020,33013100,39.88402041
2019,33013200,9.105083252
2020,33013200,11.888916538
2019,33013300,22.19635947
2020,33013300,24.7047709
2019,33013400,28.44441093
2020,33013400,32.45944687
2019,33014100,25.11560876
2020,33014100,27.67853936
2019,33014200,2.515365566
2020,33014200,2.7682648
2019,33014300,25.25599092
2020,33014300,26.84661637
2019,33014400,13.43497448
2020,33014400,16.519011488
2019,33015100,8.924439049
2020,33015100,10.65906608
2019,33015200,13.301196863
2020,33015200,17.933214313
2019,33015300,15.182959816
2020,33015300,15.266234371
2019,33015400,0.008624715
2020,33015400,0
2019,33016100,14.548687029
2020,33016100,16.267125179
2019,33016200,6.281728094
2020,33016200,8.114146669
2019,33016300,15.5616809
2020,33016300,17.285812348
2019,33016400,11.255516708
2020,33016400,11.480664558
2019,33017100,0
2020,33017100,0
2019,33017200,0.032962449
2020,33017200,0.014464349
2019,33017300,0
2020,33017300,0
2019,33017400,13.62171948
2020,33017400,13.273660123
2019,33017500,13.895535129
2020,33017500,16.306327529
2019,33017600,11.682294152
2020,33017600,11.412167533
2019,33017700,17.931201611
2020,33017700,23.533706652
2019,33018100,14.318095931
2020,33018100,15.623564244
2019,33018200,25.67316209
2020,33018200,26.70448299
2019,33019100,47.33061617
2020,33019100,54.55123292
2019,33019200,0.038372913
2020,33019200,0.0206115
2019,33019300,32.41354903
2020,33019300,33.26160036
2019,33020100,15.996593284
2020,33020100,17.184706343
2019,33020200,16.06492804
2020,33020200,17.346938699
2019,33021100,4.628788488
2020,33021100,5.001454886
2019,33021200,19.225606959
2020,33021200,20.361317107
2019,33022100,21.274853017
2020,33022100,22.067863637
2019,33022200,14.978528578
2020,33022200,16.118060435
2019,33022300,45.72730156
2020,33022300,47.25353351
2019,33023100,5.471964606
2020,33023100,5.573629854
2019,33023200,11.945571669
2020,33023200,12.050319388
2019,33023300,17.987727805
2020,33023300,20.357332364
2019,33023400,0
2020,33023400,0
2019,33024100,3.626422114
2020,33024100,4.008307885
2019,33024200,10.937512121
2020,33024200,15.994708247
2019,33024300,10.12007056
2020,33024300,11.233111418
2019,33024400,0
2020,33024400,0
2019,33024500,3.765154062
2020,33024500,3.588162164
2019,33025100,3.108078458
2020,33025100,5.619051442
2019,33025200,39.60991122
2020,33025200,42.20811526
2019,33025300,0
2020,33025300,0
2019,33025400,0.015915967
2020,33025400,0.015915967
2019,33025500,0.441095537
2020,33025500,0.301455263
2019,33025600,0.013549404
2020,33025600,0.019382054
2019,33025700,0
2020,33025700,0
2019,33025800,21.17420506
2020,33025800,23.62448837
2019,33026100,8.140263869
2020,33026100,8.561987743
2019,33026200,23.2885859
2020,33026200,25.98066324
2019,33027100,7.799069427
2020,33027100,8.329987595
2019,33027200,15.67250593
2020,33027200,19.700362498
2019,33027300,0.020136324
2020,33027300,0.020136324
2019,33028100,14.614025201
2020,33028100,15.85148553
2019,33028200,33.57902217
2020,33028200,33.73136365
2019,33029100,22.010630023
2020,33029100,20.590256473
2019,33029200,27.1434402
2020,33029200,29.34443732
2019,33030100,39.26940427
2020,33030100,41.04131857
2019,33030200,33.09656252
2020,33030200,32.54930526
2019,33030300,12.808118373
2020,33030300,13.144027662
2019,33031100,27.50757031
2020,33031100,28.95798779
2019,33031200,18.497715235
2020,33031200,20.345293003
2019,33031300,23.68971789
2020,33031300,24.43849718
2019,33032100,10.414670632
2020,33032100,12.052413773
2019,33032200,4.868887164
2020,33032200,5.870871683
2019,33032300,0
2020,33032300,0
2019,33032400,6.099873066
2020,33032400,7.820939258
2019,33032500,0
2020,33032500,0
2019,33032600,0
2020,33032600,0
2019,33032700,8.934031426
2020,33032700,8.727024818
2019,33032800,15.594469651
2020,33032800,22.351293218
2019,33033100,25.546040622
2020,33033100,16.569348429
2019,33033200,0.012252787
2020,33033200,0
2019,33033300,14.064114662
2020,33033300,15.092185379
2019,33033400,10.360921145
2020,33033400,11.134862192
2019,33034100,5.603738362
2020,33034100,4.961777155
2019,33034200,7.081471832
2020,33034200,7.482989935
2019,33034300,7.59842879
2020,33034300,8.663199242
2019,33035100,8.73694499
2020,33035100,9.73442332
2019,33035200,30.10589219
2020,33035200,29.03261519
2019,33036100,0
2020,33036100,0
2019,33037100,16.949820373
2020,33037100,17.525731999
2019,33037200,9.385794118
2020,33037200,9.838496846
2019,33038100,20.359589421
2020,33038100,21.222188005
2019,33038200,16.272294668
2020,33038200,17.153486168
2019,33039100,9.655329808
2020,33039100,9.916639106
2019,33039200,6.001886133
2020,33039200,7.087746565
2019,33040100,13.040316677
2020,33040100,12.753121347
2019,33040200,16.818779249
2020,33040200,18.7687458
2019,33040300,9.565071359
2020,33040300,9.08348438
2019,33041100,0
2020,33041100,0
2019,33041200,16.637692168
2020,33041200,23.174656414
2019,33041300,0
2020,33041300,0
2019,33041400,0
2020,33041400,0
2019,33041500,0
2020,33041500,0
2019,33041600,0.006549893
2020,33041600,0.015717353
2019,33041700,0
2020,33041700,0
2019,33042100,19.765983213
2020,33042100,20.992767499
2019,33043100,3.851065958
2020,33043100,4.374216422
2019,33043200,17.173356049
2020,33043200,18.105819256
2019,33043300,6.86157793
2020,33043300,6.872379345
2019,33044100,14.128835376
2020,33044100,14.567539816
2019,33044200,18.874601671
2020,33044200,19.138073423
2019,33044300,2.80740984
2020,33044300,3.527300801
2019,33045100,16.531331287
2020,33045100,17.971506333
2019,33045200,19.709299252
2020,33045200,20.439859934
2019,33045300,6.895251869
2020,33045300,8.26838423
2019,33046100,0
2020,33046100,0
2019,33046200,16.617197723
2020,33046200,17.925282259
2019,33046300,16.439250519
2020,33046300,15.935377479
2019,33046400,1.567531267
2020,33046400,1.168861515
2019,33046500,22.58405084
2020,33046500,76.69514275
2019,33046600,27.60023005
2020,33046600,32.50131442
2019,33046700,0
2020,33046700,0
2019,33046800,7.976365706
2020,33046800,60.950905825
2019,33046900,0.024523745
2020,33046900,0
2019,33047100,16.415591216
2020,33047100,17.219597428
2019,33047200,19.53405245
2020,33047200,20.508915262
2019,33048100,44.49215387
2020,33048100,51.08155891
2019,33049100,6.952393002
2020,33049100,7.680121618
2019,33049200,13.27276215
2020,33049200,14.127488918
2019,33049300,4.004990974
2020,33049300,3.754100129
2019,33049400,3.618052305
2020,33049400,4.359870126
2019,33050100,1.661882573
2020,33050100,1.332040261
2019,33050200,10.488299263
2020,33050200,10.404345797
2019,33050300,4.092113778
2020,33050300,4.300500189
2019,33050400,13.083988884
2020,33050400,14.306553715
2019,33050500,2.318289034
2020,33050500,2.153210955
2019,33051100,0
2020,33051100,0
2019,33051200,0
2020,33051200,0
2019,33051300,13.946058891
2020,33051300,15.284172607
2019,33051400,6.487101129
2020,33051400,6.752732553
2019,33052100,5.19689062
2020,33052100,6.03307934
2019,33052200,45.19141399
2020,33052200,48.31514728
2019,33052300,84.23347115
2020,33052300,84.60525649
2019,33053100,9.05800704
2020,33053100,9.364014853
2019,33053200,13.683526437
2020,33053200,13.992887245
2019,33053300,3.476073633
2020,33053300,3.649800465
2019,33054100,67.36661617
2020,33054100,81.44777365
2019,33054200,11.501793006
2020,33054200,12.035924326
2019,33055100,0
2020,33055100,0
2019,33055200,5.99603137
2020,33055200,6.298690696
2019,33055300,0
2020,33055300,0
2019,33055400,2.054924285
2020,33055400,3.138311336
2019,33055500,33.74129867
2020,33055500,39.44950922
2019,33055600,9.068469192
2020,33055600,9.333364466
2019,33056100,3.83886072
2020,33056100,5.495675531
2019,33056200,0
2020,33056200,0
2019,33056300,5.560001152
2020,33056300,7.596365711
2019,33057100,5.498455507
2020,33057100,5.454240641
2019,33057200,4.463752756
2020,33057200,4.640173293
2019,33057300,8.595662455
2020,33057300,8.746969146
2019,33057400,0
2020,33057400,0
2019,33057500,8.030531355
2020,33057500,9.152515014
2019,33057600,0
2020,33057600,0
2019,33058100,4.714146734
2020,33058100,4.905500211
2019,33058200,4.794159558
2020,33058200,5.007661863
2019,33058300,7.65820289
2020,33058300,7.903819767
2019,33058400,10.670091193
2020,33058400,29.8696855
2019,33058500,9.957941478
2020,33058500,10.778427309
2019,33059100,0.127563126
2020,33059100,0.361568002
2019,33059200,6.06885834
2020,33059200,6.571036768
2019,33059300,4.598497062
2020,33059300,4.670341036
2019,33060100,2.913221111
2020,33060100,2.158976455
2019,33060200,2.499402367
2020,33060200,2.623861608
2019,33060300,0
2020,33060300,0
2019,33060400,3.976559373
2020,33060400,4.728519
2019,33061100,8.671341092
2020,33061100,9.719986779
2019,33061200,1.469684816
2020,33061200,1.570885559
2019,33062100,108.07052627
2020,33062100,114.76017584
2019,33063100,14.353391867
2020,33063100,15.853468838
2019,33063200,7.605033919
2020,33063200,8.673815825
2019,33063300,0
2020,33063300,0
2019,33064100,13.740251338
2020,33064100,14.764710191
2019,33064200,0
2020,33064200,0
2019,33064300,1.738407395
2020,33064300,1.973135097
2019,33064400,1.477256105
2020,33064400,1.855648485
2019,33064500,0
2020,33064500,0
2019,33064600,13.342177853
2020,33064600,14.276291798
2019,33064700,2.723183671
2020,33064700,2.731166255
2019,33065100,0
2020,33065100,0
2019,33065200,0.913477526
2020,33065200,21.65284466
2019,33065300,0
2020,33065300,0
2019,33065400,0.278265718
2020,33065400,1.986790115
2019,33065500,0
2020,33065500,0
2019,33065700,0
2020,33065700,0
2019,33066100,20.96804865
2020,33066100,20.843432598
2019,33066200,1.457127123
2020,33066200,1.643586045
2019,33066300,10.34130903
2020,33066300,10.65019512
2019,33066400,2.717026396
2020,33066400,2.226602187
2019,33066500,22.94691669
2020,33066500,23.38178668
2019,33066600,7.600827608
2020,33066600,7.535689636
2019,33066700,0.005977212
2020,33066700,0.007442823
2019,33067100,40.65935564
2020,33067100,43.46838108
2019,33068100,41.19216573
2020,33068100,43.52951533
2019,33069100,13.374303257
2020,33069100,14.268117706
2019,33069200,8.890105312
2020,33069200,8.660118736
2019,33070100,0
2020,33070100,0
2019,33070200,0.06032655
2020,33070200,0.070306184
2019,33070300,0.005951418
2020,33070300,0.009655503
2019,33071100,0.018193769
2020,33071100,0.018193769
2019,33071200,17.350994733
2020,33071200,18.455777074
2019,33071300,5.153873753
2020,33071300,5.924411488
2019,33072100,19.995764753
2020,33072100,20.673463765
2019,33072200,0
2020,33072200,0
2019,33073100,0
2020,33073100,0
2019,33073200,0
2020,33073200,0
2019,33073300,0
2020,33073300,0
2019,33073500,0
2020,33073500,0
2019,33073600,0
2020,33073600,0
2019,33074100,0.190671003
2020,33074100,0.336051079
2019,33074200,1.673816542
2020,33074200,1.646695167
2019,33074300,0.659793305
2020,33074300,0.435225318
2019,33074400,0.11499832
2020,33074400,0.117309038
2019,33074500,1.457713189
2020,33074500,1.125166523
2019,33074600,1.679147413
2020,33074600,1.712899546
2019,33075100,0
2020,33075100,0
2019,33076100,0.025715362
2020,33076100,0.033252352
2019,33076200,0
2020,33076200,0
2019,33077100,0
2020,33077100,0
2019,33077200,0.01434733
2020,33077200,0
2019,33078100,0.006289746
2020,33078100,0.004704447
2019,33078200,5.694560687
2020,33078200,3.54413202
2019,33078300,0
2020,33078300,0
2019,33079100,0.01434733
2020,33079100,0.009666777
2019,33079200,0.217890726
2020,33079200,0.081107861
2019,33079300,7.190480448
2020,33079300,11.869962819
2019,33079400,24.622448848
2020,33079400,4.61167507
2019,33079500,2.455319972
2020,33079500,2.194885958
2019,33079600,2.155838257
2020,33079600,10.178653451
2019,33079700,15.50230945
2020,33079700,7.68553594
2019,33079800,0.006397398
2020,33079800,0.053113822
2019,33080100,0.086627804
2020,33080100,0.206188097
2019,33080200,0
2020,33080200,0
2019,33081100,3.368710365
2020,33081100,3.329275262
2019,33081200,25.000440623
2020,33081200,24.90498079
2019,33082100,14.085215012
2020,33082100,14.636477933
2019,33082200,13.487300852
2020,33082200,12.138932006
2019,33083100,22.659627483
2020,33083100,15.174714566
2019,33083200,0.02317825
2020,33083200,0.026223956
2019,33083300,0
2020,33083300,0
2019,33083400,8.84677501
2020,33083400,9.503887993
2019,33083500,0
2020,33083500,0
2019,33083600,4.605228051
2020,33083600,5.317329825
2019,33083700,11.73052555
2020,33083700,10.2849158
2019,33083800,0
2020,33083800,0
2019,33083900,1.166039549
2020,33083900,1.224253324
2019,33084100,30.623031818
2020,33084100,29.156027198
2019,33085100,25.274414704
2020,33085100,26.043897269
2019,33086100,3.775570244
2020,33086100,2.890324185
2019,33086200,27.65645155
2020,33086200,28.4129731
2019,33087100,14.6670753
2020,33087100,15.410222857
2019,33087200,3.61097539
2020,33087200,3.651061029
2019,33087300,14.123994677
2020,33087300,13.968708136
2019,33088100,20.888262384
2020,33088100,22.199238046
2019,33088200,30.49799625
2020,33088200,32.81178514
2019,33088300,4.657404489
2020,33088300,6.273926049
2019,33089100,10.288371178
2020,33089100,10.796150512
2019,33089200,21.88378393
2020,33089200,24.54562812
2019,33089300,10.188280431
2020,33089300,15.277583806
2019,33089400,0.023867764
2020,33089400,0.012495137
2019,33090100,5.050923857
2020,33090100,5.596536939
2019,33090200,18.392567519
2020,33090200,14.035778467
2019,33090300,14.584842546
2020,33090300,15.587128665
2019,33091100,0
2020,33091100,0
2019,33091200,20.66852797
2020,33091200,22.842475454
2019,33091300,6.545001336
2020,33091300,5.870040547
2019,33091400,21.520801244
2020,33091400,28.60892268
2019,33091500,11.934825271
2020,33091500,13.248853098
2019,33092100,15.175863445
2020,33092100,14.412802379
2019,33092200,16.786126063
2020,33092200,18.588238331
2019,33093100,14.786879122
2020,33093100,15.204341563
2019,33093200,32.54103978
2020,33093200,32.77503296
2019,33093300,2.213689919
2020,33093300,2.267138895
2019,33094100,7.514631347
2020,33094100,6.633944451
2019,33094200,0
2020,33094200,0
2019,33094300,34.00244681
2020,33094300,33.76689079
2019,33095100,6.715147567
2020,33095100,4.773908636
2019,33095200,15.826493879
2020,33095200,16.55641311
2019,33095300,0.006289746
2020,33095300,0.007978537
2019,33095400,8.922321249
2020,33095400,6.183604345
2019,33096100,26.414673064
2020,33096100,27.853102916
2019,33097100,3.851953839
2020,33097100,5.312153356
2019,33097200,14.723899668
2020,33097200,16.045766577
2019,33097300,5.073435964
2020,33097300,5.403091642
2019,33097400,9.175633427
2020,33097400,8.596402786
2019,33097500,5.644754218
2020,33097500,5.502278873
2019,33097600,3.471720351
2020,33097600,3.939588493
2019,33098100,36.65328753
2020,33098100,39.262762
2019,33098200,10.285891846
2020,33098200,18.476067259
2019,33099100,22.810722087
2020,33099100,27.549242798
2019,33099200,57.38715454
2020,33099200,54.2992198
2019,33100100,26.414069643
2020,33100100,30.845356542
2019,33100200,18.305592234
2020,33100200,18.844784034
2019,33100300,8.962492998
2020,33100300,9.998405725
2019,33101100,0
2020,33101100,0
2019,33101200,0
2020,33101200,0
2019,33101300,0
2020,33101300,0
2019,33101400,0
2020,33101400,0
2019,33102100,14.812483295
2020,33102100,16.363348297
2019,33103100,24.691045652
2020,33103100,36.51050993
2019,33103200,28.25009861
2020,33103200,42.18843923
2019,33103300,52.52030008
2020,33103300,77.55729837
2019,33104100,25.313288519
2020,33104100,28.40785077
2019,33104200,22.547762195
2020,33104200,28.67747862
2019,33105100,19.195000732
2020,33105100,18.948092721
2019,33105200,14.660729257
2020,33105200,17.211842995
2019,33105300,24.417709864
2020,33105300,37.09632541
2019,33105400,31.647276641
2020,33105400,27.434272705
2019,33105500,41.04724073
2020,33105500,44.17331798
2019,33105600,50.19705202
2020,33105600,66.90271055
2019,33105700,4.379148626
2020,33105700,5.900507817
2019,33106100,34.24851481
2020,33106100,37.61231553
2019,33106200,22.244400611
2020,33106200,24.826257446
2019,33107100,0
2020,33107100,0
2019,33107200,0
2020,33107200,0
2019,33107300,0
2020,33107300,0
2019,33107400,0.006289746
2020,33107400,0
2019,33107500,0
2020,33107500,0
2019,33107600,0.006289746
2020,33107600,0
2019,33107700,0
2020,33107700,0
2019,33107800,0
2020,33107800,0
2019,33107900,0
2020,33107900,0
2019,33108100,0
2020,33108100,0
2019,33108200,0
2020,33108200,0
2019,33108300,0
2020,33108300,0
2019,33109100,1.087493695
2020,33109100,1.997497472
2019,33109200,2.236342253
2020,33109200,3.539876606
2019,33109300,54.07997059
2020,33109300,41.01630339
2019,33109400,10.93895894
2020,33109400,11.876293252
2019,33109500,2.784865653
2020,33109500,3.615236914
2019,33109600,0
2020,33109600,0
2019,33110100,66.17374847
2020,33110100,89.32788957
2019,33111100,0
2020,33111100,0
2019,33111200,0
2020,33111200,0
2019,33111300,0.002077788
2020,33111300,0
2019,33112100,40.837492884
2020,33112100,25.808651176
2019,33112200,3.108430366
2020,33112200,23.686883414
2019,33112300,3.036462182
2020,33112300,27.395687286
2019,33112400,0.104561679
2020,33112400,0
2019,33112500,0.14395993
2020,33112500,0.075601697
2019,33112600,0
2020,33112600,0
2019,33113100,0.008380719
2020,33113100,0
2019,33113200,0.011539543
2020,33113200,0.011539543
2019,33113300,0
2020,33113300,0
2019,33113400,6.700229316
2020,33113400,7.788336786
2019,33113500,67.73622423
2020,33113500,63.88121018
2019,33113600,0
2020,33113600,0
2019,33114100,0.012748748
2020,33114100,0
2019,33114200,0
2020,33114200,0
2019,33114300,28.090463414
2020,33114300,26.745350857
2019,33114400,0.045682748
2020,33114400,0.045682748
2019,33114500,20.930910226
2020,33114500,18.356080903
2019,33114600,44.765952435
2020,33114600,27.170941476
2019,33115100,0
2020,33115100,0
2019,33116100,57.2781613
2020,33116100,57.97232683
2019,33116200,55.00782703
2020,33116200,96.05145569
2019,33117100,10.464403084
2020,33117100,28.531149254
2019,33117200,3.566655399
2020,33117200,5.170810888
2019,33117300,0
2020,33117300,0
2019,33118100,40.346960784
2020,33118100,51.149526755
2019,33119200,0.289412197
2020,33119200,1.041790436
2019,43120100,0.029906903
2020,43120100,0.014308748
2019,43120200,0.24263321
2020,43120200,0.086979344
2019,43121100,44.41736417
2020,43121100,46.88526998
2019,43121200,41.2429765
2020,43121200,45.5129202
2019,43121300,21.315906517
2020,43121300,20.450197235
2019,43122100,40.50409037
2020,43122100,40.20497363
2019,43122200,49.97355526
2020,43122200,54.79783226
2019,43122300,24.10367504
2020,43122300,26.33342589
2019,43122400,25.5358875
2020,43122400,27.67234349
2019,43122500,20.99412499
2020,43122500,23.17545936
2019,43122600,30.92695562
2020,43122600,34.64793969
2019,43123100,17.152073761
2020,43123100,19.415079703
2019,43123200,24.459738506
2020,43123200,22.095523742
2019,43123300,31.63327971
2020,43123300,35.51279422
2019,43123400,0.639666433
2020,43123400,0.355472479
2019,43123500,0.071631301
2020,43123500,0.097837334
2019,43123600,1.928144376
2020,43123600,3.530794747
2019,43123700,0
2020,43123700,0
2019,43123800,0.735543605
2020,43123800,0.17900635
2019,43123900,4.58546119
2020,43123900,4.927722045
2019,43124100,0.009999598
2020,43124100,0.012588448
2019,43124200,19.375737208
2020,43124200,20.81415784
2019,43124300,6.538739704
2020,43124300,9.531968068
2019,43124400,15.152834836
2020,43124400,12.377849036
2019,43124500,10.244520545
2020,43124500,11.040043995
2019,43125100,0.016743517
2020,43125100,0.016743517
2019,43125200,0
2020,43125200,0
2019,43126100,40.24138394
2020,43126100,42.63734875
2019,43127100,14.551978285
2020,43127100,14.303552592
2019,43128100,22.605865846
2020,43128100,22.750548473
2019,43129100,13.927103536
2020,43129100,13.840536074
2019,43130100,16.288333044
2020,43130100,17.607911828
2019,43130200,1.24445652
2020,43130200,1.267241519
2019,43131100,11.141008472
2020,43131100,11.397467326
2019,43131200,9.737172509
2020,43131200,10.577132687
2019,43131300,13.021344018
2020,43131300,12.896641066
2019,43132100,14.145102519
2020,43132100,18.606338347
2019,43132200,1.076245582
2020,43132200,0.779850116
2019,43132300,13.153796306
2020,43132300,13.86824673
2019,43133100,12.018900447
2020,43133100,12.513993568
2019,43133200,23.782593435
2020,43133200,23.681389423
2019,43134100,15.328315257
2020,43134100,17.089188232
2019,43134200,19.749930788
2020,43134200,20.241303873
2019,43134300,15.703938662
2020,43134300,16.12783037
2019,43135100,67.62164687
2020,43135100,70.32792151
2019,43136100,21.69816648
2020,43136100,23.22664581
2019,43137100,1.087642488
2020,43137100,0.991858756
2019,43137200,18.176876906
2020,43137200,19.71612353
2019,43137300,4.290091307
2020,43137300,4.814257586
2019,43138100,48.74788212
2020,43138100,53.93636554
2019,43139100,23.771523229
2020,43139100,26.464938869
2019,43140100,24.676724538
2020,43140100,26.16568811
2019,43141100,40.32867495
2020,43141100,42.10035542
2019,43141200,26.97555238
2020,43141200,28.47726233
2019,43142100,15.018500895
2020,43142100,15.103225483
2019,43142200,21.124239567
2020,43142200,21.291573743
2019,43142300,0.581093507
2020,43142300,1.026117613
2019,43143100,20.793704433
2020,43143100,22.54555509
2019,43144100,13.225146935
2020,43144100,14.799412086
2019,43144200,20.473547108
2020,43144200,23.2206533
2019,43144300,1.134209478
2020,43144300,1.102080063
2019,43144400,2.575994983
2020,43144400,2.677822817
2019,43144500,4.46995404
2020,43144500,4.478303881
2019,43145100,13.207661377
2020,43145100,14.361547461
2019,43145200,4.532459187
2020,43145200,6.769048793
2019,43146100,9.397794477
2020,43146100,9.674556107
2019,43146200,33.10577328
2020,43146200,35.03159124
2019,43146300,24.32197851
2020,43146300,24.95294983
2019,43147100,12.740895241
2020,43147100,14.379501649
2019,43147200,22.12694803
2020,43147200,24.67800348
2019,43148100,0
2020,43148100,0
2019,43148200,0.077424208
2020,43148200,0.093700823
2019,43148300,0
2020,43148300,0
2019,43148400,0.911643121
2020,43148400,0.925249382
2019,43148500,0.011088594
2020,43148500,0.006475004
2019,43148600,0
2020,43148600,0
2019,43149100,16.136248805
2020,43149100,16.83231692
2019,43150100,18.703970008
2020,43150100,19.442717054
2019,43151100,25.33218695
2020,43151100,27.02987106
2019,43152100,30.3574045
2020,43152100,32.07054716
2019,43152200,0.011090613
2020,43152200,0.019013658
2019,43153100,28.53767122
2020,43153100,30.9816074
2019,43154100,27.330578116
2020,43154100,31.33019849
2019,43154200,12.938742167
2020,43154200,13.7534024
2019,43155100,29.34170359
2020,43155100,30.51100725
2019,43156100,2.491227186
2020,43156100,2.666404115
2019,43156200,1.943319252
2020,43156200,2.935095173
2019,43157100,10.633739873
2020,43157100,10.594765361
2019,43157200,10.522350885
2020,43157200,10.594654665
2019,43158100,39.80943136
2020,43158100,37.75703826
2019,43159100,8.228889319
2020,43159100,9.835299513
2019,43159200,9.154010113
2020,43159200,11.0115943
2019,43160100,18.670258864
2020,43160100,20.158440323
2019,43161100,19.070598172
2020,43161100,21.100051192
2019,43162100,10.303479571
2020,43162100,11.45938495
2019,43162200,4.084724996
2020,43162200,3.951436357
2019,43162300,19.684946293
2020,43162300,22.182678009
2019,43162400,1.351823366
2020,43162400,0.889274026
2019,43163100,10.290254732
2020,43163100,10.966444242
2019,43163200,8.884864728
2020,43163200,8.664128836
2019,43163300,40.56940577
2020,43163300,45.79898021
2019,43164100,41.43696167
2020,43164100,44.93316366
2019,43165100,2.942360523
2020,43165100,3.12770196
2019,43166100,5.586399016
2020,43166100,6.355835942
2019,43166200,12.615430507
2020,43166200,13.901664347
2019,43166300,20.09908437
2020,43166300,22.5408942
2019,43167100,9.086000728
2020,43167100,10.568414641
2019,43167200,11.103028591
2020,43167200,12.591514951
2019,43167300,2.920359111
2020,43167300,3.869685171
2019,43167400,4.140567609
2020,43167400,4.475566116
2019,43168100,13.011087571
2020,43168100,13.956217152
2019,43168200,10.41986711
2020,43168200,6.681342974
2019,43168300,0.324491415
2020,43168300,0.325889883
2019,43168400,0.345024059
2020,43168400,0.226361396
2019,43169100,31.91077941
2020,43169100,35.22088728
2019,43170100,30.6606026
2020,43170100,33.18600132
2019,43170200,4.63751748
2020,43170200,5.368671463
2019,43170300,8.666371794
2020,43170300,8.719290042
2019,43170400,24.80835045
2020,43170400,24.40671089
2019,43170500,13.530601962
2020,43170500,12.696807963
2019,43171100,3.131058933
2020,43171100,3.3463158
2019,43171200,15.404229051
2020,43171200,15.196496768
2019,43171300,10.721240691
2020,43171300,10.768025691
2019,43172100,0.025629066
2020,43172100,0.033322343
2019,43172200,18.784920238
2020,43172200,18.815187529
2019,43173100,45.12342395
2020,43173100,48.27379515
2019,43174100,3.112718707
2020,43174100,3.236133623
2019,43174200,1.576839202
2020,43174200,1.661723493
2019,43174300,0.020223833
2020,43174300,0.006584709
2019,43175100,23.893189253
2020,43175100,26.60439061
2019,43175200,13.758881659
2020,43175200,14.915367431
2019,43176100,34.33101385
2020,43176100,36.34056465
2019,43176200,17.62365442
2020,43176200,19.959810081
2019,43177100,17.121038798
2020,43177100,18.141609988
2019,43177200,10.705361671
2020,43177200,10.647174261
2019,43178100,26.53501553
2020,43178100,28.31625717
2019,43178200,3.387550231
2020,43178200,3.526830834
2019,43178300,29.77136187
2020,43178300,31.78298656
2019,43179100,37.06883342
2020,43179100,43.51524454
2019,43180100,12.62559398
2020,43180100,12.907819558
2019,43180200,4.46395914
2020,43180200,4.25745765
2019,43180300,9.939584782
2020,43180300,10.341976795
2019,43181100,0
2020,43181100,0
2019,43181200,0
2020,43181200,0
2019,43181300,19.106614991
2020,43181300,20.568104731
2019,43182100,44.04850765
2020,43182100,46.46378327
2019,43182200,12.666731695
2020,43182200,13.823906192
2019,43182300,14.397828689
2020,43182300,18.966040004
2019,43183100,6.461255421
2020,43183100,6.401952752
2019,43183200,26.182695237
2020,43183200,27.705782633
2019,43183300,3.536422287
2020,43183300,3.720983195
2019,43183400,4.259216794
2020,43183400,4.845247471
2019,43183500,8.060664697
2020,43183500,8.858669065
2019,43184100,30.45880981
2020,43184100,30.88301126
2019,43185100,25.27468526
2020,43185100,26.81718428
2019,43185200,38.75731537
2020,43185200,42.90861829
2019,43186100,25.02142213
2020,43186100,27.47597872
2019,43186200,13.300595769
2020,43186200,14.673663436
2019,43187100,63.65669837
2020,43187100,66.23401673
2019,43187200,2.802061042
2020,43187200,2.432509629
2019,43188100,1.005806536
2020,43188100,1.198920569
2019,43188200,32.28558653
2020,43188200,34.39218811
2019,43188300,64.64901002
2020,43188300,70.62873594
2019,43188400,10.652080331
2020,43188400,11.533364019
2019,43188500,0.053137956
2020,43188500,0.053137956
2019,43188600,24.59753668
2020,43188600,26.58723408
2019,43188700,42.45338578
2020,43188700,45.01671282
2019,43189100,0.018417394
2020,43189100,0.018417394
2019,43189200,3.869519245
2020,43189200,4.310386305
2019,43189300,1.266843399
2020,43189300,1.168314068
2019,43190100,24.10727675
2020,43190100,25.32585567
2019,43191100,19.470809127
2020,43191100,20.371356863
2019,43191200,11.812507386
2020,43191200,11.019743504
2019,43192100,16.642026465
2020,43192100,17.147672338
2019,43192200,1.120758905
2020,43192200,1.356824879
2019,43192300,11.774082571
2020,43192300,12.217830494
2019,43193100,20.510892568
2020,43193100,22.21919744
2019,43194100,17.21402259
2020,43194100,17.047515359
2019,43194200,12.016044416
2020,43194200,11.944616081
2019,43195100,5.431390905
2020,43195100,5.535236243
2019,43195200,18.531671556
2020,43195200,24.51757765
2019,43195300,11.346074635
2020,43195300,12.352012442
2019,43196100,9.122428635
2020,43196100,9.670168674
2019,43196200,25.750077448
2020,43196200,27.876731426
2019,43196300,14.843180194
2020,43196300,13.81626713
2019,43196400,2.27210975
2020,43196400,1.788893917
2019,43197100,19.87620214
2020,43197100,20.52803085
2019,43197200,3.819141432
2020,43197200,3.584149709
2019,43197300,8.686149164
2020,43197300,9.18345698
2019,43197400,9.88830526
2020,43197400,9.997193812
2019,43198100,6.287544662
2020,43198100,6.626147206
2019,43198200,4.065084226
2020,43198200,3.711202176
2019,43198300,11.093497483
2020,43198300,12.003693043
2019,43198400,25.01802937
2020,43198400,24.59071527
2019,43198500,5.117483073
2020,43198500,5.190922384
2019,43199100,12.561052642
2020,43199100,13.867682752
2019,43199200,31.83837383
2020,43199200,34.34971275
2019,43199300,25.40316421
2020,43199300,27.34576368
2019,43199400,19.314161055
2020,43199400,19.783455919
2019,43199500,2.233294451
2020,43199500,2.108678566
2019,43200100,20.147092221
2020,43200100,20.888454034
2019,43201100,11.626444825
2020,43201100,11.966859634
2019,43201200,23.49836805
2020,43201200,23.71936212
2019,43202100,42.93804237
2020,43202100,45.84753761
2019,43202200,18.019999485
2020,43202200,18.855603607
2019,43203100,0.009825812
2020,43203100,1.734323736
2019,43203200,9.690923916
2020,43203200,11.03820472
2019,43204100,29.4415528
2020,43204100,29.46293015
2019,43205100,16.202941787
2020,43205100,16.035840641
2019,43206100,32.82957452
2020,43206100,35.5613165
2019,43207100,19.462684566
2020,43207100,21.029202128
2019,43207200,14.972583299
2020,43207200,16.653760141
2019,43208100,16.009644346
2020,43208100,15.020815337
2019,43209100,11.29032517
2020,43209100,12.438974204
2019,43209200,34.13717322
2020,43209200,37.3312231
2019,43209300,6.372067377
2020,43209300,6.491780034
2019,43209400,9.647953615
2020,43209400,11.20778299
2019,43209500,0
2020,43209500,0.070139688
2019,43209600,4.557060562
2020,43209600,4.653192025
2019,43210100,0.139306124
2020,43210100,0.138587189
2019,43210200,14.854412829
2020,43210200,14.784091542
2019,43211100,19.597232142
2020,43211100,19.715303398
2019,43211200,25.80214932
2020,43211200,27.10033312
2019,43211300,37.54026629
2020,43211300,39.01761543
2019,43211400,4.457122154
2020,43211400,4.458506318
2019,43212100,2.09635719
2020,43212100,1.970348342
2019,43213100,1.024198155
2020,43213100,0.501600139
2019,43213200,4.819253632
2020,43213200,4.530283538
2019,43213300,20.82121695
2020,43213300,21.06750305
2019,43214100,11.891717407
2020,43214100,11.137244312
2019,43214200,3.534402424
2020,43214200,2.271941363
2019,43214300,8.776005276
2020,43214300,9.183999904
2019,43215100,19.747850111
2020,43215100,19.143763605
2019,43215200,1.530369239
2020,43215200,1.64105759
2019,43215300,0.616358499
2020,43215300,0.806480895
2019,43215400,35.90695718
2020,43215400,37.39183498
2019,43216100,4.282330333
2020,43216100,4.64965005
2019,43216200,12.686224884
2020,43216200,14.799321151
2019,43216300,8.522956675
2020,43216300,8.777930871
2019,43216400,4.310507102
2020,43216400,4.671734015
2019,43217100,18.901191035
2020,43217100,20.185488496
2019,43217200,12.611122294
2020,43217200,12.759659068
2019,43218100,10.017234193
2020,43218100,9.767323684
2019,43218200,9.58444548
2020,43218200,10.961583775
2019,43218300,15.071105714
2020,43218300,16.529280872
2019,43218400,3.039428145
2020,43218400,3.860275673
2019,43219100,31.90804767
2020,43219100,33.66822738
2019,43219200,28.87849143
2020,43219200,30.75026953
2019,43220100,0.20163515
2020,43220100,0.356816602
2019,43220200,29.89947075
2020,43220200,32.10723794
2019,43221100,37.98125727
2020,43221100,40.60398058
2019,43221200,25.75826337
2020,43221200,27.10485441
2019,43222100,18.804820681
2020,43222100,21.04723441
2019,43222200,14.276544741
2020,43222200,16.564513226
2019,43222300,37.50297038
2020,43222300,38.39696002
2019,43223100,1.701791738
2020,43223100,2.01095279
2019,43223200,0.939799634
2020,43223200,0.926205295
2019,43223300,1.423371155
2020,43223300,1.148552008
2019,43223400,10.461946382
2020,43223400,11.599424054
2019,43223500,3.454562137
2020,43223500,3.607990222
2019,43223600,2.731450068
2020,43223600,1.743095986
2019,43223700,0.538252859
2020,43223700,0.358988911
2019,43223800,2.558898735
2020,43223800,2.638733639
2019,43223900,3.142845242
2020,43223900,4.206585463
2019,43224100,12.732308887
2020,43224100,13.369351441
2019,43224200,18.845347471
2020,43224200,21.511204469
2019,43224300,17.780738951
2020,43224300,19.94930132
2019,43225100,0
2020,43225100,0
2019,43225200,10.616343201
2020,43225200,11.248402098
2019,43225300,9.694015038
2020,43225300,10.367664048
2019,43226100,3.873118371
2020,43226100,4.039055247
2019,43226200,5.025214863
2020,43226200,6.037452133
2019,43226300,0.221509473
2020,43226300,0.383008557
2019,43226400,9.407485508
2020,43226400,10.422539717
2019,43226500,3.762071326
2020,43226500,4.137214488
2019,43227100,20.360303183
2020,43227100,21.4331322
2019,43227200,14.03072337
2020,43227200,17.375586934
2019,43227300,3.745952432
2020,43227300,3.83853844
2019,43227400,9.273589645
2020,43227400,11.058884753
2019,43228100,12.600720851
2020,43228100,13.958259121
2019,43228200,6.479173296
2020,43228200,6.359276798
2019,43228300,14.878056197
2020,43228300,16.727221258
2019,43228400,10.149424745
2020,43228400,11.411385405
2019,43229100,15.184987913
2020,43229100,15.399114958
2019,43229200,19.814768416
2020,43229200,21.65228198
2019,43230100,10.180877639
2020,43230100,10.210405402
2019,43230200,5.896787027
2020,43230200,6.481879781
2019,43230300,13.491569158
2020,43230300,14.458555627
2019,43230400,28.09727872
2020,43230400,32.09704576
2019,43231100,6.261629999
2020,43231100,6.129239885
2019,43231200,1.289959448
2020,43231200,2.915826089
2019,43231300,0.309693086
2020,43231300,0.306264365
2019,43231400,0.017867171
2020,43231400,0.285702704
2019,43231500,0.4832959
2020,43231500,0.873557707
2019,43231600,0.062386002
2020,43231600,0.022189246
2019,43231700,0.193401707
2020,43231700,0.988752776
2019,43231800,1.117562785
2020,43231800,1.163269633
2019,43232100,26.073563181
2020,43232100,26.271801197
2019,43232200,4.505437069
2020,43232200,4.951466182
2019,43232300,16.330459631
2020,43232300,16.416788234
2019,43233100,15.795834609
2020,43233100,16.232811571
2019,43233200,19.920855323
2020,43233200,21.09735587
2019,43233300,8.989683346
2020,43233300,9.252018371
2019,43234100,19.047809104
2020,43234100,20.586049768
2019,43234200,24.64168425
2020,43234200,25.67189492
2019,43235100,13.247991267
2020,43235100,14.52176214
2019,43235200,0.041357302
2020,43235200,0.270240936
2019,43235300,9.842085266
2020,43235300,10.758418776
2019,43235400,1.414268901
2020,43235400,1.428375012
2019,43235500,6.646469838
2020,43235500,9.02262198
2019,43236100,5.547284418
2020,43236100,5.642363226
2019,43236200,14.447735167
2020,43236200,15.036452206
2019,43236300,7.839692904
2020,43236300,9.591080211
2019,43236400,6.990827512
2020,43236400,6.725480655
2019,43236500,3.629464118
2020,43236500,3.914202637
2019,43236600,6.341322503
2020,43236600,6.273035915
2019,43237100,38.05767737
2020,43237100,41.72259269
2019,43237200,9.489439417
2020,43237200,10.075218553
2019,43237300,10.213985692
2020,43237300,12.397455991
2019,43238100,29.6994908
2020,43238100,31.20355438
2019,43238200,4.303738292
2020,43238200,4.285989771
2019,43238300,6.03866048
2020,43238300,6.235838133
2019,43238400,10.095508117
2020,43238400,11.114569453
2019,43238500,7.564796951
2020,43238500,8.328589957
2019,43239100,22.76964806
2020,43239100,23.56931701
2019,43239200,14.333877625
2020,43239200,14.351719452
2019,43239300,5.300477889
2020,43239300,5.199740885
2019,43239400,5.206896487
2020,43239400,5.334539398
2019,43240100,0
2020,43240100,0
2019,43240200,0.849501491
2020,43240200,1.814540639
2019,43240300,6.642983904
2020,43240300,7.577485656
2019,43240400,2.423001577
2020,43240400,2.704782811
2019,43241100,7.921827547
2020,43241100,9.241052098
2019,43241200,28.96520868
2020,43241200,31.87356673
2019,43242100,14.107762938
2020,43242100,14.479615988
2019,43242200,17.2028525
2020,43242200,18.712424267
2019,43242300,9.86408694
2020,43242300,11.979925236
2019,43242400,6.188388155
2020,43242400,6.108764276
2019,43243100,11.307504877
2020,43243100,12.363490545
2019,43244100,13.634509647
2020,43244100,16.016399721
2019,43244200,9.094506402
2020,43244200,11.936165116
2019,43245100,27.94397009
2020,43245100,29.12967301
2019,43246100,0
2020,43246100,0
2019,43246200,11.856630654
2020,43246200,10.516454109
2019,43246300,2.60851912
2020,43246300,3.577515735
2019,43246400,4.734070882
2020,43246400,5.290794563
2019,43246500,1.555508349
2020,43246500,1.774062842
2019,43247100,13.931982173
2020,43247100,15.62711201
2019,43247200,14.942686647
2020,43247200,17.357299816
2019,43247300,5.126926971
2020,43247300,4.523431029
2019,43248100,43.33556056
2020,43248100,44.8189003
2019,43249100,0.038834834
2020,43249100,0.050137662
2019,43249200,1.40780397
2020,43249200,1.445962898
2019,43249300,0.011790657
2020,43249300,0.018757682
2019,43249400,0.015336822
2020,43249400,0.015336822
2019,43250100,10.625631563
2020,43250100,11.069266729
2019,43250200,3.109392431
2020,43250200,3.371316723
2019,43251100,0
2020,43251100,0
2019,43251200,13.114152313
2020,43251200,15.031410921
2019,43252100,0.138539241
2020,43252100,17.79346984
2019,43252200,0.603612081
2020,43252200,0.529320592
2019,43252300,0.010478224
2020,43252300,0.004077038
2019,43253100,27.7432341
2020,43253100,28.0417365
2019,43253200,15.111505844
2020,43253200,17.251471027
2019,43254100,51.55230547
2020,43254100,54.63604924
2019,43255100,24.27448431
2020,43255100,26.18261447
2019,43255200,20.34899436
2020,43255200,21.51720508
2019,43255300,38.42364283
2020,43255300,39.65826034
2019,43255400,30.33687853
2020,43255400,32.79647113
2019,43255500,10.249778442
2020,43255500,9.555339789
2019,43256100,2.73822396
2020,43256100,3.069141186
2019,43256200,6.079913474
2020,43256200,6.527623647
2019,43256300,8.415499921
2020,43256300,8.613481972
2019,43256400,6.858033028
2020,43256400,6.938760573
2019,43256500,10.268088296
2020,43256500,11.973133552
2019,43256600,3.733980799
2020,43256600,4.706994917
2019,43256700,4.317235435
2020,43256700,4.793028641
2019,43256800,1.518801083
2020,43256800,1.73063727
2019,43256900,7.082990469
2020,43256900,7.347521642
2019,43257100,13.047561769
2020,43257100,14.175895174
2019,43257200,21.62118858
2020,43257200,22.81527978
2019,43258100,17.670146025
2020,43258100,20.453259939
2019,43258200,11.460169994
2020,43258200,11.694156976
2019,43258300,13.208493809
2020,43258300,13.539620376
2019,43259100,1.72930567
2020,43259100,2.622328122
2019,43259200,4.704222834
2020,43259200,5.089869076
2019,43260100,21.21508062
2020,43260100,21.860783655
2019,43260200,2.604649776
2020,43260200,2.903750268
2019,43261100,3.404453633
2020,43261100,3.395927259
2019,43261200,0.018816067
2020,43261200,0.017910157
2019,43261300,8.58962214
2020,43261300,9.496037499
2019,43262100,19.48471548
2020,43262100,21.47300325
2019,43262200,12.980740783
2020,43262200,13.500058491
2019,43262300,0.922339142
2020,43262300,0.954854793
2019,43263100,4.610896318
2020,43263100,4.047375926
2019,43263200,15.297243962
2020,43263200,15.800870599
2019,43263300,26.49995365
2020,43263300,26.44836556
2019,43264100,0.070621657
2020,43264100,0.084875312
2019,43264200,16.987975888
2020,43264200,19.327694334
2019,43264300,0.04445878
2020,43264300,2.861533218
2019,43265100,0
2020,43265100,0
2019,43265200,3.150550878
2020,43265200,3.086767405
2019,43265300,3.447615075
2020,43265300,4.401816254
2019,43265400,1.964318412
2020,43265400,2.023044552
2019,43265500,5.419857087
2020,43265500,5.911507886
2019,43265600,7.350958654
2020,43265600,8.259829231
2019,43265700,3.124397549
2020,43265700,3.716026896
2019,43265800,10.646857356
2020,43265800,11.625086697
2019,43265900,2.254083303
2020,43265900,2.503538473
2019,43266100,4.928257814
2020,43266100,7.647681773
2019,43266200,35.88025733
2020,43266200,37.56633971
2019,43267100,0.131688461
2020,43267100,0.134350807
2019,43267200,22.732085105
2020,43267200,24.27490933
2019,43268100,0.00356599
2020,43268100,0.001387496
2019,43268200,4.823755161
2020,43268200,4.910206254
2019,43269100,2.448231303
2020,43269100,2.855697305
2019,43269200,13.48266956
2020,43269200,14.534768291
2019,43269300,1.38498253
2020,43269300,1.0604832
2019,43270100,0
2020,43270100,0
2019,43270200,15.204237683
2020,43270200,16.919772586
2019,43271100,16.009773645
2020,43271100,16.995218092
2019,43272100,38.36946653
2020,43272100,40.69476952
2019,43273100,25.44517129
2020,43273100,25.85686707
2019,43274100,24.30667713
2020,43274100,24.18940568
2019,43275100,34.83541885
2020,43275100,37.04189575
2019,43276100,13.682904075
2020,43276100,15.162935224
2019,43277100,0
2020,43277100,0
2019,43277200,20.607275897
2020,43277200,21.280462087
2019,43278100,19.814128413
2020,43278100,21.7177076
2019,43279100,10.558815269
2020,43279100,11.913768282
2019,43280100,13.70569529
2020,43280100,14.913704177
2019,43281100,14.169893669
2020,43281100,15.787657996
2019,43282100,20.839551438
2020,43282100,22.52763479
2019,43283100,20.26587089
2020,43283100,20.531579572
2019,43284100,1.759545235
2020,43284100,1.527956595
2019,43284200,13.382492377
2020,43284200,12.849942784
2019,43285100,15.041188132
2020,43285100,16.020348682
2019,43285200,10.86900489
2020,43285200,11.6077554
2019,43286100,24.21001023
2020,43286100,26.28410694
2019,43287100,17.8782437
2020,43287100,19.400140806
2019,43288100,11.904155021
2020,43288100,12.857286825
2019,43288200,8.803940985
2020,43288200,10.242536747
2019,43289100,5.087721919
2020,43289100,5.547943296
2019,43289200,3.377424706
2020,43289200,3.246739502
2019,43290100,18.440787887
2020,43290100,20.73303805
2019,43290200,10.021609616
2020,43290200,10.5084708
2019,43291100,13.261517356
2020,43291100,14.485827543
2019,43292100,19.142631694
2020,43292100,19.740249947
2019,43292200,12.739412745
2020,43292200,12.976734346
2019,43293100,12.892159634
2020,43293100,14.744739351
2019,43294100,10.995234638
2020,43294100,11.391558082
2019,43295100,9.109086086
2020,43295100,9.09599162
2019,43295200,12.367295303
2020,43295200,13.01032582
2019,43296100,9.842547337
2020,43296100,10.116173138
2019,43296200,20.190951101
2020,43296200,20.330621803
2019,43297100,38.38441797
2020,43297100,39.45544991
2019,43298100,1.961912259
2020,43298100,1.64971079
2019,43298200,7.64656424
2020,43298200,8.230015386
2019,43298300,7.661689289
2020,43298300,8.392991504
2019,43299100,5.626498279
2020,43299100,5.850152074
2019,43299200,3.069203325
2020,43299200,3.018873075
2019,43299300,1.812625218
2020,43299300,1.839712604
2019,43299400,6.701269794
2020,43299400,6.949027099
2019,43299500,3.361058796
2020,43299500,2.681309404
2019,43300100,5.684874457
2020,43300100,5.716014213
2019,43300200,1.613583503
2020,43300200,1.533531386
2019,43300300,12.907797863
2020,43300300,14.304739329
2019,43300400,13.090915706
2020,43300400,13.581086682
2019,43301100,8.869583849
2020,43301100,9.766318195
2019,43301200,1.335937788
2020,43301200,1.222216245
2019,43301300,4.520120017
2020,43301300,5.389241477
2019,43301400,4.444412799
2020,43301400,5.215034357
2019,43301500,1.380717813
2020,43301500,1.536093454
2019,43302100,4.007944789
2020,43302100,4.425449699
2019,43302200,12.341930002
2020,43302200,13.765800168
2019,43302300,4.844935129
2020,43302300,5.653314408
2019,43302400,11.204900589
2020,43302400,11.959792281
2019,43302500,4.277908171
2020,43302500,5.520366898
2019,43302600,14.4608202
2020,43302600,14.760156108
2019,43302700,4.071813065
2020,43302700,4.096267605
2019,43302800,1.482603877
2020,43302800,1.114387995
2019,43302900,5.395737336
2020,43302900,7.783077064
2019,43303100,1.178639779
2020,43303100,1.470535901
2019,43303200,2.264579309
2020,43303200,2.500464756
2019,43303300,1.580216083
2020,43303300,1.677275803
2019,43303400,4.643000744
2020,43303400,5.302656552
2019,43303500,2.584381912
2020,43303500,2.984314765
2019,43304100,1.04128266
2020,43304100,1.018390637
2019,43304200,4.631609573
2020,43304200,4.449940773
2019,43304300,0.459319153
2020,43304300,2.610504788
2019,43304400,0.782355249
2020,43304400,0.976929619
2019,43304500,0.164520824
2020,43304500,0.180462667
2019,43305100,48.94632689
2020,43305100,49.24202973
2019,43306100,50.82559928
2020,43306100,52.60569183
2019,43307100,22.84823186
2020,43307100,23.80325953
2019,43307200,5.450691814
2020,43307200,7.049679686
2019,43308100,4.300484146
2020,43308100,4.996153954
2019,43308200,11.947992482
2020,43308200,14.135987002
2019,43308300,14.44685919
2020,43308300,16.58334353
2019,43309100,0.04009237
2020,43309100,0.04009237
2019,43309200,3.461773582
2020,43309200,4.094097409
2019,43310100,0.023837924
2020,43310100,0.780103251
2019,43310200,0.659324389
2020,43310200,0.623258802
2019,43310300,0.104301885
2020,43310300,0.095096989
2019,43311100,12.164835627
2020,43311100,12.660693412
2019,43311200,17.187854287
2020,43311200,18.663320904
2019,43311300,22.939325083
2020,43311300,23.5629714
2019,43311400,17.744704605
2020,43311400,17.7143269
2019,43312100,11.746833889
2020,43312100,13.442126784
2019,43312200,0.082439352
2020,43312200,0.096969808
2019,43312300,23.52732693
2020,43312300,27.10432657
2019,43312400,6.307113428
2020,43312400,8.315396643
2019,43313100,0.616995639
2020,43313100,0.250896395
2019,43313200,0.987631096
2020,43313200,2.462486765
2019,43313300,2.196192781
2020,43313300,3.726417465
2019,43313400,1.376565413
2020,43313400,1.665708189
2019,43313500,1.136991613
2020,43313500,1.445429157
2019,43313600,5.77590399
2020,43313600,7.140162584
2019,43313700,0.025036137
2020,43313700,0.019062479
2019,43313800,0.212386615
2020,43313800,0.225780752
2019,43313900,5.186142713
2020,43313900,5.842160091
2019,43314100,36.10203072
2020,43314100,40.34804914
2019,43315100,0.276141157
2020,43315100,0.251956844
2019,43315200,13.044997992
2020,43315200,13.696908005
2019,43315300,2.787375605
2020,43315300,4.404241348
2019,43315400,7.35403851
2020,43315400,8.060770877
2019,43315500,8.413624738
2020,43315500,9.410939944
2019,43315600,0.468478928
2020,43315600,0.638864293
2019,43315700,1.08129649
2020,43315700,0.698662644
2019,43315800,8.189769915
2020,43315800,8.330936244
2019,43315900,16.51212644
2020,43315900,18.578675919
2019,43316100,26.00547382
2020,43316100,27.83329626
2019,43316200,17.126905998
2020,43316200,18.016771542
2019,43316300,0.002279521
2020,43316300,0.001745272
2019,43317100,49.73338612
2020,43317100,58.4355625
2019,43317200,31.26833352
2020,43317200,31.4597587
2019,43318100,9.432120508
2020,43318100,10.543188638
2019,43318200,18.647866945
2020,43318200,21.07455165
2019,43318300,62.3707197
2020,43318300,68.37289075
2019,43319100,30.54499865
2020,43319100,31.92669003
2019,43319200,42.09883566
2020,43319200,45.17818582
2019,43320100,32.51393466
2020,43320100,36.13786535
2019,43321100,0
2020,43321100,0
2019,43321200,0.01934009
2020,43321200,2.16808092
2019,43321300,0
2020,43321300,0
2019,43322100,7.069067488
2020,43322100,8.968017031
2019,43322200,15.503415812
2020,43322200,16.537764731
2019,43322300,17.255032206
2020,43322300,17.959163225
2019,43323100,16.019768204
2020,43323100,15.787335091
2019,43323200,38.30894636
2020,43323200,39.31204682
2019,43323300,31.2156417
2020,43323300,32.87228733
2019,43323400,70.32203056
2020,43323400,72.07511925
2019,43324100,27.6163672
2020,43324100,29.3093835
2019,43324200,2.067938138
2020,43324200,4.793209176
2019,43324300,11.701242678
2020,43324300,12.335507003
2019,43325100,52.32888965
2020,43325100,56.01615727
2019,43325200,114.09348236
2020,43325200,117.86877681
2019,43326100,2.73346654
2020,43326100,0.932432676
2019,43326200,5.692734643
2020,43326200,5.859554146
2019,43326300,5.539487168
2020,43326300,5.791096121
2019,43326400,9.302449427
2020,43326400,8.530554184
2019,43326500,4.403825963
2020,43326500,9.118193221
2019,43326600,2.388124631
2020,43326600,2.747917788
2019,43326700,1.006625885
2020,43326700,1.076166073
2019,43326800,13.048791895
2020,43326800,13.133598163
2019,43327100,15.437831732
2020,43327100,16.128662438
2019,43327200,16.624076665
2020,43327200,18.396389601
2019,43328100,26.41864023
2020,43328100,28.68359241
2019,43328200,5.567030998
2020,43328200,6.010312953
2019,43328300,2.119724821
2020,43328300,2.167485496
2019,43329100,11.023387978
2020,43329100,11.71008352
2019,43329200,0.383765965
2020,43329200,0.102126374
2019,43329300,0.288616569
2020,43329300,0.674204484
2019,43329400,5.042844335
2020,43329400,5.815085477
2019,43329500,5.592258406
2020,43329500,5.799274672
2019,43329600,3.181705454
2020,43329600,4.134678799
2019,43330100,12.245306914
2020,43330100,13.254189396
2019,43331100,0.615688973
2020,43331100,0.828849128
2019,43331200,62.25014892
2020,43331200,67.47871613
2019,43331300,10.857086076
2020,43331300,7.459551572
2019,43331400,0.618943553
2020,43331400,0.660848889
2019,43331500,8.427175196
2020,43331500,9.784048911
2019,43331600,7.9471073
2020,43331600,8.343264587
2019,43331700,2.872501362
2020,43331700,3.597555018
2019,43331800,18.742158529
2020,43331800,18.45820992
2019,43331900,0
2020,43331900,0
2019,43332100,12.691976032
2020,43332100,14.828634548
2019,43332200,12.088297814
2020,43332200,11.0508146
2019,43332300,4.243626883
2020,43332300,2.75813694
2019,43332400,7.583850216
2020,43332400,8.452419402
2019,43332500,0.021777269
2020,43332500,0.021777269
2019,43332600,2.391515492
2020,43332600,2.121035316
2019,43332700,6.667975188
2020,43332700,8.084863018
2019,43332800,4.379271754
2020,43332800,5.047129347
2019,43332900,8.133000497
2020,43332900,9.505214281
2019,43333100,112.94100051
2020,43333100,115.37796313
2019,43333200,78.59449407
2020,43333200,81.68596829
2019,43333300,22.17980014
2020,43333300,22.59535955
2019,43333400,36.3642679
2020,43333400,36.62330189
2019,43334100,10.152866553
2020,43334100,9.54847695
2019,43334200,0.119637734
2020,43334200,2.246710891
2019,43334300,1.755102294
2020,43334300,1.729315152
2019,43334400,5.756511892
2020,43334400,6.256049975
2019,43334500,0.01280945
2020,43334500,2.820062365
2019,43334600,10.46355828
2020,43334600,10.99965803
2019,43334700,3.820850201
2020,43334700,2.340448215
2019,43334800,11.213692914
2020,43334800,13.442278817
2019,43334900,0
2020,43334900,0
2019,43335100,0.001940276
2020,43335100,0.010009289
2019,43336100,4.259717744
2020,43336100,5.310912454
2019,43336200,0.077958881
2020,43336200,0.034642824
2019,43337100,0.559455402
2020,43337100,2.65292817
2019,43337200,25.858597516
2020,43337200,23.175947161
2019,43337300,6.901918148
2020,43337300,7.619450376
2019,43337400,32.92117617
2020,43337400,33.90786691
2019,43337500,6.15655512
2020,43337500,5.261223775
2019,43337600,43.94950449
2020,43337600,47.94715368
2019,43338100,7.371129695
2020,43338100,8.020938475
2019,43338200,37.45264214
2020,43338200,40.8603568
2019,43338300,1.697605223
2020,43338300,1.277403178
2019,43338400,9.986133572
2020,43338400,10.519838216
2019,43339100,0.740254395
2020,43339100,0.86985834
2019,43339200,0.052673114
2020,43339200,0.052673114
2019,43339300,1.652297636
2020,43339300,2.284548659
2019,43339400,12.405158441
2020,43339400,13.367638248
2019,43339500,0.761151343
2020,43339500,0.977209533
2019,43340100,7.138044198
2020,43340100,7.117255088
2019,43340200,3.388939395
2020,43340200,3.272655351
2019,43340300,12.648309271
2020,43340300,13.464147766
2019,43340400,17.558012556
2020,43340400,18.212005093
2019,43340500,1.797020861
2020,43340500,1.962343794
2019,43340600,5.526685883
2020,43340600,5.75804192
2019,43341100,10.404278392
2020,43341100,11.361955293
2019,43341200,6.958802662
2020,43341200,8.183250482
2019,43341300,10.909806729
2020,43341300,11.589158553
2019,43341400,3.858544851
2020,43341400,4.095202776
2019,43341500,2.492213395
2020,43341500,2.812721171
2019,43341600,3.46292086
2020,43341600,3.577616407
2019,43341700,0.026005926
2020,43341700,0.021777269
2019,43341800,4.490379456
2020,43341800,2.333868427
2019,43342100,1.84245789
2020,43342100,1.143516327
2019,43342200,0
2020,43342200,0
2019,43342300,1.968782667
2020,43342300,1.825102277
2019,43342400,6.361465893
2020,43342400,6.66036389
2019,43342500,0.551880401
2020,43342500,0.881531209
2019,43342600,4.451420309
2020,43342600,5.177153512
2019,43342700,0.07806221
2020,43342700,0.182401202
2019,43342800,1.295459336
2020,43342800,1.283699083
2019,43342900,0.44494637
2020,43342900,0.757546506
2019,43343100,17.725492671
2020,43343100,20.546862403
2019,43343200,36.24292294
2020,43343200,37.00718959
2019,43344100,0.485953597
2020,43344100,0.485953597
2019,43344200,0.122379615
2020,43344200,0.122379615
2019,43345100,1.386028441
2020,43345100,1.160342918
2019,43345200,3.8912885
2020,43345200,78.63032479
2019,43345300,4.940981518
2020,43345300,17.864971872
2019,43345400,7.024868418
2020,43345400,6.670554879
2019,43345500,0.132501378
2020,43345500,0.050786552
2019,43345600,0.017228055
2020,43345600,0.017228055
2019,43345700,0.046189205
2020,43345700,0.056247826
2019,43345800,9.244635758
2020,43345800,10.388372616
2019,43345900,6.586711416
2020,43345900,7.534832134
2019,43346100,5.788969755
2020,43346100,7.684784057
2019,43346200,44.08910121
2020,43346200,46.95027336
2019,43346300,28.13992602
2020,43346300,29.72435302
2019,43346400,2.790851433
2020,43346400,2.773358236
2019,43347100,0.287510103
2020,43347100,0.321905909
2019,43347200,0.469870986
2020,43347200,0.55193716
2019,43347300,0.056845911
2020,43347300,0.040130795
2019,43347400,0.018471525
2020,43347400,0.018471525
2019,43347500,5.856351408
2020,43347500,6.998526934
2019,43347600,2.947214178
2020,43347600,2.258045678
2019,43347700,1.232128569
2020,43347700,1.635507108
2019,43348100,0.268409635
2020,43348100,0.252659009
2019,43349100,0.047112072
2020,43349100,0.060651977
2019,43349200,0.217969126
2020,43349200,0.356357301
2019,43350100,0
2020,43350100,0
2019,43350200,0.186140554
2020,43350200,1.026244207
2019,43350300,0
2020,43350300,0
2019,43351100,22.231493139
2020,43351100,21.842981469
2019,43351200,12.972691362
2020,43351200,13.794073068
2019,43351300,0.445425537
2020,43351300,0.615743519
2019,43351400,6.111344083
2020,43351400,6.334218503
2019,43351500,2.366897898
2020,43351500,4.694551951
2019,43351600,22.53247644
2020,43351600,24.66730154
2019,43352100,25.454229471
2020,43352100,26.613905062
2019,43353100,0.097727377
2020,43353100,0.097727377
2019,43353200,0
2020,43353200,0
2019,43353300,0
2020,43353300,0
2019,43353400,8.883998974
2020,43353400,8.729218388
2019,43353500,0.017228055
2020,43353500,0.017228055
2019,43353600,1.422593633
2020,43353600,1.438056001
2019,43353700,0.675676115
2020,43353700,0.443464742
2019,43354100,74.8078734
2020,43354100,79.4323445
2019,43355100,0.02712666
2020,43355100,0.02712666
2019,43355200,30.647557474
2020,43355200,30.27219211
2019,43355300,20.576378987
2020,43355300,21.15831286
2019,43355400,20.106689742
2020,43355400,21.03199237
2019,43355500,99.92945032
2020,43355500,105.47861704
2019,43356100,37.62160073
2020,43356100,34.84550893
2019,43356200,63.09313642
2020,43356200,67.83071921
2019,43356300,18.174610071
2020,43356300,24.635360398
2019,43357100,20.296480658
2020,43357100,20.492860747
2019,43357200,0.612084438
2020,43357200,0.753293055
2019,43357300,14.282736349
2020,43357300,15.849158079
2019,43357400,11.40320031
2020,43357400,11.661531076
2019,43357500,7.269900906
2020,43357500,7.792001337
2019,43357600,2.961172145
2020,43357600,3.047186714
2019,43357700,4.237077062
2020,43357700,4.495167189
2019,43357800,15.518062549
2020,43357800,16.135961331
2019,43358100,57.54438932
2020,43358100,58.36354126
2019,43358200,50.50334542
2020,43358200,52.81882373
2019,43359100,9.637094416
2020,43359100,9.769258941
2019,43359200,17.024497602
2020,43359200,18.519690659
2019,43359300,7.371150744
2020,43359300,7.728222392
2019,43359400,7.097353434
2020,43359400,8.36861441
2019,43359500,25.46882537
2020,43359500,29.68658133
2019,43359600,11.698106891
2020,43359600,13.413417662
2019,43359700,5.093912177
2020,43359700,5.245317335
2019,43359800,6.068310789
2020,43359800,5.726254177
2019,43359900,0.558390572
2020,43359900,0.625612221
2019,43360100,11.479790608
2020,43360100,11.477047738
2019,43360200,87.53992175
2020,43360200,83.53825597
2019,43360300,3.146646047
2020,43360300,3.057848456
2019,43361100,113.30803958
2020,43361100,129.7480236
2019,43362100,0.160149594
2020,43362100,0.110496157
2019,43362200,0.048196662
2020,43362200,0.048196662
2019,43362300,1.041502086
2020,43362300,1.012285512
2019,43362400,31.73542979
2020,43362400,38.15480957
2019,43363100,31.04037921
2020,43363100,33.17692697
2019,43363200,76.40968762
2020,43363200,77.38705817
2019,43363300,10.82508347
2020,43363300,10.080825457
2019,43363400,5.590899716
2020,43363400,6.224401248
2019,43364100,23.399212209
2020,43364100,23.740302842
2019,43364200,19.962216456
2020,43364200,22.63195056
2019,43364300,9.321155928
2020,43364300,12.571976212
2019,43364400,3.074496387
2020,43364400,2.237743911
2019,43364500,11.071699851
2020,43364500,12.859421585
2019,43364600,22.462433404
2020,43364600,24.152250853
2019,43365100,7.994591923
2020,43365100,8.87557536
2019,43365200,1.096112938
2020,43365200,1.172651279
2019,43365300,6.265763734
2020,43365300,8.099204082
2019,43365400,6.017297378
2020,43365400,5.964842942
2019,43366100,11.628249977
2020,43366100,12.717146567
2019,43366200,13.819197859
2020,43366200,14.830907264
2019,43367100,44.37342884
2020,43367100,46.42960217
2019,43368100,17.301810946
2020,43368100,18.026869733
2019,43368200,5.394794515
2020,43368200,6.272350559
2019,43368300,10.382280306
2020,43368300,10.282500377
2019,43369100,12.749591074
2020,43369100,14.287434261
2019,43369200,5.15180745
2020,43369200,5.255310375
2019,43369300,16.148561351
2020,43369300,16.480517231
2019,43369400,9.196697689
2020,43369400,10.288907125
2019,43369500,4.300411686
2020,43369500,4.03238298
2019,43369600,2.454516111
2020,43369600,2.624577152
2019,43370100,0
2020,43370100,0
2019,43370200,11.055909566
2020,43370200,14.965599531
2019,43370300,4.777140685
2020,43370300,5.213343927
2019,43370400,1.694399629
2020,43370400,1.529694029
2019,43370500,0.077929581
2020,43370500,0.071871762
2019,43370600,13.056613978
2020,43370600,14.749444672
2019,43370700,17.35711073
2020,43370700,21.319193613
2019,43371100,26.6527096
2020,43371100,28.47799696
2019,43371200,5.539111397
2020,43371200,5.989670806
2019,43372100,3.370749023
2020,43372100,3.60233128
2019,43372200,17.942163338
2020,43372200,19.872034057
2019,43373100,17.453197154
2020,43373100,18.826953385
2019,43373200,13.087374414
2020,43373200,13.065665127
2019,43374100,44.04869188
2020,43374100,47.10384755
2019,43374200,7.274386699
2020,43374200,7.81896471
2019,43374300,17.176656573
2020,43374300,19.410039072
2019,43374400,8.159746482
2020,43374400,9.420505184
2019,43374500,16.532708316
2020,43374500,16.864462842
2019,43374600,7.036489727
2020,43374600,7.183021384
2019,43374700,11.247306285
2020,43374700,10.578821602
2019,43374800,0.824251179
2020,43374800,0.562083665
2019,43375100,8.670208389
2020,43375100,9.865656088
2019,43375200,25.17823116
2020,43375200,26.41750642
2019,43376100,8.423238544
2020,43376100,8.847543875
2019,43376200,19.90781783
2020,43376200,22.33427741
2019,43377100,13.428688796
2020,43377100,13.704111819
2019,43377200,12.801247807
2020,43377200,15.378555383
2019,43377300,6.933330706
2020,43377300,7.531776996
2019,43377400,15.549692443
2020,43377400,16.480366318
2019,43377500,22.041413
2020,43377500,27.97331049
2019,43377600,10.540685537
2020,43377600,10.998485122
2019,43377700,5.90803372
2020,43377700,6.778710804
2019,43378100,1.371715789
2020,43378100,1.992388084
2019,43378200,5.625603484
2020,43378200,5.949174754
2019,43378300,0
2020,43378300,0
2019,43378400,4.005186637
2020,43378400,3.932585965
2019,43379100,19.783950471
2020,43379100,21.484782102
2019,43380100,8.973825848
2020,43380100,9.021012664
2019,43380200,10.747520715
2020,43380200,11.060543345
2019,43381100,29.54819433
2020,43381100,29.80784972
2019,43381200,20.14790449
2020,43381200,22.140253176
2019,43381300,1.160547815
2020,43381300,1.514605511
2019,43381400,13.250950791
2020,43381400,11.114074573
2019,43382100,15.442661201
2020,43382100,15.266111521
2019,43382200,8.395569787
2020,43382200,8.035831847
2019,43382300,2.655470806
2020,43382300,3.005350264
2019,43382400,3.119402687
2020,43382400,3.181837752
2019,43382500,3.34371159
2020,43382500,4.682067169
2019,43382600,4.173689426
2020,43382600,3.643645584
2019,43382700,44.44401245
2020,43382700,49.3469574
2019,43382800,14.799790373
2020,43382800,15.180657376
2019,43383100,3.437650283
2020,43383100,3.635225955
2019,43383200,16.845553517
2020,43383200,17.658558743
2019,43383300,13.719195521
2020,43383300,13.653277376
2019,43384100,56.55711114
2020,43384100,58.09249756
2019,43385100,6.709988349
2020,43385100,6.311019087
2019,43385200,0.223487298
2020,43385200,0.370000931
2019,43385300,20.453988357
2020,43385300,24.21677427
2019,43385400,22.35385509
2020,43385400,24.90509053
2019,43386100,13.247479457
2020,43386100,12.393064533
2019,43386200,27.31305727
2020,43386200,28.01051481
2019,43386300,22.89169977
2020,43386300,24.24018276
2019,43387100,8.693567581
2020,43387100,8.841746355
2019,43387200,4.908866702
2020,43387200,5.819374103
2019,43387300,8.222723347
2020,43387300,8.543581223
2019,43387400,15.039958857
2020,43387400,15.820227161
2019,43387500,28.88523675
2020,43387500,30.34506159
2019,43388100,2.888654634
2020,43388100,3.23944313
2019,43388200,0.533947447
2020,43388200,0.358160042
2019,43388300,1.47856086
2020,43388300,1.778661497
2019,43388400,2.182280778
2020,43388400,2.133359825
2019,43388500,17.288108486
2020,43388500,16.34588572
2019,43388600,9.304292991
2020,43388600,10.683387366
2019,43388700,2.38583985
2020,43388700,3.229431328
2019,43389100,15.722726202
2020,43389100,16.087677652
2019,43389200,18.115459175
2020,43389200,19.148829489
2019,43389300,2.20363125
2020,43389300,2.129859562
2019,43389400,19.446706233
2020,43389400,20.519786963
2019,43389500,9.215577749
2020,43389500,10.791865812
2019,43389600,9.738907723
2020,43389600,10.172983136
2019,43390100,19.877059427
2020,43390100,23.01493038
2019,43390200,17.237629619
2020,43390200,18.033386451
2019,43391100,0
2020,43391100,2.207540992
2019,43391200,16.410957732
2020,43391200,17.289275616
2019,43391300,0.026005926
2020,43391300,0.026005926
2019,43391400,4.889389825
2020,43391400,5.384028532
2019,43392100,13.089633378
2020,43392100,14.084680402
2019,43392200,23.71640332
2020,43392200,24.07360431
2019,43393100,29.4018914
2020,43393100,30.36469606
2019,43393200,4.244508871
2020,43393200,3.499377436
2019,43393300,0.268994206
2020,43393300,0.260131712
2019,43393400,3.880671181
2020,43393400,3.305324617
2019,43393500,0.908892705
2020,43393500,0.395380985
2019,43394100,22.30942958
2020,43394100,23.61806109
2019,43395100,18.547775194
2020,43395100,20.016885083
2019,43395200,1.316425713
2020,43395200,1.199091108
2019,43396100,29.5637597
2020,43396100,35.1454477
2019,43397100,7.831266894
2020,43397100,8.666922539
2019,43397200,0.898439666
2020,43397200,0.311515083
2019,43398100,18.051495689
2020,43398100,18.754030408
2019,43398200,15.567158938
2020,43398200,18.093099334
2019,43398300,4.913200792
2020,43398300,5.553821174
2019,43398400,22.80250411
2020,43398400,27.04365268
2019,43399100,2.475999097
2020,43399100,2.612742465
2019,43399200,41.22905972
2020,43399200,46.76850369
2019,43399300,4.169106307
2020,43399300,3.812803908
2019,43399400,21.857107684
2020,43399400,28.064395989
2019,43399500,17.116264279
2020,43399500,16.917855693
2019,43399600,0.496223491
2020,43399600,0.527145615
2019,43399700,2.504873241
2020,43399700,2.22948468
2019,43399800,0.764828824
2020,43399800,1.181036534
2019,43400100,2.110671816
2020,43400100,1.891615943
2019,43400200,1.74692942
2020,43400200,1.679336199
2019,43400300,22.52055915
2020,43400300,23.42139987
2019,43400400,0.75271168
2020,43400400,0.62574206
2019,43400500,26.27080208
2020,43400500,26.49982907
2019,43401100,0.02426469
2020,43401100,0.018872697
2019,43401200,17.626388419
2020,43401200,19.412905628
2019,43401300,4.646421652
2020,43401300,2.541883408
2019,43401400,5.670043666
2020,43401400,5.887888249
2019,43401500,17.684068123
2020,43401500,17.976013284
2019,43402100,57.92914061
2020,43402100,64.34450122
2019,43402200,11.436553591
2020,43402200,14.093498637
2019,43402300,10.521967667
2020,43402300,12.445401859
2019,43402400,10.371962393
2020,43402400,14.96318385
2019,43403100,17.028703708
2020,43403100,19.892670233
2019,43403200,6.491102689
2020,43403200,6.517421578
2019,43403300,14.991184343
2020,43403300,17.469643714
2019,43404100,11.615435054
2020,43404100,9.682947869
2019,43404200,0.552360945
2020,43404200,0.508537765
2019,43404300,22.55371757
2020,43404300,24.46488856
2019,43404400,17.794435623
2020,43404400,19.021606862
2019,43404500,27.07189096
2020,43404500,29.46864556
2019,43405100,28.37729199
2020,43405100,31.52956516
2019,43405200,16.387834155
2020,43405200,18.677840764
2019,43405300,40.62734195
2020,43405300,46.49708882
2019,43405400,3.840619322
2020,43405400,4.274723846
2019,43405500,12.948143033
2020,43405500,14.294448896
2019,43405600,2.227730799
2020,43405600,2.082125353
2019,43406100,69.3767158
2020,43406100,75.75730857
2019,43406200,2.429282956
2020,43406200,1.929625364
2019,43407100,17.657293123
2020,43407100,19.239499021
2019,43407200,13.258604253
2020,43407200,13.361959932
2019,43407300,13.486846318
2020,43407300,14.120299318
2019,43408100,2.019148172
2020,43408100,1.876428408
2019,43408200,1.931520708
2020,43408200,2.047550267
2019,43408300,0.744678364
2020,43408300,0.394329473
2019,43408400,0.413191787
2020,43408400,0.366510173
2019,43408500,1.272984272
2020,43408500,1.168074214
2019,43408600,3.232926365
2020,43408600,3.241190779
2019,43408700,0.172231497
2020,43408700,0.37382059
2019,43409100,73.65439205
2020,43409100,74.57385704
2019,43409200,8.742194169
2020,43409200,9.286877048
2019,43409300,39.13601668
2020,43409300,52.03841962
2019,43409400,70.05172116
2020,43409400,79.55872315
2019,43410100,7.854220311
2020,43410100,8.505312364
2019,43410200,0.448378273
2020,43410200,0.949954058
2019,43410300,0.34821594
2020,43410300,0.321622316
2019,43410400,0.714533465
2020,43410400,0.860321661
2019,43410500,7.787248841
2020,43410500,8.613913721
2019,43410600,0.285275207
2020,43410600,0.285013068
2019,43410700,3.429946757
2020,43410700,4.156690317
2019,43410800,7.918843165
2020,43410800,8.089610795
2019,43411100,1.956035803
2020,43411100,1.752150207
2019,43411200,16.258887118
2020,43411200,16.499305215
2019,43411300,15.966828055
2020,43411300,16.538144033
2019,43411400,5.561008305
2020,43411400,6.124875779
2019,43411500,6.735803043
2020,43411500,7.331844082
2019,43412100,1.375973316
2020,43412100,1.333077133
2019,43412200,0
2020,43412200,0.003076224
2019,43413100,0
2020,43413100,0
2019,43413200,11.089732675
2020,43413200,12.363879319
2019,43413300,9.688824221
2020,43413300,11.247843102
2019,43413400,39.55594116
2020,43413400,45.51849653
2019,43414100,55.56895806
2020,43414100,60.84655946
2019,43415100,4.699924769
2020,43415100,4.127417792
2019,43415200,0.030368516
2020,43415200,0.005647113
2019,43415300,0.250708162
2020,43415300,0.253585074
2019,43415400,0.059072897
2020,43415400,0.049755707
2019,43415500,0.232985264
2020,43415500,3.068114609
2019,43415600,0
2020,43415600,2.297627495
2019,43416100,21.917943472
2020,43416100,22.8738158
2019,43416200,19.471251708
2020,43416200,20.87839988
2019,43417100,19.68255565
2020,43417100,20.25356528
2019,43417200,21.83113152
2020,43417200,23.80215558
2019,43417300,19.123578989
2020,43417300,18.629039391
2019,43417400,19.197115863
2020,43417400,18.937948507
2019,43418100,24.11396441
2020,43418100,28.02603046
2019,43418200,1.829151227
2020,43418200,1.612606619
2019,43419100,0
2020,43419100,0
2019,43419200,0
2020,43419200,0
2019,43420100,32.69235787
2020,43420100,33.28468964
2019,43420200,12.019077298
2020,43420200,12.923741207
2019,43420300,13.019550856
2020,43420300,16.506804429
2019,43421100,164.48438197
2020,43421100,178.60790885
2019,43421200,14.961413598
2020,43421200,15.370383132
2019,43421300,1.750394821
2020,43421300,2.089441162
2019,43422100,15.571306663
2020,43422100,12.622035522
2019,43422200,10.570259822
2020,43422200,10.375471431
2019,43422300,44.19489266
2020,43422300,46.45022392
2019,43422400,4.08864748
2020,43422400,4.091235307
2019,43422500,0.732466967
2020,43422500,0.611227831
2019,43423100,7.708916744
2020,43423100,7.38219368
2019,43423200,9.79343782
2020,43423200,10.642641181
2019,43423300,33.77989935
2020,43423300,36.64610461
2019,43423400,4.637046763
2020,43423400,4.283782382
2019,43423500,6.364145337
2020,43423500,5.968748381
2019,43423600,1.015075392
2020,43423600,6.228820337
2019,43423700,12.481913958
2020,43423700,12.713843326
2019,43424100,0.037518274
2020,43424100,0.050783698
2019,43424200,9.907358261
2020,43424200,11.498163791
2019,43425100,19.287993025
2020,43425100,17.513753638
2019,43425200,14.630511998
2020,43425200,15.593637963
2019,43426100,21.235921594
2020,43426100,22.84361167
2019,43427100,18.585339335
2020,43427100,19.335760103
2019,43428100,2.388542587
2020,43428100,2.620230875
2019,43428200,1.516464835
2020,43428200,1.816714098
2019,43428300,6.825886413
2020,43428300,7.968068605
2019,43428400,13.801917776
2020,43428400,15.132801674
2019,43428500,10.722910782
2020,43428500,10.281954687
2019,43428600,7.754035927
2020,43428600,8.337027309
2019,43429100,73.98049619
2020,43429100,80.06631139
2019,43429200,3.623690108
2020,43429200,4.030264205
2019,43429300,33.48838086
2020,43429300,38.25196516
2019,43429400,5.781654076
2020,43429400,5.708024212
2019,43429500,6.881290266
2020,43429500,6.914033819
2019,43430100,45.17155559
2020,43430100,48.02395824
2019,43431100,0.077946077
2020,43431100,0.116628894
2019,43431200,1.238448211
2020,43431200,1.524611822
2019,43431300,0
2020,43431300,0
2019,43431400,23.97623398
2020,43431400,25.53735158
2019,43431500,5.296525148
2020,43431500,5.897093208
2019,43432100,21.032817712
2020,43432100,22.68983683
2019,43432200,28.55240624
2020,43432200,31.44406038
2019,43432300,31.92412818
2020,43432300,33.14680897
2019,43432400,21.24458639
2020,43432400,22.06620424
2019,43433100,26.16449075
2020,43433100,28.15764927
2019,43433200,1.702098113
2020,43433200,1.791191714
2019,43433300,25.82344806
2020,43433300,24.03711791
2019,43434100,4.430675418
2020,43434100,3.794083253
2019,43434200,20.219399596
2020,43434200,21.74809993
2019,43434300,24.00804097
2020,43434300,25.80245343
2019,43435100,7.429540003
2020,43435100,8.234670923
2019,43435200,6.784978384
2020,43435200,7.05764315
2019,43435300,7.172604545
2020,43435300,7.259734159
2019,43435400,20.266334937
2020,43435400,22.708569621
2019,43435500,57.62797941
2020,43435500,59.71817782
2019,43435600,0.051839187
2020,43435600,0.092589286
2019,43436100,36.73361731
2020,43436100,47.31526716
2019,43436200,44.81746586
2020,43436200,47.72590753
2019,43436300,8.342662316
2020,43436300,9.339432434
2019,43436400,39.20335255
2020,43436400,45.27931004
2019,43436500,20.997628195
2020,43436500,22.485542756
2019,43436600,30.79573456
2020,43436600,33.76425602
2019,43436700,7.997993159
2020,43436700,8.625211701
2019,43436800,11.158364783
2020,43436800,12.143280073
2019,43437100,13.159854388
2020,43437100,14.538095781
2019,43437200,25.18140523
2020,43437200,27.88525317
2019,43437300,41.42547282
2020,43437300,42.87206776
2019,43438100,1.518825658
2020,43438100,0.946350745
2019,43438200,4.428754328
2020,43438200,4.542191706
2019,43438300,0.113394045
2020,43438300,0.076261504
2019,43438400,1.519037733
2020,43438400,0.764405669
2019,43438500,0.20905519
2020,43438500,0.553750787
2019,43439100,3.733583178
2020,43439100,4.232901502
2019,43440100,4.185387912
2020,43440100,4.415405286
2019,43440200,2.530851261
2020,43440200,2.531206057
2019,43440300,2.026661685
2020,43440300,3.066342723
2019,43440400,6.506174282
2020,43440400,6.707148694
2019,43440500,2.248982017
2020,43440500,2.244607769
2019,43440600,7.765648997
2020,43440600,7.530898556
2019,43440700,3.906805899
2020,43440700,4.319576776
2019,43440800,12.189937612
2020,43440800,10.891125257
2019,43440900,26.07476616
2020,43440900,28.74510418
2019,43441100,1.099284246
2020,43441100,1.027383393
2019,43441200,3.801062135
2020,43441200,3.475589457
2019,43442100,9.878667597
2020,43442100,12.011284636
2019,43442200,7.468979008
2020,43442200,7.534444441
2019,43442300,4.249931624
2020,43442300,5.621418409
2019,43442400,1.866682541
2020,43442400,2.595046088
2019,43442500,1.698070253
2020,43442500,1.338184514
2019,43442600,0.985939107
2020,43442600,1.116357094
2019,43443100,23.06685101
2020,43443100,24.2232514
2019,43443200,4.955955259
2020,43443200,5.935829814
2019,43444100,3.58787127
2020,43444100,3.902709988
2019,43445100,0.913128744
2020,43445100,1.201312411
2019,43446100,0.948009932
2020,43446100,1.254258703
2019,43446200,3.961829729
2020,43446200,4.081461449
2019,43447100,0.09305082
2020,43447100,0.087205651
2019,43447200,0.033224878
2020,43447200,0.025817363
2019,43447300,0
2020,43447300,0
2019,43447400,0.737409211
2020,43447400,0.303226958
2019,43447500,0.037826574
2020,43447500,0.037826574
2019,43447600,0
2020,43447600,0
2019,43448100,42.53485791
2020,43448100,46.77103342
2019,43448200,32.77599256
2020,43448200,40.4024785
2019,43449100,2.203914985
2020,43449100,3.461133751
2019,43449200,21.13718042
2020,43449200,22.23398511
2019,43449300,10.463062032
2020,43449300,14.728579203
2019,43449400,42.52191094
2020,43449400,46.15031958
2019,43449500,7.070521028
2020,43449500,7.610407354
2019,43450100,12.990751831
2020,43450100,12.72284564
2019,43450200,10.520710692
2020,43450200,12.474153238
2019,43450300,1.319929116
2020,43450300,1.140520682
2019,43450400,2.145026194
2020,43450400,2.465168478
2019,43450500,5.759008905
2020,43450500,6.840566918
2019,43450600,132.80600713
2020,43450600,137.61166096
2019,43450700,1.432434692
2020,43450700,1.393703946
2019,43450800,3.62176359
2020,43450800,4.642935002
2019,43450900,31.54720691
2020,43450900,34.08723369
2019,43451100,16.333404308
2020,43451100,17.29607041
2019,43451200,41.91327745
2020,43451200,48.58001025
2019,43451300,0
2020,43451300,0
2019,43452100,3.140307135
2020,43452100,3.51118993
2019,43452200,1.734309609
2020,43452200,1.799364936
2019,43452300,0.733538876
2020,43452300,1.363387018
2019,43452400,3.303397391
2020,43452400,4.39774736
2019,43453100,24.42463993
2020,43453100,26.64096899
2019,43453200,27.42436002
2020,43453200,30.81549555
2019,43453300,19.312248727
2020,43453300,23.09827909
2019,43454100,5.158289728
2020,43454100,5.289991637
2019,43454200,10.770263432
2020,43454200,12.082025162
2019,43454300,5.119971036
2020,43454300,5.230127445
2019,43454400,39.79458136
2020,43454400,40.98494756
2019,43454500,0
2020,43454500,0
2019,43455100,0
2020,43455100,0
2019,43455200,0
2020,43455200,0
2019,43455300,73.06325752
2020,43455300,78.15027526
2019,43455400,76.59590415
2020,43455400,81.60811088
2019,43455500,26.74245226
2020,43455500,30.94680263
2019,43456100,57.18646131
2020,43456100,64.44942486
2019,43456200,28.72017554
2020,43456200,30.41251864
2019,43456300,7.631987022
2020,43456300,6.584604068
2019,43456400,25.967344
2020,43456400,27.92949879
2019,43457100,4.605440099
2020,43457100,4.829604103
2019,43457200,0.836944436
2020,43457200,1.283842656
2019,43457300,12.590168793
2020,43457300,14.602623333
2019,43457400,0
2020,43457400,0
2019,43457500,0.077607424
2020,43457500,0.089897381
2019,43458100,0.870573093
2020,43458100,0.847669466
2019,43458200,0.011754918
2020,43458200,0.04076335
2019,43458300,188.03826078
2020,43458300,190.95223038
2019,43458400,30.4830306
2020,43458400,32.18771782
2019,43459100,0.371893641
2020,43459100,0.698610882
2019,43459200,0.850002396
2020,43459200,1.024650263
2019,43459300,26.46462265
2020,43459300,28.14245676
2019,43459400,1.918659427
2020,43459400,1.255109023
2019,43459500,0
2020,43459500,0
2019,43459600,0.001534425
2020,43459600,0.017941381
2019,43460100,9.081492542
2020,43460100,8.548079483
2019,43460200,26.22899349
2020,43460200,27.66960733
2019,43461100,5.068364538
2020,43461100,6.953616531
2019,43461200,4.611281105
2020,43461200,3.491510912
2019,43461300,8.919336033
2020,43461300,10.068560875
2019,43462100,2.753582451
2020,43462100,3.89795235
2019,43463100,6.633469725
2020,43463100,5.761398966
2019,43463200,31.2134076
2020,43463200,32.06936928
2019,43463300,1.648180235
2020,43463300,1.895779779
2019,43464100,8.110442115
2020,43464100,8.317410421
2019,43464200,9.789366546
2020,43464200,10.181356747
2019,43464300,5.468387757
2020,43464300,5.86588323
2019,43464400,13.069506279
2020,43464400,13.731292989
2019,43465100,2.829529989
2020,43465100,3.380479921
2019,43465200,0
2020,43465200,0
2019,43465300,0.095516006
2020,43465300,0.017205259
2019,43465400,5.997448972
2020,43465400,7.105480052
2019,43465500,2.780925785
2020,43465500,2.054361967
2019,43465600,0
2020,43465600,0
2019,43465700,0.690574478
2020,43465700,0.493782549
2019,43465800,0
2020,43465800,0
2019,43465900,0.009945397
2020,43465900,0.009945397
2019,43466100,10.961376162
2020,43466100,12.417618801
2019,43466200,1.723217906
2020,43466200,1.200089363
2019,43466300,11.073264759
2020,43466300,13.542959445
2019,43466400,0
2020,43466400,0
2019,43466500,0.286591765
2020,43466500,0.266080992
2019,43467100,12.476672471
2020,43467100,15.519476719
2019,43467200,33.890303801
2020,43467200,37.411342799
2019,43468100,75.36965108
2020,43468100,78.68614692
2019,43468200,0.597771649
2020,43468200,0.136369275
2019,43468300,1.494684203
2020,43468300,1.501870903
2019,43468400,1.22426386
2020,43468400,1.156580195
2019,43468500,1.701403346
2020,43468500,1.884609846
2019,43468600,0.01319503
2020,43468600,0.023422974
2019,43468700,0
2020,43468700,0
2019,43469100,25.434446193
2020,43469100,26.184274701
2019,43469200,14.668490326
2020,43469200,14.629656118
2019,43470100,17.582312944
2020,43470100,19.936791242
2019,43470200,9.068668294
2020,43470200,10.559061759
2019,43470300,7.840858254
2020,43470300,8.875135852
2019,43470400,11.320542253
2020,43470400,12.257840392
2019,43471100,0
2020,43471100,0
2019,43471200,11.366774353
2020,43471200,11.10650545
2019,43471300,0
2020,43471300,0
2019,43471400,0.400014214
2020,43471400,0.731957378
2019,43472100,0
2020,43472100,0
2019,43472200,0.169731874
2020,43472200,0.218377284
2019,43472300,2.665656467
2020,43472300,3.875063633
2019,43473100,0
2020,43473100,0
2019,43473200,1.336794356
2020,43473200,0.273806213
2019,43473300,0.023422974
2020,43473300,0.023422974
2019,43473400,9.010099516
2020,43473400,9.040801535
2019,43474100,0
2020,43474100,0
2019,43474200,0.880511293
2020,43474200,1.173516902
2019,43474300,1.603450815
2020,43474300,0.936201924
2019,43474400,0.808240837
2020,43474400,0.859625357
2019,43474500,7.399301021
2020,43474500,15.317295716
2019,43474600,6.136646421
2020,43474600,7.374533839
2019,43474700,0
2020,43474700,0
2019,43474800,0.07471841
2020,43474800,0.07471841
2019,43474900,0
2020,43474900,0
2019,43475100,5.520177093
2020,43475100,4.049246614
2019,43475200,0
2020,43475200,0
2019,43475300,0.099108545
2020,43475300,0.176782892
2019,43476100,0.032773541
2020,43476100,0.032773541
2019,43476200,1.704187088
2020,43476200,2.319952625
2019,43476300,34.98383096
2020,43476300,39.02745686
2019,43477100,34.40762901
2020,43477100,36.25008283
2019,43477200,9.927512809
2020,43477200,10.941184731
2019,43478100,6.893503477
2020,43478100,7.044024359
2019,43478200,18.774837015
2020,43478200,18.593077285
2019,43479100,17.647101615
2020,43479100,18.007969842
2019,43479200,28.29808371
2020,43479200,27.77367243
2019,43480100,27.774864048
2020,43480100,29.37085072
2019,43480200,31.46743926
2020,43480200,31.24428513
2019,43481100,3.148488469
2020,43481100,4.609732418
2019,43481200,9.144145704
2020,43481200,9.714661026
2019,43482100,20.131491503
2020,43482100,20.541448026
2019,43482200,35.5507183
2020,43482200,36.10325381
2019,43483100,41.19656865
2020,43483100,41.07581397
2019,43483200,23.97331591
2020,43483200,24.31207854
2019,43484100,39.24707407
2020,43484100,41.83478705
2019,43484200,38.77511785
2020,43484200,40.97556353
2019,43485100,18.410843579
2020,43485100,19.071927778
2019,43485200,19.864119941
2020,43485200,19.969305398
2019,43485300,18.090846768
2020,43485300,19.227923041
2019,43486100,56.52198094
2020,43486100,62.76356428
2019,43486200,43.24410324
2020,43486200,44.77324729
2019,43486300,1.668217491
2020,43486300,1.682364099
2019,43486400,3.188914783
2020,43486400,3.63348213
2019,43486500,22.111212261
2020,43486500,27.4145952
2019,43487100,0
2020,43487100,0
2019,43488100,0.024067101
2020,43488100,0.024067101
2019,43488200,0.587723498
2020,43488200,0.587723498
2019,43488300,3.604538105
2020,43488300,4.182704391
2019,43488400,0
2020,43488400,0
2019,43488500,0.015408343
2020,43488500,0.015408343
2019,43488600,8.849595206
2020,43488600,8.755160776
2019,43489100,45.95793007
2020,43489100,47.679502
2019,43489200,0
2020,43489200,0
2019,43490100,51.18127351
2020,43490100,57.66156478
2019,43490200,24.23903138
2020,43490200,24.49332252
2019,43490300,0.623171559
2020,43490300,0.853690928
2019,43491100,21.930811856
2020,43491100,21.366426681
2019,43491200,53.71282957
2020,43491200,55.26889896
2019,43492100,21.016905195
2020,43492100,22.12693859
2019,43492200,16.875502833
2020,43492200,19.927746391
2019,43493100,18.117374636
2020,43493100,19.360869612
2019,43494100,6.94698044
2020,43494100,7.491098413
2019,43494200,10.810136309
2020,43494200,12.150517271
2019,43494300,11.992703391
2020,43494300,13.583253661
2019,43495100,7.745293349
2020,43495100,7.613842148
2019,43495200,2.676545512
2020,43495200,2.698324208
2019,43496100,16.289658376
2020,43496100,16.800612518
2019,43496200,1.297179457
2020,43496200,1.676312408
2019,43497100,5.567010589
2020,43497100,5.783563733
2019,43497200,0
2020,43497200,0
2019,43497300,20.641561334
2020,43497300,21.328496897
2019,43497400,3.413606116
2020,43497400,2.99566305
2019,43498100,48.37247281
2020,43498100,53.879928
2019,43498200,19.021634593
2020,43498200,19.288655092
2019,43498300,0.207665504
2020,43498300,0.446793252
2019,43498400,50.22501934
2020,43498400,54.68097507
2019,43499100,12.284436077
2020,43499100,13.146699608
2019,43499200,13.507208205
2020,43499200,16.555890197
2019,43499300,11.600437155
2020,43499300,13.035951929
2019,43500100,2.831313368
2020,43500100,2.956433549
2019,43500200,0
2020,43500200,0
2019,43500300,14.816994811
2020,43500300,16.715874404
2019,43500400,4.670279318
2020,43500400,5.046397821
2019,43501100,25.8502606
2020,43501100,28.74659591
2019,43501200,7.952208827
2020,43501200,8.376529787
2019,43501300,23.72106574
2020,43501300,29.46357876
2019,43501400,33.82421938
2020,43501400,36.94478513
2019,43501500,6.715876319
2020,43501500,6.934096913
2019,43501600,0.96909818
2020,43501600,1.035124956
2019,43502100,11.576885408
2020,43502100,12.326658199
2019,43502200,0
2020,43502200,0
2019,43502300,19.695801013
2020,43502300,19.583629713
2019,43502400,43.74727153
2020,43502400,48.00500333
2019,43503100,0
2020,43503100,0
2019,43503200,0.010693649
2020,43503200,0.010693649
2019,43503300,0
2020,43503300,0
2019,43504100,16.369927268
2020,43504100,18.502409843
2019,43504200,50.95362107
2020,43504200,56.57943677
2019,43505100,1.048162595
2020,43505100,0.980803789
2019,43505200,1.142622884
2020,43505200,1.160752874
2019,43505300,0
2020,43505300,0
2019,43505400,19.521240856
2020,43505400,22.28610944
2019,43505500,0.97219108
2020,43505500,0.871103575
2019,43505600,4.306535803
2020,43505600,3.539138488
2019,43505700,19.599277445
2020,43505700,21.077023083
2019,43506100,10.442374297
2020,43506100,12.525032878
2019,43506200,4.57116351
2020,43506200,4.229251429
2019,43507100,0.031703389
2020,43507100,0.031703389
2019,43507200,0.335056282
2020,43507200,0.324158233
2019,43507300,19.691217769
2020,43507300,20.839154277
2019,43507400,5.249433057
2020,43507400,5.354925844
2019,43507500,10.87903338
2020,43507500,10.787870505
2019,43507600,2.078703641
2020,43507600,2.291009852
2019,43507700,0.116042803
2020,43507700,0.079833715
2019,43508100,23.505117548
2020,43508100,27.04405603
2019,43508200,19.594645257
2020,43508200,22.640429249
2019,43509100,18.627364496
2020,43509100,18.144973357
2019,43509200,57.48011284
2020,43509200,58.7407386
2019,43510100,5.808608886
2020,43510100,7.946838613
2019,43510200,52.06978358
2020,43510200,54.84922112
2019,43511100,22.559176434
2020,43511100,24.017426923
2019,43511200,35.92039957
2020,43511200,36.21575735
2019,43512100,50.58661449
2020,43512100,55.557238
2019,43512200,5.495588956
2020,43512200,5.992228827
2019,43512300,2.303756067
2020,43512300,1.105296355
2019,43512400,7.368477749
2020,43512400,10.387349114
2019,43513100,14.836344109
2020,43513100,16.059098947
2019,43513200,23.478394626
2020,43513200,24.302801031
2019,43514100,21.789582
2020,43514100,24.63048725
2019,43514200,20.385103163
2020,43514200,20.825996418
2019,43514300,31.83875128
2020,43514300,32.05677938
2019,43515100,0
2020,43515100,0
2019,43515200,0
2020,43515200,0
2019,43515300,0
2020,43515300,0
2019,43515400,0
2020,43515400,0
2019,43516100,22.15636616
2020,43516100,23.66148343
2019,43517100,12.366836526
2020,43517100,11.650328537
2019,43517200,16.135556106
2020,43517200,15.620741275
2019,43517300,44.68242507
2020,43517300,47.07328287
2019,43518100,47.85257595
2020,43518100,49.22515748
2019,43518200,3.828020911
2020,43518200,3.90717049
2019,43518300,1.319767296
2020,43518300,1.701062343
2019,43519100,15.908819691
2020,43519100,16.058276262
2019,43519200,54.94468536
2020,43519200,57.2177829
2019,43520100,24.11012077
2020,43520100,26.82242633
2019,43520200,52.48044341
2020,43520200,55.68856935
2019,43521100,14.077005953
2020,43521100,13.257089896
2019,43521200,7.05858756
2020,43521200,8.325216182
2019,43521300,11.06707487
2020,43521300,12.107505772
2019,43522100,0.006759819
2020,43522100,1.845829854
2019,43522200,0
2020,43522200,0
2019,43522300,2.130800751
2020,43522300,2.432965578
2019,43523100,10.273444067
2020,43523100,12.248007354
2019,43523200,9.730897812
2020,43523200,11.169495842
2019,43523300,33.04503803
2020,43523300,34.194887
2019,43524100,4.840197202
2020,43524100,5.729257806
2019,43524200,29.13085078
2020,43524200,28.56304373
2019,43525100,13.440886282
2020,43525100,14.403242474
2019,43525200,1.968390626
2020,43525200,2.070779438
2019,43525300,1.302747543
2020,43525300,1.683811792
2019,43525400,51.77231191
2020,43525400,55.41796781
2019,43525500,10.928982706
2020,43525500,11.442517098
2019,43525600,8.154846768
2020,43525600,8.169415087
2019,43526100,44.81460465
2020,43526100,47.65687258
2019,43526200,93.73754464
2020,43526200,98.24813208
2019,43527100,1.089150704
2020,43527100,0.345546111
2019,43527200,20.40830016
2020,43527200,27.21257211
2019,43527300,7.492092819
2020,43527300,10.766867596
2019,43527400,0.002332543
2020,43527400,0.081173467
2019,43527500,79.51957022
2020,43527500,84.45806614
2019,43528100,41.76260618
2020,43528100,40.80186684
2019,43528200,33.57681212
2020,43528200,34.29002529
2019,43528300,30.27573331
2020,43528300,31.75193233
2019,43529100,4.027241696
2020,43529100,4.648694555
2019,43529200,124.97498482
2020,43529200,126.67587762
2019,43530100,121.69496847
2020,43530100,122.27416235
2019,43530200,4.55104003
2020,43530200,4.398631175
2019,43530300,57.03147689
2020,43530300,62.52466882
2019,43531100,57.70340345
2020,43531100,62.60924735
2019,43531200,39.31453807
2020,43531200,41.93333361
2019,43532100,19.445503847
2020,43532100,20.187959366
2019,43532200,16.779129829
2020,43532200,17.536965947
2019,43533100,5.167755532
2020,43533100,4.056821787
2019,43533200,7.521322414
2020,43533200,8.338025062
2019,43533300,31.2134367
2020,43533300,31.79875454
2019,43533400,43.44352407
2020,43533400,45.55495532
2019,43534100,14.317820164
2020,43534100,14.757610111
2019,43534200,43.88000277
2020,43534200,46.70175986
2019,43535100,8.448420203
2020,43535100,8.503413963
2019,43536100,28.06230843
2020,43536100,29.65709913
2019,43536200,0.33797391
2020,43536200,0.33797391
2019,43537100,8.280942834
2020,43537100,9.422535217
2019,43538100,76.03689675
2020,43538100,75.6967783
2019,43538200,61.19254441
2020,43538200,63.72514586
2019,43538300,57.11165689
2020,43538300,59.77746503
2019,43539100,38.41045061
2020,43539100,38.52931241
2019,43539200,44.76690157
2020,43539200,43.74944016
2019,43540100,23.636217139
2020,43540100,27.39753005
2019,43540200,45.01152008
2020,43540200,46.23092836
2019,43540300,0.032621967
2020,43540300,0.050017051
2019,43540400,7.757315991
2020,43540400,8.32980524
2019,43540500,21.494896664
2020,43540500,21.98406313
2019,43541100,2.686324094
2020,43541100,2.539447754
2019,43541200,50.49496765
2020,43541200,48.79266903
2019,43541300,29.84552147
2020,43541300,30.54714377
2019,43542100,41.58120068
2020,43542100,44.49816412
2019,43543100,49.936716
2020,43543100,55.21784862
2019,43544100,15.631574888
2020,43544100,18.116624409
2019,43544200,54.32453337
2020,43544200,57.91005985
2019,43545100,42.47520382
2020,43545100,43.815345
2019,43545200,102.41377815
2020,43545200,119.31015166
2019,43546100,81.08097755
2020,43546100,83.19875162
2019,43546200,81.38719817
2020,43546200,83.31715884
2019,43546300,115.90752845
2020,43546300,117.15629884
2019,43547100,29.8636466
2020,43547100,31.09881522
2019,43547200,45.03772316
2020,43547200,48.01188026
2019,43548100,82.76117501
2020,43548100,83.41571268
2019,43548200,26.13701243
2020,43548200,29.18691668
2019,43549100,79.38440393
2020,43549100,82.03003521
2019,43549200,10.446148905
2020,43549200,12.084040881
2019,43549300,16.594419991
2020,43549300,18.13244227
2019,43550100,16.236621589
2020,43550100,18.259582377
2019,43550200,8.806433176
2020,43550200,9.811723338
2019,43550300,2.005643
2020,43550300,1.983482747
2019,43551100,22.718504055
2020,43551100,23.36159744
2019,43551200,38.90890936
2020,43551200,42.6439851
2019,43551300,24.591433752
2020,43551300,24.99211302
2019,43552100,0.056309264
2020,43552100,0.056309264
2019,43552200,11.8535546
2020,43552200,12.584904079
2019,43552300,29.49199252
2020,43552300,30.711396
2019,43552400,4.531031972
2020,43552400,4.817781638
2019,43552500,8.980381085
2020,43552500,9.290690476
2019,43552600,8.895270755
2020,43552600,8.714091458
2019,43553100,20.889570217
2020,43553100,22.021089757
2019,43553200,22.065376994
2020,43553200,22.940434047
2019,43553300,20.532587532
2020,43553300,19.611490982
2019,43554100,5.134267197
2020,43554100,5.26963065
2019,43554200,2.016006576
2020,43554200,2.242988091
2019,43554300,7.611341012
2020,43554300,8.165630468
2019,43555100,7.828585721
2020,43555100,8.047554433
2019,43556100,36.84403266
2020,43556100,38.53288116
2019,43556200,12.2351832
2020,43556200,13.242354874
2019,43556300,12.227130053
2020,43556300,13.846225189
2019,43556400,8.819790067
2020,43556400,10.629702817
2019,43556500,0
2020,43556500,0
2019,43557100,21.716212446
2020,43557100,23.33485394
2019,43557200,11.107962678
2020,43557200,12.31412362
2019,43558100,11.862281501
2020,43558100,13.746272315
2019,43558200,0
2020,43558200,0
2019,43558300,24.18961351
2020,43558300,26.522167022
2019,43559100,9.153844696
2020,43559100,9.971764367
2019,43559200,14.186658965
2020,43559200,16.033381354
2019,43560100,24.379881359
2020,43560100,25.229029643
2019,43561100,15.222125368
2020,43561100,15.678318625
2019,43561200,9.46452359
2020,43561200,8.979143329
2019,43562100,31.22424654
2020,43562100,34.74444059
2019,43562200,16.145478715
2020,43562200,17.519513488
2019,43563100,0.006398238
2020,43563100,0.006398238
2019,43563200,10.59077752
2020,43563200,11.403723789
2019,43563300,2.429949372
2020,43563300,3.20435906
2019,43563400,0
2020,43563400,0
2019,43563500,2.602966055
2020,43563500,2.881030796
2019,43564100,41.88056642
2020,43564100,43.71414005
2019,43564200,18.575173407
2020,43564200,20.31588789
2019,43565100,6.935832989
2020,43565100,8.59856412
2019,43565200,5.746329736
2020,43565200,5.556364415
2019,43565300,0.814153106
2020,43565300,0.8898498
2019,43565400,0.184030569
2020,43565400,0.136411498
2019,43565500,1.219895625
2020,43565500,1.312163709
2019,43566100,2.563496751
2020,43566100,2.797070691
2019,43566200,2.681184711
2020,43566200,2.862253734
2019,43566300,6.2493097
2020,43566300,6.847357878
2019,43566400,15.811411668
2020,43566400,16.482776113
2019,43566500,2.192097016
2020,43566500,3.011402831
2019,43566600,5.207568723
2020,43566600,5.4829234
2019,43566700,0.828528696
2020,43566700,0.737786276
2019,43566800,4.461012601
2020,43566800,4.756512854
2019,43566900,0.096441069
2020,43566900,0.085568289
2019,43567100,8.125533457
2020,43567100,9.324621486
2019,43567200,0.415040962
2020,43567200,0.356701603
2019,43567300,1.060973884
2020,43567300,1.024786277
2019,43567400,0.068066638
2020,43567400,0.043232163
2019,43567500,1.68248358
2020,43567500,1.151835045
2019,43567600,0
2020,43567600,0
2019,43567700,1.910310055
2020,43567700,2.293979967
2019,43567800,1.579206181
2020,43567800,1.592032479
2019,43568100,13.998044372
2020,43568100,15.611062706
2019,43568200,1.960271662
2020,43568200,2.450079213
2019,43568300,9.911688263
2020,43568300,11.943248665
2019,43568400,13.57439561
2020,43568400,14.419514055
2019,43568500,2.648920338
2020,43568500,2.393745838
2019,43569100,12.062240569
2020,43569100,13.295295617
2019,43569200,13.435719835
2020,43569200,15.112228926
2019,43570100,6.150846618
2020,43570100,6.363403565
2019,43570200,17.99205593
2020,43570200,20.396425475
2019,43571100,0.136927436
2020,43571100,0.240580234
2019,43571200,16.29314767
2020,43571200,17.052281884
2019,43571300,9.768258532
2020,43571300,10.257720027
2019,43571400,12.597173752
2020,43571400,13.081343244
2019,43571500,0
2020,43571500,0
2019,43572100,1.229062022
2020,43572100,10.129040106
2019,43572200,0.089331337
2020,43572200,0.148623967
2019,43572300,0.93685099
2020,43572300,1.364748111
2019,43572400,0
2020,43572400,0
2019,43572500,16.90035237
2020,43572500,16.99998054
2019,43573100,6.945147847
2020,43573100,9.451349628
2019,43573200,16.478964224
2020,43573200,18.317520833
2019,43574100,10.406260754
2020,43574100,15.919949227
2019,43574200,7.535114417
2020,43574200,8.723343124
2019,43575100,0.647561791
2020,43575100,0.354367131
2019,43575200,4.020075313
2020,43575200,3.938410766
2019,43575300,0
2020,43575300,0
2019,43575400,3.852784511
2020,43575400,2.969100186
2019,43576100,0.506715646
2020,43576100,0.506715646
2019,43576200,0.123953588
2020,43576200,0.202770564
2019,43576300,2.049461442
2020,43576300,1.113621252
2019,43576400,0.113273474
2020,43576400,0.098081942
2019,43576500,0.002568002
2020,43576500,0.002568002
2019,43577100,5.313642474
2020,43577100,5.694685816
2019,43577200,0.013761197
2020,43577200,0.013761197
2019,43577300,0.015873145
2020,43577300,0.015873145
2019,43577400,3.061917257
2020,43577400,3.561608585
2019,43577500,4.843126184
2020,43577500,5.363829065
2019,43577600,0.329757683
2020,43577600,0.300918036
2019,43577700,0.142218693
2020,43577700,0.149986993
2019,43577800,0.760890426
2020,43577800,0.86576546
2019,43577900,0.864314228
2020,43577900,0.675251928
2019,43578100,0.183047893
2020,43578100,0.424097867
2019,43578200,0.832410162
2020,43578200,0.943000834
2019,43578300,0
2020,43578300,0
2019,43578400,4.759111918
2020,43578400,5.372789147
2019,43578500,0.579735412
2020,43578500,0.575521039
2019,43578600,0.021755103
2020,43578600,0.021755103
2019,43578700,1.352247407
2020,43578700,1.512992785
2019,43578800,0.371268247
2020,43578800,0.118917856
2019,43578900,0.095191076
2020,43578900,0.095191076
2019,43579100,2.073455248
2020,43579100,2.386897053
2019,43579200,1.259279482
2020,43579200,1.226958542
2019,43579300,0.013761197
2020,43579300,0.013761197
2019,43580100,0.021422357
2020,43580100,0.021422357
2019,43580200,0.138370766
2020,43580200,0.046586715
2019,43580300,0.098179417
2020,43580300,0.071914893
2019,43580400,1.943081734
2020,43580400,1.934947609
2019,43580500,4.300898048
2020,43580500,4.440876336
2019,43580600,0
2020,43580600,0
2019,43580700,21.411965271
2020,43580700,22.857067675
2019,43580800,0.191836809
2020,43580800,0.308813999
2019,43580900,1.096627259
2020,43580900,0.947608726
2019,43581100,0.13227842
2020,43581100,0.201291774
2019,43581200,2.178126192
2020,43581200,3.21201704
2019,43581300,0.474097755
2020,43581300,0.73272012
2019,43581400,0.155644907
2020,43581400,0.155644907
2019,43581500,0.021476234
2020,43581500,0.021476234
2019,43581600,0.073547069
2020,43581600,0.096899204
2019,43581700,1.110462707
2020,43581700,1.479215945
2019,43582100,0
2020,43582100,0
2019,43583100,0.267862775
2020,43583100,0.254548086
2019,43583200,3.17806677
2020,43583200,2.676068003
2019,43583300,10.891077211
2020,43583300,11.957784099
2019,43583400,1.648917941
2020,43583400,1.59034829
2019,43583500,1.86406232
2020,43583500,1.915017393
2019,43584100,0
2020,43584100,0
2019,43585100,6.454096386
2020,43585100,6.663320799
2019,43586100,0
2020,43586100,0
2019,43587100,9.925882165
2020,43587100,13.408937908
2019,43587200,0.069954837
2020,43587200,0.01044374
2019,43588100,4.277133328
2020,43588100,3.956567296
2019,43589100,10.946887365
2020,43589100,11.843751066
2019,43590100,10.858985893
2020,43590100,11.367122762
2019,43591100,16.406254408
2020,43591100,17.053242472
2019,43592100,21.392174358
2020,43592100,21.94521274
2019,43593100,21.312591787
2020,43593100,21.806798365
2019,43594100,17.210582358
2020,43594100,22.586474306
2019,43595100,3.538258918
2020,43595100,3.624450665
2019,43596100,1.281231349
2020,43596100,1.86027327
2019,43596200,8.550120829
2020,43596200,7.994019008
2019,43596300,6.145168286
2020,43596300,6.427513159
2019,43597100,1.887897401
2020,43597100,2.101376382
2019,43597200,2.058065986
2020,43597200,1.943292121
2019,43597300,0.114389874
2020,43597300,0.114389874
2019,53598100,10.185278626
2020,53598100,10.973248481
2019,53598200,56.58247736
2020,53598200,59.14603595
2019,53599100,18.270433721
2020,53599100,19.105324144
2019,53600100,24.22609151
2020,53600100,27.06256758
2019,53600200,1.563792879
2020,53600200,2.188573791
2019,53601100,26.84391635
2020,53601100,27.64905588
2019,53601200,11.18757608
2020,53601200,11.708841945
2019,53602100,25.00515886
2020,53602100,26.40395869
2019,53603100,22.42388083
2020,53603100,21.662680515
2019,53603200,0.159608836
2020,53603200,0.636749543
2019,53603300,11.28425836
2020,53603300,11.504956949
2019,53604100,1.08474605
2020,53604100,1.478294697
2019,53604200,16.51513617
2020,53604200,17.556510697
2019,53604300,13.317276978
2020,53604300,15.175102812
2019,53604400,0
2020,53604400,0
2019,53604500,0.013484807
2020,53604500,0.076583332
2019,53604600,7.054837398
2020,53604600,7.26778226
2019,53604700,11.420669569
2020,53604700,11.603702265
2019,53604800,0.053027014
2020,53604800,0.100527783
2019,53605100,24.624066879
2020,53605100,27.228854122
2019,53605200,16.119772208
2020,53605200,16.094083792
2019,53606100,21.667333131
2020,53606100,22.974338571
2019,53606200,0.008099025
2020,53606200,0.048375325
2019,53607100,10.998944063
2020,53607100,11.038657404
2019,53607200,0.047146775
2020,53607200,0.037572317
2019,53607300,17.084751214
2020,53607300,17.443359506
2019,53608100,3.963905643
2020,53608100,3.307216625
2019,53608200,1.299411878
2020,53608200,0.517136966
2019,53608300,13.462965902
2020,53608300,14.157276736
2019,53608400,20.385277012
2020,53608400,22.51517529
2019,53609100,45.93140676
2020,53609100,45.04703113
2019,53609200,17.872724961
2020,53609200,19.205233225
2019,53610100,16.122249653
2020,53610100,16.82354019
2019,53610200,18.3229662
2020,53610200,12.443951954
2019,53610300,3.062576235
2020,53610300,3.582067493
2019,53610400,0.02376475
2020,53610400,0.043003618
2019,53611100,10.715730705
2020,53611100,11.115009049
2019,53611200,10.824568778
2020,53611200,11.369410509
2019,53611300,11.767588585
2020,53611300,12.173955009
2019,53611400,20.185009313
2020,53611400,20.422890999
2019,53612100,11.054104635
2020,53612100,11.481684989
2019,53612200,28.68134034
2020,53612200,30.0817849
2019,53612300,14.201931812
2020,53612300,14.50736755
2019,53612400,17.945850826
2020,53612400,18.585679176
2019,53612500,11.543696684
2020,53612500,12.724964996
2019,53613100,5.118799343
2020,53613100,5.462813137
2019,53613200,0.091606309
2020,53613200,0.295175447
2019,53613300,16.740204852
2020,53613300,18.305444292
2019,53613400,0
2020,53613400,0
2019,53613500,0.035173948
2020,53613500,0.027505447
2019,53613600,0
2020,53613600,0
2019,53614100,0.009650663
2020,53614100,0.019059358
2019,53614200,3.21567876
2020,53614200,3.70848257
2019,53614300,91.30949027
2020,53614300,91.77501254
2019,53614400,4.794003714
2020,53614400,4.337044148
2019,53614500,23.29538437
2020,53614500,23.46476423
2019,53615100,0
2020,53615100,0
2019,53615200,0
2020,53615200,0
2019,53615300,0.115036312
2020,53615300,0.199101147
2019,53615400,0
2020,53615400,0.446778509
2019,53615500,0.014203192
2020,53615500,0.005540428
2019,53616100,6.640809473
2020,53616100,7.113830863
2019,53616200,9.424912913
2020,53616200,8.701496402
2019,53616300,9.019026335
2020,53616300,7.096312019
2019,53616400,15.750879209
2020,53616400,16.543490785
2019,53616500,0
2020,53616500,0
2019,53616600,0
2020,53616600,9.063548362
2019,53616700,14.15578086
2020,53616700,14.299842107
2019,53617100,13.367333792
2020,53617100,13.723573077
2019,53617200,11.979990043
2020,53617200,12.185509287
2019,53617300,27.26821352
2020,53617300,28.11371976
2019,53617400,13.791176338
2020,53617400,15.423056493
2019,53618100,7.88026026
2020,53618100,7.495786687
2019,53618200,6.424924636
2020,53618200,5.384681698
2019,53618300,12.316348551
2020,53618300,13.286380183
2019,53618400,12.116093548
2020,53618400,12.354177387
2019,53619100,26.2213351
2020,53619100,26.86639885
2019,53619200,10.307378937
2020,53619200,11.431193345
2019,53619300,31.49531727
2020,53619300,33.85092582
2019,53619400,29.57431377
2020,53619400,29.57737449
2019,53620100,4.237254709
2020,53620100,4.801096932
2019,53620200,14.553972542
2020,53620200,14.047812084
2019,53620300,0.797323201
2020,53620300,0.423291018
2019,53621100,0.006491335
2020,53621100,0.070544966
2019,53621200,5.869326883
2020,53621200,5.335545058
2019,53621300,2.06176786
2020,53621300,3.458976601
2019,53621400,9.801557829
2020,53621400,10.187937641
2019,53621500,11.466849883
2020,53621500,12.372085362
2019,53621600,12.748660446
2020,53621600,13.534750971
2019,53622100,29.20809751
2020,53622100,31.22191565
2019,53622200,3.495458592
2020,53622200,3.32057986
2019,53622300,16.684150204
2020,53622300,20.003763015
2019,53622400,8.997165446
2020,53622400,9.699348357
2019,53622500,8.944371002
2020,53622500,9.348004463
2019,53623100,2.84562588
2020,53623100,2.178877906
2019,53623200,19.863179997
2020,53623200,21.715100342
2019,53623300,23.38343867
2020,53623300,25.22023928
2019,53624100,24.38453857
2020,53624100,26.39233022
2019,53624200,14.697936398
2020,53624200,16.029218072
2019,53624300,17.942437874
2020,53624300,18.714886933
2019,53625100,0
2020,53625100,0.127804101
2019,53625200,13.51670224
2020,53625200,14.320188603
2019,53625300,0.143374586
2020,53625300,0.120489965
2019,53625400,0.377703068
2020,53625400,0.565858044
2019,53626100,40.02918093
2020,53626100,56.22584069
2019,53627100,14.286842097
2020,53627100,15.391340581
2019,53627200,23.33422509
2020,53627200,25.55671544
2019,53627300,20.201447076
2020,53627300,20.480432119
2019,53628100,8.959358146
2020,53628100,7.671655229
2019,53628200,19.71892118
2020,53628200,20.794572919
2019,53629100,12.185349035
2020,53629100,12.377765417
2019,53629200,24.83941056
2020,53629200,26.40511426
2019,53629300,9.448890199
2020,53629300,9.745573983
2019,53630100,0.007747427
2020,53630100,0.00767197
2019,53630200,12.496174001
2020,53630200,13.937437111
2019,53631100,31.6550114
2020,53631100,33.67477406
2019,53631200,25.22859099
2020,53631200,26.84428817
2019,53631300,41.38600842
2020,53631300,44.08128247
2019,53632100,55.8982311
2020,53632100,59.07790239
2019,53632200,23.927183595
2020,53632200,26.252394862
2019,53632300,20.374078215
2020,53632300,22.527234183
2019,53633100,31.52096691
2020,53633100,46.76482897
2019,53634100,27.18121303
2020,53634100,28.82022618
2019,53634200,5.034321736
2020,53634200,6.034258532
2019,53634300,11.662188744
2020,53634300,12.108864788
2019,53634400,13.928399525
2020,53634400,15.375868522
2019,53635100,8.71962388
2020,53635100,9.095104139
2019,53635200,0.182278034
2020,53635200,0.162240343
2019,53635300,0
2020,53635300,0
2019,53635400,5.219590351
2020,53635400,4.758142666
2019,53635500,0.305130499
2020,53635500,0.314879237
2019,53636100,20.046460938
2020,53636100,22.917171048
2019,53636200,19.488211101
2020,53636200,21.573824829
2019,53636300,27.82945283
2020,53636300,31.20737449
2019,53637100,20.795839208
2020,53637100,22.37924497
2019,53637200,16.266697211
2020,53637200,17.734355361
2019,53637300,34.70808156
2020,53637300,37.02459044
2019,53638100,23.38523942
2020,53638100,22.8292833
2019,53638200,26.76551416
2020,53638200,27.78343227
2019,53638300,12.8722799
2020,53638300,13.892006192
2019,53638400,16.595929389
2020,53638400,17.636575774
2019,53639100,21.896998343
2020,53639100,23.381361876
2019,53639200,23.89479508
2020,53639200,24.30271818
2019,53640100,16.84244009
2020,53640100,17.62097128
2019,53640200,10.837193465
2020,53640200,10.929799769
2019,53640300,11.756397695
2020,53640300,12.661073001
2019,53640400,20.060487697
2020,53640400,22.66042177
2019,53641100,14.939154865
2020,53641100,16.650642248
2019,53641200,10.607924197
2020,53641200,12.173790736
2019,53642100,24.46968156
2020,53642100,26.312381036
2019,53642200,20.419578191
2020,53642200,21.772173943
2019,53643100,13.798019873
2020,53643100,15.029865024
2019,53643200,27.48222484
2020,53643200,28.8598843
2019,53643300,7.022467793
2020,53643300,7.20881196
2019,53644100,29.71413717
2020,53644100,31.02524061
2019,53644200,22.564538351
2020,53644200,25.03700358
2019,53644300,14.039722046
2020,53644300,14.585593149
2019,53644400,6.470340652
2020,53644400,8.174976097
2019,53645100,12.868042414
2020,53645100,12.741696701
2019,53645200,7.881433412
2020,53645200,8.173967417
2019,53645300,2.896491766
2020,53645300,4.336421153
2019,53645400,2.388475008
2020,53645400,2.401819114
2019,53646100,19.487734068
2020,53646100,22.18596085
2019,53646200,33.15314464
2020,53646200,38.23691743
2019,53647100,1.683556459
2020,53647100,1.992258108
2019,53647200,6.121633255
2020,53647200,6.851898959
2019,53647300,2.520971659
2020,53647300,2.677857203
2019,53647400,42.44637023
2020,53647400,44.65018329
2019,53647500,3.858987935
2020,53647500,4.061821266
2019,53647600,13.100924513
2020,53647600,13.309089061
2019,53647700,16.383109346
2020,53647700,13.910152172
2019,53648100,11.203365843
2020,53648100,12.582362163
2019,53648200,10.137839178
2020,53648200,11.610751273
2019,53648300,7.491049449
2020,53648300,7.511093174
2019,53648400,2.466823087
2020,53648400,2.925049852
2019,53649100,1.243253618
2020,53649100,1.167225707
2019,53649200,0.278474285
2020,53649200,0.293176927
2019,53649300,5.597497666
2020,53649300,5.657092495
2019,53649400,0.8641995
2020,53649400,0.558782367
2019,53650100,18.62587218
2020,53650100,21.039108892
2019,53650200,12.526307
2020,53650200,15.0866983
2019,53650300,9.41297398
2020,53650300,10.881648347
2019,53650400,9.95925401
2020,53650400,11.828958113
2019,53650500,11.257383522
2020,53650500,11.873492013
2019,53650600,5.369171286
2020,53650600,4.854111619
2019,53651100,10.775626072
2020,53651100,11.971840795
2019,53651200,16.766211841
2020,53651200,17.564937932
2019,53651300,12.432004779
2020,53651300,13.524266939
2019,53652100,0.705431607
2020,53652100,0.780145213
2019,53652200,0.075196507
2020,53652200,0.897688283
2019,53652300,0.241139818
2020,53652300,0.707612118
2019,53652400,0.33773299
2020,53652400,1.234188057
2019,53652500,0.077587502
2020,53652500,1.088707561
2019,53652600,0.065885842
2020,53652600,0.122654439
2019,53652700,0.029481391
2020,53652700,0.090141832
2019,53653100,0.127110495
2020,53653100,1.668492268
2019,53653200,0.384834981
2020,53653200,1.3697451
2019,53653300,0.030217052
2020,53653300,0.004714841
2019,53653400,0.178388072
2020,53653400,0.206709258
2019,53654100,39.99320219
2020,53654100,41.94392037
2019,53654200,25.33885221
2020,53654200,27.93039949
2019,53655100,17.10737806
2020,53655100,18.728492019
2019,53655200,1.535395168
2020,53655200,1.107897588
2019,53655300,0.607104351
2020,53655300,0.480214366
2019,53656100,19.094758596
2020,53656100,21.848118879
2019,53656200,34.42500002
2020,53656200,36.1571228
2019,53656300,62.25447783
2020,53656300,68.24299526
2019,53657100,21.321837413
2020,53657100,22.894212758
2019,53657200,18.880274416
2020,53657200,19.620733703
2019,53657300,8.310795143
2020,53657300,9.45802797
2019,53657400,27.75107175
2020,53657400,14.375601372
2019,53657500,0.07093754
2020,53657500,0.464720801
2019,53657600,0.06190387
2020,53657600,0.054756797
2019,53658100,0
2020,53658100,0
2019,53658200,0.011718093
2020,53658200,0.011718093
2019,53659100,16.51028353
2020,53659100,17.48554074
2019,53659200,9.5517266
2020,53659200,9.401096313
2019,53659300,3.101816544
2020,53659300,2.802351171
2019,53659400,11.074378594
2020,53659400,10.927129594
2019,53659500,12.327155128
2020,53659500,12.325773207
2019,53659600,6.192877176
2020,53659600,4.883388688
2019,53660100,17.326729652
2020,53660100,18.863714661
2019,53660200,25.43501324
2020,53660200,25.75235511
2019,53660300,34.76861968
2020,53660300,39.34497014
2019,53661100,19.650607836
2020,53661100,19.937578395
2019,53661200,14.448176846
2020,53661200,15.757102563
2019,53661300,9.137476389
2020,53661300,10.133175909
2019,53661400,30.45896549
2020,53661400,34.24946062
2019,53661500,11.806619107
2020,53661500,13.194234035
2019,53662100,3.834020598
2020,53662100,5.369735317
2019,53662200,0.281161071
2020,53662200,0.281161071
2019,53662300,0
2020,53662300,0
2019,53662400,0
2020,53662400,0
2019,53662500,0.016596874
2020,53662500,0.016596874
2019,53662600,2.840498513
2020,53662600,2.986576133
2019,53663100,0
2020,53663100,0
2019,53663200,0
2020,53663200,0
2019,53663300,0
2020,53663300,0
2019,53663400,0.410471285
2020,53663400,0.409498031
2019,53663500,16.746674657
2020,53663500,15.345613163
2019,53663600,25.060181663
2020,53663600,28.260313479
2019,53664100,51.28259053
2020,53664100,54.02947881
2019,53664200,15.040287612
2020,53664200,16.706826901
2019,53664300,11.804249395
2020,53664300,12.733511175
2019,53665100,17.089409195
2020,53665100,18.160862446
2019,53665200,24.236046666
2020,53665200,25.432866514
2019,53666100,26.6534259
2020,53666100,28.33184053
2019,53666200,22.406615938
2020,53666200,22.981479585
2019,53666300,36.37564601
2020,53666300,37.11653007
2019,53666400,12.332273932
2020,53666400,12.804219678
2019,53666500,16.59891882
2020,53666500,17.687578985
2019,53666600,32.04809434
2020,53666600,33.71290429
2019,53666700,5.484933832
2020,53666700,4.086730741
2019,53666800,5.127447541
2020,53666800,5.443364571
2019,53667100,0.176656814
2020,53667100,1.494748914
2019,53667200,6.690093582
2020,53667200,7.359470001
2019,53667300,0.35699461
2020,53667300,1.822441133
2019,53667400,0.304836015
2020,53667400,2.178058266
2019,53668100,8.956194537
2020,53668100,9.902592983
2019,53668200,15.535974548
2020,53668200,16.926451338
2019,53668300,15.744548953
2020,53668300,14.906780186
2019,53668400,16.097602337
2020,53668400,17.750580812
2019,53669100,0.179210482
2020,53669100,0.88026261
2019,53669200,0.136697984
2020,53669200,2.468144293
2019,53669300,0
2020,53669300,0.094273888
2019,53669400,0
2020,53669400,0
2019,53669500,0.043687927
2020,53669500,0.045090667
2019,53669600,0
2020,53669600,0
2019,53669700,0.009491319
2020,53669700,1.12081124
2019,53670100,15.623930615
2020,53670100,15.669425689
2019,53670200,27.42472235
2020,53670200,29.16455263
2019,53670300,37.29036865
2020,53670300,38.9740105
2019,53671100,3.463458175
2020,53671100,5.207191379
2019,53671200,3.742933997
2020,53671200,12.502168254
2019,53672100,0.174179924
2020,53672100,0.251314117
2019,53672200,0.039564021
2020,53672200,0.079912402
2019,53672300,0.047444777
2020,53672300,0.032823581
2019,53672400,0
2020,53672400,0
2019,53672500,0.471822178
2020,53672500,0.439432574
2019,53673100,0
2020,53673100,0
2019,53673200,0
2020,53673200,0
2019,53673300,0
2020,53673300,0
2019,53673400,0
2020,53673400,0
2019,53673500,0
2020,53673500,0
2019,53674100,9.018992317
2020,53674100,10.099457059
2019,53674200,9.880645657
2020,53674200,9.126076861
2019,53674300,28.17531718
2020,53674300,32.20003569
2019,53675100,13.425190509
2020,53675100,13.74082063
2019,53675200,20.91476976
2020,53675200,21.87125041
2019,53675300,0
2020,53675300,0.036168315
2019,53675400,0
2020,53675400,0
2019,53675500,0.063676296
2020,53675500,0.26627948
2019,53675600,0
2020,53675600,0
2019,53676100,23.789346053
2020,53676100,23.980226802
2019,53676200,19.286128585
2020,53676200,21.720320061
2019,53676300,22.16992724
2020,53676300,23.579349262
2019,53676400,16.978079645
2020,53676400,17.50850744
2019,53676500,16.221412486
2020,53676500,16.34880843
2019,53677100,25.47324644
2020,53677100,25.72203061
2019,53677200,26.24923502
2020,53677200,28.73651325
2019,53677300,10.929842583
2020,53677300,11.063729325
2019,53677400,28.94306605
2020,53677400,30.09056399
2019,53678100,10.427525131
2020,53678100,11.167551285
2019,53678200,37.42982795
2020,53678200,39.62936432
2019,53678300,35.09829715
2020,53678300,39.44597782
2019,53679100,4.323250898
2020,53679100,4.254657846
2019,53679200,13.215874194
2020,53679200,19.817657839
2019,53679300,0.045259357
2020,53679300,0.084876558
2019,53680100,0.409300601
2020,53680100,1.759441683
2019,53680200,0.378460092
2020,53680200,0.479216065
2019,53680300,0.078053406
2020,53680300,0.068485632
2019,53680400,0.026033139
2020,53680400,0.026033139
2019,53681100,22.31926969
2020,53681100,22.58388015
2019,53681200,15.777841952
2020,53681200,17.237381644
2019,53681300,11.3880915
2020,53681300,12.1417381
2019,53681400,11.981661221
2020,53681400,13.457172142
2019,53682100,6.047996629
2020,53682100,4.430160094
2019,53682200,0.042784724
2020,53682200,1.134012938
2019,53682300,7.275234511
2020,53682300,7.050736212
2019,53683100,13.533892175
2020,53683100,13.794005561
2019,53683200,54.18612431
2020,53683200,43.93437798
2019,53683300,11.207181552
2020,53683300,12.105467586
2019,53683400,0.841784506
2020,53683400,1.476990318
2019,53683500,0.121097476
2020,53683500,1.134825333
2019,53683600,1.4027327
2020,53683600,1.457745648
2019,53683700,0.169565288
2020,53683700,0.161940714
2019,53683800,6.248561947
2020,53683800,7.060127929
2019,53683900,4.986397168
2020,53683900,5.157661015
2019,53684100,16.940038801
2020,53684100,18.514786385
2019,53684200,20.55497305
2020,53684200,21.869437142
2019,53684300,19.188792689
2020,53684300,20.805697762
2019,53685100,0.016596874
2020,53685100,0.016596874
2019,53685200,0
2020,53685200,0
2019,53685300,0
2020,53685300,0
2019,53686100,0
2020,53686100,0
2019,53686200,0
2020,53686200,0
2019,53686300,0.01061884
2020,53686300,0.01061884
2019,53687100,0
2020,53687100,0
2019,53687200,0.111468051
2020,53687200,0.176542912
2019,53687300,0
2020,53687300,0
2019,53687400,0.02101231
2020,53687400,0.009556693
2019,53687500,0
2020,53687500,0
2019,53687600,0
2020,53687600,0
2019,53687700,0
2020,53687700,0
2019,53687800,0
2020,53687800,0
2019,53687900,0
2020,53687900,0
2019,53688100,5.346889148
2020,53688100,9.187573269
2019,53688200,12.711946343
2020,53688200,13.004058916
2019,53689100,4.180482359
2020,53689100,4.094422325
2019,53689200,52.64832167
2020,53689200,56.64506412
2019,53689300,35.25090128
2020,53689300,37.60753027
2019,53689400,3.008933334
2020,53689400,2.504022641
2019,53690100,7.096139411
2020,53690100,7.783121314
2019,53690200,0.005731132
2020,53690200,1.044566005
2019,53691100,17.110046291
2020,53691100,16.750518328
2019,53691200,5.633590093
2020,53691200,5.440665423
2019,53691300,18.768633921
2020,53691300,19.340253655
2019,53692100,0.080173977
2020,53692100,0.513689991
2019,53692200,0.006209474
2020,53692200,2.332847824
2019,53692300,0.026236031
2020,53692300,0.207606712
2019,53692400,0.026033139
2020,53692400,0.107371131
2019,53693100,17.617816731
2020,53693100,18.210625729
2019,53693200,42.45818672
2020,53693200,44.97361287
2019,53693300,22.30927034
2020,53693300,23.903599095
2019,53694100,0
2020,53694100,0
2019,53694200,0
2020,53694200,0
2019,53694300,0.100626147
2020,53694300,0.08212477
2019,53694400,0.086155876
2020,53694400,1.599663842
2019,53694500,0
2020,53694500,1.074992055
2019,53695100,46.53506169
2020,53695100,48.82677722
2019,53695200,7.89618342
2020,53695200,11.879095326
2019,53696100,0
2020,53696100,1.018387285
2019,53697100,19.43237
2020,53697100,19.21286636
2019,53697200,28.66982595
2020,53697200,29.054480481
2019,53697300,24.3743238
2020,53697300,25.2268456
2019,53698100,0
2020,53698100,0
2019,53698200,0
2020,53698200,0
2019,53699100,0
2020,53699100,0
2019,53699200,0
2020,53699200,0
2019,53699300,0
2020,53699300,0
2019,53700100,0
2020,53700100,0
2019,53700200,0.026033139
2020,53700200,0.026033139
2019,53700300,0
2020,53700300,0
2019,53700400,0
2020,53700400,0
2019,53700500,0.004959385
2020,53700500,0.026033139
2019,53701100,11.346584676
2020,53701100,11.455082387
2019,53701200,35.20338467
2020,53701200,37.5723971
2019,53702100,11.984985943
2020,53702100,22.63092359
2019,53702200,0.004340915
2020,53702200,1.667558253
2019,53702300,0.036910053
2020,53702300,1.514918958
2019,53702400,0.528280752
2020,53702400,0.859614901
2019,53703100,20.84283136
2020,53703100,18.838095072
2019,53703200,25.02040225
2020,53703200,26.48736661
2019,53703300,18.531028863
2020,53703300,19.580310322
2019,53703400,1.317837771
2020,53703400,5.284654041
2019,53704100,0.051906021
2020,53704100,0.046771088
2019,53704200,0
2020,53704200,0
2019,53704300,0
2020,53704300,0
2019,53704400,0
2020,53704400,0
2019,53705100,11.654737
2020,53705100,11.950500573
2019,53705200,9.386328212
2020,53705200,8.347108924
2019,53706100,2.030657239
2020,53706100,1.450089414
2019,53706200,0.018810555
2020,53706200,0.025022763
2019,53706300,0
2020,53706300,0
2019,53707100,13.073526087
2020,53707100,14.130488836
2019,53708100,14.820783667
2020,53708100,17.502128668
2019,53708200,16.378022596
2020,53708200,19.585683549
2019,53709100,6.317370866
2020,53709100,6.822500347
2019,53709200,11.958145104
2020,53709200,13.216821921
2019,53710100,30.51275981
2020,53710100,34.66895582
2019,53710200,5.43417593
2020,53710200,6.672082484
2019,53710300,34.01238262
2020,53710300,36.26593532
2019,53710400,0
2020,53710400,0.342779715
2019,53711100,0.589014082
2020,53711100,0.57666557
2019,53711200,1.151363646
2020,53711200,1.237406287
2019,53712100,16.625479163
2020,53712100,17.813672401
2019,53712200,11.5942712
2020,53712200,12.200510072
2019,53713100,0.038727685
2020,53713100,0.014125673
2019,53713200,2.129196174
2020,53713200,2.357315511
2019,53714100,30.27689022
2020,53714100,33.30542066
2019,53714200,5.96208031
2020,53714200,6.788732853
2019,53714300,24.863295882
2020,53714300,24.17061908
2019,53715100,17.141375202
2020,53715100,18.432964384
2019,53715200,19.013803583
2020,53715200,20.125970079
2019,53715300,3.752803938
2020,53715300,4.641548523
2019,53716100,23.87881913
2020,53716100,25.76835468
2019,53716200,16.176338894
2020,53716200,17.734398979
2019,53716300,15.551307336
2020,53716300,18.730918011
2019,53716400,0.514020134
2020,53716400,0.948657675
2019,53717100,12.356257818
2020,53717100,14.04733134
2019,53717200,26.78473133
2020,53717200,33.98630436
2019,53717300,25.61219493
2020,53717300,28.00095545
2019,53718100,0
2020,53718100,0.031320362
2019,53718200,14.348019518
2020,53718200,11.682912902
2019,53718300,20.437674058
2020,53718300,24.157988599
2019,53718400,4.257070271
2020,53718400,3.64796584
2019,53719100,21.37172331
2020,53719100,23.39771788
2019,53719200,17.885736237
2020,53719200,18.662624877
2019,53719300,10.822861316
2020,53719300,12.698472964
2019,53719400,14.250432172
2020,53719400,16.835054252
2019,53719500,29.24090554
2020,53719500,32.10634781
2019,53720100,16.620926097
2020,53720100,18.334083059
2019,53720200,0
2020,53720200,0.923645563
2019,53720300,3.166020268
2020,53720300,3.344675514
2019,53720400,4.533299166
2020,53720400,5.108711815
2019,53720500,12.943416187
2020,53720500,14.167594154
2019,53720600,9.81080372
2020,53720600,9.948783607
2019,53721100,2.220125558
2020,53721100,2.6773905
2019,53721200,2.427781219
2020,53721200,2.427832102
2019,53721300,0
2020,53721300,0
2019,53722100,18.427768275
2020,53722100,19.191366568
2019,53722200,6.917409886
2020,53722200,8.459056353
2019,53722300,19.940815447
2020,53722300,21.228141047
2019,53723100,2.653715823
2020,53723100,2.760777981
2019,53723200,9.619265637
2020,53723200,11.74367407
2019,53723300,23.332039441
2020,53723300,28.34221059
2019,53724100,1.384734668
2020,53724100,1.731127767
2019,53724200,8.001471373
2020,53724200,8.472721179
2019,53724300,3.779419692
2020,53724300,3.743991597
2019,53725100,4.559512398
2020,53725100,5.253536582
2019,53725200,30.70232011
2020,53725200,30.51689842
2019,53725300,5.45620808
2020,53725300,5.737380984
2019,53725400,17.034956951
2020,53725400,17.445201007
2019,53726100,12.469693187
2020,53726100,12.827495294
2019,53726200,8.707438196
2020,53726200,9.470574145
2019,53726300,6.999685803
2020,53726300,7.222771124
2019,53726400,10.996075939
2020,53726400,11.566283379
2019,53726500,19.549351448
2020,53726500,21.32006696
2019,53727100,12.690370561
2020,53727100,13.028421506
2019,53727200,19.731907042
2020,53727200,19.857712672
2019,53727300,4.586532829
2020,53727300,3.49839599
2019,53728100,9.813526932
2020,53728100,10.302605202
2019,53728200,26.97543568
2020,53728200,30.37740843
2019,53728300,8.3928266
2020,53728300,10.028535904
2019,53728400,4.70540285
2020,53728400,4.467415581
2019,53728500,6.972681127
2020,53728500,7.102947897
2019,53729100,6.861687006
2020,53729100,6.807664375
2019,53729200,4.108478437
2020,53729200,4.061342486
2019,53729300,22.08416405
2020,53729300,23.25500559
2019,53730100,13.541913945
2020,53730100,13.514870793
2019,53730200,2.48166044
2020,53730200,2.616289291
2019,53730300,8.536568156
2020,53730300,9.370944335
2019,53731100,17.266422955
2020,53731100,18.359686568
2019,53731200,34.65982819
2020,53731200,34.31455419
2019,53731300,20.941943448
2020,53731300,21.818622446
2019,53732100,21.377171017
2020,53732100,22.982677808
2019,53732200,17.338991525
2020,53732200,19.103026419
2019,53732300,10.738304893
2020,53732300,12.176047776
2019,53733100,0.130846105
2020,53733100,0.179970796
2019,53733200,19.389899833
2020,53733200,20.256905631
2019,53733300,6.301033475
2020,53733300,6.614191127
2019,53733400,7.386277002
2020,53733400,7.582588045
2019,53733500,0.163180938
2020,53733500,0.163180938
2019,53734100,9.310867698
2020,53734100,12.52507396
2019,53734200,22.08305991
2020,53734200,23.46191664
2019,53734300,12.109062607
2020,53734300,12.732362358
2019,53734400,5.410159976
2020,53734400,5.617022797
2019,53735100,16.325845784
2020,53735100,17.671291661
2019,53735200,12.035999343
2020,53735200,12.241097689
2019,53735300,12.449547514
2020,53735300,13.231466797
2019,53735400,0.326848868
2020,53735400,0.078790465
2019,53735500,0.026481989
2020,53735500,0.026481989
2019,53735600,8.948314703
2020,53735600,9.525642673
2019,53735700,6.157321313
2020,53735700,6.920184013
2019,53736100,18.588532678
2020,53736100,19.896060125
2019,53736200,29.43623974
2020,53736200,31.03746126
2019,53737100,11.837254518
2020,53737100,12.691018337
2019,53737200,18.17422664
2020,53737200,19.132131261
2019,53738100,9.683060675
2020,53738100,10.038967873
2019,53738200,18.560304675
2020,53738200,18.304801362
2019,53738300,26.68268484
2020,53738300,28.87091263
2019,53739100,5.60807709
2020,53739100,5.960520219
2019,53739200,39.00745425
2020,53739200,40.90560545
2019,53739300,0.005963913
2020,53739300,0.005963913
2019,53739400,0.18048578
2020,53739400,1.345540262
2019,53740100,7.51141197
2020,53740100,8.45671483
2019,53740200,37.63931598
2020,53740200,40.53444342
2019,53740300,2.299585821
2020,53740300,1.95976115
2019,53741100,11.188724624
2020,53741100,11.763014059
2019,53741200,3.953626215
2020,53741200,3.984797162
2019,53741300,1.905309683
2020,53741300,2.489125953
2019,53741400,0.131148599
2020,53741400,0.196088994
2019,53741500,0.002072854
2020,53741500,0.001016455
2019,53742100,1.752811337
2020,53742100,1.414227797
2019,53742200,18.961387253
2020,53742200,19.767785189
2019,53743100,3.827843408
2020,53743100,4.769554422
2019,53743200,0.797906803
2020,53743200,0.786528036
2019,53743300,0.003507018
2020,53743300,0.017220322
2019,53743400,25.8320378
2020,53743400,26.891359461
2019,53743500,2.611811372
2020,53743500,5.914954744
2019,53743600,2.006303437
2020,53743600,4.73972432
2019,53744100,17.820460749
2020,53744100,19.546463935
2019,53744200,16.285794678
2020,53744200,17.999296035
2019,53744300,13.828880847
2020,53744300,15.65873516
2019,53744400,11.715788674
2020,53744400,12.296642824
2019,53744500,18.473007017
2020,53744500,19.685281103
2019,53744600,3.646138539
2020,53744600,3.842523659
2019,53745100,12.957242196
2020,53745100,13.89840091
2019,53745200,5.878188336
2020,53745200,5.721094694
2019,53745300,8.223849229
2020,53745300,10.581989559
2019,53746100,7.639593263
2020,53746100,7.846857321
2019,53746200,9.262841424
2020,53746200,9.972609482
2019,53746300,11.58543782
2020,53746300,11.76479102
2019,53747100,0.077078449
2020,53747100,0.255702653
2019,53747200,0.093931339
2020,53747200,0.101421732
2019,53747300,2.117765092
2020,53747300,1.830052299
2019,53748100,21.514718303
2020,53748100,22.8246712
2019,53748200,18.415102646
2020,53748200,21.78555596
2019,53748300,5.505429081
2020,53748300,6.210284552
2019,53748400,8.456259223
2020,53748400,8.940362706
2019,53748500,15.7972353
2020,53748500,16.591145469
2019,53748600,2.492051263
2020,53748600,3.088917056
2019,53748700,0.005963913
2020,53748700,0.005963913
2019,53748800,5.033456474
2020,53748800,4.780477344
2019,53748900,0.077369244
2020,53748900,0.074739716
2019,53749100,0
2020,53749100,0
2019,53749200,22.72437487
2020,53749200,22.85687792
2019,53749300,3.091098355
2020,53749300,2.709701146
2019,53750100,23.24659296
2020,53750100,25.92759203
2019,53750200,36.64657698
2020,53750200,40.50434668
2019,53750300,35.98669342
2020,53750300,38.21893229
2019,53751100,21.62140878
2020,53751100,22.8899309
2019,53751200,14.738426386
2020,53751200,15.254167816
2019,53751300,21.72008351
2020,53751300,23.01769201
2019,53752100,5.545001636
2020,53752100,5.558755365
2019,53752200,28.85494643
2020,53752200,31.09948814
2019,53752300,28.62550534
2020,53752300,32.0685571
2019,53753100,20.616224841
2020,53753100,20.626534861
2019,53753200,2.832152383
2020,53753200,2.564318317
2019,53753300,15.221167901
2020,53753300,15.267701733
2019,53753400,0.039632219
2020,53753400,0.047005339
2019,53754100,5.182752051
2020,53754100,5.012059436
2019,53754200,3.217202847
2020,53754200,3.845873378
2019,53754300,4.69335443
2020,53754300,5.03270208
2019,53754400,16.053541864
2020,53754400,17.491782568
2019,53755100,0.311803796
2020,53755100,0.355422839
2019,53755200,0.02609752
2020,53755200,0.02609752
2019,53756100,22.242144689
2020,53756100,23.95130928
2019,53756200,13.078452603
2020,53756200,15.552178933
2019,53757100,14.696587133
2020,53757100,16.917060968
2019,53757200,30.50536345
2020,53757200,33.59611088
2019,53757300,4.838688308
2020,53757300,4.54166448
2019,53757400,0.186728461
2020,53757400,5.594824851
2019,53757500,0.302790994
2020,53757500,0.288947077
2019,53758100,7.766336453
2020,53758100,8.090841454
2019,53758200,16.67487618
2020,53758200,18.628043324
2019,53759100,15.024523042
2020,53759100,16.956994127
2019,53759200,12.521258376
2020,53759200,14.236777053
2019,53759300,18.908329666
2020,53759300,21.324553948
2019,53759400,14.798152672
2020,53759400,15.708154264
2019,53759500,24.19143682
2020,53759500,25.18745679
2019,53759600,3.586337037
2020,53759600,4.745633522
2019,53759700,14.273834547
2020,53759700,15.50355757
2019,53760100,12.795501921
2020,53760100,15.252451997
2019,53760200,0.178242896
2020,53760200,0.014426754
2019,53760300,0.024870204
2020,53760300,0.003115881
2019,53761100,22.27475113
2020,53761100,24.39961419
2019,53761200,20.474909012
2020,53761200,21.720571315
2019,53761300,5.121910031
2020,53761300,5.636868276
2019,53762100,0.002242443
2020,53762100,0.020164861
2019,53763100,8.231901988
2020,53763100,8.871600841
2019,53763200,19.400823772
2020,53763200,21.741990268
2019,53763300,36.4454748
2020,53763300,41.40279082
2019,53764100,0.039074677
2020,53764100,0.039074677
2019,53764200,0.058281134
2020,53764200,0.048501901
2019,53764300,20.560028176
2020,53764300,22.06267377
2019,53764400,9.882708537
2020,53764400,11.290194351
2019,53764500,8.5214934
2020,53764500,9.230659466
2019,53764600,14.943752378
2020,53764600,17.053131384
2019,53764700,12.619101484
2020,53764700,13.275474461
2019,53764800,13.278110869
2020,53764800,14.129602519
2019,53764900,1.988267613
2020,53764900,1.992180823
2019,53765100,15.376833506
2020,53765100,16.652133942
2019,53765200,14.255125787
2020,53765200,14.954037942
2019,53766100,25.89303544
2020,53766100,25.49338508
2019,53766200,33.18291613
2020,53766200,33.93889407
2019,53766300,13.20099119
2020,53766300,14.379624328
2019,53767100,26.48966372
2020,53767100,28.85163954
2019,53767200,18.042419247
2020,53767200,19.681195199
2019,53767300,5.443449145
2020,53767300,5.157443898
2019,53768100,0.10157793
2020,53768100,0.185912803
2019,53768200,45.66649726
2020,53768200,50.23798463
2019,53768300,41.75851065
2020,53768300,47.01254329
2019,53769100,9.208646289
2020,53769100,10.849599176
2019,53769200,0.26476509
2020,53769200,0.290735188
2019,53769300,0.420675144
2020,53769300,0.443424902
2019,53769400,8.086414328
2020,53769400,8.763492175
2019,53770100,16.695195588
2020,53770100,16.983154556
2019,53770200,3.489777984
2020,53770200,3.413570863
2019,53770300,12.681882956
2020,53770300,14.084686099
2019,53771100,0
2020,53771100,0
2019,53771200,25.07440295
2020,53771200,27.37386791
2019,53771300,21.958767991
2020,53771300,23.3572221
2019,53772100,1.975507532
2020,53772100,2.052055753
2019,53772200,4.312672853
2020,53772200,4.258622861
2019,53773100,4.312548355
2020,53773100,4.401208979
2019,53773200,14.957919624
2020,53773200,14.944868724
2019,53774100,7.578559072
2020,53774100,7.58366889
2019,53774200,8.866026833
2020,53774200,9.333945272
2019,53774300,6.999346296
2020,53774300,6.619602214
2019,53774400,0.425907598
2020,53774400,0.524135517
2019,53774500,1.213780035
2020,53774500,1.211531481
2019,53775100,6.304022926
2020,53775100,6.53866196
2019,53775200,6.581535272
2020,53775200,6.039203029
2019,53775300,8.805793344
2020,53775300,8.845757276
2019,53775400,6.453018105
2020,53775400,5.28205233
2019,53776100,14.670746763
2020,53776100,15.531213497
2019,53776200,44.39597579
2020,53776200,47.78304561
2019,53777100,1.945980147
2020,53777100,2.157060448
2019,53778100,13.212578914
2020,53778100,13.944327011
2019,53778200,11.070656058
2020,53778200,11.665112882
2019,53778300,20.724151864
2020,53778300,24.71668317
2019,53778400,6.929914648
2020,53778400,8.139387395
2019,53779100,0.024870204
2020,53779100,0.024870204
2019,53779200,6.696268582
2020,53779200,7.571020553
2019,53779300,7.004184854
2020,53779300,7.612279166
2019,53780100,13.999614473
2020,53780100,15.731434183
2019,53780200,16.476976121
2020,53780200,18.508160488
2019,53780300,14.142954235
2020,53780300,15.213897174
2019,53781100,18.307586579
2020,53781100,20.05662968
2019,53782100,6.026492758
2020,53782100,6.304063489
2019,53782200,18.332209913
2020,53782200,19.846887863
2019,53782300,13.844622208
2020,53782300,15.141051463
2019,53783100,14.681984722
2020,53783100,16.809766111
2019,53783200,4.80304979
2020,53783200,4.31799079
2019,53784100,8.658984102
2020,53784100,9.670987292
2019,53784200,23.7353985
2020,53784200,26.18960573
2019,53784300,3.353108299
2020,53784300,3.862406504
2019,53784400,12.89761397
2020,53784400,14.883868625
2019,53784500,12.771464819
2020,53784500,14.700101557
2019,53784600,0.427372902
2020,53784600,0.21346013
2019,53784700,30.51235675
2020,53784700,32.78938074
2019,53785100,12.764660766
2020,53785100,14.309305509
2019,53785200,0
2020,53785200,0
2019,53786100,25.2547692
2020,53786100,25.40193234
2019,53786200,16.702811151
2020,53786200,17.444709126
2019,53786300,14.495622564
2020,53786300,14.954270771
2019,53786400,13.237340996
2020,53786400,14.431420144
2019,53786500,27.69189752
2020,53786500,29.63536031
2019,53786600,42.2144048
2020,53786600,47.88352215
2019,53787100,4.198571933
2020,53787100,4.818939889
2019,53788100,15.919351904
2020,53788100,16.983843223
2019,53788200,28.6103278
2020,53788200,29.34308381
2019,53789100,31.6127725
2020,53789100,32.15460289
2019,53789200,5.082712066
2020,53789200,4.894083022
2019,53789300,3.740451929
2020,53789300,4.652518536
2019,53790100,0.410094103
2020,53790100,0.96131466
2019,53790200,18.489267468
2020,53790200,19.936218983
2019,53790300,0.031101508
2020,53790300,0.497939606
2019,53790400,0
2020,53790400,0.016712782
2019,53790500,0.015214764
2020,53790500,0.547213768
2019,53790600,0
2020,53790600,0.808941684
2019,53790700,0.015214764
2020,53790700,0.550528202
2019,53790800,3.572274503
2020,53790800,8.240268556
2019,53791100,14.615279491
2020,53791100,14.704738984
2019,53791200,17.868365378
2020,53791200,20.565325133
2019,53792100,26.05817338
2020,53792100,28.59308431
2019,53792200,3.797052126
2020,53792200,4.646001107
2019,53792300,9.904566592
2020,53792300,11.321857184
2019,53793100,5.045142743
2020,53793100,5.105856906
2019,53793200,16.811714081
2020,53793200,18.509235265
2019,53793300,6.602869758
2020,53793300,8.011439869
2019,53793400,3.711743936
2020,53793400,4.476995041
2019,53794100,16.929181424
2020,53794100,19.75216398
2019,53794200,4.58811656
2020,53794200,6.09791204
2019,53794300,10.3687158
2020,53794300,10.983914383
2019,53794400,0.096073801
2020,53794400,0.053424304
2019,53795100,0.952177459
2020,53795100,1.069390974
2019,53795200,2.917969584
2020,53795200,2.742865326
2019,53795300,1.03948483
2020,53795300,1.399231927
2019,53795400,0.007101001
2020,53795400,0.903258892
2019,53795500,0.124872891
2020,53795500,0.483490599
2019,53796100,0.172597534
2020,53796100,0.194247405
2019,53796200,0
2020,53796200,0
2019,53796300,0.062974434
2020,53796300,0.023215527
2019,53796400,0.374371622
2020,53796400,0.346455501
2019,53796500,1.596686085
2020,53796500,1.313747203
2019,53797100,0.117804129
2020,53797100,0.117804129
2019,53797200,0.010890199
2020,53797200,0.010890199
2019,53797300,0
2020,53797300,0
2019,53798100,23.35770447
2020,53798100,23.89901497
2019,53798200,9.979851343
2020,53798200,11.595189925
2019,53798300,5.58572143
2020,53798300,5.583938869
2019,53798400,23.94337821
2020,53798400,24.39125159
2019,53798500,19.849481417
2020,53798500,21.30738561
2019,53799100,16.4639899
2020,53799100,17.238670997
2019,53799200,9.595928355
2020,53799200,10.714634312
2019,53800100,4.815246142
2020,53800100,4.85160225
2019,53800200,1.150535198
2020,53800200,1.490935976
2019,53800300,3.47106816
2020,53800300,3.222246593
2019,53800400,11.78931729
2020,53800400,13.804625423
2019,53801100,10.642134954
2020,53801100,11.585450219
2019,53802100,9.01661965
2020,53802100,9.615372309
2019,53802200,12.165151161
2020,53802200,13.735040029
2019,53802300,5.144687248
2020,53802300,5.402573388
2019,53802400,7.912361381
2020,53802400,10.105552771
2019,53803100,5.095988057
2020,53803100,4.972962775
2019,53803200,8.451214221
2020,53803200,7.904374917
2019,53803300,8.065342094
2020,53803300,7.04658207
2019,53803400,31.98729576
2020,53803400,33.55201603
2019,53804100,0.502050602
2020,53804100,0.620669384
2019,53804200,3.241862316
2020,53804200,3.727954881
2019,53804300,1.713972645
2020,53804300,1.778486334
2019,53804400,20.933592358
2020,53804400,23.15742077
2019,53804500,0.175200896
2020,53804500,0.175200896
2019,53804600,5.658135411
2020,53804600,6.236977123
2019,53805100,10.854229819
2020,53805100,11.853860002
2019,53805200,3.025646731
2020,53805200,3.325695393
2019,53806100,2.715774445
2020,53806100,2.894431231
2019,53806200,4.253613716
2020,53806200,4.473939829
2019,53806300,0.007730787
2020,53806300,0.007730787
2019,53807100,0
2020,53807100,0
2019,53807200,0.024350254
2020,53807200,0.009842957
2019,53807300,0
2020,53807300,0
2019,53807400,0.003495128
2020,53807400,0.003495128
2019,53807500,0.007730787
2020,53807500,0.007730787
2019,53807600,0
2020,53807600,0
2019,53808100,7.082448211
2020,53808100,6.755900292
2019,53808200,3.733644822
2020,53808200,4.509814402
2019,53808300,20.46967455
2020,53808300,22.29305704
2019,53809100,11.060519098
2020,53809100,11.207105468
2019,53809200,13.548261157
2020,53809200,13.519324521
2019,53810100,9.791499704
2020,53810100,11.234206777
2019,53810200,9.313017248
2020,53810200,10.573448013
2019,53810300,2.305766282
2020,53810300,2.41405719
2019,53810400,1.838349342
2020,53810400,1.735224735
2019,53810500,7.919060461
2020,53810500,8.365750325
2019,53811100,13.1683865
2020,53811100,14.328366104
2019,53811200,106.0190945
2020,53811200,110.57038869
2019,53812100,27.08240581
2020,53812100,29.15540451
2019,53812200,30.47586403
2020,53812200,32.87101885
2019,53813100,40.87567338
2020,53813100,42.77499207
2019,53813200,10.364837664
2020,53813200,12.12058977
2019,53813300,18.99840914
2020,53813300,20.340144895
2019,53814100,2.676366228
2020,53814100,2.650565801
2019,53814200,11.007820163
2020,53814200,10.335489019
2019,53814300,15.859816832
2020,53814300,19.344619435
2019,53814400,7.767968744
2020,53814400,8.274880824
2019,53814500,3.739585405
2020,53814500,3.839232573
2019,53815100,5.342654703
2020,53815100,5.560625067
2019,53815200,16.168745487
2020,53815200,18.908806729
2019,53816100,16.35479643
2020,53816100,19.152174803
2019,53816200,13.098328726
2020,53816200,13.262456904
2019,53816300,10.783794455
2020,53816300,11.452562091
2019,53816400,8.214382171
2020,53816400,9.997135598
2019,53817100,30.38425661
2020,53817100,38.96495444
2019,53817200,34.3602257
2020,53817200,37.80092662
2019,53817300,1.512640915
2020,53817300,1.66322783
2019,53818100,0.017842267
2020,53818100,0.007730787
2019,53818200,0
2020,53818200,0
2019,53818300,0
2020,53818300,0
2019,53819100,15.893236523
2020,53819100,17.70071245
2019,53819200,1.922262193
2020,53819200,2.266646508
2019,53819300,6.439138039
2020,53819300,9.283443168
2019,53820100,16.194634549
2020,53820100,18.096372665
2019,53820200,16.789001082
2020,53820200,17.839352297
2019,53821100,34.94042153
2020,53821100,37.65772803
2019,53822100,3.754748187
2020,53822100,3.822054291
2019,53822200,31.96164253
2020,53822200,33.32908771
2019,53822300,0.024118008
2020,53822300,0.107389941
2019,53822400,29.26583842
2020,53822400,31.64514562
2019,53822500,24.93550677
2020,53822500,25.29065503
2019,53823100,6.309136961
2020,53823100,6.53627114
2019,53823200,2.586154905
2020,53823200,2.747307609
2019,53823300,1.150648871
2020,53823300,1.422806415
2019,53824100,1.420379725
2020,53824100,2.152208
2019,53824200,1.346410335
2020,53824200,1.329803474
2019,53824300,0.023923489
2020,53824300,0.023923489
2019,53824400,0.143498103
2020,53824400,0.164556208
2019,53824500,0
2020,53824500,0
2019,53824600,0
2020,53824600,0
2019,53824700,12.241631205
2020,53824700,13.292528021
2019,53824800,0.659674608
2020,53824800,0.645060672
2019,53825100,0.004564145
2020,53825100,0.00685711
2019,53825200,0
2020,53825200,0
2019,53825300,0
2020,53825300,0
2019,53826100,0
2020,53826100,0
2019,53827100,0.417922769
2020,53827100,0.214840898
2019,53827200,4.212147645
2020,53827200,4.225552912
2019,53827300,0.596665256
2020,53827300,1.03053301
2019,53827400,0.943970092
2020,53827400,1.063671312
2019,53827500,18.908743119
2020,53827500,20.194070007
2019,53828100,65.06054869
2020,53828100,65.21952343
2019,53828200,5.095208673
2020,53828200,5.289377614
2019,53828300,8.808099647
2020,53828300,8.873983403
2019,53828400,7.918048219
2020,53828400,9.068902949
2019,53828500,29.9835972
2020,53828500,31.47607913
2019,53828600,12.449492802
2020,53828600,11.969508705
2019,53829100,32.55568909
2020,53829100,33.91609728
2019,53829200,15.398425075
2020,53829200,16.188069973
2019,53829300,21.430885324
2020,53829300,22.271026404
2019,53830100,0.815313286
2020,53830100,0.625569707
2019,53831100,26.66777883
2020,53831100,27.35609381
2019,53831200,24.13668134
2020,53831200,26.05996144
2019,53831300,28.03145641
2020,53831300,30.38036559
2019,53831400,0.469942702
2020,53831400,0.973778
2019,53831500,7.857409086
2020,53831500,7.231477311
2019,53831600,0.009842957
2020,53831600,0.018853083
2019,53832100,24.21981831
2020,53832100,25.78397102
2019,53832200,5.96540493
2020,53832200,6.323179057
2019,53832300,24.056290798
2020,53832300,27.88141269
2019,53832400,42.79240593
2020,53832400,46.48238436
2019,53833100,36.83803801
2020,53833100,38.21523008
2019,53833200,7.710055484
2020,53833200,7.796254615
2019,53834100,0.768118738
2020,53834100,0.842827211
2019,53834200,3.114540161
2020,53834200,3.389642814
2019,53834300,0
2020,53834300,0.665116843
2019,53834400,25.30259639
2020,53834400,27.91718937
2019,53834500,4.823947278
2020,53834500,5.114093848
2019,53834600,5.970135542
2020,53834600,6.815046318
2019,53834700,0
2020,53834700,0.132326059
2019,53835100,6.729809403
2020,53835100,7.760163445
2019,53835200,24.6261711
2020,53835200,25.23406892
2019,53835300,19.276093698
2020,53835300,20.194242788
2019,53835400,3.210488259
2020,53835400,4.211473918
2019,53835500,0.727183766
2020,53835500,1.11186818
2019,53835600,0.04754948
2020,53835600,0.108657664
2019,53835700,0.555771777
2020,53835700,0.597074996
2019,53836100,7.021110588
2020,53836100,6.557278918
2019,53836200,13.148006996
2020,53836200,14.097825162
2019,53836300,17.176689884
2020,53836300,18.883989099
2019,53836400,23.62021735
2020,53836400,26.09626347
2019,53837100,38.4344127
2020,53837100,40.73105093
2019,53837200,18.854528445
2020,53837200,20.258121807
2019,53837300,30.4899216
2020,53837300,32.28574672
2019,53838100,10.542890423
2020,53838100,11.054912648
2019,53838200,0.453782612
2020,53838200,0.183186604
2019,53838300,6.888205572
2020,53838300,7.556055773
2019,53838400,12.941830025
2020,53838400,13.726480316
2019,53838500,16.828528052
2020,53838500,17.298060906
2019,53838600,19.561818314
2020,53838600,20.305869009
2019,53839100,7.969051244
2020,53839100,8.787825559
2019,53839200,8.722496915
2020,53839200,10.429399398
2019,53839300,1.614444261
2020,53839300,0.990248377
2019,53840100,3.88163833
2020,53840100,3.505991389
2019,53840200,28.8108769
2020,53840200,30.82428711
2019,53840300,15.027224778
2020,53840300,16.117412799
2019,53840400,24.18925892
2020,53840400,25.42541633
2019,53841100,15.531308633
2020,53841100,16.61580541
2019,53841200,26.83958979
2020,53841200,28.62217498
2019,53841300,6.75102634
2020,53841300,8.201144065
2019,53841400,6.851176485
2020,53841400,8.459366568
2019,53842100,0.05697607
2020,53842100,0.116609465
2019,53842200,31.11628768
2020,53842200,31.52823432
2019,53842300,5.868532732
2020,53842300,5.691551997
2019,53842400,58.76766016
2020,53842400,59.87380387
2019,53842500,1.228195817
2020,53842500,1.902839541
2019,53843100,27.73863496
2020,53843100,29.47234449
2019,53843200,38.56803989
2020,53843200,40.773347
2019,53844100,11.235399136
2020,53844100,11.666829288
2019,53844200,20.076185882
2020,53844200,19.342021851
2019,53845100,25.202220153
2020,53845100,26.26014216
2019,53845200,31.48319262
2020,53845200,33.72528178
2019,53845300,23.915234738
2020,53845300,26.20750606
2019,53845400,27.54847331
2020,53845400,29.40710687
2019,53845500,15.483822996
2020,53845500,16.87411254
2019,53845600,9.08098308
2020,53845600,8.622018693
2019,53846100,0
2020,53846100,0.452218599
2019,53846200,16.52154885
2020,53846200,18.115211903
2019,53847100,38.06784463
2020,53847100,41.36964901
2019,53847200,17.105862015
2020,53847200,19.704269658
2019,53848100,26.83362197
2020,53848100,28.84798646
2019,53848200,7.035323985
2020,53848200,7.763260312
2019,53848300,0.554900961
2020,53848300,3.901653267
2019,53849100,5.601621079
2020,53849100,6.235198431
2019,53849200,0.029069871
2020,53849200,0.029271233
2019,53849300,10.586265998
2020,53849300,11.521444919
2019,53849400,22.93135349
2020,53849400,23.54269406
2019,53850100,16.662361566
2020,53850100,18.784832734
2019,53850200,17.631338429
2020,53850200,18.844218218
2019,53850300,9.552684982
2020,53850300,9.002683815
2019,53850400,16.009650349
2020,53850400,17.304814365
2019,53850500,22.412742188
2020,53850500,23.189427426
2019,53851100,10.741350835
2020,53851100,9.832766737
2019,53851200,55.81807261
2020,53851200,59.78381245
2019,53851300,53.82354178
2020,53851300,57.29426408
2019,53851400,12.30272086
2020,53851400,12.767490638
2019,53851500,0
2020,53851500,0
2019,53852100,18.134659352
2020,53852100,20.14639586
2019,53852200,42.05784282
2020,53852200,45.8580211
2019,53852300,24.14153096
2020,53852300,26.83830266
2019,53852400,30.10598984
2020,53852400,33.9502683
2019,53853100,24.95423021
2020,53853100,26.40655269
2019,53853200,14.162594565
2020,53853200,16.028315723
2019,53853300,20.525978374
2020,53853300,22.74727245
2019,53854100,25.78059369
2020,53854100,27.46680473
2019,53854200,25.16948911
2020,53854200,27.01163084
2019,53855100,11.207000858
2020,53855100,12.46897352
2019,53855200,15.820879005
2020,53855200,18.064421019
2019,53856100,31.70821607
2020,53856100,33.0608709
2019,53856200,35.73565404
2020,53856200,36.93088176
2019,53856300,6.520886892
2020,53856300,5.761887607
2019,53856400,1.911329917
2020,53856400,1.748471957
2019,53857100,15.686223902
2020,53857100,17.436627011
2019,53857200,28.96083882
2020,53857200,31.61464047
2019,53857300,2.728883529
2020,53857300,2.766659172
2019,53858100,11.634527515
2020,53858100,12.083634488
2019,53858200,9.9583291
2020,53858200,9.318379611
2019,53859100,8.700633273
2020,53859100,8.029329439
2019,53859200,2.033434838
2020,53859200,1.747051543
2019,53860100,0.024884813
2020,53860100,0.024884813
2019,53860200,13.359972291
2020,53860200,15.124749225
2019,53860300,4.136812235
2020,53860300,3.662048133
2019,53861100,22.094636626
2020,53861100,23.65220227
2019,53861200,8.1315789
2020,53861200,8.786807706
2019,53861300,4.851913113
2020,53861300,5.250347237
2019,53861400,10.137754056
2020,53861400,10.720372675
2019,53862100,13.522754962
2020,53862100,14.772219208
2019,53862200,13.380307708
2020,53862200,13.63840053
2019,53862300,17.426595303
2020,53862300,18.393857418
2019,53862400,24.890102507
2020,53862400,26.70833903
2019,53863100,12.732503151
2020,53863100,13.567660706
2019,53864100,2.569114563
2020,53864100,2.281094347
2019,53864200,4.227518806
2020,53864200,4.841443675
2019,53864300,15.649477684
2020,53864300,16.970321066
2019,53864400,1.233229423
2020,53864400,1.246761164
2019,53864500,5.893987543
2020,53864500,6.80924526
2019,53865100,1.331785009
2020,53865100,1.273408947
2019,53866100,36.14356117
2020,53866100,37.93671017
2019,53866200,14.02717019
2020,53866200,14.567439596
2019,53866300,11.080735311
2020,53866300,11.561538692
2019,53866400,18.876115287
2020,53866400,19.526299621
2019,53866500,17.744852602
2020,53866500,18.735007157
2019,53867100,0
2020,53867100,0
2019,53868100,19.817454813
2020,53868100,20.879711952
2019,53868200,5.622508837
2020,53868200,5.842065805
2019,53868300,0.632626311
2020,53868300,0.681817319
2019,53868400,21.061098775
2020,53868400,22.928143845
2019,53868500,4.761831372
2020,53868500,5.576044436
2019,53869100,8.961394381
2020,53869100,9.688758854
2019,53870100,0.967189734
2020,53870100,0.757931446
2019,53871100,3.364262942
2020,53871100,3.553751593
2019,53871200,6.027639297
2020,53871200,6.361932575
2019,53871300,2.70499522
2020,53871300,2.571968119
2019,53871400,0.873670824
2020,53871400,0.593520155
2019,53871500,12.468046159
2020,53871500,12.463291807
2019,53871600,1.189254294
2020,53871600,0.876800008
2019,53871700,6.779272149
2020,53871700,7.037055158
2019,53872100,2.410045868
2020,53872100,2.310572743
2019,53872200,4.336092172
2020,53872200,4.035627261
2019,53872300,0.384976034
2020,53872300,0.418831612
2019,53873100,23.00798186
2020,53873100,24.240815861
2019,53874100,10.291735641
2020,53874100,10.805886332
2019,53874200,19.231017102
2020,53874200,20.151466216
2019,53874300,7.245463217
2020,53874300,7.126317402
2019,53874400,2.253509117
2020,53874400,2.192359576
2019,53874500,8.203911279
2020,53874500,9.251236721
2019,53875100,13.497355702
2020,53875100,14.929257575
2019,53875200,0.005951565
2020,53875200,0.017220322
2019,53876100,6.683545505
2020,53876100,7.418019323
2019,53876200,7.532129557
2020,53876200,7.76206095
2019,53876300,18.080590464
2020,53876300,19.746899141
2019,53876400,22.094345216
2020,53876400,22.976596544
2019,53876500,11.651082276
2020,53876500,12.077161976
2019,53876600,17.150791698
2020,53876600,18.827160328
2019,53876700,18.632671512
2020,53876700,19.406040123
2019,53876800,29.02043995
2020,53876800,30.79232772
2019,53876900,3.327945185
2020,53876900,2.951255315
2019,53877100,1.012824071
2020,53877100,0.924855912
2019,53878100,4.865425396
2020,53878100,5.046057827
2019,53878200,21.845901322
2020,53878200,22.998393725
2019,53879100,1.601676621
2020,53879100,1.873184806
2019,53879200,0.911899325
2020,53879200,0.693012035
2019,53879300,20.574162655
2020,53879300,21.190797401
2019,53880100,6.053810936
2020,53880100,5.886511026
2019,53880200,1.160454378
2020,53880200,0.773490185
2019,53881100,0.696334632
2020,53881100,0.650668302
2019,53881200,14.068854971
2020,53881200,14.211251006
2019,53881300,0.162215371
2020,53881300,0.414667683
2019,53882100,0.664011791
2020,53882100,0.721722223
2019,53883100,0.007737517
2020,53883100,0.007737517
2019,53884100,1.135584121
2020,53884100,1.102077155
2019,53884200,1.549215696
2020,53884200,2.538571315
2019,53885100,0.424002076
2020,53885100,0.181117045
2019,53885200,1.125645599
2020,53885200,0.96635675
2019,53886100,0.404116551
2020,53886100,0.157911816
2019,53887100,12.289987401
2020,53887100,12.992720014
2019,53887200,29.77197944
2020,53887200,32.13518918
2019,53888100,33.79944735
2020,53888100,36.24494164
2019,53889100,7.545854405
2020,53889100,7.401375096
2019,53889200,2.491282218
2020,53889200,2.642602107
2019,53889300,0.028070102
2020,53889300,0.028070102
2019,53889400,2.339811133
2020,53889400,1.472864113
2019,53890100,0.290579656
2020,53890100,0.246828916
2019,53891100,6.309802883
2020,53891100,6.953014642
2019,53892100,2.549438477
2020,53892100,2.560947568
2019,53892200,29.75346627
2020,53892200,31.38757649
2019,53893100,11.058013914
2020,53893100,12.026275968
2019,53893200,10.222748436
2020,53893200,11.6048111
2019,53893300,14.279520243
2020,53893300,15.347818453
2019,53893400,14.828127994
2020,53893400,16.549380414
2019,53894100,11.52466625
2020,53894100,13.443921627
2019,53894200,8.535825816
2020,53894200,9.421522716
2019,53895100,14.326961768
2020,53895100,13.3902378
2019,53895200,0.308232123
2020,53895200,1.283665666
2019,53895300,11.657019152
2020,53895300,11.551670228
2019,53895400,0
2020,53895400,0
2019,53895500,0
2020,53895500,1.190865503
2019,53896100,10.103730431
2020,53896100,9.820045619
2019,53896200,11.131129575
2020,53896200,10.370969628
2019,53897100,0.05285523
2020,53897100,2.001100197
2019,53897200,0.294406896
2020,53897200,3.420839956
2019,53898100,39.50657319
2020,53898100,41.65616672
2019,53898200,1.002146819
2020,53898200,1.289101863
2019,53898300,5.982806869
2020,53898300,8.445588015
2019,53899100,14.106217682
2020,53899100,15.251966306
2019,53899200,53.14709026
2020,53899200,55.821986
2019,53899300,44.27836202
2020,53899300,44.2305331
2019,53899400,0.277788583
2020,53899400,0.571814582
2019,53899500,0.028739682
2020,53899500,0.020565736
2019,53899600,0.003275575
2020,53899600,0.0200047
2019,53899700,5.422395858
2020,53899700,5.073466833
2019,53899800,0.413586364
2020,53899800,8.141813927
2019,53900100,6.270977216
2020,53900100,6.112344306
2019,53900200,9.506767736
2020,53900200,9.806648028
2019,53900300,14.723421924
2020,53900300,16.740221499
2019,53900400,6.934896129
2020,53900400,7.005888363
2019,53901100,4.516767583
2020,53901100,4.144096306
2019,53901200,6.072420694
2020,53901200,6.654751145
2019,53901300,8.811334107
2020,53901300,9.709032791
2019,53901400,0.014475933
2020,53901400,0.003411532
2019,53902100,3.284523025
2020,53902100,2.799047288
2019,53902200,1.923282377
2020,53902200,1.566135328
2019,53902300,1.341018494
2020,53902300,1.499371643
2019,53902400,0.445397832
2020,53902400,4.549724873
2019,53903100,10.219272682
2020,53903100,10.366406678
2019,53903200,0.978015278
2020,53903200,1.043658717
2019,53903300,10.424432762
2020,53903300,10.99355793
2019,53903400,6.937028199
2020,53903400,6.999444851
2019,53903500,4.363665758
2020,53903500,6.002526169
2019,53904100,0.109523357
2020,53904100,0.999954652
2019,53904200,0.302618801
2020,53904200,0.834733164
2019,53905100,0.045184899
2020,53905100,0.425873108
2019,53905200,0.318425574
2020,53905200,0.150357956
2019,53905300,0
2020,53905300,0.038671477
2019,53906100,3.149877975
2020,53906100,3.651312365
2019,53907100,11.919884875
2020,53907100,14.217522418
2019,53907200,14.297775481
2020,53907200,14.172590501
2019,53908100,0.346809653
2020,53908100,0.602309422
2019,53908200,3.943160747
2020,53908200,4.16269786
2019,53908300,10.21182729
2020,53908300,10.382961899
2019,53909100,0.096092938
2020,53909100,0.198591969
2019,53909200,0.047468714
2020,53909200,0.019489913
2019,53909300,0
2020,53909300,0.101855004
2019,53909400,0
2020,53909400,0.260283716
2019,53910100,10.660219438
2020,53910100,11.414062986
2019,53910200,17.71069444
2020,53910200,19.892300962
2019,53910300,3.174602352
2020,53910300,3.752367757
2019,53910400,10.885768878
2020,53910400,12.275874609
2019,53910500,2.16911982
2020,53910500,2.450405629
2019,53911100,9.661683123
2020,53911100,9.212889426
2019,53911200,30.18093765
2020,53911200,32.54439058
2019,53911300,18.882205658
2020,53911300,20.04158742
2019,53911400,35.51778626
2020,53911400,38.1671386
2019,53912100,0
2020,53912100,0
2019,53912200,0.036114064
2020,53912200,0.036114064
2019,53912300,0
2020,53912300,0
2019,53913100,2.99062615
2020,53913100,3.327178088
2019,53913200,45.69091113
2020,53913200,48.96893792
2019,53913300,24.492632391
2020,53913300,26.884601346
2019,53914100,0.202384389
2020,53914100,0.102271598
2019,53914200,8.030225121
2020,53914200,8.311399051
2019,53914300,12.532704943
2020,53914300,13.534533731
2019,53915100,2.891730405
2020,53915100,2.896481652
2019,53915200,122.67192332
2020,53915200,131.68214372
2019,53916100,15.609425035
2020,53916100,15.341194187
2019,53916200,41.78253988
2020,53916200,42.96825675
2019,53916300,36.25760051
2020,53916300,38.41990197
2019,53917100,0.01306682
2020,53917100,0.01306682
2019,53917200,0.746086692
2020,53917200,0.849735719
2019,53917300,0.023592609
2020,53917300,0.023592609
2019,53917400,0.093801971
2020,53917400,0.189448472
2019,53917500,0
2020,53917500,0
2019,53917600,0.340101786
2020,53917600,0.307638891
2019,53917700,0.364219266
2020,53917700,0.315662817
2019,53918100,14.160543201
2020,53918100,15.693797716
2019,53918200,8.82725906
2020,53918200,9.628799584
2019,53918300,8.53971148
2020,53918300,8.7059658
2019,53919100,54.45722246
2020,53919100,56.41401235
2019,53919200,26.92154565
2020,53919200,29.39978495
2019,53920100,32.33746084
2020,53920100,36.23069378
2019,53920200,21.948183299
2020,53920200,24.76237102
2019,53921100,14.838227292
2020,53921100,13.394696262
2019,53921200,11.575046866
2020,53921200,12.372841752
2019,53921300,16.125486152
2020,53921300,17.093606217
2019,53921400,8.994621283
2020,53921400,10.905069762
2019,53922100,1.466934971
2020,53922100,1.169369225
2019,53922200,10.927923491
2020,53922200,11.29005789
2019,53922300,0.495701999
2020,53922300,2.379923519
2019,53922400,4.733651377
2020,53922400,5.27207135
2019,53922500,20.573227951
2020,53922500,23.709351926
2019,53923100,23.72032329
2020,53923100,27.73196575
2019,53923200,42.03479554
2020,53923200,43.54698293
2019,53923300,18.313943225
2020,53923300,20.294884114
2019,53923400,14.660266349
2020,53923400,17.08942784
2019,53923500,0.160342666
2020,53923500,0.322606855
2019,53923600,0.072587184
2020,53923600,0.506495703
2019,53924100,19.320828442
2020,53924100,20.608786746
2019,53924200,24.134654131
2020,53924200,24.63343502
2019,53925100,25.76404814
2020,53925100,26.72003828
2019,53925200,0.004006487
2020,53925200,0.028739682
2019,53925300,0.843056567
2020,53925300,1.007630769
2019,53925400,48.380479
2020,53925400,53.72358033
2019,53926100,16.386878288
2020,53926100,16.535361926
2019,53926200,11.014286447
2020,53926200,11.554238832
2019,53926300,23.33179818
2020,53926300,27.46266747
2019,53927100,0
2020,53927100,0
2019,53927200,3.78817127
2020,53927200,4.030981408
2019,53927300,15.091329431
2020,53927300,15.777869863
2019,53927400,13.905120241
2020,53927400,15.133549202
2019,53927500,20.279861736
2020,53927500,22.36164028
2019,53928100,12.741016169
2020,53928100,11.214941118
2019,53928200,20.276966544
2020,53928200,21.985400499
2019,53928300,15.414964444
2020,53928300,16.027169561
2019,53929100,12.600814105
2020,53929100,14.786074263
2019,53929200,0
2020,53929200,0
2019,53929300,26.24458957
2020,53929300,27.38311228
2019,53929400,14.05735839
2020,53929400,14.48875264
2019,53929500,15.350540735
2020,53929500,16.768461938
2019,53929600,20.060433115
2020,53929600,21.75740406
2019,53930100,15.112229719
2020,53930100,15.202318488
2019,53930200,16.063965584
2020,53930200,16.96310822
2019,53931100,8.102543926
2020,53931100,7.991361165
2019,53931200,18.847550898
2020,53931200,20.240209756
2019,53931300,4.072481328
2020,53931300,4.194194298
2019,53931400,2.705524497
2020,53931400,2.562571015
2019,53932100,23.758819619
2020,53932100,27.65618167
2019,53932200,32.69250615
2020,53932200,36.17526503
2019,53932300,31.36190454
2020,53932300,30.23344763
2019,53933100,13.865039349
2020,53933100,15.386716675
2019,53933200,8.543802928
2020,53933200,9.335683641
2019,53933300,24.58133757
2020,53933300,27.5125556
2019,53933400,15.435361289
2020,53933400,17.551053515
2019,53934100,10.81800756
2020,53934100,12.002454047
2019,53934200,13.095938276
2020,53934200,13.772102915
2019,53934300,7.424225093
2020,53934300,7.50093667
2019,53935100,0.545405186
2020,53935100,0.588008482
2019,53935200,0.27081643
2020,53935200,0.348164372
2019,53936100,41.41917482
2020,53936100,45.22967588
2019,53937100,9.303631444
2020,53937100,10.286741713
2019,53937200,0.029124105
2020,53937200,0.041249999
2019,53938100,4.235497622
2020,53938100,4.015463287
2019,53938200,2.165552502
2020,53938200,2.081589714
2019,53938300,6.422151033
2020,53938300,7.300221602
2019,53938400,2.484884606
2020,53938400,2.681075297
2019,53938500,0
2020,53938500,0.958029876
2019,53938600,0.581001442
2020,53938600,0.440552172
2019,53938700,0.032091483
2020,53938700,0.102547693
2019,53938800,0.01306682
2020,53938800,2.322236436
2019,53938900,0.043285446
2020,53938900,0.678943147
2019,53939100,19.130665771
2020,53939100,23.35034836
2019,53939200,1.354814569
2020,53939200,1.100109316
2019,53940100,0
2020,53940100,0
2019,53940200,16.504938817
2020,53940200,16.909138448
2019,53941100,42.30642955
2020,53941100,45.66431601
2019,53941200,28.98886603
2020,53941200,32.22761239
2019,53942100,64.56266977
2020,53942100,70.46019841
2019,53942200,45.04109561
2020,53942200,50.83658295
2019,53943100,20.122648165
2020,53943100,20.233146921
2019,53943200,30.66957539
2020,53943200,32.75653416
2019,53944100,1.398441006
2020,53944100,1.511588987
2019,53944200,5.256991716
2020,53944200,5.556899138
2019,53944300,2.529106596
2020,53944300,2.599710055
2019,53944400,0.43234109
2020,53944400,0.825428889
2019,53944500,2.821023688
2020,53944500,2.500899718
2019,53944600,2.350627207
2020,53944600,3.040640785
2019,53945100,7.106606912
2020,53945100,6.380129606
2019,53945200,24.351360131
2020,53945200,25.430731174
2019,53945300,1.053923516
2020,53945300,0.79487136
2019,53945400,14.634403565
2020,53945400,16.962943766
2019,53945500,15.498039454
2020,53945500,17.575957559
2019,53945600,0
2020,53945600,0
2019,53945700,3.705233288
2020,53945700,4.313241103
2019,53945800,3.773289796
2020,53945800,3.7082114
2019,53946100,29.79893903
2020,53946100,31.87589277
2019,53946200,41.07829093
2020,53946200,44.29885119
2019,53947100,33.07729768
2020,53947100,35.96786263
2019,53948100,23.79467771
2020,53948100,24.04171405
2019,53948200,25.87213839
2020,53948200,26.6033077
2019,53949100,10.089662584
2020,53949100,9.841953223
2019,53949200,22.801048147
2020,53949200,22.346214392
2019,53949300,33.68966027
2020,53949300,35.06522802
2019,53950100,26.21662398
2020,53950100,27.78768584
2019,53950200,24.600245273
2020,53950200,26.95970326
2019,53950300,0.122846142
2020,53950300,0.135297147
2019,53950400,36.45804917
2020,53950400,39.53741734
2019,53950500,31.50225789
2020,53950500,33.23684062
2019,53951100,62.11893552
2020,53951100,66.01781897
2019,53951200,1.841241596
2020,53951200,1.574339865
2019,53951300,59.35651631
2020,53951300,64.28612746
2019,53952100,142.4339592
2020,53952100,153.48887519
2019,53952200,16.256545448
2020,53952200,17.666139967
2019,53952300,20.305446905
2020,53952300,22.001601401
2019,53953100,9.138572974
2020,53953100,9.592786715
2019,53953200,25.66789188
2020,53953200,28.22084814
2019,53953300,13.131118745
2020,53953300,12.84027506
2019,53954100,25.14298926
2020,53954100,26.49078192
2019,53954200,28.44961525
2020,53954200,32.55657348
2019,53955100,27.90587697
2020,53955100,28.95608148
2019,53955200,28.40839118
2020,53955200,31.08060841
2019,53956100,3.042637549
2020,53956100,2.678938226
2019,53956200,1.414087433
2020,53956200,1.288483596
2019,53956300,7.848419635
2020,53956300,8.889373728
2019,53956400,1.276140546
2020,53956400,1.108145013
2019,53957100,0.261132902
2020,53957100,0.717487109
2019,53957200,12.075487875
2020,53957200,10.856512045
2019,53957300,0.248417384
2020,53957300,0.198638669
2019,53957400,1.27604073
2020,53957400,0.859098329
2019,53958100,17.332061285
2020,53958100,18.225386101
2019,53958200,1.187706114
2020,53958200,1.167662849
2019,53958300,21.752326817
2020,53958300,22.584019349
2019,53958400,20.823784533
2020,53958400,21.667271282
2019,53958500,5.11851714
2020,53958500,5.075402377
2019,53959100,6.59924081
2020,53959100,6.781379781
2019,53960100,12.790267376
2020,53960100,14.053762288
2019,53960200,3.832015395
2020,53960200,4.243464055
2019,53960300,0.642551971
2020,53960300,0.817845556
2019,53960400,24.23046054
2020,53960400,26.50681633
2019,53960500,9.461859818
2020,53960500,9.697693513
2019,53961100,8.679669205
2020,53961100,9.228060704
2019,53961200,7.767722461
2020,53961200,8.356489088
2019,53961300,15.763784731
2020,53961300,17.444725504
2019,53962100,0.409192071
2020,53962100,0.629432399
2019,53962200,12.197842902
2020,53962200,12.970295138
2019,53962300,17.407580929
2020,53962300,18.474090873
2019,53962400,0.03828268
2020,53962400,0.03828268
2019,53962500,0
2020,53962500,0
2019,53962600,1.024203882
2020,53962600,0.766917924
2019,53962700,3.879872374
2020,53962700,3.935041384
2019,53962800,4.049392159
2020,53962800,4.303870267
2019,53962900,0.334370931
2020,53962900,0.464868844
2019,53963100,2.610419913
2020,53963100,2.556955944
2019,53963200,6.104254587
2020,53963200,6.68913662
2019,53963300,3.859029425
2020,53963300,3.674334961
2019,53963400,8.219412324
2020,53963400,7.940780114
2019,53964100,0.090087684
2020,53964100,0.084796327
2019,53965100,23.312992908
2020,53965100,24.62686277
2019,53965200,0.022477723
2020,53965200,0.064270404
2019,53965300,13.333232235
2020,53965300,14.271299552
2019,53965400,0.454355018
2020,53965400,0.646889925
2019,53966100,10.271776249
2020,53966100,11.063206306
2019,53966200,10.954827759
2020,53966200,11.186678044
2019,53967100,7.587195356
2020,53967100,8.921642013
2019,53968100,5.142402935
2020,53968100,5.13873726
2019,53968200,5.669236914
2020,53968200,6.011975116
2019,53968300,10.82045463
2020,53968300,11.365142793
2019,53968400,0
2020,53968400,0
2019,53968500,0.116400842
2020,53968500,0.097138165
2019,53968600,0.503956318
2020,53968600,0.987167238
2019,53969100,6.08765944
2020,53969100,6.69571834
2019,53969200,4.793142171
2020,53969200,4.649909034
2019,53969300,1.333636996
2020,53969300,1.270668617
2019,53969400,6.695647161
2020,53969400,6.679369621
2019,53969500,3.358076785
2020,53969500,3.461585586
2019,53969600,1.758598543
2020,53969600,1.842598935
2019,53970100,8.776480214
2020,53970100,9.239331815
2019,53970200,5.206874587
2020,53970200,6.254185294
2019,53971100,12.720044829
2020,53971100,13.482515505
2019,53971200,0.480412333
2020,53971200,0.717288926
2019,53971300,15.281681522
2020,53971300,16.150480417
2019,53971400,9.912136983
2020,53971400,11.059980868
2019,53971500,20.048332768
2020,53971500,21.833902035
2019,53971600,1.984764189
2020,53971600,2.27119779
2019,53972100,7.903067803
2020,53972100,8.61158922
2019,53972200,11.414714319
2020,53972200,12.390034565
2019,53972300,27.64622215
2020,53972300,29.72294416
2019,53972400,20.45226929
2020,53972400,22.245393759
2019,53972500,11.058347719
2020,53972500,12.916533032
2019,53972600,1.046782069
2020,53972600,1.101758886
2019,53972700,12.864550243
2020,53972700,13.323159731
2019,53972800,11.276731461
2020,53972800,12.000275381
2019,53972900,0.367339107
2020,53972900,0.487645363
2019,53973100,2.100913647
2020,53973100,2.048624864
2019,53973200,0.700790427
2020,53973200,0.740600491
2019,53974100,13.897653635
2020,53974100,14.170918375
2019,53974200,0.269328393
2020,53974200,0.794640788
2019,53974300,17.409461686
2020,53974300,18.576637178
2019,53974400,12.505679421
2020,53974400,13.771182517
2019,53975100,4.582869348
2020,53975100,6.289250307
2019,53975200,8.901837658
2020,53975200,9.949629579
2019,53975300,1.468340067
2020,53975300,1.472743152
2019,53975400,2.800375088
2020,53975400,2.289590856
2019,53975500,1.403033577
2020,53975500,1.341374468
2019,53976100,1.64398322
2020,53976100,1.593005206
2019,53976200,1.838730477
2020,53976200,1.801256033
2019,53976300,1.490713452
2020,53976300,1.380558035
2019,53977100,14.31346064
2020,53977100,15.10936431
2019,53977200,10.625282953
2020,53977200,11.056955809
2019,53978100,1.108757932
2020,53978100,1.129116942
2019,53979100,6.37997072
2020,53979100,7.112366931
2019,53980100,3.777439152
2020,53980100,3.729184412
2019,53980200,10.115954595
2020,53980200,10.395212934
2019,53980300,35.0362186
2020,53980300,37.3675333
2019,53980400,8.836242354
2020,53980400,8.888943158
2019,53981100,24.76611095
2020,53981100,26.14590394
2019,53981200,1.926797146
2020,53981200,2.187242078
2019,53981300,50.23296481
2020,53981300,53.53959196
2019,53981400,12.367014907
2020,53981400,13.655462898
2019,53982100,31.21333009
2020,53982100,32.30524383
2019,53982200,3.49538714
2020,53982200,3.43913275
2019,53982300,17.694258114
2020,53982300,18.686808235
2019,53982400,17.910101128
2020,53982400,19.068024195
2019,53982500,17.051174973
2020,53982500,18.070175655
2019,53982600,13.044485403
2020,53982600,14.070697802
2019,53983100,7.652733777
2020,53983100,7.856463369
2019,53983200,33.13679528
2020,53983200,35.03650178
2019,53984100,16.715160819
2020,53984100,18.478867701
2019,53984200,21.013479383
2020,53984200,22.317309558
2019,53984300,4.470173961
2020,53984300,4.605194869
2019,53984400,12.724147089
2020,53984400,12.743470304
2019,53984500,23.590999268
2020,53984500,25.571294914
2019,53984600,24.347140365
2020,53984600,26.719146909
2019,53985100,19.906442856
2020,53985100,21.423965273
2019,53985200,14.673893307
2020,53985200,15.28581488
2019,53986100,20.109687681
2020,53986100,21.586495956
2019,53986200,11.687340004
2020,53986200,11.674937977
2019,53986300,4.402200001
2020,53986300,5.265509941
2019,53986400,1.200663427
2020,53986400,1.075511498
2019,53986500,8.49498673
2020,53986500,8.731482933
2019,53987100,16.216506509
2020,53987100,16.73210655
2019,53987200,14.922404028
2020,53987200,15.967785249
2019,53987300,3.898118134
2020,53987300,3.401393168
2019,53987400,10.851844804
2020,53987400,11.466624194
2019,53988100,0.022335766
2020,53988100,0.022335766
2019,53989100,1.871604929
2020,53989100,2.227789417
2019,53989200,7.614419602
2020,53989200,8.413181763
2019,53989300,3.913695048
2020,53989300,3.80439953
2019,53989400,9.672314281
2020,53989400,9.43905576
2019,53989500,5.247033745
2020,53989500,5.636113709
2019,53989600,11.785717383
2020,53989600,11.768128572
2019,53990100,7.394675779
2020,53990100,7.839711307
2019,53991100,30.17849296
2020,53991100,31.10168401
2019,53991200,10.519974961
2020,53991200,10.826580675
2019,53992100,4.424992834
2020,53992100,5.683176342
2019,53992200,5.553485897
2020,53992200,5.887415621
2019,53992300,8.471727928
2020,53992300,8.816391808
2019,53992400,2.796171509
2020,53992400,2.501550789
2019,53992500,9.147099041
2020,53992500,10.117320203
2019,53992600,7.773892931
2020,53992600,8.044170306
2019,53993100,3.320794185
2020,53993100,3.261510526
2019,53993200,5.855176316
2020,53993200,5.726541652
2019,53993300,13.457936331
2020,53993300,15.147360532
2019,53993400,5.378606407
2020,53993400,5.844516182
2019,53993500,2.859196938
2020,53993500,2.707908574
2019,53993600,3.440444879
2020,53993600,4.49890962
2019,53994100,0.228930676
2020,53994100,0.244502384
2019,53995100,0.138849006
2020,53995100,0.138849006
2019,53995200,10.871825094
2020,53995200,11.485927636
2019,53995300,0.103866502
2020,53995300,0.137599261
2019,53996100,23.22395664
2020,53996100,24.55547654
2019,53997100,9.276783688
2020,53997100,9.840352954
2019,53997200,20.070139467
2020,53997200,22.169246799
2019,53997300,7.890199178
2020,53997300,8.730683757
2019,53998100,0
2020,53998100,0
2019,53999100,34.16597371
2020,53999100,35.07583766
2019,60001100,4.504526777
2020,60001100,4.538423735
2019,60001200,2.900878573
2020,60001200,3.163023101
2019,60001300,3.028836776
2020,60001300,3.162487341
2019,60002100,12.809174236
2020,60002100,12.53606227
2019,60002200,0.174567716
2020,60002200,0.153279128
2019,60002300,3.089367725
2020,60002300,3.149334966
2019,60003100,5.501313683
2020,60003100,5.629349065
2019,60003200,0.504734728
2020,60003200,0.609796855
2019,60003300,15.281285722
2020,60003300,15.979581252
2019,60003400,0
2020,60003400,0
2019,60003500,3.030997731
2020,60003500,3.064987401
2019,60003600,3.480907776
2020,60003600,3.579078053
2019,60004100,14.968554739
2020,60004100,16.858772224
2019,60004200,9.425213951
2020,60004200,9.899182689
2019,60004300,8.364199623
2020,60004300,7.61476038
2019,60005100,33.25070177
2020,60005100,36.53593352
2019,60005200,13.725103348
2020,60005200,14.679302136
2019,60006100,11.907343439
2020,60006100,11.896702258
2019,60006200,11.22879493
2020,60006200,13.044419972
2019,60006300,1.264697822
2020,60006300,1.289724143
2019,60006400,1.284935723
2020,60006400,0.732300393
2019,60007100,22.694642413
2020,60007100,23.919998821
2019,60008100,12.47871061
2020,60008100,15.48790559
2019,60008200,5.705696196
2020,60008200,6.515602067
2019,60008300,15.17432743
2020,60008300,16.393528625
2019,60009100,13.349023988
2020,60009100,15.043536387
2019,60009200,24.54674802
2020,60009200,26.34522134
2019,60009300,24.00315446
2020,60009300,25.88618995
2019,60009400,27.7348795
2020,60009400,29.96667227
2019,60010100,26.20268632
2020,60010100,28.00707278
2019,60010200,15.435817278
2020,60010200,16.417314134
2019,60011100,3.561027566
2020,60011100,3.47314622
2019,60011200,5.099168721
2020,60011200,5.264104507
2019,60011300,9.60849999
2020,60011300,9.62241938
2019,60011400,2.819362598
2020,60011400,2.973633731
2019,60012100,10.867896054
2020,60012100,11.684247253
2019,60012200,11.115431335
2020,60012200,11.682045158
2019,60012300,0
2020,60012300,0
2019,60012400,11.887490744
2020,60012400,12.28098908
2019,60013100,14.801129671
2020,60013100,15.658182033
2019,60013200,17.540586294
2020,60013200,18.213864289
2019,60013300,46.72866313
2020,60013300,48.50399211
2019,60013400,1.081240931
2020,60013400,1.09009101
2019,60014100,10.586413692
2020,60014100,10.575118451
2019,60014200,4.629870642
2020,60014200,4.900524286
2019,60014300,7.495719713
2020,60014300,7.978826061
2019,60014400,20.886133169
2020,60014400,22.773363982
2019,60015100,3.812004881
2020,60015100,3.887464517
2019,60015200,11.277873573
2020,60015200,12.91741366
2019,60015300,8.213021104
2020,60015300,8.776749782
2019,60015400,11.579862759
2020,60015400,12.227717891
2019,60015500,5.069048774
2020,60015500,4.493240581
2019,60015600,10.800749915
2020,60015600,12.377563562
2019,60016100,8.433822314
2020,60016100,8.645612654
2019,60016200,12.378898699
2020,60016200,13.061657148
2019,60016300,13.331774642
2020,60016300,14.287289291
2019,60016400,7.968155409
2020,60016400,8.647051544
2019,60017100,0.025303223
2020,60017100,0.025303223
2019,60017200,1.466044535
2020,60017200,1.070541372
2019,60018100,2.824504887
2020,60018100,2.981365707
2019,60018200,41.78575058
2020,60018200,45.42480733
2019,60018300,8.906090737
2020,60018300,8.987689188
2019,60019100,5.621030275
2020,60019100,5.825668225
2019,60020100,0.036988266
2020,60020100,0.036988266
2019,60021100,8.120285247
2020,60021100,7.707942054
2019,60022100,23.97046486
2020,60022100,26.8451295
2019,60022200,14.345852942
2020,60022200,15.074213337
2019,60022300,10.638260046
2020,60022300,10.986331018
2019,60022400,3.69540613
2020,60022400,3.904685876
2019,60023100,13.952616749
2020,60023100,15.321531097
2019,60023200,19.846170876
2020,60023200,23.59515332
2019,60023300,4.25022792
2020,60023300,3.808506603
2019,60024100,0.239571149
2020,60024100,0.239571149
2019,60024200,15.72453964
2020,60024200,17.492465772
2019,60024300,0.61336573
2020,60024300,0.490990675
2019,60024400,0.234903831
2020,60024400,0.219241664
2019,60024500,0.882950506
2020,60024500,1.007697351
2019,60024600,0
2020,60024600,0
2019,60025100,21.03719494
2020,60025100,21.75745961
2019,60025200,19.743446491
2020,60025200,20.944910185
2019,60026100,0.123295469
2020,60026100,0.078004486
2019,60026200,0
2020,60026200,0
2019,60026300,0.018651525
2020,60026300,0.036371393
2019,60027100,16.386338043
2020,60027100,18.335772543
2019,60027200,24.29419661
2020,60027200,26.07333752
2019,60027300,3.351116888
2020,60027300,3.987912005
2019,60028100,35.55516638
2020,60028100,37.58411311
2019,60029100,12.628853696
2020,60029100,13.349062393
2019,60029200,0
2020,60029200,0
2019,60030100,12.02081714
2020,60030100,12.419889293
2019,60030200,0.397517371
2020,60030200,0.353346343
2019,60031100,0.133324579
2020,60031100,0.046440388
2019,60032100,16.747837306
2020,60032100,21.25498038
2019,60032200,6.783092617
2020,60032200,7.153000757
2019,60032300,5.622314301
2020,60032300,6.005732095
2019,60032400,0.947088527
2020,60032400,0.744031323
2019,60032500,7.686548575
2020,60032500,4.771155572
2019,60033100,17.259578322
2020,60033100,18.790045634
2019,60033200,8.356386214
2020,60033200,7.824773719
2019,60033300,10.287998748
2020,60033300,12.806474496
2019,60033400,3.685694374
2020,60033400,4.0808982
2019,60033500,0.059473259
2020,60033500,0.059473259
2019,60033600,0
2020,60033600,0
2019,60034100,28.14064024
2020,60034100,31.89151093
2019,60034200,14.029643188
2020,60034200,14.676502094
2019,60034300,1.807164365
2020,60034300,1.689170664
2019,60034400,12.92416423
2020,60034400,13.992538357
2019,60035100,16.542641473
2020,60035100,17.197844781
2019,60035200,5.759780663
2020,60035200,6.037881165
2019,60035300,5.363957143
2020,60035300,5.859974832
2019,60035400,4.35843274
2020,60035400,4.748493355
2019,60036100,18.333539662
2020,60036100,19.529833072
2019,60036200,5.81553389
2020,60036200,5.254637772
2019,60036300,9.677092383
2020,60036300,10.304882641
2019,60036400,5.426687071
2020,60036400,4.607478148
2019,60036500,5.973860762
2020,60036500,5.886090129
2019,60037100,24.09933026
2020,60037100,26.09650833
2019,60038100,10.43858422
2020,60038100,11.859469361
2019,60038200,23.231893243
2020,60038200,25.24213907
2019,60038300,9.262869179
2020,60038300,10.393228889
2019,60039100,20.505357875
2020,60039100,22.013005909
2019,60039200,2.697750261
2020,60039200,2.706842863
2019,60039300,0.009275723
2020,60039300,0.029605266
2019,60039400,10.123265449
2020,60039400,11.233571174
2019,60039500,16.131981167
2020,60039500,16.161121375
2019,60040100,17.366079906
2020,60040100,19.237332083
2019,60040200,18.831636041
2020,60040200,19.825989858
2019,60040300,11.850799155
2020,60040300,11.897153492
2019,60041100,38.16670353
2020,60041100,41.17687395
2019,60041200,19.026477786
2020,60041200,21.47459406
2019,60041300,8.463172536
2020,60041300,12.1673281
2019,60041400,0.942872356
2020,60041400,0.287884836
2019,60042100,4.014396327
2020,60042100,3.788168196
2019,60042200,7.813540381
2020,60042200,7.816403737
2019,60042300,16.006475935
2020,60042300,18.371750458
2019,60042400,2.832978124
2020,60042400,2.985978424
2019,60042500,6.107594533
2020,60042500,5.861632942
2019,60042600,8.224167484
2020,60042600,8.156024014
2019,60042700,0
2020,60042700,0
2019,60043100,0.722206601
2020,60043100,0.694372857
2019,60043200,39.99503469
2020,60043200,44.26005869
2019,60044100,9.991372148
2020,60044100,9.527468475
2019,60045100,1.686383944
2020,60045100,1.88511272
2019,60045200,5.495721644
2020,60045200,6.292315091
2019,60045300,2.176439148
2020,60045300,2.084200631
2019,60046100,20.854871036
2020,60046100,21.86941021
2019,60046200,6.178320452
2020,60046200,6.349167705
2019,60047100,19.693280934
2020,60047100,21.915996455
2019,60047200,11.120085664
2020,60047200,12.293795092
2019,60047300,17.812063347
2020,60047300,19.478831447
2019,60047400,10.419822947
2020,60047400,11.802221712
2019,60048100,6.101019096
2020,60048100,6.210862228
2019,60048200,4.839059081
2020,60048200,4.329976636
2019,60048300,32.98603286
2020,60048300,35.6379151
2019,60049100,4.618654348
2020,60049100,5.599860397
2019,60049200,5.710826277
2020,60049200,5.908833923
2019,60049300,13.124060229
2020,60049300,14.411800502
2019,60049400,6.038955568
2020,60049400,6.689758816
2019,60049500,9.250156196
2020,60049500,9.818044725
2019,60050100,11.096317579
2020,60050100,11.871011297
2019,60050200,28.37103518
2020,60050200,30.61461367
2019,60050300,10.228517671
2020,60050300,11.365853001
2019,60051100,1.567782016
2020,60051100,1.50466692
2019,60051200,1.601895557
2020,60051200,1.121865864
2019,60051300,19.182520411
2020,60051300,20.60992081
2019,60051400,0.234726492
2020,60051400,0.040823003
2019,60051500,1.032741582
2020,60051500,0.999936217
2019,60051600,2.179824891
2020,60051600,1.762848546
2019,60052100,2.355648838
2020,60052100,2.460756028
2019,60052200,4.561947475
2020,60052200,4.783847501
2019,60053100,0.006356411
2020,60053100,1.561826216
2019,60054100,0.01475271
2020,60054100,0.029677395
2019,60055100,46.59837131
2020,60055100,49.34812674
2019,60055200,31.395666378
2020,60055200,33.62410611
2019,60055300,4.402964563
2020,60055300,5.094658077
2019,60056100,24.085383901
2020,60056100,24.5862163
2019,60056200,25.20086893
2020,60056200,26.89845244
2019,60057100,24.462308774
2020,60057100,26.61277993
2019,60057200,27.17885653
2020,60057200,28.01927378
2019,60057300,15.511863917
2020,60057300,16.941842477
2019,60058100,14.768407849
2020,60058100,16.016958133
2019,60059100,70.97672917
2020,60059100,75.4847824
2019,60059200,20.018794452
2020,60059200,21.60423127
2019,60060100,0
2020,60060100,0
2019,60061100,42.45098998
2020,60061100,46.85049525
2019,60061200,0.69022649
2020,60061200,0.820274665
2019,60061300,0.019379269
2020,60061300,0.019379269
2019,60061400,0.014451245
2020,60061400,0.016450302
2019,60061500,0
2020,60061500,0
2019,60062100,4.633444279
2020,60062100,4.778548677
2019,60062200,17.187379973
2020,60062200,18.498715749
2019,60062300,36.79482286
2020,60062300,40.4154886
2019,60063100,21.506674482
2020,60063100,24.1900176
2019,60063200,15.709725811
2020,60063200,17.70204381
2019,60064100,22.585571985
2020,60064100,24.03044446
2019,60065100,19.729377772
2020,60065100,21.19165587
2019,60065200,16.320100334
2020,60065200,17.242848374
2019,60065300,22.97776121
2020,60065300,23.86058245
2019,60066100,22.63533319
2020,60066100,23.86216801
2019,60066200,11.544034007
2020,60066200,10.468530905
2019,60066300,17.581829996
2020,60066300,18.447111064
2019,60067100,17.426282316
2020,60067100,18.728177064
2019,60067200,24.9135769
2020,60067200,26.66857405
2019,60068100,4.284917127
2020,60068100,4.671496665
2019,60068200,14.653571194
2020,60068200,15.103743346
2019,60069100,7.024075619
2020,60069100,6.640397902
2019,60069200,12.603734181
2020,60069200,13.410284243
2019,60069300,20.497338496
2020,60069300,23.016800571
2019,60070100,7.780523449
2020,60070100,8.675049826
2019,60070200,13.932755013
2020,60070200,15.269999585
2019,60070300,7.18600925
2020,60070300,7.918622435
2019,60070400,11.262217614
2020,60070400,13.050065495
2019,60070500,0.003777512
2020,60070500,0.002564711
2019,60071100,13.751804888
2020,60071100,15.304164013
2019,60071200,22.30068008
2020,60071200,24.78548387
2019,60071300,5.98465471
2020,60071300,6.622459111
2019,60071400,21.87107993
2020,60071400,24.73816567
2019,60071500,5.036073584
2020,60071500,5.19928192
2019,60072100,11.987094604
2020,60072100,14.189420033
2019,60072200,19.969603858
2020,60072200,20.577664063
2019,60072300,19.627134504
2020,60072300,20.561283441
2019,60073100,23.06386429
2020,60073100,25.04978716
2019,60073200,14.009149496
2020,60073200,15.990989329
2019,60073300,5.727499604
2020,60073300,5.869512878
2019,60073400,4.012561649
2020,60073400,3.18724658
2019,60074100,11.508590972
2020,60074100,12.741392822
2019,60074200,12.280617813
2020,60074200,12.591658549
2019,60075100,6.72980444
2020,60075100,8.951732396
2019,60075200,31.18851885
2020,60075200,33.74901114
2019,60075300,0
2020,60075300,0.551571598
2019,60076100,15.436540134
2020,60076100,17.555831094
2019,60076200,12.341298571
2020,60076200,14.363663615
2019,60076300,5.60112537
2020,60076300,4.903769455
2019,60076400,3.48666714
2020,60076400,3.249527324
2019,60077100,2.13580781
2020,60077100,7.325838063
2019,60077200,5.322677529
2020,60077200,8.399935999
2019,60078100,4.377078497
2020,60078100,4.286613691
2019,60078200,11.410358187
2020,60078200,11.619314365
2019,60079100,13.144801031
2020,60079100,15.171977072
2019,60079200,18.998208281
2020,60079200,21.69342537
2019,60080100,12.651780812
2020,60080100,14.637138444
2019,60080200,12.130890456
2020,60080200,12.307929919
2019,60080300,8.664671179
2020,60080300,8.435727248
2019,60080400,15.972062313
2020,60080400,15.147240869
2019,60081100,9.480419955
2020,60081100,9.655658728
2019,60081200,13.483653864
2020,60081200,14.754883094
2019,60082100,0
2020,60082100,0
2019,60082200,0
2020,60082200,0
2019,60082300,0.191204363
2020,60082300,0.123919045
2019,60083100,37.33482198
2020,60083100,38.95150838
2019,60083200,48.56989922
2020,60083200,42.14266978
2019,60084100,0.03567753
2020,60084100,0.097439452
2019,60084200,0.099269302
2020,60084200,0.099269302
2019,60084300,6.128182046
2020,60084300,6.334721115
2019,60084400,6.170557235
2020,60084400,8.359284333
2019,60085100,4.785470999
2020,60085100,5.25999836
2019,60085200,11.072340565
2020,60085200,11.767002404
2019,60085300,0
2020,60085300,0.271624714
2019,60086100,14.850801239
2020,60086100,15.873752829
2019,60086200,14.91560039
2020,60086200,16.959126843
2019,60086300,2.728060826
2020,60086300,2.899596239
2019,60087100,41.02367377
2020,60087100,46.38951571
2019,60087200,4.82033595
2020,60087200,5.058947232
2019,60088100,35.0642511
2020,60088100,38.88463547
2019,60089100,31.76089291
2020,60089100,34.69660727
2019,60089200,12.828181349
2020,60089200,13.114473094
2019,60089300,0
2020,60089300,0
2019,60089400,21.433197172
2020,60089400,19.895601891
2019,60089500,5.77370291
2020,60089500,5.940562808
2019,60090100,6.575355782
2020,60090100,7.144130216
2019,60090200,11.044922347
2020,60090200,13.058758138
2019,60090300,19.030635322
2020,60090300,22.07740392
2019,60090400,17.095942034
2020,60090400,18.11205737
2019,60091100,11.750665743
2020,60091100,12.624955154
2019,60091200,10.802551651
2020,60091200,12.417207555
2019,60091300,14.816231599
2020,60091300,16.555038478
2019,60091400,0.03390037
2020,60091400,0.039774889
2019,60091500,0.046103188
2020,60091500,0.029976303
2019,60092100,16.781426821
2020,60092100,17.263659871
2019,60092200,0.052689049
2020,60092200,0.181966139
2019,60092300,0.011644726
2020,60092300,0.011644726
2019,60092400,2.545263834
2020,60092400,2.775156768
2019,60092500,25.65250198
2020,60092500,29.36963435
2019,60092600,10.82984005
2020,60092600,11.728008201
2019,60093100,18.815509218
2020,60093100,19.272681099
2019,60093200,15.327031417
2020,60093200,15.762356412
2019,60094100,0.028385169
2020,60094100,0.010996156
2019,60094200,0.125857359
2020,60094200,0.182773714
2019,60094300,0.398926952
2020,60094300,0.430794374
2019,60094400,10.822589694
2020,60094400,11.611785296
2019,60095100,0.112520753
2020,60095100,0.115312524
2019,60095200,0.93220861
2020,60095200,1.028137211
2019,60096100,0
2020,60096100,0
2019,60096200,0
2020,60096200,0
2019,60096300,0
2020,60096300,0
2019,60097100,6.518357358
2020,60097100,6.498940152
2019,60097200,1.349449667
2020,60097200,1.547134428
2019,60097300,0.448285682
2020,60097300,0.473988585
2019,60098100,1.972443455
2020,60098100,2.179328796
2019,60099100,0.082723259
2020,60099100,0.06734077
2019,60099200,0
2020,60099200,0
2019,60099300,0.515495406
2020,60099300,0.396904233
2019,60100100,0.321032405
2020,60100100,0.321032405
2019,60100200,57.66166147
2020,60100200,67.70859367
2019,60100300,10.854418065
2020,60100300,11.053976183
2019,60100400,3.160484321
2020,60100400,3.465952315
2019,60101100,51.95151948
2020,60101100,53.06292446
2019,60101200,35.88201505
2020,60101200,38.20664751
2019,60102100,3.726061005
2020,60102100,4.279464126
2019,60102200,7.417364302
2020,60102200,7.336223581
2019,60102300,3.513969174
2020,60102300,3.656111165
2019,60102400,0.630627319
2020,60102400,0.449006195
2019,60102500,0.697303294
2020,60102500,0.863420324
2019,60102600,3.287804014
2020,60102600,3.501351304
2019,60103100,28.56994705
2020,60103100,32.4588749
2019,60103200,24.76739539
2020,60103200,26.43191244
2019,60104100,25.021318976
2020,60104100,25.624592216
2019,60104200,13.282826922
2020,60104200,14.589821313
2019,60104300,16.580967764
2020,60104300,17.215717715
2019,60105100,8.721489536
2020,60105100,8.054649293
2019,60105200,0.008282437
2020,60105200,0.008282437
2019,60105300,22.631446752
2020,60105300,25.83327788
2019,60106100,0.573521606
2020,60106100,0.157606437
2019,60106200,0.658242967
2020,60106200,0.767546578
2019,60106300,0
2020,60106300,0
2019,60107100,31.85980843
2020,60107100,33.22201265
2019,60107200,35.39853772
2020,60107200,37.49995704
2019,60108100,6.950769455
2020,60108100,7.705486991
2019,60109100,31.098943
2020,60109100,33.25842902
2019,60109200,28.96446871
2020,60109200,31.81497927
2019,60109300,13.677004031
2020,60109300,14.908309255
2019,60110100,34.16110311
2020,60110100,36.23843523
2019,60111100,29.33092296
2020,60111100,32.2887052
2019,60111200,16.920991661
2020,60111200,17.428344805
2019,60112100,20.024931359
2020,60112100,21.189799116
2019,60112200,19.978263706
2020,60112200,21.073756767
2019,60113100,7.796040617
2020,60113100,7.319595739
2019,60113200,11.305088189
2020,60113200,10.730015159
2019,60113300,3.010348552
2020,60113300,2.572502973
2019,60113400,21.279220008
2020,60113400,23.87152559
2019,60113500,0.46125407
2020,60113500,0.402250831
2019,60114100,30.785199
2020,60114100,32.74086819
2019,60114200,0
2020,60114200,0
2019,60115100,22.19185036
2020,60115100,23.16087414
2019,60115200,12.096043346
2020,60115200,13.676364305
2019,60115300,17.317181334
2020,60115300,18.213086659
2019,60116100,26.60533693
2020,60116100,27.162032
2019,60116200,1.888195376
2020,60116200,2.180830636
2019,60116300,3.849397676
2020,60116300,4.117833849
2019,60116400,38.00315997
2020,60116400,38.51129229
2019,60116500,0
2020,60116500,0
2019,60116600,10.821788147
2020,60116600,11.050326953
2019,60116700,0
2020,60116700,0
2019,60117100,88.8906475
2020,60117100,91.88286752
2019,60117200,61.5612375
2020,60117200,62.75273306
2019,60117300,0.872106091
2020,60117300,1.250577753
2019,60118100,14.390951838
2020,60118100,14.752033607
2019,60118200,7.095008369
2020,60118200,7.022355888
2019,60118300,18.75760014
2020,60118300,18.903961999
2019,60119100,3.191125603
2020,60119100,3.446278125
2019,60119200,16.774776098
2020,60119200,17.161623712
2019,60120100,0.541549992
2020,60120100,0.348772154
2019,60121100,24.31108859
2020,60121100,25.71660455
2019,60122100,7.401765282
2020,60122100,7.256511263
2019,60122200,22.424614258
2020,60122200,23.74909883
2019,60122300,9.256462349
2020,60122300,7.777385004
2019,60122400,1.339106104
2020,60122400,0.959861407
2019,60123100,10.20989775
2020,60123100,11.196593485
2019,60123200,17.239497503
2020,60123200,17.725927179
2019,60124100,10.777693576
2020,60124100,12.218026977
2019,60124200,0.347381723
2020,60124200,0.357426968
2019,60125100,18.170166111
2020,60125100,18.296417983
2019,60125200,18.050824171
2020,60125200,19.375111174
2019,60125300,6.340514965
2020,60125300,5.119322337
2019,60126100,11.775842757
2020,60126100,12.085536007
2019,60126200,14.426530576
2020,60126200,16.582880384
2019,60126300,17.971106245
2020,60126300,19.691343537
2019,60127100,14.817360898
2020,60127100,17.11322658
2019,60127200,30.37060778
2020,60127200,32.44034824
2019,60128100,0.110328417
2020,60128100,0.110328417
2019,60128200,0.151955792
2020,60128200,0.152202514
2019,60128300,9.068667564
2020,60128300,9.788344455
2019,60129100,5.985503928
2020,60129100,6.953796147
2019,60129200,18.246927721
2020,60129200,19.376350226
2019,60129300,1.6969146
2020,60129300,1.578552532
2019,60129400,3.044907077
2020,60129400,3.196986146
2019,60129500,9.896264293
2020,60129500,10.293203219
2019,60129600,6.690137266
2020,60129600,7.596192217
2019,60129700,13.100447655
2020,60129700,10.377084836
2019,60130100,0.237190095
2020,60130100,0.113649766
2019,60130200,1.193057954
2020,60130200,0.797051779
2019,60131100,10.167100428
2020,60131100,11.107305262
2019,60131200,25.207529942
2020,60131200,26.71730433
2019,60131300,6.114223128
2020,60131300,6.736229647
2019,60131400,17.028635301
2020,60131400,18.226696778
2019,60131500,16.42862431
2020,60131500,17.857135853
2019,60132100,0
2020,60132100,0
2019,60132200,0
2020,60132200,0
2019,60132300,2.400114787
2020,60132300,2.173064648
2019,60132400,0.027980721
2020,60132400,0.027980721
2019,60132500,0.409576217
2020,60132500,0.356352113
2019,60132600,0.019216786
2020,60132600,0.031749393
2019,60133100,0.024091724
2020,60133100,0.03208049
2019,60133200,0
2020,60133200,0
2019,60133300,0.085767099
2020,60133300,0.174507605
2019,60133400,10.544650501
2020,60133400,10.84214407
2019,60133500,0.227989812
2020,60133500,0.214119395
2019,60134100,17.003226545
2020,60134100,18.677844776
2019,60134200,15.560926553
2020,60134200,16.398139752
2019,60134300,16.234711022
2020,60134300,18.508028682
2019,60135100,33.22667178
2020,60135100,35.80655729
2019,60135200,39.01770257
2020,60135200,42.05761794
2019,60135300,10.865928439
2020,60135300,10.359716867
2019,60135400,6.830671243
2020,60135400,6.869498918
2019,60136100,0
2020,60136100,0
2019,60136200,12.20940657
2020,60136200,13.615391144
2019,60136300,13.504535116
2020,60136300,14.726486286
2019,60136400,17.610803311
2020,60136400,18.265808787
2019,60136500,0.01338902
2020,60136500,0.01338902
2019,60137100,8.096489461
2020,60137100,9.047325152
2019,60138100,13.869678898
2020,60138100,15.395546555
2019,60138200,20.64609053
2020,60138200,21.82177203
2019,60139100,17.74918786
2020,60139100,19.692614772
2019,60139200,8.216794597
2020,60139200,9.270848324
2019,60139300,0.01338902
2020,60139300,0.006202708
2019,60140100,12.581373774
2020,60140100,13.428610481
2019,60140200,5.461262516
2020,60140200,6.912543646
2019,60140300,9.965043168
2020,60140300,10.871963369
2019,60141100,12.979483776
2020,60141100,13.911133069
2019,60141200,6.364206615
2020,60141200,6.546605502
2019,60142100,1.624948033
2020,60142100,0.978679196
2019,60142200,0.010714257
2020,60142200,0.027980721
2019,60142300,13.83951722
2020,60142300,14.742124232
2019,60142400,0.012406062
2020,60142400,0.012406062
2019,60142500,2.107719412
2020,60142500,2.53821803
2019,60143100,17.988324628
2020,60143100,19.376082434
2019,60143200,8.621301901
2020,60143200,9.688912226
2019,60143300,0.099514144
2020,60143300,0.101252506
2019,60143400,13.351198549
2020,60143400,14.05966644
2019,60143500,9.311977427
2020,60143500,10.320698556
2019,60144100,12.633189712
2020,60144100,13.309146269
2019,60144200,13.078259046
2020,60144200,15.312241964
2019,60144300,8.78678316
2020,60144300,9.691239211
2019,60145100,12.925309473
2020,60145100,13.438345893
2019,60145200,16.542769473
2020,60145200,18.79666104
2019,60146100,14.961881476
2020,60146100,16.113054839
2019,60146200,12.319431537
2020,60146200,12.811996713
2019,60146300,15.537991997
2020,60146300,16.354802634
2019,60146400,3.067330784
2020,60146400,3.274575989
2019,60146500,3.980980954
2020,60146500,4.708948934
2019,60147100,5.223712838
2020,60147100,5.549088966
2019,60147200,4.357004483
2020,60147200,4.687153157
2019,60147300,6.851778124
2020,60147300,7.050639988
2019,60147400,10.544112894
2020,60147400,11.532504953
2019,60147500,5.169381017
2020,60147500,5.863925361
2019,60147600,4.748008357
2020,60147600,4.890952049
2019,60148100,11.961645952
2020,60148100,12.456772759
2019,60148200,16.061057634
2020,60148200,16.515713234
2019,60148300,0.011494857
2020,60148300,0.001680206
2019,60148400,4.233983948
2020,60148400,5.11868697
2019,60149100,8.446478135
2020,60149100,9.088481609
2019,60149200,15.503566463
2020,60149200,16.568864038
2019,60150100,8.192199456
2020,60150100,9.655018878
2019,60150200,8.017126467
2020,60150200,8.938746261
2019,60150300,10.173256743
2020,60150300,11.494734856
2019,60151100,3.310596702
2020,60151100,2.985973354
2019,60151200,9.961218876
2020,60151200,11.130929132
2019,60151300,15.621037679
2020,60151300,18.340643544
2019,60151400,0
2020,60151400,0
2019,60151500,0.004699314
2020,60151500,0.004699314
2019,60152100,10.291151307
2020,60152100,11.461199814
2019,60152200,9.05386069
2020,60152200,9.899383565
2019,60152300,13.744675693
2020,60152300,14.444993756
2019,60153100,16.390057486
2020,60153100,16.96910181
2019,60154100,11.76465791
2020,60154100,13.179093983
2019,60154200,4.614096887
2020,60154200,4.908375367
2019,60154300,8.060995643
2020,60154300,9.173186526
2019,60154400,9.316938893
2020,60154400,10.304449731
2019,60154500,8.294189348
2020,60154500,9.225110055
2019,60155100,12.815371418
2020,60155100,14.094860214
2019,60155200,7.925084507
2020,60155200,8.988641108
2019,60155300,5.943971395
2020,60155300,6.212651644
2019,60155400,1.927522717
2020,60155400,1.647240081
2019,60155500,3.238918625
2020,60155500,3.258571412
2019,60155600,8.778600391
2020,60155600,9.829388549
2019,60155700,0.522982657
2020,60155700,0.345869912
2019,60156100,28.87881038
2020,60156100,30.96857515
2019,60156200,10.856167261
2020,60156200,12.18479759
2019,60156300,10.270013321
2020,60156300,10.992083098
2019,60156400,4.510266629
2020,60156400,3.654921382
2019,60157100,21.402907358
2020,60157100,24.02721073
2019,60157200,6.488581577
2020,60157200,6.199432045
2019,60157300,15.466040451
2020,60157300,16.19576267
2019,60158100,14.217497302
2020,60158100,15.979849091
2019,60158200,11.525835215
2020,60158200,11.692895012
2019,60158300,6.344810504
2020,60158300,7.005519671
2019,60158400,7.479089638
2020,60158400,7.434329951
2019,60158500,5.014381776
2020,60158500,5.275792875
2019,60159100,3.844420774
2020,60159100,4.285073511
2019,60159200,0.018401334
2020,60159200,0.018401334
2019,60160100,2.85972987
2020,60160100,3.12415518
2019,60160200,5.374152509
2020,60160200,6.15143236
2019,60160300,15.07157243
2020,60160300,20.52193644
2019,60160400,3.2855428
2020,60160400,3.551692468
2019,60161100,13.279560188
2020,60161100,15.090805253
2019,60161200,28.12054804
2020,60161200,30.97170308
2019,60161300,13.110264494
2020,60161300,15.024255806
2019,60161400,3.02663542
2020,60161400,2.939587256
2019,60161500,7.57784329
2020,60161500,7.839023244
2019,60162100,0.160898849
2020,60162100,0.068826563
2019,60162200,8.267753576
2020,60162200,8.569049395
2019,60162300,12.49588406
2020,60162300,12.556885712
2019,60162400,3.545521977
2020,60162400,3.42846669
2019,60163100,8.155634846
2020,60163100,8.102022965
2019,60163200,17.166067945
2020,60163200,18.57693126
2019,60163300,10.455745967
2020,60163300,11.586774522
2019,60163400,13.252280169
2020,60163400,13.52603112
2019,60164100,28.64158089
2020,60164100,32.47633546
2019,60164200,12.963236768
2020,60164200,12.825855794
2019,60164300,11.28252588
2020,60164300,11.700895244
2019,60164400,6.486413699
2020,60164400,6.555677836
2019,60164500,25.051900025
2020,60164500,27.53754477
2019,60164600,36.14080628
2020,60164600,37.76403334
2019,60165100,6.543831137
2020,60165100,6.431513866
2019,60165200,0.808036647
2020,60165200,0.789327409
2019,60166100,16.76010936
2020,60166100,17.775251547
2019,60166200,23.791920983
2020,60166200,24.585137045
2019,60166300,13.137651812
2020,60166300,14.344444193
2019,60166400,5.410356577
2020,60166400,5.19326405
2019,60166500,18.597568046
2020,60166500,19.005360815
2019,60167100,11.378500113
2020,60167100,10.877976948
2019,60167200,9.956984012
2020,60167200,10.948678517
2019,60167300,14.342970842
2020,60167300,16.928509434
2019,60167400,7.595897165
2020,60167400,7.225036322
2019,60167500,0.005924274
2020,60167500,0.016247339
2019,60168100,14.881911503
2020,60168100,16.732487673
2019,60169100,12.952377077
2020,60169100,13.820593628
2019,60169200,0.021041523
2020,60169200,0.005219721
2019,60169300,0.006202689
2020,60169300,0.009371094
2019,60169400,1.806044066
2020,60169400,1.648698574
2019,60169500,0.641324347
2020,60169500,0.720290134
2019,60170100,7.069793025
2020,60170100,7.911848335
2019,60170200,11.162860398
2020,60170200,11.851718515
2019,60170300,0
2020,60170300,0
2019,60171100,15.819277032
2020,60171100,17.035350677
2019,60171200,16.701670288
2020,60171200,17.338663479
2019,60172100,0
2020,60172100,0
2019,60172200,14.612392192
2020,60172200,16.592723913
2019,60172300,27.71974894
2020,60172300,33.60571729
2019,60172400,1.913763902
2020,60172400,2.04402499
2019,60173100,14.641366941
2020,60173100,14.416291412
2019,60173200,7.033952085
2020,60173200,6.286020224
2019,60173300,19.796079816
2020,60173300,19.714004126
2019,60174100,35.7795937
2020,60174100,40.10943789
2019,60174200,18.083747514
2020,60174200,18.807790573
2019,60175100,0
2020,60175100,0
2019,60175200,37.17359104
2020,60175200,38.95270953
2019,60175300,57.78190196
2020,60175300,62.71568122
2019,60176100,6.11348683
2020,60176100,6.176058794
2019,60176200,19.393679356
2020,60176200,19.606632006
2019,60176300,27.16824105
2020,60176300,28.50855669
2019,60177100,18.983251884
2020,60177100,19.800790119
2019,60177200,0
2020,60177200,0
2019,60178100,9.65777266
2020,60178100,11.032659779
2019,60178200,20.333032328
2020,60178200,25.99748445
2019,60178300,8.364731818
2020,60178300,9.020250398
2019,60179100,9.804525408
2020,60179100,12.189673267
2019,60179200,30.80893933
2020,60179200,34.0000755
2019,60179300,0
2020,60179300,0
2019,60179400,0
2020,60179400,0
2019,60179500,19.263295702
2020,60179500,20.400620161
2019,60180100,9.669383775
2020,60180100,9.352848621
2019,60180200,16.397336159
2020,60180200,16.756920797
2019,60181100,20.529427104
2020,60181100,22.597498296
2019,60181200,24.0298848
2020,60181200,28.41473787
2019,60181300,8.305186837
2020,60181300,7.775971504
2019,60182100,16.543417791
2020,60182100,16.666538537
2019,60182200,32.04456505
2020,60182200,35.22932511
2019,60182300,5.353121834
2020,60182300,5.604126756
2019,60182400,5.253038445
2020,60182400,5.176645653
2019,60182500,0.104082008
2020,60182500,0.183647598
2019,60182600,0.088920601
2020,60182600,0.083692866
2019,60183100,8.514044973
2020,60183100,8.976978714
2019,60183200,7.021483511
2020,60183200,6.481814881
2019,60183300,12.966290248
2020,60183300,13.160297991
2019,60183400,9.578485544
2020,60183400,13.183614415
2019,60183500,2.969666418
2020,60183500,2.684935053
2019,60184100,10.009038436
2020,60184100,9.273102494
2019,60184200,13.907380289
2020,60184200,11.887129695
2019,60185100,20.090100679
2020,60185100,25.09675654
2019,60185200,23.5128211
2020,60185200,26.68989783
2019,60185300,10.113201909
2020,60185300,10.716655414
2019,60185400,11.809431252
2020,60185400,11.806673282
2019,60185500,8.840928078
2020,60185500,9.125483335
2019,60185600,6.092556763
2020,60185600,6.675487051
2019,60185700,0.078927999
2020,60185700,0.881983175
2019,60186100,6.949852375
2020,60186100,6.789139874
2019,60186200,12.469771537
2020,60186200,14.133994091
2019,60186300,8.880859248
2020,60186300,9.975230918
2019,60186400,10.470526077
2020,60186400,11.409759328
2019,60186500,24.877644934
2020,60186500,27.65918122
2019,60187100,2.279004512
2020,60187100,3.446675638
2019,60187200,0.862487781
2020,60187200,1.000854429
2019,60188100,20.192994373
2020,60188100,22.166739044
2019,60188200,12.295629078
2020,60188200,12.546581514
2019,60189100,0.250186927
2020,60189100,0.174443973
2019,60189200,18.105521705
2020,60189200,20.347297538
2019,60189300,28.81631849
2020,60189300,31.4838035
2019,60190100,12.831612787
2020,60190100,14.617631861
2019,60190200,6.801327083
2020,60190200,5.126031225
2019,60190300,9.242078112
2020,60190300,12.674744024
2019,60190400,13.497024084
2020,60190400,13.634152097
2019,60191100,14.70831875
2020,60191100,15.914314927
2019,60191200,15.017651747
2020,60191200,14.52260724
2019,60191300,10.137976785
2020,60191300,10.498411866
2019,60192100,19.76184057
2020,60192100,21.916724975
2019,60192200,16.957965054
2020,60192200,18.645364564
2019,60192300,28.49221719
2020,60192300,28.09467328
2019,60193100,15.542741859
2020,60193100,15.122826016
2019,60193200,7.79526355
2020,60193200,9.345312197
2019,60193300,5.424758259
2020,60193300,6.087561704
2019,60194100,36.72954323
2020,60194100,38.03129968
2019,60195100,0
2020,60195100,0
2019,60196100,23.596962816
2020,60196100,24.894568633
2019,60196200,0.014681019
2020,60196200,0.014681019
2019,60197100,6.170630112
2020,60197100,10.154090335
2019,60198100,21.077615207
2020,60198100,20.924529854
2019,60198200,7.876223325
2020,60198200,7.643982372
2019,60198300,0
2020,60198300,0
2019,60198400,0.033140761
2020,60198400,0.005924274
2019,60198500,19.559026482
2020,60198500,19.82421479
2019,60199100,13.580124406
2020,60199100,14.857591992
2019,60199200,23.678224672
2020,60199200,25.525142442
2019,60200100,20.825193473
2020,60200100,23.598566656
2019,60200200,22.50163582
2020,60200200,23.57372153
2019,60201100,36.1202435
2020,60201100,38.606524
2019,60201200,17.617367593
2020,60201200,18.125427419
2019,60201300,14.665313182
2020,60201300,16.6761596
2019,60202100,0
2020,60202100,0
2019,60202200,1.663699083
2020,60202200,1.407455126
2019,60203100,8.068210552
2020,60203100,8.212613075
2019,60203200,3.674159725
2020,60203200,2.819926089
2019,60204100,0.010714257
2020,60204100,0.010714257
2019,60204200,16.762214298
2020,60204200,19.403460787
2019,60204300,0.136610019
2020,60204300,0.139598815
2019,60205100,21.62768902
2020,60205100,24.37462972
2019,60205200,3.842600521
2020,60205200,3.614732454
2019,60205300,10.99471192
2020,60205300,13.136898359
2019,60206100,22.32120416
2020,60206100,24.10585333
2019,60206200,15.282979154
2020,60206200,17.40054683
2019,60206300,11.196164811
2020,60206300,12.632689692
2019,60207100,0.869151726
2020,60207100,0.884838906
2019,60207200,23.31265679
2020,60207200,26.21300329
2019,60207300,3.342660484
2020,60207300,3.843665893
2019,60208100,0.034211984
2020,60208100,0.495805937
2019,60208200,1.014544635
2020,60208200,0.891360146
2019,60209100,1.712567178
2020,60209100,2.279540931
2019,60209200,7.044075576
2020,60209200,8.203621427
2019,60209300,1.103667291
2020,60209300,1.040270171
2019,60210100,0.036197288
2020,60210100,0.035391798
2019,60210200,4.655972122
2020,60210200,4.214848562
2019,60210300,0.020504944
2020,60210300,0.020504944
2019,60210400,0.012118847
2020,60210400,0.024372961
2019,99999999,13.641917415
2020,99999999,12.720255122
