"year","TAZ","count"
2019,14000100,715
2020,14000100,704
2019,14001100,6
2020,14001100,6
2019,14001200,6283
2020,14001200,6210
2019,14001300,14
2020,14001300,15
2019,14002100,8
2020,14002100,8
2019,14002200,118
2020,14002200,120
2019,14003100,4
2020,14003100,4
2019,14003200,11
2020,14003200,9
2019,14003300,4
2020,14003300,4
2019,14003400,29
2020,14003400,29
2019,14003500,217
2020,14003500,224
2019,14003600,0
2020,14003600,0
2019,14003700,5
2020,14003700,5
2019,14003800,0
2020,14003800,0
2019,14004100,17
2020,14004100,18
2019,14004200,43
2020,14004200,43
2019,14004300,0
2020,14004300,0
2019,14005100,83
2020,14005100,83
2019,14005200,148
2020,14005200,136
2019,14006100,0
2020,14006100,0
2019,14006200,458
2020,14006200,453
2019,14007100,75
2020,14007100,81
2019,14007200,168
2020,14007200,169
2019,14007300,118
2020,14007300,118
2019,14008100,21
2020,14008100,21
2019,14009100,49
2020,14009100,53
2019,14010100,142
2020,14010100,142
2019,14010200,256
2020,14010200,270
2019,14010300,1664
2020,14010300,1636
2019,14010400,346
2020,14010400,338
2019,14011100,13
2020,14011100,13
2019,14011200,4
2020,14011200,4
2019,14012100,1244
2020,14012100,1236
2019,14012200,867
2020,14012200,869
2019,14013100,4
2020,14013100,4
2019,14013200,120
2020,14013200,128
2019,14013300,105
2020,14013300,104
2019,14014100,50
2020,14014100,52
2019,14014200,28
2020,14014200,26
2019,14014300,61
2020,14014300,60
2019,14015100,16
2020,14015100,12
2019,14015200,5
2020,14015200,5
2019,14016100,37
2020,14016100,36
2019,14016200,17
2020,14016200,20
2019,14016300,22
2020,14016300,22
2019,14017100,18
2020,14017100,18
2019,14017200,212
2020,14017200,203
2019,14018100,215
2020,14018100,210
2019,14018200,49
2020,14018200,49
2019,14019100,1235
2020,14019100,1204
2019,14019200,2346
2020,14019200,2306
2019,14019300,444
2020,14019300,432
2019,14020100,74
2020,14020100,74
2019,14021100,1067
2020,14021100,1082
2019,14021200,4868
2020,14021200,4873
2019,14021300,22
2020,14021300,22
2019,14022100,0
2020,14022100,0
2019,14022200,932
2020,14022200,919
2019,14022300,133
2020,14022300,172
2019,14022400,229
2020,14022400,225
2019,14022500,3062
2020,14022500,3024
2019,14023100,704
2020,14023100,718
2019,14024100,15
2020,14024100,15
2019,14024200,20
2020,14024200,19
2019,14024300,31
2020,14024300,29
2019,14025100,1517
2020,14025100,1491
2019,14025200,1191
2020,14025200,1177
2019,14026100,2876
2020,14026100,2833
2019,14027100,1258
2020,14027100,1263
2019,14027200,1379
2020,14027200,1364
2019,14028100,1631
2020,14028100,1637
2019,14028200,1852
2020,14028200,1827
2019,14029100,1619
2020,14029100,1606
2019,14030100,4
2020,14030100,11
2019,14030200,421
2020,14030200,413
2019,14031100,1677
2020,14031100,1702
2019,14031200,2199
2020,14031200,2180
2019,14032100,1355
2020,14032100,1349
2019,14032200,1332
2020,14032200,1323
2019,14033100,2020
2020,14033100,2004
2019,14033200,586
2020,14033200,565
2019,14034100,642
2020,14034100,641
2019,14034200,1890
2020,14034200,1869
2019,14035100,1086
2020,14035100,1073
2019,14036100,57
2020,14036100,57
2019,14036200,3503
2020,14036200,3489
2019,14037100,427
2020,14037100,432
2019,14037200,772
2020,14037200,757
2019,14038100,31
2020,14038100,35
2019,14039100,1967
2020,14039100,1944
2019,14039200,2056
2020,14039200,2003
2019,14040100,963
2020,14040100,953
2019,14040200,2379
2020,14040200,2363
2019,14041100,722
2020,14041100,715
2019,14041200,599
2020,14041200,595
2019,14042100,1079
2020,14042100,1067
2019,14042200,593
2020,14042200,584
2019,14043100,3244
2020,14043100,3216
2019,14043200,1939
2020,14043200,1934
2019,14043300,352
2020,14043300,351
2019,14044100,1692
2020,14044100,1669
2019,14044200,2316
2020,14044200,2291
2019,14045100,19
2020,14045100,19
2019,14045200,2337
2020,14045200,2349
2019,14046100,2730
2020,14046100,2754
2019,14047100,5
2020,14047100,5
2019,14047200,2
2020,14047200,2
2019,14047300,2
2020,14047300,2
2019,14047400,11
2020,14047400,8
2019,14047500,51
2020,14047500,57
2019,14048100,2385
2020,14048100,2368
2019,14048200,556
2020,14048200,553
2019,14049100,1486
2020,14049100,1460
2019,14050100,640
2020,14050100,622
2019,14050200,11
2020,14050200,11
2019,14051100,1748
2020,14051100,1768
2019,14051200,2128
2020,14051200,2101
2019,14052100,0
2020,14052100,0
2019,14052200,18
2020,14052200,18
2019,14053100,60
2020,14053100,60
2019,14053200,8
2020,14053200,9
2019,14054100,2126
2020,14054100,2120
2019,14055100,1679
2020,14055100,1713
2019,14055200,740
2020,14055200,733
2019,14056100,1175
2020,14056100,1159
2019,14056200,1582
2020,14056200,1594
2019,14057100,124
2020,14057100,110
2019,14058100,2956
2020,14058100,2908
2019,14058200,1646
2020,14058200,1632
2019,14059100,44
2020,14059100,44
2019,14059200,1517
2020,14059200,1549
2019,14059300,260
2020,14059300,273
2019,14059400,63
2020,14059400,70
2019,14060100,2210
2020,14060100,2190
2019,14060200,1852
2020,14060200,1829
2019,14061100,5
2020,14061100,5
2019,14061200,349
2020,14061200,363
2019,14062100,690
2020,14062100,695
2019,14063100,10
2020,14063100,11
2019,14063200,38
2020,14063200,42
2019,14063300,0
2020,14063300,0
2019,14063400,4
2020,14063400,4
2019,14063500,2489
2020,14063500,2486
2019,14063600,1198
2020,14063600,1171
2019,14064100,2014
2020,14064100,1989
2019,14064200,1785
2020,14064200,1773
2019,14065100,153
2020,14065100,152
2019,14065200,0
2020,14065200,0
2019,14066100,2279
2020,14066100,2254
2019,14066200,0
2020,14066200,0
2019,14067100,1214
2020,14067100,1218
2019,14067200,1793
2020,14067200,1798
2019,14068100,0
2020,14068100,0
2019,14068200,6
2020,14068200,5
2019,14068300,227
2020,14068300,218
2019,14068400,9
2020,14068400,9
2019,14068500,2
2020,14068500,8
2019,14069100,1966
2020,14069100,1950
2019,14069200,445
2020,14069200,449
2019,14070100,502
2020,14070100,508
2019,14071100,674
2020,14071100,654
2019,14071200,109
2020,14071200,103
2019,14072100,1893
2020,14072100,1888
2019,14073100,1092
2020,14073100,1102
2019,14073200,1902
2020,14073200,1879
2019,14074100,806
2020,14074100,814
2019,14075100,25
2020,14075100,26
2019,14075200,32
2020,14075200,28
2019,14075300,9
2020,14075300,11
2019,14076100,1469
2020,14076100,1444
2019,14076200,3838
2020,14076200,3810
2019,14077100,992
2020,14077100,978
2019,14077200,0
2020,14077200,0
2019,14077300,4672
2020,14077300,4719
2019,14077400,4713
2020,14077400,4695
2019,14078100,1868
2020,14078100,1859
2019,14078200,2097
2020,14078200,2094
2019,14079100,2416
2020,14079100,2408
2019,14079200,2165
2020,14079200,2162
2019,14079300,0
2020,14079300,0
2019,14080100,15
2020,14080100,19
2019,14080200,150
2020,14080200,151
2019,14081100,245
2020,14081100,250
2019,14082100,186
2020,14082100,188
2019,14083100,52
2020,14083100,50
2019,14083200,34
2020,14083200,32
2019,14084100,4
2020,14084100,4
2019,14084200,4
2020,14084200,4
2019,14084300,51
2020,14084300,51
2019,14084400,0
2020,14084400,0
2019,14084500,28
2020,14084500,27
2019,14085100,42
2020,14085100,44
2019,14085200,49
2020,14085200,45
2019,14086100,31
2020,14086100,33
2019,14086200,84
2020,14086200,75
2019,14086300,0
2020,14086300,0
2019,14087100,12
2020,14087100,10
2019,14088100,20
2020,14088100,15
2019,14088200,9
2020,14088200,9
2019,14088300,26
2020,14088300,27
2019,14089100,42
2020,14089100,37
2019,14089200,34
2020,14089200,24
2019,14090100,68
2020,14090100,66
2019,14090200,2
2020,14090200,2
2019,14090300,0
2020,14090300,0
2019,14091100,61
2020,14091100,56
2019,14091200,73
2020,14091200,55
2019,14092100,52
2020,14092100,49
2019,14093100,1861
2020,14093100,1828
2019,14094100,59
2020,14094100,52
2019,14094200,49
2020,14094200,41
2019,14095100,387
2020,14095100,401
2019,14095200,223
2020,14095200,249
2019,14096100,69
2020,14096100,62
2019,14096200,30
2020,14096200,32
2019,14097100,2303
2020,14097100,2274
2019,14097200,1381
2020,14097200,1402
2019,14098100,351
2020,14098100,342
2019,14098200,260
2020,14098200,279
2019,14099100,22
2020,14099100,18
2019,14100100,68
2020,14100100,66
2019,14101100,34
2020,14101100,34
2019,14101200,25
2020,14101200,25
2019,14102100,84
2020,14102100,84
2019,14103100,66
2020,14103100,66
2019,14104100,50
2020,14104100,46
2019,14105100,0
2020,14105100,0
2019,14105200,13
2020,14105200,13
2019,14106100,3
2020,14106100,3
2019,14106200,3
2020,14106200,3
2019,14106300,3
2020,14106300,3
2019,14106400,6
2020,14106400,6
2019,14106500,48
2020,14106500,49
2019,14107100,174
2020,14107100,165
2019,14107200,0
2020,14107200,0
2019,14108100,39
2020,14108100,35
2019,14109100,862
2020,14109100,847
2019,14109200,1512
2020,14109200,1494
2019,14109300,296
2020,14109300,298
2019,20211100,2059
2020,20211100,2027
2019,20212100,1683
2020,20212100,1678
2019,20212200,1640
2020,20212200,1613
2019,20213100,398
2020,20213100,414
2019,20213200,563
2020,20213200,561
2019,20213300,1399
2020,20213300,1415
2019,20214100,1240
2020,20214100,1247
2019,20214200,1248
2020,20214200,1276
2019,20214300,1181
2020,20214300,1200
2019,20214400,1234
2020,20214400,1225
2019,20214500,1308
2020,20214500,1348
2019,20214600,1162
2020,20214600,1169
2019,20214700,15
2020,20214700,92
2019,20215100,1021
2020,20215100,1005
2019,20215200,1914
2020,20215200,1900
2019,20215300,3910
2020,20215300,3910
2019,20216100,3387
2020,20216100,3382
2019,20216200,1986
2020,20216200,1965
2019,20216300,628
2020,20216300,639
2019,20216400,998
2020,20216400,1034
2019,20217100,876
2020,20217100,892
2019,20217200,1726
2020,20217200,1711
2019,20217300,2292
2020,20217300,2278
2019,20217400,1194
2020,20217400,1216
2019,20217500,1167
2020,20217500,1183
2019,20218100,942
2020,20218100,900
2019,20218200,5105
2020,20218200,5161
2019,20219100,1965
2020,20219100,1957
2019,20219200,4200
2020,20219200,4169
2019,20220100,2513
2020,20220100,2497
2019,20220200,1912
2020,20220200,1978
2019,20221100,2858
2020,20221100,2802
2019,20221200,2304
2020,20221200,2270
2019,20221300,2165
2020,20221300,2105
2019,20222100,984
2020,20222100,984
2019,20222200,2082
2020,20222200,2053
2019,20222300,2565
2020,20222300,2543
2019,20403200,2666
2020,20403200,2609
2019,20732100,1709
2020,20732100,1709
2019,20733100,1124
2020,20733100,1101
2019,20733200,1273
2020,20733200,1267
2019,20733300,2643
2020,20733300,2644
2019,20733400,839
2020,20733400,825
2019,20734100,1483
2020,20734100,1466
2019,20735100,1429
2020,20735100,1434
2019,20736100,723
2020,20736100,750
2019,20737100,1205
2020,20737100,1170
2019,20737200,1677
2020,20737200,1680
2019,20738100,3463
2020,20738100,3424
2019,20739100,3450
2020,20739100,3399
2019,20739200,1331
2020,20739200,1343
2019,20739300,1789
2020,20739300,1752
2019,20740100,3599
2020,20740100,3566
2019,20741100,3774
2020,20741100,3703
2019,20223100,2797
2020,20223100,2765
2019,20224100,3190
2020,20224100,3186
2019,20224200,6
2020,20224200,6
2019,20225100,12933
2020,20225100,12649
2019,20226100,13727
2020,20226100,14608
2019,20227100,7233
2020,20227100,7123
2019,20228100,0
2020,20228100,0
2019,20230100,5035
2020,20230100,5060
2019,20247100,6877
2020,20247100,6739
2019,20250100,1856
2020,20250100,1858
2019,20250200,2659
2020,20250200,2671
2019,20259100,2966
2020,20259100,2919
2019,20259200,4143
2020,20259200,4106
2019,20262100,4911
2020,20262100,4867
2019,20264100,177
2020,20264100,187
2019,20271100,492
2020,20271100,486
2019,20273100,380
2020,20273100,389
2019,20275100,0
2020,20275100,0
2019,20277100,128
2020,20277100,122
2019,20277200,3449
2020,20277200,3446
2019,20278100,2799
2020,20278100,2872
2019,20279100,21
2020,20279100,19
2019,20280100,327
2020,20280100,1334
2019,20281100,253
2020,20281100,251
2019,20281200,147
2020,20281200,141
2019,20281300,92
2020,20281300,76
2019,20281400,171
2020,20281400,179
2019,20282100,93
2020,20282100,86
2019,20283100,471
2020,20283100,467
2019,20284100,428
2020,20284100,416
2019,20284200,1594
2020,20284200,1565
2019,20285100,30
2020,20285100,26
2019,20285200,29
2020,20285200,28
2019,20285300,21
2020,20285300,19
2019,20286100,1
2020,20286100,1
2019,20286200,4
2020,20286200,4
2019,20286300,5
2020,20286300,5
2019,20286400,2
2020,20286400,2
2019,20286500,1
2020,20286500,8
2019,20287100,984
2020,20287100,971
2019,20287200,33
2020,20287200,30
2019,20288100,1404
2020,20288100,1373
2019,20288200,0
2020,20288200,0
2019,20288300,13
2020,20288300,7
2019,20288400,649
2020,20288400,670
2019,20288500,1339
2020,20288500,1333
2019,20288600,513
2020,20288600,506
2019,20288700,71
2020,20288700,68
2019,20316100,23
2020,20316100,22
2019,20316200,17
2020,20316200,16
2019,20316300,27
2020,20316300,21
2019,20316400,220
2020,20316400,221
2019,20316500,2
2020,20316500,4
2019,20316600,51
2020,20316600,56
2019,20324100,5
2020,20324100,5
2019,20324200,16
2020,20324200,13
2019,20324300,0
2020,20324300,0
2019,20324400,8
2020,20324400,8
2019,20324500,56
2020,20324500,39
2019,20329100,19
2020,20329100,18
2019,20329200,14
2020,20329200,17
2019,20329300,13
2020,20329300,11
2019,20329400,5
2020,20329400,5
2019,20329500,36
2020,20329500,30
2019,20329600,7
2020,20329600,5
2019,20330100,315
2020,20330100,300
2019,20330200,7
2020,20330200,7
2019,20330300,534
2020,20330300,557
2019,20330400,2005
2020,20330400,2049
2019,20330500,11
2020,20330500,14
2019,20330600,74
2020,20330600,89
2019,20330700,121
2020,20330700,127
2019,20330800,337
2020,20330800,343
2019,20330900,18
2020,20330900,18
2019,20331100,26
2020,20331100,26
2019,20331200,20
2020,20331200,20
2019,20332100,67
2020,20332100,42
2019,20332200,28
2020,20332200,32
2019,20332300,10
2020,20332300,6
2019,20332400,5
2020,20332400,5
2019,20332500,0
2020,20332500,0
2019,20332600,0
2020,20332600,0
2019,20333100,14
2020,20333100,14
2019,20333200,4
2020,20333200,3
2019,20333300,45
2020,20333300,43
2019,20333400,10
2020,20333400,10
2019,20333500,10
2020,20333500,10
2019,20333600,81
2020,20333600,73
2019,20333700,3
2020,20333700,3
2019,20333800,9
2020,20333800,8
2019,20333900,0
2020,20333900,0
2019,20334100,47
2020,20334100,56
2019,20334200,0
2020,20334200,0
2019,20334300,64
2020,20334300,68
2019,20334400,42
2020,20334400,43
2019,20334500,25
2020,20334500,25
2019,20334600,51
2020,20334600,51
2019,20334700,53
2020,20334700,48
2019,20334800,44
2020,20334800,60
2019,20334900,67
2020,20334900,62
2019,20335100,20
2020,20335100,17
2019,20335200,8
2020,20335200,11
2019,20335300,21
2020,20335300,21
2019,20335400,0
2020,20335400,0
2019,20335500,5
2020,20335500,1
2019,20335600,0
2020,20335600,0
2019,20336100,133
2020,20336100,137
2019,20336200,12
2020,20336200,16
2019,20336300,25
2020,20336300,19
2019,20336400,13
2020,20336400,12
2019,20336500,21
2020,20336500,23
2019,20336600,17
2020,20336600,16
2019,20336700,53
2020,20336700,53
2019,20336800,11
2020,20336800,21
2019,20336900,148
2020,20336900,134
2019,20337100,94
2020,20337100,97
2019,20338100,6627
2020,20338100,6456
2019,20338200,6867
2020,20338200,6660
2019,20338300,32
2020,20338300,28
2019,20339100,6
2020,20339100,6
2019,20340100,157
2020,20340100,140
2019,20341100,98
2020,20341100,92
2019,20341200,184
2020,20341200,206
2019,20342100,261
2020,20342100,250
2019,20343100,107
2020,20343100,113
2019,20343200,121
2020,20343200,123
2019,20344100,164
2020,20344100,162
2019,20345100,143
2020,20345100,142
2019,20346100,71
2020,20346100,63
2019,20347100,367
2020,20347100,352
2019,20348100,1708
2020,20348100,1688
2019,20348200,1811
2020,20348200,1828
2019,20349100,53
2020,20349100,49
2019,20351100,1792
2020,20351100,1756
2019,20351200,2636
2020,20351200,2597
2019,20357100,297
2020,20357100,310
2019,20357200,2960
2020,20357200,2969
2019,20373100,121
2020,20373100,125
2019,20378100,142
2020,20378100,131
2019,20378200,17
2020,20378200,8
2019,20378300,55
2020,20378300,51
2019,20378400,78
2020,20378400,76
2019,20378500,39
2020,20378500,37
2019,20378600,61
2020,20378600,59
2019,20378700,7
2020,20378700,7
2019,20388100,229
2020,20388100,236
2019,20388200,78
2020,20388200,80
2019,20388300,252
2020,20388300,251
2019,20388400,1042
2020,20388400,996
2019,20388500,942
2020,20388500,919
2019,20388600,216
2020,20388600,204
2019,20388700,20
2020,20388700,23
2019,20388800,79
2020,20388800,75
2019,20388900,1274
2020,20388900,1217
2019,20389100,372
2020,20389100,377
2019,20389200,2284
2020,20389200,2215
2019,20389300,887
2020,20389300,854
2019,20389400,2244
2020,20389400,2150
2019,20389500,1110
2020,20389500,1098
2019,20389600,55
2020,20389600,49
2019,20389700,710
2020,20389700,652
2019,20389800,416
2020,20389800,418
2019,20389900,227
2020,20389900,224
2019,20390100,18
2020,20390100,12
2019,20390200,33
2020,20390200,39
2019,20390300,12
2020,20390300,10
2019,20390400,17
2020,20390400,21
2019,20390500,0
2020,20390500,0
2019,20390600,0
2020,20390600,0
2019,20390700,0
2020,20390700,0
2019,20390800,515
2020,20390800,501
2019,20390900,12
2020,20390900,30
2019,20391100,1179
2020,20391100,1184
2019,20391200,339
2020,20391200,315
2019,20392100,1351
2020,20392100,1278
2019,20392200,106
2020,20392200,105
2019,20392300,65
2020,20392300,76
2019,20392400,141
2020,20392400,141
2019,20393100,77
2020,20393100,84
2019,20393200,83
2020,20393200,73
2019,20393300,87
2020,20393300,74
2019,20393400,6
2020,20393400,10
2019,20393500,878
2020,20393500,867
2019,20395100,472
2020,20395100,468
2019,20397100,305
2020,20397100,300
2019,20422100,1639
2020,20422100,1624
2019,20229100,6783
2020,20229100,6539
2019,20229200,503
2020,20229200,583
2019,20231100,854
2020,20231100,847
2019,20231200,1132
2020,20231200,1080
2019,20232100,342
2020,20232100,362
2019,20232200,762
2020,20232200,798
2019,20232300,1478
2020,20232300,1467
2019,20232400,1301
2020,20232400,1242
2019,20233100,6705
2020,20233100,6480
2019,20234100,614
2020,20234100,603
2019,20234200,1162
2020,20234200,1180
2019,20234300,2313
2020,20234300,2340
2019,20234400,1791
2020,20234400,1752
2019,20235100,1992
2020,20235100,1938
2019,20235200,3184
2020,20235200,3203
2019,20235300,1473
2020,20235300,1469
2019,20235400,1564
2020,20235400,1629
2019,20235500,539
2020,20235500,594
2019,20235600,1341
2020,20235600,1325
2019,20236100,1636
2020,20236100,1642
2019,20236200,883
2020,20236200,879
2019,20236300,842
2020,20236300,801
2019,20236400,2041
2020,20236400,2008
2019,20237100,114
2020,20237100,166
2019,20237200,2592
2020,20237200,2601
2019,20237300,1424
2020,20237300,1434
2019,20237400,2359
2020,20237400,2293
2019,20238100,1109
2020,20238100,1109
2019,20238200,1900
2020,20238200,1880
2019,20239100,4719
2020,20239100,4564
2019,20239200,1027
2020,20239200,1097
2019,20240100,1414
2020,20240100,1423
2019,20240200,2313
2020,20240200,2235
2019,20241100,3040
2020,20241100,3083
2019,20242100,1341
2020,20242100,1291
2019,20242200,1642
2020,20242200,1672
2019,20242300,1299
2020,20242300,1278
2019,20243100,1628
2020,20243100,1589
2019,20243200,1476
2020,20243200,1450
2019,20244100,1161
2020,20244100,1232
2019,20244200,2148
2020,20244200,2155
2019,20244300,2890
2020,20244300,2931
2019,20244400,433
2020,20244400,463
2019,20244500,1626
2020,20244500,1619
2019,20244600,3311
2020,20244600,3289
2019,20244700,2272
2020,20244700,2240
2019,20245100,3610
2020,20245100,3636
2019,20245200,2324
2020,20245200,2312
2019,20246100,1733
2020,20246100,1735
2019,20246200,441
2020,20246200,452
2019,20248100,1237
2020,20248100,1232
2019,20248200,3034
2020,20248200,3019
2019,20249100,1364
2020,20249100,1322
2019,20249200,1834
2020,20249200,1866
2019,20251100,921
2020,20251100,898
2019,20251200,1026
2020,20251200,1039
2019,20252100,2138
2020,20252100,2143
2019,20252200,2052
2020,20252200,2514
2019,20252300,3878
2020,20252300,3738
2019,20253100,3752
2020,20253100,3774
2019,20253200,1475
2020,20253200,1441
2019,20253300,2271
2020,20253300,2210
2019,20254100,2562
2020,20254100,2462
2019,20255100,2987
2020,20255100,2943
2019,20255200,1741
2020,20255200,1674
2019,20255300,100
2020,20255300,93
2019,20256100,8048
2020,20256100,8121
2019,20257100,2985
2020,20257100,2948
2019,20257200,2614
2020,20257200,2624
2019,20258100,4806
2020,20258100,4641
2019,20258200,794
2020,20258200,780
2019,20260100,1251
2020,20260100,1253
2019,20260200,2798
2020,20260200,2803
2019,20260300,4312
2020,20260300,4204
2019,20261100,1411
2020,20261100,1454
2019,20261200,515
2020,20261200,559
2019,20261300,1558
2020,20261300,1577
2019,20263100,2290
2020,20263100,2286
2019,20263200,1194
2020,20263200,1221
2019,20263300,2516
2020,20263300,2484
2019,20263400,2375
2020,20263400,2308
2019,20265100,9085
2020,20265100,9105
2019,20266100,3059
2020,20266100,3023
2019,20266200,1140
2020,20266200,1192
2019,20267100,3177
2020,20267100,3034
2019,20267200,5807
2020,20267200,5640
2019,20268100,1381
2020,20268100,1391
2019,20268200,1654
2020,20268200,1681
2019,20269100,1827
2020,20269100,1777
2019,20270100,1512
2020,20270100,1540
2019,20272100,4416
2020,20272100,4247
2019,20274100,4261
2020,20274100,4226
2019,20274200,2118
2020,20274200,2105
2019,20276100,2347
2020,20276100,2369
2019,20289100,10
2020,20289100,10
2019,20289200,254
2020,20289200,252
2019,20289300,0
2020,20289300,0
2019,20289400,188
2020,20289400,169
2019,20289500,10
2020,20289500,10
2019,20289600,22
2020,20289600,26
2019,20289700,10
2020,20289700,10
2019,20290100,0
2020,20290100,0
2019,20290200,18
2020,20290200,20
2019,20290300,26
2020,20290300,24
2019,20290400,139
2020,20290400,142
2019,20290500,15
2020,20290500,14
2019,20290600,69
2020,20290600,72
2019,20290700,29
2020,20290700,22
2019,20290800,829
2020,20290800,823
2019,20291100,47
2020,20291100,46
2019,20291200,22
2020,20291200,19
2019,20291300,1616
2020,20291300,1603
2019,20291400,6
2020,20291400,6
2019,20291500,41
2020,20291500,44
2019,20291600,2307
2020,20291600,2252
2019,20291700,1326
2020,20291700,1304
2019,20291800,2679
2020,20291800,2618
2019,20291900,10
2020,20291900,12
2019,20292100,45
2020,20292100,46
2019,20292200,37
2020,20292200,35
2019,20292300,102
2020,20292300,103
2019,20292400,20
2020,20292400,34
2019,20292500,4
2020,20292500,4
2019,20292600,2979
2020,20292600,2979
2019,20292700,3
2020,20292700,3
2019,20292800,39
2020,20292800,42
2019,20292900,21
2020,20292900,37
2019,20293100,537
2020,20293100,542
2019,20293200,46
2020,20293200,52
2019,20293300,33
2020,20293300,31
2019,20293400,45
2020,20293400,48
2019,20293500,28
2020,20293500,29
2019,20293600,21
2020,20293600,20
2019,20294100,548
2020,20294100,510
2019,20294200,850
2020,20294200,849
2019,20294300,1043
2020,20294300,1038
2019,20294400,1007
2020,20294400,961
2019,20294500,1788
2020,20294500,1769
2019,20294600,1141
2020,20294600,1145
2019,20295100,0
2020,20295100,0
2019,20296100,298
2020,20296100,289
2019,20296200,18
2020,20296200,21
2019,20296300,461
2020,20296300,456
2019,20296400,202
2020,20296400,238
2019,20296500,2220
2020,20296500,2165
2019,20296600,1097
2020,20296600,1077
2019,20296700,1123
2020,20296700,1135
2019,20296800,1519
2020,20296800,1557
2019,20296900,1094
2020,20296900,1089
2019,20297100,964
2020,20297100,956
2019,20297200,801
2020,20297200,813
2019,20297300,2232
2020,20297300,2172
2019,20297400,1126
2020,20297400,1095
2019,20297500,352
2020,20297500,383
2019,20297600,294
2020,20297600,293
2019,20298100,8
2020,20298100,10
2019,20298200,6
2020,20298200,6
2019,20298300,7
2020,20298300,7
2019,20298400,5
2020,20298400,5
2019,20298500,5
2020,20298500,5
2019,20298600,0
2020,20298600,0
2019,20298700,25
2020,20298700,21
2019,20299100,51
2020,20299100,60
2019,20299200,2
2020,20299200,2
2019,20299300,0
2020,20299300,0
2019,20299400,21
2020,20299400,21
2019,20299500,523
2020,20299500,549
2019,20299600,27
2020,20299600,33
2019,20299700,6
2020,20299700,9
2019,20299800,925
2020,20299800,922
2019,20299900,0
2020,20299900,0
2019,20300100,18
2020,20300100,20
2019,20300200,16
2020,20300200,16
2019,20300300,27
2020,20300300,27
2019,20300400,12
2020,20300400,12
2019,20300500,88
2020,20300500,92
2019,20300600,25
2020,20300600,34
2019,20300700,5
2020,20300700,4
2019,20300800,20
2020,20300800,17
2019,20301100,100
2020,20301100,101
2019,20301200,978
2020,20301200,1005
2019,20301300,518
2020,20301300,558
2019,20301400,3491
2020,20301400,3475
2019,20301500,1359
2020,20301500,1321
2019,20301600,470
2020,20301600,495
2019,20302100,1135
2020,20302100,1129
2019,20302200,463
2020,20302200,455
2019,20302300,214
2020,20302300,215
2019,20302400,7
2020,20302400,7
2019,20302500,303
2020,20302500,299
2019,20303100,2445
2020,20303100,2335
2019,20303200,2263
2020,20303200,2287
2019,20303300,1825
2020,20303300,1806
2019,20303400,1337
2020,20303400,1339
2019,20303500,1760
2020,20303500,1792
2019,20303600,1813
2020,20303600,1778
2019,20304100,2819
2020,20304100,2846
2019,20304200,1592
2020,20304200,1564
2019,20304300,1416
2020,20304300,1394
2019,20305100,0
2020,20305100,0
2019,20305200,2043
2020,20305200,2025
2019,20305300,0
2020,20305300,0
2019,20305400,1066
2020,20305400,1069
2019,20306100,4698
2020,20306100,4666
2019,20306200,4714
2020,20306200,4775
2019,20307100,2262
2020,20307100,2273
2019,20307200,3
2020,20307200,3
2019,20307300,2175
2020,20307300,2142
2019,20307400,34
2020,20307400,31
2019,20307500,399
2020,20307500,434
2019,20308100,766
2020,20308100,776
2019,20308200,963
2020,20308200,943
2019,20308300,814
2020,20308300,799
2019,20308400,21
2020,20308400,18
2019,20308500,1917
2020,20308500,1884
2019,20309100,1565
2020,20309100,1547
2019,20309200,1528
2020,20309200,1529
2019,20309300,854
2020,20309300,825
2019,20309400,1417
2020,20309400,1392
2019,20310100,303
2020,20310100,305
2019,20310200,0
2020,20310200,0
2019,20310300,0
2020,20310300,0
2019,20310400,0
2020,20310400,0
2019,20311100,4
2020,20311100,4
2019,20311200,6
2020,20311200,5
2019,20311300,0
2020,20311300,0
2019,20311400,49
2020,20311400,47
2019,20312100,3953
2020,20312100,3993
2019,20313100,2179
2020,20313100,2201
2019,20313200,2301
2020,20313200,2297
2019,20314100,5579
2020,20314100,5688
2019,20315100,3109
2020,20315100,3120
2019,20315200,461
2020,20315200,453
2019,20315300,95
2020,20315300,95
2019,20317100,1156
2020,20317100,1140
2019,20317200,3180
2020,20317200,3158
2019,20318100,2394
2020,20318100,2388
2019,20318200,1823
2020,20318200,1800
2019,20319100,2
2020,20319100,1
2019,20319200,5836
2020,20319200,5808
2019,20319300,1976
2020,20319300,1958
2019,20320100,34
2020,20320100,32
2019,20320200,908
2020,20320200,875
2019,20320300,2341
2020,20320300,2380
2019,20320400,2593
2020,20320400,2604
2019,20321100,0
2020,20321100,0
2019,20321200,2002
2020,20321200,1983
2019,20321300,2184
2020,20321300,2140
2019,20321400,1216
2020,20321400,1218
2019,20321500,379
2020,20321500,340
2019,20321600,644
2020,20321600,668
2019,20321700,431
2020,20321700,446
2019,20322100,1880
2020,20322100,1908
2019,20322200,5084
2020,20322200,5058
2019,20322300,2577
2020,20322300,2473
2019,20323100,3673
2020,20323100,3670
2019,20323200,1586
2020,20323200,1578
2019,20323300,2520
2020,20323300,2545
2019,20323400,2042
2020,20323400,2061
2019,20326100,1795
2020,20326100,1785
2019,20326200,1086
2020,20326200,1010
2019,20326300,1114
2020,20326300,1059
2019,20326400,848
2020,20326400,837
2019,20326500,1665
2020,20326500,1649
2019,20326600,1736
2020,20326600,1736
2019,20327100,20
2020,20327100,21
2019,20327200,765
2020,20327200,815
2019,20328100,1290
2020,20328100,1285
2019,20328200,1613
2020,20328200,1661
2019,20328300,924
2020,20328300,910
2019,20328400,2779
2020,20328400,2704
2019,20328500,2077
2020,20328500,1994
2019,20328600,536
2020,20328600,529
2019,20328700,299
2020,20328700,301
2019,20328800,3079
2020,20328800,3017
2019,20325100,0
2020,20325100,0
2019,20325200,0
2020,20325200,0
2019,20325300,0
2020,20325300,0
2019,20325400,0
2020,20325400,0
2019,20350100,24
2020,20350100,39
2019,20350200,8
2020,20350200,9
2019,20350300,5
2020,20350300,5
2019,20350400,0
2020,20350400,0
2019,20350500,3
2020,20350500,3
2019,20350600,0
2020,20350600,0
2019,20350700,42
2020,20350700,44
2019,20352100,2732
2020,20352100,2714
2019,20352200,2033
2020,20352200,1977
2019,20352300,1831
2020,20352300,1768
2019,20353100,765
2020,20353100,768
2019,20353200,495
2020,20353200,500
2019,20353300,516
2020,20353300,503
2019,20353400,1545
2020,20353400,1499
2019,20353500,1061
2020,20353500,1056
2019,20354100,33
2020,20354100,27
2019,20354200,3
2020,20354200,4
2019,20354300,5
2020,20354300,5
2019,20354400,657
2020,20354400,671
2019,20354500,0
2020,20354500,0
2019,20354600,2634
2020,20354600,2633
2019,20354700,6
2020,20354700,28
2019,20354800,2259
2020,20354800,2240
2019,20355100,1612
2020,20355100,1587
2019,20355200,7482
2020,20355200,7695
2019,20355300,1262
2020,20355300,1272
2019,20355400,1919
2020,20355400,1896
2019,20356100,1976
2020,20356100,1930
2019,20356200,461
2020,20356200,469
2019,20358100,0
2020,20358100,0
2019,20358200,1049
2020,20358200,1031
2019,20358300,1391
2020,20358300,1359
2019,20358400,795
2020,20358400,755
2019,20358500,1721
2020,20358500,1748
2019,20358600,248
2020,20358600,239
2019,20358700,859
2020,20358700,844
2019,20359100,313
2020,20359100,311
2019,20359200,315
2020,20359200,312
2019,20359300,195
2020,20359300,198
2019,20359400,276
2020,20359400,268
2019,20359500,118
2020,20359500,120
2019,20359600,312
2020,20359600,287
2019,20359700,271
2020,20359700,229
2019,20359800,81
2020,20359800,104
2019,20359900,173
2020,20359900,157
2019,20360100,739
2020,20360100,734
2019,20360200,4
2020,20360200,4
2019,20361100,5
2020,20361100,5
2019,20361200,253
2020,20361200,316
2019,20361300,2377
2020,20361300,2343
2019,20361400,1191
2020,20361400,1174
2019,20361500,1498
2020,20361500,1404
2019,20361600,2037
2020,20361600,1962
2019,20362100,2803
2020,20362100,2752
2019,20362200,117
2020,20362200,115
2019,20362300,0
2020,20362300,0
2019,20362400,16
2020,20362400,26
2019,20362500,21
2020,20362500,23
2019,20362600,3337
2020,20362600,3335
2019,20362700,192
2020,20362700,209
2019,20363100,270
2020,20363100,289
2019,20363200,320
2020,20363200,301
2019,20363300,340
2020,20363300,328
2019,20363400,324
2020,20363400,319
2019,20364100,4
2020,20364100,4
2019,20364200,149
2020,20364200,138
2019,20365100,1713
2020,20365100,1722
2019,20365200,0
2020,20365200,0
2019,20365300,28
2020,20365300,27
2019,20365400,0
2020,20365400,0
2019,20365500,596
2020,20365500,607
2019,20365600,11
2020,20365600,24
2019,20365700,0
2020,20365700,0
2019,20365800,901
2020,20365800,887
2019,20365900,599
2020,20365900,618
2019,20366100,0
2020,20366100,0
2019,20366200,3504
2020,20366200,3457
2019,20366300,459
2020,20366300,463
2019,20367100,5
2020,20367100,4
2019,20367200,739
2020,20367200,720
2019,20367300,1440
2020,20367300,1431
2019,20368100,1399
2020,20368100,1379
2019,20368200,2195
2020,20368200,2148
2019,20368300,656
2020,20368300,684
2019,20369100,1036
2020,20369100,1029
2019,20369200,2286
2020,20369200,2295
2019,20369300,1005
2020,20369300,1035
2019,20369400,1963
2020,20369400,1958
2019,20370100,4941
2020,20370100,4946
2019,20370200,2402
2020,20370200,2403
2019,20370300,1179
2020,20370300,1168
2019,20371100,1746
2020,20371100,1727
2019,20371200,2790
2020,20371200,2773
2019,20372100,4934
2020,20372100,4900
2019,20372200,945
2020,20372200,963
2019,20372300,0
2020,20372300,0
2019,20372400,130
2020,20372400,142
2019,20374100,2134
2020,20374100,2067
2019,20374200,3359
2020,20374200,3403
2019,20374300,2093
2020,20374300,2052
2019,20375100,0
2020,20375100,0
2019,20375200,0
2020,20375200,0
2019,20376100,1807
2020,20376100,1800
2019,20376200,2480
2020,20376200,2471
2019,20377100,1843
2020,20377100,1785
2019,20377200,770
2020,20377200,689
2019,20377300,2599
2020,20377300,2647
2019,20377400,2163
2020,20377400,2191
2019,20379100,7217
2020,20379100,7132
2019,20379200,6765
2020,20379200,6724
2019,20380100,2765
2020,20380100,2791
2019,20380200,2254
2020,20380200,2124
2019,20380300,389
2020,20380300,378
2019,20380400,2864
2020,20380400,2845
2019,20381100,2185
2020,20381100,2175
2019,20381200,3523
2020,20381200,3507
2019,20381300,2891
2020,20381300,2867
2019,20382100,3172
2020,20382100,3187
2019,20383100,0
2020,20383100,0
2019,20383200,0
2020,20383200,0
2019,20383300,0
2020,20383300,0
2019,20383400,0
2020,20383400,0
2019,20383500,732
2020,20383500,720
2019,20383600,8
2020,20383600,12
2019,20383700,586
2020,20383700,592
2019,20383800,193
2020,20383800,190
2019,20383900,0
2020,20383900,0
2019,20384100,0
2020,20384100,0
2019,20384200,47
2020,20384200,47
2019,20384300,332
2020,20384300,341
2019,20384400,0
2020,20384400,0
2019,20384500,39
2020,20384500,111
2019,20384600,438
2020,20384600,436
2019,20384700,621
2020,20384700,587
2019,20384800,219
2020,20384800,236
2019,20384900,30
2020,20384900,95
2019,20385100,2116
2020,20385100,2090
2019,20385200,4080
2020,20385200,4075
2019,20385300,4080
2020,20385300,4117
2019,20386100,3254
2020,20386100,3254
2019,20386200,2894
2020,20386200,2914
2019,20386300,2938
2020,20386300,2986
2019,20386400,2140
2020,20386400,2118
2019,20386500,2028
2020,20386500,2089
2019,20386600,35
2020,20386600,39
2019,20387100,18
2020,20387100,22
2019,20387200,5262
2020,20387200,5220
2019,20387300,161
2020,20387300,170
2019,20387400,18
2020,20387400,21
2019,20387500,873
2020,20387500,921
2019,20387600,395
2020,20387600,375
2019,20387700,8
2020,20387700,8
2019,20387800,0
2020,20387800,0
2019,20387900,0
2020,20387900,0
2019,20394100,514
2020,20394100,502
2019,20682100,839
2020,20682100,856
2019,20682200,634
2020,20682200,559
2019,20682300,32
2020,20682300,40
2019,20682400,978
2020,20682400,970
2019,20682500,1862
2020,20682500,1831
2019,20682600,2639
2020,20682600,2584
2019,20683100,4020
2020,20683100,3967
2019,20685100,3250
2020,20685100,3240
2019,20688100,2462
2020,20688100,2405
2019,20688200,1290
2020,20688200,1379
2019,20688300,1366
2020,20688300,1440
2019,20688400,1835
2020,20688400,1781
2019,20689100,2475
2020,20689100,2418
2019,20689200,2726
2020,20689200,2734
2019,20690100,1738
2020,20690100,1677
2019,20690200,1198
2020,20690200,1205
2019,20690300,1129
2020,20690300,1009
2019,20690400,967
2020,20690400,946
2019,20690500,2880
2020,20690500,2821
2019,20690600,1444
2020,20690600,1471
2019,20691100,1898
2020,20691100,1914
2019,20691200,3020
2020,20691200,3020
2019,20692100,1598
2020,20692100,1583
2019,20692200,1171
2020,20692200,1202
2019,20692300,1183
2020,20692300,1205
2019,20693100,2349
2020,20693100,2366
2019,20693200,1151
2020,20693200,1168
2019,20693300,890
2020,20693300,889
2019,20693400,1393
2020,20693400,1350
2019,20695100,3244
2020,20695100,3224
2019,20695200,1698
2020,20695200,1723
2019,20696100,2068
2020,20696100,2083
2019,20696200,1465
2020,20696200,1501
2019,20696300,2076
2020,20696300,2069
2019,20696400,1522
2020,20696400,1526
2019,20698100,1179
2020,20698100,1147
2019,20698200,1724
2020,20698200,1813
2019,20700100,3311
2020,20700100,3268
2019,20702100,1096
2020,20702100,1050
2019,20702200,2838
2020,20702200,2792
2019,20703100,957
2020,20703100,1010
2019,20703200,2229
2020,20703200,2242
2019,20703300,2086
2020,20703300,2077
2019,20704100,3370
2020,20704100,3364
2019,20705100,3455
2020,20705100,3420
2019,20705200,2076
2020,20705200,2010
2019,20706100,1052
2020,20706100,1165
2019,20706200,3307
2020,20706200,3280
2019,20707100,1217
2020,20707100,1269
2019,20707200,3411
2020,20707200,3370
2019,20708100,2502
2020,20708100,2469
2019,20708200,3550
2020,20708200,3530
2019,20709100,2195
2020,20709100,2153
2019,20709200,3054
2020,20709200,2991
2019,20710100,2720
2020,20710100,2632
2019,20710200,1638
2020,20710200,1587
2019,20711100,6014
2020,20711100,5937
2019,20712100,1106
2020,20712100,1050
2019,20712200,4776
2020,20712200,4731
2019,20712300,1381
2020,20712300,1356
2019,20714100,2764
2020,20714100,2760
2019,20714200,5077
2020,20714200,5018
2019,20714300,26
2020,20714300,39
2019,20715100,3720
2020,20715100,3710
2019,20716100,2285
2020,20716100,2318
2019,20716200,3948
2020,20716200,3783
2019,20718100,3591
2020,20718100,3558
2019,20720100,1232
2020,20720100,1226
2019,20396100,97
2020,20396100,106
2019,22015100,1778
2020,22015100,1756
2019,22015200,2301
2020,22015200,2300
2019,22018100,1181
2020,22018100,1178
2019,22018200,1093
2020,22018200,1092
2019,22018300,1663
2020,22018300,1624
2019,22018400,1779
2020,22018400,1756
2019,22020100,1762
2020,22020100,1710
2019,22020200,2662
2020,22020200,2566
2019,22020300,1944
2020,22020300,1878
2019,22028100,6349
2020,22028100,6208
2019,22077100,2389
2020,22077100,2371
2019,22078100,2293
2020,22078100,2271
2019,22079100,5090
2020,22079100,5068
2019,22080100,4577
2020,22080100,4565
2019,22081100,5556
2020,22081100,5522
2019,22084100,1068
2020,22084100,1108
2019,22088100,2906
2020,22088100,2870
2019,22088200,1409
2020,22088200,1390
2019,22088300,709
2020,22088300,669
2019,22088400,911
2020,22088400,905
2019,22094100,2050
2020,22094100,2058
2019,22094200,959
2020,22094200,930
2019,22094300,1093
2020,22094300,1134
2019,22097100,862
2020,22097100,824
2019,22097200,1989
2020,22097200,2016
2019,22097300,1811
2020,22097300,1771
2019,22115100,910
2020,22115100,908
2019,22115200,1538
2020,22115200,1522
2019,22115300,2175
2020,22115300,2135
2019,22123100,559
2020,22123100,572
2019,22123200,1255
2020,22123200,1209
2019,22123300,774
2020,22123300,752
2019,22123400,1517
2020,22123400,1475
2019,22123500,1284
2020,22123500,1276
2019,22149100,2336
2020,22149100,2281
2019,22149200,876
2020,22149200,862
2019,22149300,1285
2020,22149300,1268
2019,22151100,955
2020,22151100,933
2019,22151200,428
2020,22151200,434
2019,22151300,1503
2020,22151300,1481
2019,22151400,1464
2020,22151400,1452
2019,22151500,2030
2020,22151500,1976
2019,22155100,1445
2020,22155100,1408
2019,22155200,778
2020,22155200,759
2019,22155300,1676
2020,22155300,1635
2019,22155400,925
2020,22155400,900
2019,22155500,832
2020,22155500,814
2019,22182100,1092
2020,22182100,1086
2019,22182200,300
2020,22182200,325
2019,22182300,3303
2020,22182300,3242
2019,22182400,231
2020,22182400,239
2019,22208100,2420
2020,22208100,2400
2019,22208200,1430
2020,22208200,1436
2019,22208300,628
2020,22208300,634
2019,22208400,978
2020,22208400,977
2019,22208500,1497
2020,22208500,1480
2019,22212100,2178
2020,22212100,2168
2019,22212200,1979
2020,22212200,1982
2019,22246100,1679
2020,22246100,1653
2019,22246200,2101
2020,22246200,2073
2019,22246300,1012
2020,22246300,1005
2019,22246400,929
2020,22246400,937
2019,22248100,2042
2020,22248100,2013
2019,22248200,2281
2020,22248200,2284
2019,20398100,1624
2020,20398100,1637
2019,20398200,527
2020,20398200,512
2019,20402100,1853
2020,20402100,1776
2019,20402200,1430
2020,20402200,1435
2019,20402300,2894
2020,20402300,2872
2019,20407100,482
2020,20407100,525
2019,20407200,1813
2020,20407200,1820
2019,20407300,1349
2020,20407300,1336
2019,20407400,2048
2020,20407400,2079
2019,20414100,2474
2020,20414100,2394
2019,20414200,1615
2020,20414200,1540
2019,20416100,4271
2020,20416100,4299
2019,20420100,4551
2020,20420100,4508
2019,20421100,3147
2020,20421100,3140
2019,20428100,7530
2020,20428100,7403
2019,20432100,4589
2020,20432100,4519
2019,20436100,5944
2020,20436100,5899
2019,20439100,4027
2020,20439100,3958
2019,20439200,1022
2020,20439200,1046
2019,20439300,1581
2020,20439300,1579
2019,20441100,2342
2020,20441100,2298
2019,20441200,4094
2020,20441200,4023
2019,20442100,8675
2020,20442100,8644
2019,20446100,2388
2020,20446100,2332
2019,20446200,1741
2020,20446200,1773
2019,20446300,52
2020,20446300,90
2019,20449100,1561
2020,20449100,1525
2019,20449200,1791
2020,20449200,1773
2019,20449300,3024
2020,20449300,3009
2019,20453100,1989
2020,20453100,1971
2019,20453200,2219
2020,20453200,2196
2019,20457100,2403
2020,20457100,2374
2019,20459100,2549
2020,20459100,2539
2019,20459200,1484
2020,20459200,1525
2019,20459300,2092
2020,20459300,2147
2019,20461100,3385
2020,20461100,3342
2019,20462100,1470
2020,20462100,1471
2019,20463100,1922
2020,20463100,1944
2019,20468100,1338
2020,20468100,1344
2019,20468200,2814
2020,20468200,2768
2019,20469100,4186
2020,20469100,4174
2019,20474100,980
2020,20474100,943
2019,20474200,112
2020,20474200,126
2019,20474300,1266
2020,20474300,1228
2019,20478100,4028
2020,20478100,4003
2019,20478200,3015
2020,20478200,2960
2019,20479100,3323
2020,20479100,3258
2019,20479200,1719
2020,20479200,1785
2019,20479300,1176
2020,20479300,1230
2019,20484100,5
2020,20484100,5
2019,20484200,1232
2020,20484200,1214
2019,20484300,1454
2020,20484300,1423
2019,20491100,3689
2020,20491100,3667
2019,20491200,752
2020,20491200,787
2019,20493100,2656
2020,20493100,2643
2019,20493200,3285
2020,20493200,3252
2019,20495100,1738
2020,20495100,1675
2019,20495200,3439
2020,20495200,3392
2019,20504100,2328
2020,20504100,2234
2019,20504200,1249
2020,20504200,1186
2019,20504300,1905
2020,20504300,1842
2019,20507100,2411
2020,20507100,2404
2019,20507200,1083
2020,20507200,1093
2019,20649100,3651
2020,20649100,3582
2019,20650100,2477
2020,20650100,2407
2019,20650200,3569
2020,20650200,3515
2019,20651100,1706
2020,20651100,1701
2019,20652100,3265
2020,20652100,3253
2019,20653100,2404
2020,20653100,2353
2019,20654100,976
2020,20654100,1048
2019,20654200,1702
2020,20654200,1718
2019,20654300,2556
2020,20654300,2508
2019,20654400,1881
2020,20654400,1886
2019,20399100,1775
2020,20399100,1724
2019,20399200,2627
2020,20399200,2592
2019,20400100,2415
2020,20400100,2352
2019,20400200,918
2020,20400200,892
2019,20400300,1461
2020,20400300,1430
2019,20400400,903
2020,20400400,903
2019,20400500,1438
2020,20400500,1423
2019,20401100,3891
2020,20401100,3823
2019,20403100,2166
2020,20403100,2096
2019,20404100,2690
2020,20404100,2643
2019,20404200,1855
2020,20404200,1817
2019,20405100,2314
2020,20405100,2280
2019,20406100,1891
2020,20406100,1912
2019,20406200,3327
2020,20406200,3239
2019,20408100,1861
2020,20408100,1835
2019,20408200,756
2020,20408200,817
2019,20409100,1946
2020,20409100,1902
2019,20409200,1466
2020,20409200,1433
2019,20409300,2328
2020,20409300,2294
2019,20410100,2483
2020,20410100,2427
2019,20410200,1309
2020,20410200,1331
2019,20411100,1066
2020,20411100,1074
2019,20411200,1066
2020,20411200,1095
2019,20411300,1114
2020,20411300,1136
2019,20412100,3519
2020,20412100,3499
2019,20412200,868
2020,20412200,832
2019,20412300,1440
2020,20412300,1414
2019,20413100,1110
2020,20413100,1101
2019,20413200,2433
2020,20413200,2394
2019,20413300,1421
2020,20413300,1378
2019,20415100,1241
2020,20415100,1246
2019,20415200,1527
2020,20415200,1503
2019,20415300,1804
2020,20415300,1800
2019,20417100,7867
2020,20417100,7789
2019,20418100,2097
2020,20418100,2076
2019,20418200,928
2020,20418200,926
2019,20419100,921
2020,20419100,920
2019,20419200,1951
2020,20419200,1933
2019,20423100,4889
2020,20423100,4938
2019,20423200,0
2020,20423200,0
2019,20424100,1727
2020,20424100,1840
2019,20425100,0
2020,20425100,217
2019,20426100,3435
2020,20426100,3383
2019,20427100,3804
2020,20427100,3769
2019,20429100,3381
2020,20429100,3376
2019,20429200,2212
2020,20429200,2223
2019,20430100,4171
2020,20430100,4118
2019,20430200,2947
2020,20430200,2893
2019,20431100,120
2020,20431100,121
2019,20431200,2189
2020,20431200,2150
2019,20431300,1808
2020,20431300,1773
2019,20433100,6025
2020,20433100,6030
2019,20433200,3692
2020,20433200,3867
2019,20434100,1519
2020,20434100,1492
2019,20434200,513
2020,20434200,568
2019,20434300,2561
2020,20434300,2519
2019,20435100,287
2020,20435100,404
2019,20435200,0
2020,20435200,50
2019,20437100,1028
2020,20437100,972
2019,20437200,1173
2020,20437200,1186
2019,20437300,2039
2020,20437300,2071
2019,20438100,2416
2020,20438100,2382
2019,20438200,2832
2020,20438200,2860
2019,20438300,2021
2020,20438300,2063
2019,20440100,2054
2020,20440100,2063
2019,20440200,2241
2020,20440200,2235
2019,20443100,1477
2020,20443100,1489
2019,20444100,2446
2020,20444100,2391
2019,20445100,1178
2020,20445100,1191
2019,20445200,3191
2020,20445200,3115
2019,20447100,2972
2020,20447100,2923
2019,20447200,2303
2020,20447200,2336
2019,20448100,799
2020,20448100,839
2019,20448200,3615
2020,20448200,3563
2019,20450100,4497
2020,20450100,4427
2019,20451100,1950
2020,20451100,1926
2019,20452100,1431
2020,20452100,1433
2019,20452200,1770
2020,20452200,1791
2019,20452300,1239
2020,20452300,1178
2019,20452400,1973
2020,20452400,1969
2019,20454100,3453
2020,20454100,3389
2019,20454200,1600
2020,20454200,1558
2019,20455100,2329
2020,20455100,2323
2019,20455200,2945
2020,20455200,2911
2019,20458100,2187
2020,20458100,2077
2019,20458200,913
2020,20458200,893
2019,20456100,3956
2020,20456100,3919
2019,20460100,1259
2020,20460100,1258
2019,20464100,1431
2020,20464100,1441
2019,20464200,3076
2020,20464200,3041
2019,20465100,2564
2020,20465100,2478
2019,20465200,2181
2020,20465200,2175
2019,20466100,2897
2020,20466100,2865
2019,20466200,5596
2020,20466200,5504
2019,20467100,2070
2020,20467100,2029
2019,20467200,2540
2020,20467200,2536
2019,20467300,954
2020,20467300,970
2019,20470100,2668
2020,20470100,2574
2019,20470200,4174
2020,20470200,4096
2019,20470300,1355
2020,20470300,1351
2019,20471100,3591
2020,20471100,3527
2019,20472100,1881
2020,20472100,1865
2019,20472200,1101
2020,20472200,1106
2019,20472300,2164
2020,20472300,2092
2019,20473100,1335
2020,20473100,1347
2019,20473200,2082
2020,20473200,2072
2019,20473300,902
2020,20473300,923
2019,20475100,5021
2020,20475100,4928
2019,20475200,1346
2020,20475200,1432
2019,20476100,2789
2020,20476100,2787
2019,20476200,3449
2020,20476200,3486
2019,20477100,4525
2020,20477100,4454
2019,20480100,3084
2020,20480100,3029
2019,20480200,1211
2020,20480200,1188
2019,20481100,2884
2020,20481100,2858
2019,20482100,3590
2020,20482100,3535
2019,20483100,3370
2020,20483100,3310
2019,20483200,2729
2020,20483200,2715
2019,20485100,1172
2020,20485100,1159
2019,20485200,1955
2020,20485200,1969
2019,20486100,1340
2020,20486100,1335
2019,20486200,865
2020,20486200,851
2019,20486300,2706
2020,20486300,2728
2019,20487100,3141
2020,20487100,3104
2019,20487200,1109
2020,20487200,1180
2019,20487300,2132
2020,20487300,2158
2019,20488100,2335
2020,20488100,2316
2019,20488200,3225
2020,20488200,3221
2019,20489100,2108
2020,20489100,2115
2019,20489200,3283
2020,20489200,3234
2019,20490100,9077
2020,20490100,8955
2019,20492100,1045
2020,20492100,1069
2019,20492200,1148
2020,20492200,1122
2019,20492300,2639
2020,20492300,2584
2019,20494100,1254
2020,20494100,1238
2019,20494200,2179
2020,20494200,2146
2019,20496100,5151
2020,20496100,5131
2019,20497100,2422
2020,20497100,2356
2019,20497200,1505
2020,20497200,1470
2019,20497300,1314
2020,20497300,1332
2019,20497400,1158
2020,20497400,1199
2019,20498100,978
2020,20498100,962
2019,20498200,1179
2020,20498200,1150
2019,20498300,2182
2020,20498300,2176
2019,20499100,1419
2020,20499100,1416
2019,20499200,1795
2020,20499200,1755
2019,20500100,2266
2020,20500100,2264
2019,20500200,1425
2020,20500200,1424
2019,20500300,2494
2020,20500300,2467
2019,20501100,814
2020,20501100,810
2019,20501200,1827
2020,20501200,1827
2019,20502100,782
2020,20502100,845
2019,20502200,1841
2020,20502200,1851
2019,20503100,2953
2020,20503100,2937
2019,20503200,2891
2020,20503200,2841
2019,20505100,5337
2020,20505100,5284
2019,20506100,776
2020,20506100,777
2019,20506200,1051
2020,20506200,1052
2019,20506300,380
2020,20506300,392
2019,20506400,709
2020,20506400,683
2019,20509100,179
2020,20509100,189
2019,20508100,1430
2020,20508100,1378
2019,20508200,2467
2020,20508200,2401
2019,20513100,2139
2020,20513100,2102
2019,20513200,2263
2020,20513200,2228
2019,20516100,1564
2020,20516100,1576
2019,20516200,3769
2020,20516200,3659
2019,20516300,1507
2020,20516300,1463
2019,20519100,6289
2020,20519100,6289
2019,20520100,3463
2020,20520100,3464
2019,20521100,4034
2020,20521100,3982
2019,20523100,5840
2020,20523100,5741
2019,20524100,2916
2020,20524100,2959
2019,20525100,4036
2020,20525100,3968
2019,20526100,4221
2020,20526100,4217
2019,20533100,1816
2020,20533100,1875
2019,20533200,6057
2020,20533200,5977
2019,20536100,2499
2020,20536100,2510
2019,20536200,1647
2020,20536200,1583
2019,20537100,11015
2020,20537100,10905
2019,20541100,4941
2020,20541100,4984
2019,20542100,2595
2020,20542100,2556
2019,20543100,3956
2020,20543100,3908
2019,20544100,5070
2020,20544100,5001
2019,20544200,2384
2020,20544200,2281
2019,20545100,6844
2020,20545100,6773
2019,20550100,5952
2020,20550100,5901
2019,20554100,1346
2020,20554100,1351
2019,20554200,1374
2020,20554200,1378
2019,20554300,2844
2020,20554300,2837
2019,20556100,1320
2020,20556100,1375
2019,20556200,1430
2020,20556200,1434
2019,20556300,1920
2020,20556300,1958
2019,20556400,1904
2020,20556400,1893
2019,20562100,1650
2020,20562100,1629
2019,20562200,2975
2020,20562200,2854
2019,20562300,1726
2020,20562300,1769
2019,20667100,1517
2020,20667100,1471
2019,20668100,703
2020,20668100,706
2019,20673100,1674
2020,20673100,1637
2019,20673200,1286
2020,20673200,1232
2019,20673300,1263
2020,20673300,1198
2019,20677100,2457
2020,20677100,2448
2019,20677200,1330
2020,20677200,1307
2019,20677300,1451
2020,20677300,1441
2019,20679100,2432
2020,20679100,2372
2019,20679200,1178
2020,20679200,1209
2019,20699100,1916
2020,20699100,1929
2019,20699200,3253
2020,20699200,3240
2019,20702300,1356
2020,20702300,1351
2019,20509200,1685
2020,20509200,1637
2019,20509300,0
2020,20509300,0
2019,20510100,4981
2020,20510100,4895
2019,20510200,1377
2020,20510200,1346
2019,20512100,3178
2020,20512100,3176
2019,20512200,3044
2020,20512200,3045
2019,20514100,1489
2020,20514100,1492
2019,20514200,1853
2020,20514200,1971
2019,20514300,739
2020,20514300,731
2019,20517100,2113
2020,20517100,2125
2019,20517200,2797
2020,20517200,2762
2019,20518100,3790
2020,20518100,3756
2019,20518200,2653
2020,20518200,2654
2019,20518300,793
2020,20518300,804
2019,20527100,942
2020,20527100,894
2019,20527200,888
2020,20527200,895
2019,20527300,1040
2020,20527300,944
2019,20527400,1387
2020,20527400,1386
2019,20528100,1140
2020,20528100,1208
2019,20528200,1986
2020,20528200,1990
2019,20528300,2246
2020,20528300,2212
2019,20530100,1238
2020,20530100,1207
2019,20530200,1477
2020,20530200,1505
2019,20530300,1553
2020,20530300,1580
2019,20531100,2481
2020,20531100,2460
2019,20531200,2387
2020,20531200,2422
2019,20532100,1169
2020,20532100,1184
2019,20532200,1698
2020,20532200,1637
2019,20532300,1727
2020,20532300,1708
2019,20532400,3743
2020,20532400,3765
2019,20534100,864
2020,20534100,832
2019,20534200,1692
2020,20534200,1672
2019,20534300,2681
2020,20534300,2679
2019,20534400,1390
2020,20534400,1407
2019,20535100,2110
2020,20535100,2105
2019,20535200,3083
2020,20535200,3092
2019,20535300,4412
2020,20535300,4344
2019,20539100,1109
2020,20539100,1080
2019,20539200,2892
2020,20539200,2884
2019,20540100,1628
2020,20540100,1637
2019,20540200,3432
2020,20540200,3480
2019,20546100,676
2020,20546100,683
2019,20546200,3647
2020,20546200,3570
2019,20546300,944
2020,20546300,972
2019,20547100,2686
2020,20547100,2690
2019,20547200,2143
2020,20547200,2141
2019,20548100,1985
2020,20548100,1993
2019,20548200,3331
2020,20548200,3281
2019,20549100,5504
2020,20549100,5441
2019,20552100,2589
2020,20552100,2520
2019,20552200,2065
2020,20552200,2041
2019,20552300,1079
2020,20552300,1049
2019,20553100,2471
2020,20553100,2415
2019,20553200,1154
2020,20553200,1128
2019,20553300,3293
2020,20553300,3264
2019,20553400,1519
2020,20553400,1541
2019,20557100,2972
2020,20557100,2932
2019,20557200,2105
2020,20557200,2067
2019,20557300,1377
2020,20557300,1402
2019,20558100,3151
2020,20558100,3084
2019,20559100,4372
2020,20559100,4323
2019,20560100,3132
2020,20560100,3114
2019,20560200,2574
2020,20560200,2478
2019,20560300,1677
2020,20560300,1688
2019,20563100,2103
2020,20563100,2140
2019,20563200,938
2020,20563200,945
2019,20564100,2402
2020,20564100,2376
2019,20564200,897
2020,20564200,878
2019,20565100,2869
2020,20565100,2823
2019,20565200,2028
2020,20565200,2038
2019,20566100,2859
2020,20566100,2806
2019,20567100,2704
2020,20567100,2688
2019,20569100,2105
2020,20569100,2043
2019,20569200,1772
2020,20569200,1768
2019,20569300,907
2020,20569300,956
2019,20573100,2172
2020,20573100,2160
2019,20573200,1748
2020,20573200,1720
2019,20573300,1135
2020,20573300,1121
2019,20511100,3215
2020,20511100,3143
2019,20515100,1677
2020,20515100,1666
2019,20515200,1288
2020,20515200,1300
2019,20515300,2039
2020,20515300,1983
2019,20522100,1422
2020,20522100,1445
2019,20522200,1522
2020,20522200,1493
2019,20522300,2887
2020,20522300,2883
2019,20529100,1843
2020,20529100,1846
2019,20529200,2238
2020,20529200,2189
2019,20538100,3174
2020,20538100,3152
2019,20538200,1347
2020,20538200,1296
2019,20538300,1697
2020,20538300,1671
2019,20551100,2156
2020,20551100,2148
2019,20551200,1861
2020,20551200,1835
2019,20551300,1437
2020,20551300,1415
2019,20551400,880
2020,20551400,881
2019,20551500,860
2020,20551500,842
2019,20555100,718
2020,20555100,716
2019,20555200,2471
2020,20555200,2426
2019,20561100,3012
2020,20561100,2966
2019,20561200,906
2020,20561200,886
2019,20561300,2545
2020,20561300,2537
2019,20563300,751
2020,20563300,828
2019,20563400,1047
2020,20563400,1047
2019,20572100,1629
2020,20572100,1650
2019,20572200,1373
2020,20572200,1401
2019,20575100,1817
2020,20575100,1777
2019,20575200,2235
2020,20575200,2187
2019,20575300,2455
2020,20575300,2400
2019,20576100,2452
2020,20576100,2457
2019,20576200,1646
2020,20576200,1616
2019,20576300,1130
2020,20576300,1114
2019,20587100,4236
2020,20587100,4207
2019,20595100,1098
2020,20595100,1049
2019,20595200,1802
2020,20595200,1792
2019,20595300,1723
2020,20595300,1697
2019,20596100,913
2020,20596100,840
2019,20596200,1391
2020,20596200,1415
2019,20596300,946
2020,20596300,956
2019,20596400,2276
2020,20596400,2247
2019,20596500,902
2020,20596500,930
2019,20603100,1422
2020,20603100,1414
2019,20603200,3049
2020,20603200,3028
2019,20603300,915
2020,20603300,938
2019,20609100,3104
2020,20609100,3068
2019,20609200,1183
2020,20609200,1192
2019,20611100,447
2020,20611100,469
2019,20611200,3114
2020,20611200,3073
2019,20611300,2305
2020,20611300,2289
2019,20622200,1194
2020,20622200,1182
2019,20622300,2325
2020,20622300,2323
2019,20623100,876
2020,20623100,909
2019,20623200,1173
2020,20623200,1171
2019,20623300,2222
2020,20623300,2202
2019,20626100,0
2020,20626100,0
2019,20742100,1241
2020,20742100,1254
2019,20742200,2516
2020,20742200,2516
2019,20743100,3285
2020,20743100,3232
2019,20745100,1524
2020,20745100,1494
2019,20745200,2536
2020,20745200,2496
2019,20751100,2294
2020,20751100,2245
2019,20756100,1432
2020,20756100,1405
2019,20756200,1723
2020,20756200,1727
2019,20759100,1308
2020,20759100,1271
2019,20759200,1279
2020,20759200,1241
2019,20759300,606
2020,20759300,637
2019,20764100,2229
2020,20764100,2177
2019,20764200,2150
2020,20764200,2110
2019,20764300,1036
2020,20764300,1019
2019,20764400,541
2020,20764400,552
2019,20765100,1452
2020,20765100,1420
2019,20765200,1482
2020,20765200,1494
2019,20774100,4640
2020,20774100,4581
2019,20775100,3026
2020,20775100,2982
2019,20775200,2565
2020,20775200,2529
2019,20779100,1394
2020,20779100,1375
2019,20779200,2029
2020,20779200,2009
2019,20779300,1903
2020,20779300,1873
2019,20789100,1241
2020,20789100,1244
2019,20789200,2006
2020,20789200,1963
2019,20838100,4310
2020,20838100,4256
2019,20852100,698
2020,20852100,709
2019,20852200,3275
2020,20852200,3233
2019,20861100,2367
2020,20861100,2378
2019,20861200,1605
2020,20861200,1559
2019,20568100,3968
2020,20568100,3975
2019,20570100,2540
2020,20570100,2553
2019,20570200,2007
2020,20570200,2022
2019,20574100,3208
2020,20574100,3228
2019,20577100,2745
2020,20577100,2691
2019,20577200,1616
2020,20577200,1625
2019,20578100,1777
2020,20578100,1750
2019,20578200,1217
2020,20578200,1168
2019,20578300,1001
2020,20578300,1023
2019,20580100,2315
2020,20580100,2341
2019,20580200,2274
2020,20580200,2251
2019,20581100,1202
2020,20581100,1208
2019,20581200,1164
2020,20581200,1195
2019,20581300,2410
2020,20581300,2396
2019,20584100,2770
2020,20584100,2735
2019,20584200,3438
2020,20584200,3401
2019,20585100,3699
2020,20585100,3652
2019,20585200,688
2020,20585200,687
2019,20586100,1549
2020,20586100,1552
2019,20586200,2262
2020,20586200,2193
2019,20586300,2138
2020,20586300,2104
2019,20588100,3220
2020,20588100,3192
2019,20589100,1654
2020,20589100,1635
2019,20589200,2888
2020,20589200,2857
2019,20589300,1739
2020,20589300,1727
2019,20590100,2864
2020,20590100,2850
2019,20590200,1191
2020,20590200,1176
2019,20590300,2032
2020,20590300,1987
2019,20590400,1042
2020,20590400,1116
2019,20591100,1646
2020,20591100,1667
2019,20591200,1929
2020,20591200,1909
2019,20597100,1642
2020,20597100,1621
2019,20597200,2256
2020,20597200,2242
2019,20598100,1362
2020,20598100,1345
2019,20598200,2152
2020,20598200,2135
2019,20599100,1133
2020,20599100,1081
2019,20599200,1581
2020,20599200,1534
2019,20599300,4120
2020,20599300,4150
2019,20600100,1616
2020,20600100,1654
2019,20600200,974
2020,20600200,915
2019,20604100,2214
2020,20604100,2200
2019,20604200,2972
2020,20604200,2955
2019,20605100,1308
2020,20605100,1280
2019,20605200,2141
2020,20605200,2173
2019,20606100,2898
2020,20606100,2938
2019,20608100,5314
2020,20608100,5317
2019,20608200,1726
2020,20608200,1725
2019,20608300,1511
2020,20608300,1504
2019,20608400,780
2020,20608400,761
2019,20613100,2211
2020,20613100,2181
2019,20613200,3043
2020,20613200,3026
2019,20614100,1233
2020,20614100,1209
2019,20614200,869
2020,20614200,869
2019,20614300,2583
2020,20614300,2677
2019,20615100,2549
2020,20615100,2519
2019,20615200,2474
2020,20615200,2469
2019,20615300,1725
2020,20615300,1672
2019,20617100,1674
2020,20617100,1619
2019,20617200,2635
2020,20617200,2596
2019,20618100,2765
2020,20618100,2711
2019,20618200,1348
2020,20618200,1374
2019,20619100,2334
2020,20619100,2356
2019,20619200,1471
2020,20619200,1458
2019,20624100,809
2020,20624100,795
2019,20624200,1829
2020,20624200,1809
2019,20571100,2147
2020,20571100,2112
2019,20571200,1933
2020,20571200,1907
2019,20571300,1038
2020,20571300,1011
2019,20571400,145
2020,20571400,149
2019,20579100,3008
2020,20579100,2932
2019,20582100,2056
2020,20582100,2013
2019,20582200,1798
2020,20582200,1809
2019,20583100,1423
2020,20583100,1391
2019,20583200,1167
2020,20583200,1182
2019,20583300,2116
2020,20583300,2106
2019,20592100,2657
2020,20592100,2614
2019,20592200,1039
2020,20592200,1010
2019,20593100,1006
2020,20593100,1066
2019,20593200,3095
2020,20593200,3124
2019,20593300,2786
2020,20593300,2777
2019,20594100,1391
2020,20594100,1313
2019,20594200,2661
2020,20594200,2675
2019,20601100,1426
2020,20601100,1418
2019,20601200,3141
2020,20601200,3080
2019,20602100,569
2020,20602100,534
2019,20602200,3229
2020,20602200,3197
2019,20607100,2491
2020,20607100,2471
2019,20607200,1729
2020,20607200,1747
2019,20610100,2691
2020,20610100,2692
2019,20610200,796
2020,20610200,871
2019,20610300,1593
2020,20610300,1608
2019,20612100,4658
2020,20612100,4601
2019,20616100,3234
2020,20616100,3209
2019,20621100,2360
2020,20621100,2342
2019,20621200,1651
2020,20621200,1681
2019,20621300,2093
2020,20621300,2113
2019,20702400,1273
2020,20702400,1268
2019,20713100,2615
2020,20713100,2602
2019,20713200,3572
2020,20713200,3538
2019,20717100,233
2020,20717100,242
2019,20717200,1217
2020,20717200,1145
2019,20717300,930
2020,20717300,886
2019,20717400,1923
2020,20717400,1931
2019,20717500,2
2020,20717500,4
2019,20719100,2536
2020,20719100,2498
2019,20719200,1857
2020,20719200,1833
2019,20719300,743
2020,20719300,721
2019,20719400,2014
2020,20719400,1960
2019,20720200,3199
2020,20720200,3178
2019,20721100,1766
2020,20721100,1778
2019,20721200,4231
2020,20721200,4183
2019,20722100,1230
2020,20722100,1216
2019,20722200,1606
2020,20722200,1588
2019,20722300,1005
2020,20722300,988
2019,20722400,2716
2020,20722400,2681
2019,20723100,3553
2020,20723100,3486
2019,20724100,900
2020,20724100,876
2019,20724200,1710
2020,20724200,1712
2019,20724300,1094
2020,20724300,1041
2019,20724400,1045
2020,20724400,1015
2019,20725100,2705
2020,20725100,2692
2019,20726100,1416
2020,20726100,1379
2019,20726200,2479
2020,20726200,2417
2019,20727100,3067
2020,20727100,2990
2019,20727200,1658
2020,20727200,1681
2019,20728100,1745
2020,20728100,1694
2019,20728200,4455
2020,20728200,4415
2019,20729100,3290
2020,20729100,3232
2019,20730100,1341
2020,20730100,1306
2019,20730200,1749
2020,20730200,1731
2019,20730300,1163
2020,20730300,1144
2019,20731100,1448
2020,20731100,1438
2019,20731200,2326
2020,20731200,2288
2019,20620100,4
2020,20620100,4
2019,20620200,0
2020,20620200,0
2019,20622100,1792
2020,20622100,1807
2019,20625100,2509
2020,20625100,2493
2019,20625200,1460
2020,20625200,1766
2019,20627100,3287
2020,20627100,3253
2019,20628100,2463
2020,20628100,2469
2019,20628200,0
2020,20628200,0
2019,20629100,1104
2020,20629100,1123
2019,20629200,353
2020,20629200,363
2019,20629300,510
2020,20629300,508
2019,20630100,1590
2020,20630100,1671
2019,20630200,2389
2020,20630200,2355
2019,20631100,3926
2020,20631100,3894
2019,20632100,625
2020,20632100,642
2019,20632200,573
2020,20632200,609
2019,20632300,5
2020,20632300,5
2019,20632400,34
2020,20632400,29
2019,20632500,0
2020,20632500,0
2019,20632600,7
2020,20632600,6
2019,20632700,2625
2020,20632700,2629
2019,20632800,21
2020,20632800,21
2019,20633100,1827
2020,20633100,1839
2019,20633200,4
2020,20633200,4
2019,20633300,20
2020,20633300,21
2019,20633400,110
2020,20633400,115
2019,20633500,1684
2020,20633500,1655
2019,20633600,1394
2020,20633600,1389
2019,20633700,0
2020,20633700,0
2019,20634100,3958
2020,20634100,3929
2019,20634200,2056
2020,20634200,2006
2019,20635100,1842
2020,20635100,1790
2019,20635200,1665
2020,20635200,1650
2019,20635300,4
2020,20635300,4
2019,20636100,601
2020,20636100,621
2019,20636200,41
2020,20636200,40
2019,20636300,11
2020,20636300,5
2019,20637100,1981
2020,20637100,1927
2019,20637200,1955
2020,20637200,1957
2019,20637300,11
2020,20637300,13
2019,20637400,3065
2020,20637400,3044
2019,20638100,5571
2020,20638100,5531
2019,20638200,1215
2020,20638200,1205
2019,20638300,1449
2020,20638300,1453
2019,20638400,750
2020,20638400,742
2019,20639100,89
2020,20639100,97
2019,20639200,2827
2020,20639200,2837
2019,20639300,746
2020,20639300,760
2019,20639400,39
2020,20639400,38
2019,20639500,1421
2020,20639500,1405
2019,20640100,29
2020,20640100,31
2019,20640200,1288
2020,20640200,1295
2019,20640300,603
2020,20640300,610
2019,20640400,1220
2020,20640400,1245
2019,20640500,1697
2020,20640500,1685
2019,20640600,1253
2020,20640600,1244
2019,20641100,3067
2020,20641100,2996
2019,20642100,1862
2020,20642100,1860
2019,20642200,553
2020,20642200,568
2019,20643100,3157
2020,20643100,3171
2019,20643200,2632
2020,20643200,2624
2019,20644100,586
2020,20644100,580
2019,20644200,1200
2020,20644200,1214
2019,20645100,2799
2020,20645100,2791
2019,20645200,730
2020,20645200,386
2019,20645300,975
2020,20645300,977
2019,20645400,1194
2020,20645400,1149
2019,20645500,1373
2020,20645500,1371
2019,20646100,3719
2020,20646100,3734
2019,20646200,46
2020,20646200,49
2019,20646300,1710
2020,20646300,1716
2019,20647100,5584
2020,20647100,5565
2019,20647200,4987
2020,20647200,4931
2019,20648100,16
2020,20648100,17
2019,20648200,2212
2020,20648200,2176
2019,20648300,30
2020,20648300,30
2019,20648400,2910
2020,20648400,2899
2019,20971100,2472
2020,20971100,2481
2019,20971200,1523
2020,20971200,1447
2019,20990100,1013
2020,20990100,999
2019,21957100,5747
2020,21957100,5741
2019,21971100,1941
2020,21971100,1920
2019,21971200,1198
2020,21971200,1219
2019,21971300,861
2020,21971300,827
2019,21979100,1163
2020,21979100,1190
2019,21979200,2124
2020,21979200,2134
2019,22007100,1652
2020,22007100,1633
2019,22007200,1209
2020,22007200,1183
2019,22007300,1598
2020,22007300,1595
2019,20655100,4022
2020,20655100,3993
2019,20656100,3031
2020,20656100,3011
2019,20657100,1311
2020,20657100,1315
2019,20657200,4879
2020,20657200,4814
2019,20658100,1837
2020,20658100,1786
2019,20658200,6008
2020,20658200,5917
2019,20659100,3758
2020,20659100,3694
2019,20659200,1473
2020,20659200,1444
2019,20660100,2777
2020,20660100,2726
2019,20661100,2345
2020,20661100,2305
2019,20662100,3078
2020,20662100,3080
2019,20663100,5307
2020,20663100,5232
2019,20663200,2383
2020,20663200,2412
2019,20664100,2849
2020,20664100,2802
2019,20664200,1648
2020,20664200,1609
2019,20664300,1304
2020,20664300,1300
2019,20665100,1663
2020,20665100,1656
2019,20665200,1929
2020,20665200,1913
2019,20665300,2625
2020,20665300,2301
2019,20666100,5634
2020,20666100,5636
2019,20667200,2426
2020,20667200,2361
2019,20667300,1093
2020,20667300,1061
2019,20667400,1018
2020,20667400,1032
2019,20668200,2398
2020,20668200,2318
2019,20668300,1268
2020,20668300,1227
2019,20669100,898
2020,20669100,877
2019,20669200,1556
2020,20669200,1498
2019,20669300,1431
2020,20669300,1425
2019,20670100,1097
2020,20670100,1112
2019,20670200,2142
2020,20670200,2098
2019,20671100,89
2020,20671100,77
2019,20671200,2564
2020,20671200,2549
2019,20671300,1239
2020,20671300,1246
2019,20671400,1308
2020,20671400,1276
2019,20672100,27
2020,20672100,28
2019,20674100,2161
2020,20674100,2151
2019,20674200,2011
2020,20674200,2036
2019,20674300,1439
2020,20674300,1510
2019,20675100,3514
2020,20675100,3480
2019,20675200,3703
2020,20675200,3760
2019,20676100,2537
2020,20676100,2563
2019,20678100,4624
2020,20678100,4567
2019,20678200,4087
2020,20678200,4133
2019,20680100,5559
2020,20680100,5530
2019,20681100,3235
2020,20681100,3214
2019,20684100,4783
2020,20684100,4776
2019,20686100,570
2020,20686100,647
2019,20686200,3125
2020,20686200,3126
2019,20687100,2664
2020,20687100,2645
2019,20687200,2735
2020,20687200,2716
2019,20694100,6349
2020,20694100,6307
2019,20697100,5017
2020,20697100,4978
2019,20697200,1499
2020,20697200,1534
2019,20701100,3980
2020,20701100,3987
2019,20744100,1034
2020,20744100,1022
2019,20744200,573
2020,20744200,568
2019,20744300,762
2020,20744300,791
2019,20744400,1522
2020,20744400,1520
2019,20744500,2564
2020,20744500,2545
2019,20746100,2260
2020,20746100,2252
2019,20746200,1542
2020,20746200,1546
2019,20746300,1579
2020,20746300,1587
2019,20746400,959
2020,20746400,957
2019,20747100,2175
2020,20747100,2151
2019,20747200,2770
2020,20747200,2778
2019,20748100,483
2020,20748100,479
2019,20749100,2747
2020,20749100,2735
2019,20749200,217
2020,20749200,210
2019,20749300,700
2020,20749300,701
2019,20750100,682
2020,20750100,682
2019,20750200,1027
2020,20750200,1013
2019,20750300,1769
2020,20750300,1752
2019,20750400,800
2020,20750400,798
2019,20752100,2971
2020,20752100,2953
2019,20752200,2213
2020,20752200,2222
2019,20753100,3506
2020,20753100,3487
2019,20754100,721
2020,20754100,695
2019,20755100,808
2020,20755100,809
2019,20755200,1087
2020,20755200,1077
2019,20755300,1223
2020,20755300,1211
2019,20757100,3115
2020,20757100,3099
2019,20757200,1302
2020,20757200,1313
2019,20757300,1461
2020,20757300,1463
2019,20758100,878
2020,20758100,857
2019,20758200,1137
2020,20758200,1117
2019,20758300,1261
2020,20758300,1252
2019,20760100,750
2020,20760100,732
2019,20760200,1336
2020,20760200,1310
2019,20760300,1786
2020,20760300,1766
2019,20760400,649
2020,20760400,638
2019,20760500,482
2020,20760500,508
2019,20760600,1364
2020,20760600,1353
2019,20761100,2468
2020,20761100,2436
2019,20761200,700
2020,20761200,697
2019,20761300,1233
2020,20761300,1240
2019,20762100,7
2020,20762100,7
2019,20762200,1844
2020,20762200,1872
2019,20762300,28
2020,20762300,29
2019,20762400,2130
2020,20762400,2108
2019,20763100,811
2020,20763100,812
2019,20763200,696
2020,20763200,701
2019,20763300,1254
2020,20763300,1253
2019,20766100,1662
2020,20766100,1622
2019,20766200,1795
2020,20766200,1759
2019,20766300,819
2020,20766300,824
2019,20767100,1478
2020,20767100,1466
2019,20767200,847
2020,20767200,837
2019,20768100,1609
2020,20768100,1619
2019,20768200,1495
2020,20768200,1502
2019,20768300,364
2020,20768300,356
2019,20769100,1804
2020,20769100,1795
2019,20769200,1391
2020,20769200,1354
2019,20769300,414
2020,20769300,414
2019,20770100,724
2020,20770100,759
2019,20770200,911
2020,20770200,887
2019,20770300,585
2020,20770300,593
2019,20772100,743
2020,20772100,757
2019,20772200,1283
2020,20772200,1281
2019,20772300,1338
2020,20772300,1339
2019,20773100,1200
2020,20773100,1195
2019,20773200,755
2020,20773200,731
2019,20773300,1028
2020,20773300,1025
2019,20773400,916
2020,20773400,954
2019,20777100,823
2020,20777100,1010
2019,20777200,721
2020,20777200,735
2019,20777300,730
2020,20777300,718
2019,20780100,358
2020,20780100,393
2019,20780200,3247
2020,20780200,3241
2019,20783100,1999
2020,20783100,1955
2019,20783200,830
2020,20783200,820
2019,20783300,699
2020,20783300,682
2019,20787100,1327
2020,20787100,1289
2019,20787200,553
2020,20787200,537
2019,20787300,1652
2020,20787300,1650
2019,20787400,1490
2020,20787400,1479
2019,20787500,1710
2020,20787500,1682
2019,20771100,781
2020,20771100,786
2019,20771200,860
2020,20771200,844
2019,20771300,907
2020,20771300,910
2019,20778100,986
2020,20778100,998
2019,20778200,1053
2020,20778200,1045
2019,20778300,1239
2020,20778300,1231
2019,20778400,903
2020,20778400,903
2019,20782100,1433
2020,20782100,1425
2019,20782200,698
2020,20782200,703
2019,20782300,1723
2020,20782300,1699
2019,20782400,1060
2020,20782400,1044
2019,20784100,355
2020,20784100,352
2019,20784200,491
2020,20784200,509
2019,20784300,238
2020,20784300,266
2019,20784400,946
2020,20784400,889
2019,20790100,1901
2020,20790100,1874
2019,20790200,965
2020,20790200,939
2019,20793100,1471
2020,20793100,1469
2019,20793200,1380
2020,20793200,1405
2019,20794100,3823
2020,20794100,3774
2019,20794200,1010
2020,20794200,1030
2019,20795100,5537
2020,20795100,5627
2019,20795200,2066
2020,20795200,2072
2019,20795300,309
2020,20795300,318
2019,20795400,2924
2020,20795400,3003
2019,20799100,633
2020,20799100,627
2019,20802100,1209
2020,20802100,1202
2019,20802200,3362
2020,20802200,3322
2019,20806100,2227
2020,20806100,2239
2019,20807100,844
2020,20807100,844
2019,20807200,2506
2020,20807200,2512
2019,20808100,616
2020,20808100,608
2019,20808200,501
2020,20808200,484
2019,20808300,916
2020,20808300,846
2019,20808400,1083
2020,20808400,1080
2019,20808500,1145
2020,20808500,1146
2019,20809100,888
2020,20809100,883
2019,20809200,995
2020,20809200,974
2019,20809300,245
2020,20809300,266
2019,20809400,658
2020,20809400,655
2019,20815100,2220
2020,20815100,2232
2019,20815200,2583
2020,20815200,2556
2019,20817100,3858
2020,20817100,3816
2019,20818100,847
2020,20818100,822
2019,20818200,2738
2020,20818200,2718
2019,20821100,544
2020,20821100,556
2019,20821200,751
2020,20821200,751
2019,20821300,1269
2020,20821300,1303
2019,20822100,10378
2020,20822100,10304
2019,20824100,3008
2020,20824100,2978
2019,20825100,1134
2020,20825100,1100
2019,20826100,1245
2020,20826100,1235
2019,20826200,3024
2020,20826200,3035
2019,20826300,795
2020,20826300,788
2019,20827100,867
2020,20827100,865
2019,20827200,792
2020,20827200,803
2019,20853100,1014
2020,20853100,1021
2019,20853200,994
2020,20853200,1000
2019,20853300,275
2020,20853300,280
2019,20858100,320
2020,20858100,330
2019,20858200,2417
2020,20858200,2404
2019,20860100,898
2020,20860100,892
2019,20860200,1563
2020,20860200,1562
2019,20866100,1161
2020,20866100,1168
2019,20866200,984
2020,20866200,983
2019,20866300,1881
2020,20866300,1894
2019,20867100,610
2020,20867100,585
2019,20867200,1230
2020,20867200,1243
2019,20870100,4
2020,20870100,4
2019,20870200,435
2020,20870200,430
2019,20870300,1335
2020,20870300,1345
2019,20870400,2040
2020,20870400,2007
2019,20870500,716
2020,20870500,705
2019,20870600,310
2020,20870600,298
2019,20878100,801
2020,20878100,793
2019,20878200,1415
2020,20878200,1411
2019,20878300,917
2020,20878300,924
2019,20878400,1384
2020,20878400,1365
2019,20879100,513
2020,20879100,540
2019,20879200,4
2020,20879200,4
2019,20881100,3113
2020,20881100,3079
2019,20881200,1167
2020,20881200,1166
2019,20882100,1055
2020,20882100,1049
2019,20882200,1330
2020,20882200,1306
2019,20882300,643
2020,20882300,613
2019,20885100,5452
2020,20885100,5438
2019,20893100,3
2020,20893100,3
2019,20897100,132
2020,20897100,129
2019,20897200,1417
2020,20897200,1378
2019,20901100,1746
2020,20901100,1751
2019,20901200,2714
2020,20901200,2732
2019,20901300,2524
2020,20901300,2471
2019,20924100,1852
2020,20924100,1877
2019,20924200,1065
2020,20924200,1106
2019,20924300,1133
2020,20924300,1207
2019,20924400,894
2020,20924400,941
2019,20924500,674
2020,20924500,690
2019,20946100,1100
2020,20946100,1134
2019,20946200,1591
2020,20946200,1663
2019,20946300,926
2020,20946300,931
2019,20946400,605
2020,20946400,601
2019,20946500,491
2020,20946500,481
2019,20946600,1130
2020,20946600,1101
2019,21110100,827
2020,21110100,814
2019,21111100,875
2020,21111100,866
2019,21111200,671
2020,21111200,651
2019,21112100,2825
2020,21112100,2821
2019,21112200,7512
2020,21112200,7429
2019,21116100,1195
2020,21116100,1218
2019,21116200,696
2020,21116200,724
2019,21119100,7
2020,21119100,6
2019,21119200,0
2020,21119200,0
2019,21120100,817
2020,21120100,819
2019,21120200,1240
2020,21120200,1224
2019,21120300,917
2020,21120300,896
2019,21120400,1268
2020,21120400,1274
2019,21122100,607
2020,21122100,621
2019,21122200,4
2020,21122200,4
2019,21122300,755
2020,21122300,757
2019,21129100,1070
2020,21129100,1052
2019,21129200,1361
2020,21129200,1371
2019,21129300,1162
2020,21129300,1126
2019,21130100,774
2020,21130100,776
2019,21130200,1332
2020,21130200,1378
2019,21134100,2
2020,21134100,2
2019,21134200,1264
2020,21134200,1218
2019,21142100,1972
2020,21142100,1724
2019,21142200,1661
2020,21142200,1684
2019,21142300,1235
2020,21142300,1245
2019,21142400,921
2020,21142400,912
2019,21142500,499
2020,21142500,482
2019,21142600,676
2020,21142600,679
2019,21147100,1980
2020,21147100,1992
2019,21147200,8
2020,21147200,7
2019,21152100,877
2020,21152100,880
2019,21152200,2165
2020,21152200,2180
2019,21154100,3
2020,21154100,3
2019,21156100,255
2020,21156100,316
2019,21156200,6162
2020,21156200,6107
2019,21156300,610
2020,21156300,602
2019,20776100,2227
2020,20776100,2156
2019,20776200,2754
2020,20776200,2708
2019,20781100,1626
2020,20781100,1605
2019,20781200,1734
2020,20781200,1712
2019,20785100,178
2020,20785100,182
2019,20786100,4331
2020,20786100,4273
2019,20786200,2130
2020,20786200,2129
2019,20788100,2184
2020,20788100,2169
2019,20788200,3488
2020,20788200,3429
2019,20791100,1340
2020,20791100,1342
2019,20791200,417
2020,20791200,432
2019,20791300,824
2020,20791300,831
2019,20792100,127
2020,20792100,130
2019,20796100,768
2020,20796100,811
2019,20796200,2445
2020,20796200,2427
2019,20796300,2757
2020,20796300,2749
2019,20797100,601
2020,20797100,609
2019,20797200,1188
2020,20797200,1171
2019,20797300,558
2020,20797300,621
2019,20797400,1010
2020,20797400,1007
2019,20798100,745
2020,20798100,739
2019,20798200,941
2020,20798200,946
2019,20798300,1509
2020,20798300,1494
2019,20800100,1098
2020,20800100,1099
2019,20800200,743
2020,20800200,781
2019,20800300,796
2020,20800300,824
2019,20800400,1570
2020,20800400,1554
2019,20801100,9
2020,20801100,11
2019,20801200,105
2020,20801200,116
2019,20801300,1879
2020,20801300,1878
2019,20803100,1523
2020,20803100,1504
2019,20803200,863
2020,20803200,860
2019,20803300,942
2020,20803300,927
2019,20803400,615
2020,20803400,628
2019,20804100,1721
2020,20804100,1676
2019,20804200,1455
2020,20804200,1471
2019,20805100,1322
2020,20805100,1342
2019,20805200,4154
2020,20805200,4144
2019,20810100,1961
2020,20810100,1932
2019,20810200,994
2020,20810200,946
2019,20811100,2036
2020,20811100,2036
2019,20811200,673
2020,20811200,688
2019,20811300,1839
2020,20811300,1801
2019,20811400,1230
2020,20811400,1220
2019,20812100,3827
2020,20812100,3820
2019,20813100,700
2020,20813100,675
2019,20813200,1925
2020,20813200,1927
2019,20813300,1051
2020,20813300,1059
2019,20813400,324
2020,20813400,331
2019,20814100,1630
2020,20814100,1627
2019,20814200,1075
2020,20814200,1211
2019,20816100,1954
2020,20816100,1929
2019,20816200,824
2020,20816200,844
2019,20819100,3117
2020,20819100,3084
2019,20819200,1810
2020,20819200,1776
2019,20820100,2901
2020,20820100,2853
2019,20820200,1688
2020,20820200,1658
2019,20820300,1074
2020,20820300,1112
2019,20823100,3025
2020,20823100,2967
2019,20823200,2539
2020,20823200,2505
2019,20828100,1660
2020,20828100,1593
2019,20829100,2008
2020,20829100,2018
2019,20830100,4083
2020,20830100,4054
2019,20831100,2387
2020,20831100,2366
2019,20832100,147
2020,20832100,147
2019,20833100,2314
2020,20833100,2393
2019,20834100,0
2020,20834100,0
2019,20835100,43
2020,20835100,62
2019,20836100,2942
2020,20836100,2895
2019,20836200,890
2020,20836200,883
2019,20837100,364
2020,20837100,377
2019,20837200,645
2020,20837200,629
2019,20839100,0
2020,20839100,0
2019,20840100,937
2020,20840100,961
2019,20840200,868
2020,20840200,826
2019,20840300,2798
2020,20840300,2749
2019,20841100,5
2020,20841100,5
2019,20842100,1453
2020,20842100,1424
2019,20842200,779
2020,20842200,824
2019,20842300,2035
2020,20842300,2038
2019,20843100,3074
2020,20843100,3041
2019,20843200,2206
2020,20843200,2199
2019,20843300,1195
2020,20843300,1179
2019,20844100,2158
2020,20844100,2145
2019,20844200,1979
2020,20844200,1940
2019,20844300,2366
2020,20844300,2355
2019,20845100,902
2020,20845100,930
2019,20845200,742
2020,20845200,793
2019,20845300,1421
2020,20845300,1420
2019,20846100,2203
2020,20846100,2167
2019,20847100,1523
2020,20847100,1512
2019,20847200,1311
2020,20847200,1352
2019,20848100,1618
2020,20848100,1585
2019,20848200,1162
2020,20848200,1156
2019,20849100,2963
2020,20849100,2945
2019,20849200,2051
2020,20849200,2008
2019,20850100,1878
2020,20850100,1881
2019,20851100,1763
2020,20851100,1764
2019,20854100,692
2020,20854100,687
2019,20856100,1677
2020,20856100,1660
2019,20856200,1408
2020,20856200,1407
2019,20856300,1071
2020,20856300,1062
2019,20856400,486
2020,20856400,528
2019,20857100,3744
2020,20857100,3701
2019,20857200,721
2020,20857200,729
2019,20859100,2017
2020,20859100,2007
2019,20859200,1527
2020,20859200,1515
2019,20859300,3347
2020,20859300,3347
2019,20864100,2661
2020,20864100,2658
2019,20864200,4661
2020,20864200,4651
2019,20864300,945
2020,20864300,949
2019,20865100,2068
2020,20865100,2043
2019,20865200,761
2020,20865200,759
2019,20865300,806
2020,20865300,815
2019,20865400,650
2020,20865400,646
2019,20865500,926
2020,20865500,900
2019,20872100,786
2020,20872100,789
2019,20872200,3465
2020,20872200,3455
2019,20855100,991
2020,20855100,960
2019,20855200,1760
2020,20855200,1738
2019,20855300,381
2020,20855300,371
2019,20862100,836
2020,20862100,828
2019,20862200,1745
2020,20862200,1738
2019,20863100,611
2020,20863100,618
2019,20863200,1230
2020,20863200,1219
2019,20863300,971
2020,20863300,983
2019,20868100,823
2020,20868100,818
2019,20868200,30
2020,20868200,27
2019,20869100,1195
2020,20869100,1182
2019,20869200,1842
2020,20869200,1792
2019,20869300,1244
2020,20869300,1193
2019,20869400,745
2020,20869400,710
2019,20873100,3244
2020,20873100,3254
2019,20875100,1619
2020,20875100,1599
2019,20875200,1929
2020,20875200,1936
2019,20876100,1661
2020,20876100,1640
2019,20876200,1630
2020,20876200,1640
2019,20880100,1930
2020,20880100,1915
2019,20880200,747
2020,20880200,743
2019,20880300,213
2020,20880300,206
2019,20883100,1574
2020,20883100,1553
2019,20883200,829
2020,20883200,809
2019,20883300,322
2020,20883300,289
2019,20884100,1908
2020,20884100,1915
2019,20887100,913
2020,20887100,936
2019,20887200,752
2020,20887200,754
2019,20887300,631
2020,20887300,675
2019,20887400,1641
2020,20887400,1632
2019,20889100,8
2020,20889100,8
2019,20889200,466
2020,20889200,456
2019,20889300,423
2020,20889300,408
2019,20894100,3425
2020,20894100,3402
2019,20894200,1827
2020,20894200,1794
2019,20898100,1406
2020,20898100,1362
2019,20898200,356
2020,20898200,355
2019,20899100,1759
2020,20899100,1777
2019,20899200,618
2020,20899200,591
2019,20899300,1818
2020,20899300,1789
2019,20900100,3025
2020,20900100,3039
2019,20900200,1667
2020,20900200,1668
2019,20900300,1014
2020,20900300,1001
2019,20903100,1129
2020,20903100,1085
2019,20903200,3002
2020,20903200,2989
2019,20903300,1606
2020,20903300,1614
2019,20910100,2410
2020,20910100,2404
2019,20910200,1038
2020,20910200,1036
2019,20910300,1080
2020,20910300,1091
2019,20910400,1110
2020,20910400,1122
2019,20915100,2815
2020,20915100,2768
2019,20915200,733
2020,20915200,706
2019,20915300,1122
2020,20915300,1082
2019,20915400,1838
2020,20915400,1798
2019,20920100,2495
2020,20920100,2468
2019,20920200,2994
2020,20920200,2987
2019,20920300,1278
2020,20920300,1258
2019,20921100,1732
2020,20921100,1727
2019,20921200,1011
2020,20921200,1047
2019,20929100,1098
2020,20929100,1098
2019,20929200,416
2020,20929200,422
2019,20929300,1136
2020,20929300,1133
2019,20929400,1500
2020,20929400,1518
2019,20929500,792
2020,20929500,768
2019,20930100,1522
2020,20930100,1540
2019,20930200,1450
2020,20930200,1443
2019,20930300,1983
2020,20930300,2017
2019,20930400,1079
2020,20930400,1102
2019,20930500,1356
2020,20930500,1350
2019,20930600,1614
2020,20930600,1714
2019,20930700,1114
2020,20930700,1127
2019,20935100,2093
2020,20935100,2095
2019,20935200,3070
2020,20935200,3054
2019,20937100,4218
2020,20937100,4172
2019,20937200,1503
2020,20937200,1500
2019,20937300,1439
2020,20937300,1409
2019,20871100,2123
2020,20871100,2124
2019,20871200,1307
2020,20871200,1305
2019,20874100,1393
2020,20874100,1328
2019,20874200,976
2020,20874200,930
2019,20874300,1569
2020,20874300,1567
2019,20874400,1739
2020,20874400,1813
2019,20877100,918
2020,20877100,967
2019,20877200,763
2020,20877200,728
2019,20877300,1592
2020,20877300,1600
2019,20877400,1198
2020,20877400,1198
2019,20886100,2295
2020,20886100,2255
2019,20886200,845
2020,20886200,863
2019,20891100,1114
2020,20891100,1194
2019,20891200,951
2020,20891200,958
2019,20891300,1209
2020,20891300,1153
2019,20891400,475
2020,20891400,522
2019,20891500,1382
2020,20891500,1386
2019,20891600,1997
2020,20891600,1979
2019,20895100,1871
2020,20895100,1835
2019,20895200,2190
2020,20895200,2157
2019,20895300,2638
2020,20895300,2634
2019,20896100,0
2020,20896100,3
2019,20896200,892
2020,20896200,914
2019,20896300,1534
2020,20896300,1524
2019,20902100,1318
2020,20902100,1283
2019,20902200,957
2020,20902200,961
2019,20902300,469
2020,20902300,462
2019,20904100,1438
2020,20904100,1444
2019,20904200,1031
2020,20904200,1028
2019,20904300,1277
2020,20904300,1221
2019,20907100,827
2020,20907100,800
2019,20907200,2051
2020,20907200,2033
2019,20907300,804
2020,20907300,802
2019,20908100,1596
2020,20908100,1587
2019,20908200,665
2020,20908200,663
2019,20909100,907
2020,20909100,898
2019,20913100,1736
2020,20913100,1697
2019,20913200,918
2020,20913200,913
2019,20914100,883
2020,20914100,880
2019,20914200,1586
2020,20914200,1561
2019,20916100,694
2020,20916100,685
2019,20916200,577
2020,20916200,576
2019,20916300,1220
2020,20916300,1219
2019,20916400,741
2020,20916400,736
2019,20916500,1462
2020,20916500,1450
2019,20918100,1684
2020,20918100,1641
2019,20918200,1126
2020,20918200,1101
2019,20918300,999
2020,20918300,998
2019,20918400,38
2020,20918400,40
2019,20922100,2163
2020,20922100,2161
2019,20922200,730
2020,20922200,730
2019,20925100,1291
2020,20925100,1270
2019,20925200,1443
2020,20925200,1450
2019,20925300,656
2020,20925300,655
2019,20925400,1957
2020,20925400,1924
2019,20926100,574
2020,20926100,584
2019,20926200,7253
2020,20926200,7161
2019,20926300,2660
2020,20926300,2648
2019,20926400,1851
2020,20926400,1809
2019,20928100,1806
2020,20928100,1809
2019,20928200,2164
2020,20928200,2165
2019,20928300,1654
2020,20928300,1644
2019,20936100,1796
2020,20936100,1788
2019,20936200,1128
2020,20936200,1158
2019,20936300,1094
2020,20936300,1114
2019,20938100,698
2020,20938100,701
2019,20938200,1138
2020,20938200,1116
2019,20938300,2273
2020,20938300,2252
2019,20938400,1267
2020,20938400,1250
2019,20942100,2834
2020,20942100,2819
2019,20942200,1013
2020,20942200,1052
2019,20943100,2042
2020,20943100,2050
2019,20943200,724
2020,20943200,713
2019,20943300,1114
2020,20943300,1116
2019,20949100,1119
2020,20949100,1138
2019,20949200,638
2020,20949200,668
2019,20949300,1487
2020,20949300,1479
2019,20949400,995
2020,20949400,984
2019,20951100,1620
2020,20951100,1618
2019,20951200,778
2020,20951200,778
2019,20952100,943
2020,20952100,941
2019,20952200,3199
2020,20952200,3205
2019,20956100,893
2020,20956100,893
2019,20956200,651
2020,20956200,711
2019,20956300,732
2020,20956300,710
2019,20956400,570
2020,20956400,588
2019,20956500,854
2020,20956500,821
2019,20956600,1621
2020,20956600,1643
2019,20961100,1701
2020,20961100,1713
2019,20961200,2559
2020,20961200,2568
2019,20964100,1940
2020,20964100,1921
2019,20964200,1152
2020,20964200,1216
2019,20973100,1974
2020,20973100,1976
2019,20973200,2022
2020,20973200,2022
2019,20973300,1558
2020,20973300,1540
2019,20973400,607
2020,20973400,617
2019,20981100,3751
2020,20981100,3718
2019,20983100,2576
2020,20983100,2537
2019,20983200,1735
2020,20983200,1712
2019,20988100,2586
2020,20988100,2563
2019,20988200,410
2020,20988200,429
2019,20991100,1089
2020,20991100,1118
2019,20991200,3226
2020,20991200,3212
2019,20992100,2155
2020,20992100,2144
2019,20992200,2010
2020,20992200,1976
2019,20996100,2057
2020,20996100,2050
2019,20996200,2160
2020,20996200,2159
2019,20997100,2564
2020,20997100,2578
2019,21008100,4748
2020,21008100,4726
2019,21008200,2647
2020,21008200,2612
2019,20888100,1475
2020,20888100,1448
2019,20888200,1474
2020,20888200,1451
2019,20888300,1136
2020,20888300,1120
2019,20890100,2477
2020,20890100,2460
2019,20892100,1698
2020,20892100,1672
2019,20892200,2403
2020,20892200,2396
2019,20892300,2255
2020,20892300,2214
2019,20905100,1085
2020,20905100,1037
2019,20905200,881
2020,20905200,849
2019,20905300,900
2020,20905300,935
2019,20905400,561
2020,20905400,551
2019,20906100,1651
2020,20906100,1660
2019,20906200,2008
2020,20906200,2028
2019,20906300,840
2020,20906300,796
2019,20911100,2820
2020,20911100,2840
2019,20911200,2232
2020,20911200,2273
2019,20911300,903
2020,20911300,891
2019,20912100,1553
2020,20912100,1587
2019,20912200,834
2020,20912200,824
2019,20917100,2432
2020,20917100,2374
2019,20917200,1018
2020,20917200,1058
2019,20917300,2353
2020,20917300,2388
2019,20919100,1423
2020,20919100,1451
2019,20919200,568
2020,20919200,619
2019,20919300,1871
2020,20919300,1832
2019,20919400,1179
2020,20919400,1173
2019,20923100,2438
2020,20923100,2466
2019,20923200,2033
2020,20923200,2052
2019,20927100,3451
2020,20927100,3369
2019,20927200,2535
2020,20927200,2505
2019,20931100,994
2020,20931100,985
2019,20931200,2142
2020,20931200,2205
2019,20932100,2998
2020,20932100,2981
2019,20932200,1286
2020,20932200,1259
2019,20933100,3029
2020,20933100,2984
2019,20933200,229
2020,20933200,272
2019,20934100,1181
2020,20934100,1110
2019,20934200,1076
2020,20934200,1082
2019,20934300,1319
2020,20934300,1285
2019,20934400,1114
2020,20934400,1123
2019,20939100,4952
2020,20939100,4924
2019,20939200,1990
2020,20939200,1968
2019,20940100,926
2020,20940100,896
2019,20940200,1950
2020,20940200,1914
2019,20940300,1109
2020,20940300,1128
2019,20941100,472
2020,20941100,460
2019,20941200,851
2020,20941200,906
2019,20941300,2128
2020,20941300,2143
2019,20941400,2143
2020,20941400,2122
2019,20947100,1848
2020,20947100,1856
2019,20948100,1336
2020,20948100,1294
2019,20948200,1058
2020,20948200,1042
2019,20948300,1670
2020,20948300,1681
2019,20948400,1138
2020,20948400,1085
2019,20954100,2752
2020,20954100,2769
2019,20954200,1525
2020,20954200,1476
2019,20955100,3289
2020,20955100,3284
2019,20955200,1472
2020,20955200,1515
2019,20955300,2386
2020,20955300,2443
2019,20957100,2100
2020,20957100,2086
2019,20957200,1614
2020,20957200,1594
2019,20959100,2390
2020,20959100,2416
2019,20959200,2335
2020,20959200,2295
2019,20960100,1424
2020,20960100,1402
2019,20960200,964
2020,20960200,952
2019,20962100,917
2020,20962100,889
2019,20962200,971
2020,20962200,929
2019,20962300,741
2020,20962300,732
2019,20962400,1563
2020,20962400,1553
2019,20965100,1736
2020,20965100,1692
2019,20965200,1699
2020,20965200,1725
2019,20965300,629
2020,20965300,606
2019,20967100,1523
2020,20967100,1537
2019,20967200,960
2020,20967200,944
2019,20967300,895
2020,20967300,864
2019,20967400,1607
2020,20967400,1614
2019,20972100,2396
2020,20972100,2395
2019,20972200,1381
2020,20972200,1383
2019,20972300,1459
2020,20972300,1508
2019,20972400,707
2020,20972400,728
2019,20974100,2787
2020,20974100,2793
2019,20974200,2499
2020,20974200,2484
2019,20975100,2004
2020,20975100,2016
2019,20975200,1470
2020,20975200,1484
2019,20975300,1037
2020,20975300,1055
2019,20976100,2847
2020,20976100,2843
2019,20977100,2677
2020,20977100,2701
2019,20978100,1764
2020,20978100,1719
2019,20978200,1135
2020,20978200,1144
2019,20979100,640
2020,20979100,661
2019,20979200,1794
2020,20979200,1795
2019,20979300,1225
2020,20979300,1224
2019,20980100,1926
2020,20980100,1904
2019,20980200,1479
2020,20980200,1483
2019,20980300,706
2020,20980300,710
2019,20980400,1043
2020,20980400,1050
2019,20944100,1866
2020,20944100,1867
2019,20945100,397
2020,20945100,413
2019,20945200,1553
2020,20945200,1555
2019,20945300,1371
2020,20945300,1358
2019,20945400,1353
2020,20945400,1306
2019,20950100,1869
2020,20950100,1827
2019,20950200,1571
2020,20950200,1591
2019,20950300,1558
2020,20950300,1524
2019,20950400,979
2020,20950400,988
2019,20950500,489
2020,20950500,499
2019,20953100,950
2020,20953100,967
2019,20953200,791
2020,20953200,765
2019,20953300,1035
2020,20953300,1039
2019,20958100,3170
2020,20958100,3158
2019,20958200,2528
2020,20958200,2512
2019,20963100,1701
2020,20963100,1682
2019,20963200,1989
2020,20963200,2004
2019,20966100,641
2020,20966100,654
2019,20966200,2245
2020,20966200,2221
2019,20968100,1095
2020,20968100,1024
2019,20968200,2068
2020,20968200,2071
2019,20969100,2155
2020,20969100,2076
2019,20969200,870
2020,20969200,803
2019,20970100,1078
2020,20970100,1065
2019,20970200,1724
2020,20970200,1736
2019,20970300,1285
2020,20970300,1232
2019,20970400,467
2020,20970400,483
2019,20982100,2173
2020,20982100,2223
2019,20982200,2120
2020,20982200,2106
2019,20984100,1354
2020,20984100,1383
2019,20984200,1764
2020,20984200,1765
2019,20984300,633
2020,20984300,632
2019,20984400,1352
2020,20984400,1342
2019,20985100,671
2020,20985100,670
2019,20985200,1773
2020,20985200,1761
2019,20986100,756
2020,20986100,751
2019,20986200,1383
2020,20986200,1387
2019,20986300,1391
2020,20986300,1275
2019,20987100,908
2020,20987100,951
2019,20987200,955
2020,20987200,976
2019,20987300,1673
2020,20987300,1667
2019,20989100,3436
2020,20989100,3382
2019,20989200,883
2020,20989200,876
2019,20990200,2082
2020,20990200,2093
2019,21001100,2310
2020,21001100,2336
2019,21001200,1375
2020,21001200,1402
2019,21002100,159
2020,21002100,183
2019,21002200,2384
2020,21002200,2324
2019,21002300,797
2020,21002300,777
2019,21002400,695
2020,21002400,691
2019,21003100,1231
2020,21003100,1216
2019,21003200,734
2020,21003200,749
2019,21003300,1251
2020,21003300,1227
2019,21010100,2934
2020,21010100,2902
2019,21010200,1540
2020,21010200,1499
2019,21011100,1445
2020,21011100,1429
2019,21011200,2409
2020,21011200,2421
2019,21016100,3728
2020,21016100,3774
2019,21025100,2310
2020,21025100,2329
2019,21025200,2155
2020,21025200,2171
2019,21026100,2155
2020,21026100,2092
2019,21026200,1597
2020,21026200,1604
2019,21027100,1667
2020,21027100,1678
2019,21027200,499
2020,21027200,474
2019,21028100,5129
2020,21028100,5072
2019,21029100,1180
2020,21029100,1140
2019,21029200,2223
2020,21029200,2196
2019,21030100,2416
2020,21030100,2432
2019,21035100,2734
2020,21035100,2751
2019,21035200,1822
2020,21035200,1833
2019,21051100,1952
2020,21051100,1911
2019,21057100,1830
2020,21057100,1807
2019,21057200,1581
2020,21057200,1604
2019,21058100,2248
2020,21058100,2255
2019,21058200,1996
2020,21058200,1976
2019,21059100,381
2020,21059100,383
2019,21059200,974
2020,21059200,975
2019,21059300,3697
2020,21059300,3731
2019,21060100,174
2020,21060100,140
2019,21060200,1471
2020,21060200,1485
2019,21060300,1352
2020,21060300,1373
2019,21061100,1662
2020,21061100,1645
2019,21061200,1126
2020,21061200,1152
2019,21061300,3228
2020,21061300,3206
2019,21067100,2502
2020,21067100,2504
2019,21087100,2667
2020,21087100,2643
2019,21087200,678
2020,21087200,732
2019,21088100,2093
2020,21088100,2117
2019,21088200,820
2020,21088200,759
2019,21089100,1630
2020,21089100,1625
2019,21089200,2314
2020,21089200,2285
2019,21090100,1112
2020,21090100,1095
2019,21090200,1060
2020,21090200,1102
2019,21090300,861
2020,21090300,903
2019,21090400,1079
2020,21090400,1097
2019,21090500,1768
2020,21090500,1757
2019,21102100,312
2020,21102100,317
2019,21102200,1798
2020,21102200,1735
2019,21102300,430
2020,21102300,444
2019,21102400,1684
2020,21102400,1655
2019,20993100,1486
2020,20993100,1480
2019,20993200,1541
2020,20993200,1514
2019,20993300,1277
2020,20993300,1219
2019,20993400,2054
2020,20993400,2051
2019,20993500,1405
2020,20993500,1413
2019,20994100,1726
2020,20994100,1723
2019,20994200,2138
2020,20994200,2125
2019,20995100,1657
2020,20995100,1624
2019,20995200,2921
2020,20995200,2940
2019,21004100,2383
2020,21004100,2368
2019,21004200,1933
2020,21004200,1927
2019,21006100,1828
2020,21006100,1769
2019,21006200,3542
2020,21006200,3475
2019,21018100,2817
2020,21018100,2780
2019,21018200,840
2020,21018200,863
2019,21018300,1839
2020,21018300,1840
2019,21019100,3256
2020,21019100,3239
2019,21019200,1557
2020,21019200,1666
2019,21020100,1397
2020,21020100,1329
2019,21020200,3829
2020,21020200,3790
2019,21031100,1658
2020,21031100,1660
2019,21031200,2042
2020,21031200,2038
2019,21032100,2970
2020,21032100,2944
2019,21034100,3920
2020,21034100,3831
2019,21045100,3792
2020,21045100,3786
2019,21052100,1213
2020,21052100,1176
2019,21052200,1912
2020,21052200,1889
2019,21053100,2266
2020,21053100,2226
2019,21053200,2926
2020,21053200,2924
2019,21054100,3161
2020,21054100,3094
2019,21054200,1378
2020,21054200,1390
2019,21068100,2761
2020,21068100,2740
2019,21071100,2080
2020,21071100,2094
2019,21071200,812
2020,21071200,805
2019,21074100,2525
2020,21074100,2482
2019,21074200,831
2020,21074200,870
2019,21074300,436
2020,21074300,403
2019,21082100,3094
2020,21082100,3066
2019,21083100,3245
2020,21083100,3191
2019,21084100,7
2020,21084100,26
2019,21084200,94
2020,21084200,145
2019,21093100,2555
2020,21093100,2549
2019,21100100,1354
2020,21100100,1350
2019,21100200,1654
2020,21100200,1616
2019,21100300,799
2020,21100300,808
2019,21105100,144
2020,21105100,139
2019,21913100,2769
2020,21913100,2733
2019,21914100,1576
2020,21914100,1570
2019,21914200,2257
2020,21914200,2398
2019,21916100,1930
2020,21916100,1881
2019,21921100,90
2020,21921100,90
2019,20998100,1424
2020,20998100,1401
2019,20998200,1172
2020,20998200,1113
2019,20998300,1718
2020,20998300,1672
2019,20999100,821
2020,20999100,850
2019,20999200,1101
2020,20999200,1103
2019,20999300,1729
2020,20999300,1733
2019,21000100,1403
2020,21000100,1444
2019,21000200,2267
2020,21000200,2209
2019,21000300,1268
2020,21000300,1204
2019,21000400,1307
2020,21000400,1308
2019,21005100,1796
2020,21005100,1751
2019,21005200,1131
2020,21005200,1132
2019,21005300,2025
2020,21005300,2024
2019,21007100,2285
2020,21007100,2244
2019,21007200,1337
2020,21007200,1303
2019,21007300,2189
2020,21007300,2104
2019,21007400,993
2020,21007400,1063
2019,21009100,1590
2020,21009100,1566
2019,21009200,3099
2020,21009200,3031
2019,21012100,723
2020,21012100,706
2019,21012200,2001
2020,21012200,1936
2019,21012300,874
2020,21012300,845
2019,21012400,1163
2020,21012400,1144
2019,21012500,1265
2020,21012500,1244
2019,21013100,1056
2020,21013100,977
2019,21013200,1356
2020,21013200,1310
2019,21013300,2116
2020,21013300,2072
2019,21014100,1329
2020,21014100,1426
2019,21014200,2786
2020,21014200,2755
2019,21014300,1700
2020,21014300,1613
2019,21014400,160
2020,21014400,169
2019,21014500,721
2020,21014500,753
2019,21038100,2957
2020,21038100,2952
2019,21038200,1200
2020,21038200,1206
2019,21038300,1260
2020,21038300,1242
2019,21039100,1260
2020,21039100,1275
2019,21039200,2018
2020,21039200,1981
2019,21039300,1133
2020,21039300,1129
2019,21040100,1802
2020,21040100,1838
2019,21040200,2351
2020,21040200,2343
2019,21040300,1608
2020,21040300,1552
2019,21040400,1416
2020,21040400,1427
2019,21040500,1229
2020,21040500,1246
2019,21041100,2319
2020,21041100,2326
2019,21041200,4505
2020,21041200,4347
2019,21042100,1940
2020,21042100,1925
2019,21042200,2373
2020,21042200,2376
2019,21043100,846
2020,21043100,900
2019,21043200,2182
2020,21043200,2159
2019,21044100,2217
2020,21044100,2198
2019,21044200,1414
2020,21044200,1415
2019,21044300,1445
2020,21044300,1415
2019,21044400,1693
2020,21044400,1597
2019,21069100,3956
2020,21069100,3869
2019,21072100,3475
2020,21072100,3507
2019,21073100,2476
2020,21073100,2449
2019,21073200,1853
2020,21073200,1840
2019,21076100,1412
2020,21076100,1409
2019,21076200,1524
2020,21076200,1457
2019,21077100,1488
2020,21077100,1531
2019,21077200,1642
2020,21077200,1677
2019,21077300,2429
2020,21077300,2419
2019,21078100,2938
2020,21078100,2935
2019,21078200,1490
2020,21078200,1464
2019,21078300,2048
2020,21078300,2012
2019,21079100,2095
2020,21079100,2079
2019,21079200,2539
2020,21079200,2523
2019,21079300,2062
2020,21079300,2053
2019,21080100,1212
2020,21080100,1249
2019,21080200,1980
2020,21080200,2014
2019,21080300,1996
2020,21080300,1874
2019,21080400,1493
2020,21080400,1526
2019,21081100,2801
2020,21081100,2753
2019,21081200,2342
2020,21081200,2409
2019,21094100,1815
2020,21094100,1768
2019,21094200,2819
2020,21094200,2770
2019,21095100,2366
2020,21095100,2300
2019,21095200,3539
2020,21095200,3516
2019,21096100,710
2020,21096100,748
2019,21096200,2601
2020,21096200,2566
2019,21098100,4686
2020,21098100,4605
2019,21099100,3820
2020,21099100,3761
2019,21101100,2701
2020,21101100,2677
2019,21101200,1465
2020,21101200,1547
2019,21104200,1803
2020,21104200,1810
2019,21104300,1780
2020,21104300,1762
2019,21104400,1050
2020,21104400,1058
2019,21246100,2960
2020,21246100,2922
2019,21246200,544
2020,21246200,559
2019,21247100,2086
2020,21247100,2030
2019,21248100,4136
2020,21248100,4070
2019,21489300,1926
2020,21489300,1872
2019,21492100,1117
2020,21492100,1101
2019,21015100,2980
2020,21015100,2977
2019,21017100,1802
2020,21017100,1770
2019,21017200,3279
2020,21017200,3248
2019,21021100,1731
2020,21021100,1685
2019,21021200,2985
2020,21021200,2963
2019,21022100,3512
2020,21022100,3471
2019,21022200,3221
2020,21022200,3222
2019,21023100,3615
2020,21023100,3604
2019,21024100,1654
2020,21024100,1689
2019,21024200,1782
2020,21024200,1793
2019,21024300,832
2020,21024300,812
2019,21033100,2406
2020,21033100,2403
2019,21033200,1229
2020,21033200,1214
2019,21036100,2916
2020,21036100,2919
2019,21037100,1055
2020,21037100,1038
2019,21037200,2502
2020,21037200,2503
2019,21046100,2951
2020,21046100,2932
2019,21046200,1307
2020,21046200,1267
2019,21047100,3691
2020,21047100,3671
2019,21048100,2588
2020,21048100,2596
2019,21049100,3444
2020,21049100,3491
2019,21050100,1694
2020,21050100,1644
2019,21055100,3894
2020,21055100,3849
2019,21055200,1778
2020,21055200,1759
2019,21056100,3281
2020,21056100,3304
2019,21056200,2056
2020,21056200,2162
2019,21062100,2818
2020,21062100,2822
2019,21063100,2431
2020,21063100,2341
2019,21063200,3222
2020,21063200,3165
2019,21064100,984
2020,21064100,968
2019,21064200,1856
2020,21064200,1812
2019,21065100,1396
2020,21065100,1392
2019,21065200,1182
2020,21065200,1147
2019,21066100,3462
2020,21066100,3414
2019,21070100,2925
2020,21070100,2948
2019,21075100,872
2020,21075100,877
2019,21075200,2350
2020,21075200,2354
2019,21085100,798
2020,21085100,844
2019,21085200,4087
2020,21085200,4069
2019,21086100,3511
2020,21086100,3516
2019,21091100,4878
2020,21091100,4875
2019,21092100,968
2020,21092100,964
2019,21092200,1726
2020,21092200,1699
2019,21092300,2557
2020,21092300,2506
2019,21097100,3217
2020,21097100,3252
2019,21103100,2790
2020,21103100,2774
2019,21096300,566
2020,21096300,562
2019,21104100,1622
2020,21104100,1636
2019,21489100,2773
2020,21489100,2827
2019,21489200,3017
2020,21489200,3021
2019,21490100,2176
2020,21490100,2190
2019,21490200,2787
2020,21490200,2687
2019,21490300,1812
2020,21490300,1781
2019,21491100,2324
2020,21491100,2319
2019,21491200,1467
2020,21491200,1429
2019,21491300,1188
2020,21491300,1273
2019,21492200,3782
2020,21492200,3730
2019,21492300,1622
2020,21492300,1643
2019,21493100,3273
2020,21493100,3198
2019,21494100,2647
2020,21494100,2555
2019,21499100,2858
2020,21499100,2791
2019,21499200,2556
2020,21499200,2549
2019,21499300,2047
2020,21499300,1966
2019,21500100,3091
2020,21500100,3037
2019,21500200,2932
2020,21500200,2842
2019,21501100,2058
2020,21501100,2028
2019,21501200,1464
2020,21501200,1540
2019,21507100,1245
2020,21507100,1227
2019,21507200,1048
2020,21507200,1039
2019,21507300,1402
2020,21507300,1416
2019,21507400,1470
2020,21507400,1468
2019,21508100,2370
2020,21508100,2361
2019,21508200,2865
2020,21508200,2812
2019,21508300,1368
2020,21508300,1336
2019,21508400,1174
2020,21508400,1245
2019,21509100,2272
2020,21509100,2192
2019,21509200,3083
2020,21509200,3093
2019,21510100,936
2020,21510100,969
2019,21510200,2929
2020,21510200,2861
2019,21511100,1859
2020,21511100,1847
2019,21511200,2639
2020,21511200,2626
2019,21511300,1555
2020,21511300,1540
2019,21511400,1655
2020,21511400,1610
2019,21511500,1391
2020,21511500,1395
2019,21513100,2785
2020,21513100,2782
2019,21513200,1319
2020,21513200,1293
2019,21513300,1661
2020,21513300,1675
2019,21513400,1783
2020,21513400,1740
2019,21514100,831
2020,21514100,923
2019,21514200,2192
2020,21514200,2143
2019,21515100,985
2020,21515100,1089
2019,21515200,2303
2020,21515200,2276
2019,21515300,2762
2020,21515300,2690
2019,21516100,1192
2020,21516100,1184
2019,21516200,3284
2020,21516200,3283
2019,21518100,1369
2020,21518100,1338
2019,21518200,987
2020,21518200,1055
2019,21518300,1320
2020,21518300,1357
2019,21518400,1555
2020,21518400,1518
2019,21518500,1548
2020,21518500,1589
2019,21527100,1311
2020,21527100,1248
2019,21527200,1796
2020,21527200,1807
2019,21527300,1292
2020,21527300,1338
2019,21527400,1963
2020,21527400,1916
2019,21538100,2320
2020,21538100,2171
2019,21538200,2232
2020,21538200,2158
2019,21539100,2567
2020,21539100,2473
2019,21539200,2033
2020,21539200,1978
2019,21549100,3134
2020,21549100,3148
2019,21549200,1705
2020,21549200,1619
2019,21556100,2642
2020,21556100,2595
2019,21556200,567
2020,21556200,599
2019,21556300,1185
2020,21556300,1157
2019,21556400,1346
2020,21556400,1345
2019,21564100,2096
2020,21564100,2062
2019,21564200,3698
2020,21564200,3613
2019,21564300,1358
2020,21564300,1278
2019,21568100,1547
2020,21568100,1521
2019,21570100,2522
2020,21570100,2515
2019,21570200,3290
2020,21570200,3216
2019,21573100,1734
2020,21573100,1709
2019,21573200,3008
2020,21573200,2966
2019,21573300,1753
2020,21573300,1713
2019,21106100,1584
2020,21106100,1619
2019,21106200,3289
2020,21106200,3212
2019,21107100,2704
2020,21107100,2641
2019,21107200,4370
2020,21107200,4321
2019,21108100,3160
2020,21108100,3107
2019,21108200,911
2020,21108200,895
2019,21108300,1845
2020,21108300,1789
2019,21109100,404
2020,21109100,402
2019,21109200,1037
2020,21109200,997
2019,21502100,3110
2020,21502100,3021
2019,21503100,3379
2020,21503100,3309
2019,21504100,2397
2020,21504100,2342
2019,21504200,3165
2020,21504200,3106
2019,21505100,2303
2020,21505100,2284
2019,21505200,3147
2020,21505200,3097
2019,21506100,1606
2020,21506100,1671
2019,21506200,1536
2020,21506200,1625
2019,21506300,1410
2020,21506300,1440
2019,21512100,557
2020,21512100,631
2019,21512200,2399
2020,21512200,2359
2019,21517100,1586
2020,21517100,1632
2019,21517200,1522
2020,21517200,1494
2019,21517300,291
2020,21517300,300
2019,21517400,1003
2020,21517400,979
2019,21519100,1767
2020,21519100,1783
2019,21519200,2553
2020,21519200,2525
2019,21519300,1424
2020,21519300,1403
2019,21520100,1920
2020,21520100,1901
2019,21520200,1459
2020,21520200,1472
2019,21523100,2308
2020,21523100,2274
2019,21523200,2385
2020,21523200,2360
2019,21524100,4585
2020,21524100,4504
2019,21525100,2858
2020,21525100,2805
2019,21525200,2117
2020,21525200,2073
2019,21528100,1555
2020,21528100,1520
2019,21528200,3462
2020,21528200,3393
2019,21531100,2642
2020,21531100,2602
2019,21531200,1475
2020,21531200,1514
2019,21532100,3780
2020,21532100,3733
2019,21535100,4617
2020,21535100,4527
2019,21536100,2869
2020,21536100,2770
2019,21536200,1829
2020,21536200,1836
2019,21537100,2138
2020,21537100,2136
2019,21537200,1377
2020,21537200,1373
2019,21545100,2642
2020,21545100,2592
2019,21545200,1794
2020,21545200,1774
2019,21550100,3026
2020,21550100,2992
2019,21550200,1343
2020,21550200,1368
2019,21552100,264
2020,21552100,303
2019,21552200,2175
2020,21552200,2148
2019,21552300,2172
2020,21552300,2164
2019,21557100,1376
2020,21557100,1350
2019,21557200,2562
2020,21557200,2435
2019,21557300,2266
2020,21557300,2275
2019,21558100,1391
2020,21558100,1387
2019,21558200,1808
2020,21558200,1868
2019,21924100,2489
2020,21924100,2444
2019,21924200,248
2020,21924200,242
2019,21924300,485
2020,21924300,470
2019,21113100,1602
2020,21113100,1561
2019,21113200,4200
2020,21113200,4181
2019,21114100,1532
2020,21114100,1527
2019,21115100,1126
2020,21115100,1123
2019,21115200,714
2020,21115200,713
2019,21115300,2138
2020,21115300,2099
2019,21117100,696
2020,21117100,696
2019,21117200,557
2020,21117200,569
2019,21117300,484
2020,21117300,476
2019,21117400,1049
2020,21117400,1042
2019,21117500,1977
2020,21117500,1960
2019,21117600,1008
2020,21117600,1024
2019,21117700,195
2020,21117700,238
2019,21118100,0
2020,21118100,0
2019,21121100,452
2020,21121100,475
2019,21121200,1147
2020,21121200,1130
2019,21121300,218
2020,21121300,222
2019,21121400,1008
2020,21121400,1005
2019,21123100,1516
2020,21123100,1500
2019,21123200,2267
2020,21123200,2263
2019,21123300,1202
2020,21123300,1181
2019,21124100,1081
2020,21124100,1084
2019,21124200,2980
2020,21124200,2981
2019,21125100,1341
2020,21125100,1338
2019,21125200,942
2020,21125200,970
2019,21125300,1206
2020,21125300,1236
2019,21126100,1393
2020,21126100,1408
2019,21126200,1347
2020,21126200,1304
2019,21126300,2159
2020,21126300,2142
2019,21127100,1034
2020,21127100,1030
2019,21127200,785
2020,21127200,770
2019,21127300,680
2020,21127300,686
2019,21127400,827
2020,21127400,810
2019,21127500,1270
2020,21127500,1313
2019,21127600,697
2020,21127600,689
2019,21127700,0
2020,21127700,0
2019,21128100,2194
2020,21128100,2162
2019,21128200,530
2020,21128200,501
2019,21131100,1780
2020,21131100,1754
2019,21131200,2297
2020,21131200,2302
2019,21131300,1895
2020,21131300,1912
2019,21131400,673
2020,21131400,690
2019,21132100,2538
2020,21132100,2558
2019,21132200,427
2020,21132200,429
2019,21133100,3065
2020,21133100,3048
2019,21133200,1279
2020,21133200,1269
2019,21135100,1119
2020,21135100,1148
2019,21135200,2614
2020,21135200,2623
2019,21136100,2369
2020,21136100,2355
2019,21136200,810
2020,21136200,793
2019,21137100,3079
2020,21137100,3050
2019,21138100,22
2020,21138100,21
2019,21138200,0
2020,21138200,0
2019,21139100,1648
2020,21139100,1655
2019,21139200,1056
2020,21139200,1053
2019,21139300,1401
2020,21139300,1389
2019,21139400,1073
2020,21139400,1096
2019,21139500,634
2020,21139500,684
2019,21139600,562
2020,21139600,580
2019,21139700,1346
2020,21139700,1339
2019,21140100,1781
2020,21140100,1783
2019,21140200,1201
2020,21140200,1193
2019,21140300,977
2020,21140300,993
2019,21140400,576
2020,21140400,571
2019,21141100,1159
2020,21141100,1156
2019,21143100,2238
2020,21143100,2236
2019,21143200,2138
2020,21143200,2134
2019,21143300,2292
2020,21143300,2289
2019,21144100,1387
2020,21144100,1348
2019,21145100,2041
2020,21145100,2045
2019,21145200,1981
2020,21145200,1981
2019,21145300,2976
2020,21145300,2972
2019,21146100,8
2020,21146100,9
2019,21146200,0
2020,21146200,0
2019,21148100,1667
2020,21148100,1674
2019,21148200,1322
2020,21148200,1333
2019,21148300,1693
2020,21148300,1697
2019,21149100,2861
2020,21149100,2851
2019,21149200,2699
2020,21149200,2664
2019,21149300,1698
2020,21149300,1690
2019,21150100,2399
2020,21150100,2374
2019,21150200,1536
2020,21150200,1535
2019,21150300,2602
2020,21150300,2620
2019,21150400,1142
2020,21150400,1135
2019,21151100,1
2020,21151100,1
2019,21153100,2289
2020,21153100,2224
2019,21153200,1682
2020,21153200,1702
2019,21153300,1341
2020,21153300,1324
2019,21157100,342
2020,21157100,405
2019,21157200,859
2020,21157200,852
2019,21157300,728
2020,21157300,750
2019,21157400,1294
2020,21157400,1295
2019,21157500,1229
2020,21157500,1223
2019,21157600,1417
2020,21157600,1413
2019,21160100,1381
2020,21160100,1404
2019,21160200,1367
2020,21160200,1358
2019,21160300,1565
2020,21160300,1551
2019,21163100,2012
2020,21163100,2014
2019,21163200,825
2020,21163200,846
2019,21163300,1290
2020,21163300,1322
2019,21163400,1294
2020,21163400,1257
2019,21164100,1072
2020,21164100,1108
2019,21164200,1394
2020,21164200,1376
2019,21164300,3314
2020,21164300,3328
2019,21155100,1668
2020,21155100,1645
2019,21155200,917
2020,21155200,906
2019,21155300,1396
2020,21155300,1382
2019,21158100,2757
2020,21158100,2744
2019,21158200,799
2020,21158200,728
2019,21158300,408
2020,21158300,411
2019,21158400,547
2020,21158400,535
2019,21158500,560
2020,21158500,548
2019,21158600,1077
2020,21158600,1017
2019,21158700,1098
2020,21158700,1088
2019,21158800,388
2020,21158800,388
2019,21161100,1543
2020,21161100,1546
2019,21161200,2539
2020,21161200,2524
2019,21161300,810
2020,21161300,807
2019,21161400,1295
2020,21161400,1263
2019,21165100,2706
2020,21165100,2669
2019,21165200,1628
2020,21165200,1616
2019,21166100,3416
2020,21166100,3367
2019,21172100,3530
2020,21172100,3490
2019,21172200,2107
2020,21172200,2097
2019,21174100,1207
2020,21174100,1192
2019,21174200,1482
2020,21174200,1499
2019,21174300,1360
2020,21174300,1315
2019,21174400,1364
2020,21174400,1365
2019,21174500,1447
2020,21174500,1437
2019,21175100,2141
2020,21175100,2153
2019,21175200,1692
2020,21175200,1650
2019,21175300,2979
2020,21175300,3060
2019,21182100,1746
2020,21182100,1826
2019,21182200,1532
2020,21182200,1606
2019,21182300,1579
2020,21182300,1706
2019,21183100,2610
2020,21183100,2585
2019,21183200,1356
2020,21183200,1353
2019,21187100,3451
2020,21187100,3432
2019,21187200,2506
2020,21187200,2451
2019,21188100,3378
2020,21188100,3341
2019,21188200,1837
2020,21188200,1847
2019,21189100,1986
2020,21189100,1966
2019,21189200,2293
2020,21189200,2268
2019,21190100,2916
2020,21190100,2921
2019,21190200,2660
2020,21190200,2673
2019,21196100,1014
2020,21196100,1007
2019,21196200,1546
2020,21196200,1511
2019,21198100,9016
2020,21198100,8948
2019,21199100,3095
2020,21199100,3097
2019,21205100,1577
2020,21205100,1567
2019,21205200,1266
2020,21205200,1281
2019,21205300,1544
2020,21205300,1625
2019,21205400,3387
2020,21205400,3350
2019,21205500,3385
2020,21205500,3355
2019,21206100,9
2020,21206100,12
2019,21210100,9660
2020,21210100,9644
2019,21224100,943
2020,21224100,935
2019,21224200,1726
2020,21224200,1724
2019,21224300,960
2020,21224300,951
2019,21159100,2404
2020,21159100,2356
2019,21159200,2188
2020,21159200,2182
2019,21159300,55
2020,21159300,87
2019,21159400,421
2020,21159400,410
2019,21162100,1775
2020,21162100,1755
2019,21162200,1993
2020,21162200,1996
2019,21162300,1130
2020,21162300,1117
2019,21167100,1421
2020,21167100,1396
2019,21167200,2099
2020,21167200,2054
2019,21168100,1561
2020,21168100,1532
2019,21168200,348
2020,21168200,353
2019,21169100,3535
2020,21169100,3492
2019,21169200,765
2020,21169200,766
2019,21169300,2467
2020,21169300,2446
2019,21171100,2058
2020,21171100,2021
2019,21171200,2869
2020,21171200,2827
2019,21176100,1284
2020,21176100,1329
2019,21176200,1303
2020,21176200,1313
2019,21177100,1565
2020,21177100,1545
2019,21177200,2352
2020,21177200,2369
2019,21178100,3049
2020,21178100,3018
2019,21178200,3290
2020,21178200,3290
2019,21180100,3319
2020,21180100,3255
2019,21181100,3122
2020,21181100,3062
2019,21181200,1114
2020,21181200,1060
2019,21181300,2454
2020,21181300,2432
2019,21184100,3521
2020,21184100,3475
2019,21191100,1178
2020,21191100,1188
2019,21192100,3785
2020,21192100,3760
2019,21192200,2289
2020,21192200,2254
2019,21193100,787
2020,21193100,814
2019,21194100,1801
2020,21194100,1790
2019,21194200,3637
2020,21194200,3592
2019,21195100,2351
2020,21195100,2323
2019,21195200,2954
2020,21195200,2929
2019,21200100,4850
2020,21200100,4911
2019,21201100,3183
2020,21201100,3178
2019,21201200,2140
2020,21201200,2180
2019,21203100,2318
2020,21203100,2294
2019,21208100,1616
2020,21208100,1615
2019,21208200,1009
2020,21208200,1003
2019,21211100,3914
2020,21211100,3863
2019,21212100,2412
2020,21212100,2432
2019,21213100,1928
2020,21213100,1943
2019,21213200,2234
2020,21213200,2250
2019,21214100,1154
2020,21214100,1155
2019,21214200,1229
2020,21214200,1252
2019,21215100,2782
2020,21215100,2760
2019,21217100,2612
2020,21217100,2626
2019,21218100,1166
2020,21218100,1154
2019,21218200,1376
2020,21218200,1373
2019,21219100,873
2020,21219100,875
2019,21219200,671
2020,21219200,686
2019,21219300,1655
2020,21219300,1644
2019,21170100,617
2020,21170100,612
2019,21170200,686
2020,21170200,716
2019,21170300,1691
2020,21170300,1695
2019,21170400,1635
2020,21170400,1658
2019,21170500,2563
2020,21170500,2534
2019,21173100,2289
2020,21173100,2288
2019,21173200,1933
2020,21173200,1965
2019,21173300,843
2020,21173300,886
2019,21173400,2386
2020,21173400,2364
2019,21173500,1917
2020,21173500,1915
2019,21185100,1505
2020,21185100,1518
2019,21185200,1217
2020,21185200,1263
2019,21185300,1340
2020,21185300,1343
2019,21185400,1508
2020,21185400,1524
2019,21185500,1363
2020,21185500,1357
2019,21186100,2464
2020,21186100,2461
2019,21186200,2146
2020,21186200,2145
2019,21186300,2607
2020,21186300,2603
2019,21186400,1428
2020,21186400,1415
2019,21204100,1202
2020,21204100,1164
2019,21204200,12
2020,21204200,8
2019,21204300,2462
2020,21204300,2392
2019,21204400,1272
2020,21204400,1271
2019,21209100,1109
2020,21209100,1092
2019,21209200,2731
2020,21209200,2673
2019,21209300,2220
2020,21209300,2183
2019,21216100,2447
2020,21216100,2460
2019,21216200,1527
2020,21216200,1531
2019,21221100,1921
2020,21221100,1878
2019,21221200,1180
2020,21221200,1155
2019,21223100,883
2020,21223100,893
2019,21223200,514
2020,21223200,550
2019,21223300,963
2020,21223300,967
2019,21223400,1270
2020,21223400,1268
2019,21223500,1013
2020,21223500,983
2019,21223600,1427
2020,21223600,1424
2019,21223700,1688
2020,21223700,1711
2019,21225100,3189
2020,21225100,3163
2019,21225200,1346
2020,21225200,1347
2019,21226100,1018
2020,21226100,1004
2019,21226200,1426
2020,21226200,1380
2019,21226300,526
2020,21226300,487
2019,21226400,866
2020,21226400,824
2019,21227100,411
2020,21227100,418
2019,21227200,309
2020,21227200,332
2019,21227300,253
2020,21227300,280
2019,21228100,1429
2020,21228100,1414
2019,21228200,1325
2020,21228200,1320
2019,21228300,898
2020,21228300,918
2019,21229100,3295
2020,21229100,3259
2019,21229200,1196
2020,21229200,1197
2019,21230100,2081
2020,21230100,2099
2019,21230200,2617
2020,21230200,2621
2019,21230300,1440
2020,21230300,1444
2019,21230400,1497
2020,21230400,1484
2019,21231100,1549
2020,21231100,1513
2019,21231200,1887
2020,21231200,1856
2019,21232100,1909
2020,21232100,2033
2019,21232200,1455
2020,21232200,1412
2019,21233100,3724
2020,21233100,3637
2019,21233200,2332
2020,21233200,2320
2019,21233300,1238
2020,21233300,1212
2019,21233400,1563
2020,21233400,1519
2019,21234100,2172
2020,21234100,2158
2019,21234200,4839
2020,21234200,4798
2019,21235100,1960
2020,21235100,1932
2019,21235200,2876
2020,21235200,2832
2019,21236100,1766
2020,21236100,1757
2019,21237100,1605
2020,21237100,1640
2019,21237200,3008
2020,21237200,2966
2019,21237300,2520
2020,21237300,2481
2019,21238100,1649
2020,21238100,1637
2019,21238200,2309
2020,21238200,2281
2019,21239100,1232
2020,21239100,1213
2019,21239200,3153
2020,21239200,3102
2019,21240100,1087
2020,21240100,1147
2019,21240200,1988
2020,21240200,2001
2019,21241100,2273
2020,21241100,2266
2019,21241200,1779
2020,21241200,1771
2019,21241300,2218
2020,21241300,2169
2019,21241400,1550
2020,21241400,1515
2019,21242100,3113
2020,21242100,3079
2019,21242200,4100
2020,21242200,4096
2019,21243100,2457
2020,21243100,2438
2019,21243200,1032
2020,21243200,989
2019,21243300,1644
2020,21243300,1637
2019,21244100,791
2020,21244100,836
2019,21244200,1746
2020,21244200,1728
2019,21245100,2589
2020,21245100,2523
2019,21245200,734
2020,21245200,731
2019,21179100,967
2020,21179100,961
2019,21179200,1395
2020,21179200,1389
2019,21179300,3103
2020,21179300,3128
2019,21179400,1463
2020,21179400,1440
2019,21197100,237
2020,21197100,259
2019,21197200,1269
2020,21197200,1262
2019,21197300,450
2020,21197300,477
2019,21197400,1101
2020,21197400,1124
2019,21197500,1074
2020,21197500,1072
2019,21197600,1790
2020,21197600,1798
2019,21202100,1093
2020,21202100,1066
2019,21202200,1489
2020,21202200,1478
2019,21202300,2940
2020,21202300,2934
2019,21202400,2131
2020,21202400,2107
2019,21207100,1854
2020,21207100,1835
2019,21207200,310
2020,21207200,335
2019,21220100,1205
2020,21220100,1210
2019,21220200,1944
2020,21220200,1929
2019,21220300,1872
2020,21220300,1851
2019,21220400,820
2020,21220400,813
2019,21222100,1838
2020,21222100,1846
2019,21222200,2738
2020,21222200,2742
2019,21222300,1267
2020,21222300,1263
2019,21262100,1714
2020,21262100,1653
2019,21262200,2671
2020,21262200,2638
2019,21263100,2443
2020,21263100,2417
2019,21263200,1429
2020,21263200,1405
2019,21264100,977
2020,21264100,954
2019,21264200,631
2020,21264200,638
2019,21264300,2180
2020,21264300,2177
2019,21264400,883
2020,21264400,917
2019,21265100,1302
2020,21265100,1296
2019,21265200,1481
2020,21265200,1468
2019,21265300,1047
2020,21265300,1031
2019,21265400,1147
2020,21265400,1149
2019,21266100,4608
2020,21266100,4706
2019,21266200,2082
2020,21266200,2096
2019,21267100,5392
2020,21267100,5366
2019,21267200,762
2020,21267200,755
2019,21268100,937
2020,21268100,923
2019,21268200,788
2020,21268200,796
2019,21268300,569
2020,21268300,574
2019,21268400,783
2020,21268400,769
2019,21270100,198
2020,21270100,206
2019,21270200,366
2020,21270200,380
2019,21270300,770
2020,21270300,782
2019,21271100,808
2020,21271100,800
2019,21272100,3269
2020,21272100,3232
2019,21274100,8507
2020,21274100,8478
2019,21275100,317
2020,21275100,355
2019,21276100,0
2020,21276100,15
2019,21277100,3737
2020,21277100,3731
2019,21280100,4
2020,21280100,5
2019,21280200,4
2020,21280200,4
2019,21281100,8
2020,21281100,8
2019,21281200,29
2020,21281200,30
2019,21282100,1148
2020,21282100,1145
2019,21283100,7671
2020,21283100,7678
2019,21284100,1024
2020,21284100,1015
2019,21284200,1502
2020,21284200,1498
2019,21284300,1044
2020,21284300,1097
2019,21284400,1036
2020,21284400,1002
2019,21285100,2532
2020,21285100,2521
2019,21285200,1296
2020,21285200,1350
2019,21287100,1189
2020,21287100,1211
2019,21287200,1286
2020,21287200,1269
2019,21287300,2238
2020,21287300,2179
2019,21291100,1571
2020,21291100,1588
2019,21291200,2665
2020,21291200,2689
2019,21291300,2817
2020,21291300,2820
2019,21292100,1357
2020,21292100,1372
2019,21292200,1104
2020,21292200,1110
2019,21292300,1356
2020,21292300,1414
2019,21292400,730
2020,21292400,761
2019,21292500,828
2020,21292500,844
2019,21293100,181
2020,21293100,208
2019,21293200,130
2020,21293200,131
2019,21293300,166
2020,21293300,197
2019,21295100,1315
2020,21295100,1264
2019,21295200,1355
2020,21295200,1386
2019,21295300,2870
2020,21295300,2810
2019,21249100,2628
2020,21249100,2627
2019,21249200,1999
2020,21249200,2021
2019,21250100,3832
2020,21250100,4091
2019,21251100,1480
2020,21251100,1494
2019,21251200,2240
2020,21251200,2240
2019,21252100,4859
2020,21252100,4842
2019,21253100,1934
2020,21253100,1894
2019,21254100,2679
2020,21254100,2667
2019,21254200,3173
2020,21254200,3172
2019,21255100,1011
2020,21255100,1003
2019,21255200,656
2020,21255200,667
2019,21255300,1666
2020,21255300,1653
2019,21255400,776
2020,21255400,758
2019,21255500,838
2020,21255500,846
2019,21256100,4497
2020,21256100,4456
2019,21257100,2194
2020,21257100,2186
2019,21257200,1576
2020,21257200,1587
2019,21257300,1397
2020,21257300,1426
2019,21258100,2850
2020,21258100,2824
2019,21259100,2739
2020,21259100,2738
2019,21259200,2472
2020,21259200,2440
2019,21259300,1780
2020,21259300,1774
2019,21259400,173
2020,21259400,177
2019,21260100,1249
2020,21260100,1270
2019,21260200,2039
2020,21260200,2063
2019,21260300,563
2020,21260300,584
2019,21260400,727
2020,21260400,798
2019,21260500,837
2020,21260500,831
2019,21260600,725
2020,21260600,759
2019,21261100,2649
2020,21261100,2621
2019,21269100,2747
2020,21269100,2736
2019,21273100,1774
2020,21273100,1774
2019,21278100,1298
2020,21278100,1311
2019,21278200,1331
2020,21278200,1331
2019,21278300,1969
2020,21278300,1975
2019,21278400,1864
2020,21278400,1843
2019,21278500,2300
2020,21278500,2267
2019,21279100,4086
2020,21279100,4023
2019,21286100,1954
2020,21286100,1944
2019,21286200,1096
2020,21286200,1085
2019,21286300,2604
2020,21286300,2607
2019,21289100,2423
2020,21289100,2411
2019,21289200,1327
2020,21289200,1321
2019,21289300,2434
2020,21289300,2423
2019,21290100,1582
2020,21290100,1560
2019,21290200,1803
2020,21290200,1800
2019,21294100,2608
2020,21294100,2636
2019,21294200,1944
2020,21294200,1896
2019,21294300,2533
2020,21294300,2472
2019,21296100,741
2020,21296100,758
2019,21296200,2037
2020,21296200,2005
2019,21296300,4046
2020,21296300,4057
2019,21298100,3895
2020,21298100,3843
2019,99999999,3684
2020,99999999,3660
2019,21288100,1365
2020,21288100,1340
2019,21288200,2086
2020,21288200,2078
2019,21297100,2032
2020,21297100,2060
2019,21297200,1100
2020,21297200,1081
2019,21299100,1086
2020,21299100,1089
2019,21299200,647
2020,21299200,637
2019,21299300,1152
2020,21299300,1176
2019,21299400,2354
2020,21299400,2316
2019,21300100,1256
2020,21300100,1220
2019,21300200,2708
2020,21300200,2644
2019,21300300,2163
2020,21300300,2130
2019,21301100,4392
2020,21301100,4323
2019,21302100,962
2020,21302100,976
2019,21302200,3974
2020,21302200,3950
2019,21303100,2487
2020,21303100,2446
2019,21303200,2364
2020,21303200,2425
2019,21304100,915
2020,21304100,864
2019,21304200,621
2020,21304200,650
2019,21305100,1219
2020,21305100,1198
2019,21305200,2613
2020,21305200,2594
2019,21305300,3526
2020,21305300,3489
2019,21306100,4288
2020,21306100,4235
2019,21306200,2223
2020,21306200,2161
2019,21307100,2841
2020,21307100,2795
2019,21308100,1258
2020,21308100,1198
2019,21308200,3373
2020,21308200,3369
2019,21308300,1661
2020,21308300,1656
2019,21309100,1503
2020,21309100,1464
2019,21309200,1646
2020,21309200,1638
2019,21310100,1652
2020,21310100,1659
2019,21310200,3112
2020,21310200,3087
2019,21311100,3702
2020,21311100,3605
2019,21311200,1359
2020,21311200,1365
2019,21311300,1377
2020,21311300,1350
2019,21311400,1454
2020,21311400,1459
2019,21312100,27
2020,21312100,26
2019,21312200,226
2020,21312200,235
2019,21313100,1391
2020,21313100,1395
2019,21313200,1961
2020,21313200,1909
2019,21313300,1795
2020,21313300,1720
2019,21313400,2836
2020,21313400,2810
2019,21314100,316
2020,21314100,380
2019,21314200,4922
2020,21314200,4848
2019,21314300,280
2020,21314300,303
2019,21315100,1213
2020,21315100,1203
2019,21315200,2575
2020,21315200,2528
2019,21317100,2960
2020,21317100,2905
2019,21317200,1207
2020,21317200,1207
2019,21317300,879
2020,21317300,844
2019,21321100,872
2020,21321100,862
2019,21321200,2970
2020,21321200,2963
2019,21322100,5359
2020,21322100,5284
2019,21323100,1629
2020,21323100,1620
2019,21323200,1414
2020,21323200,1375
2019,21323300,1230
2020,21323300,1218
2019,21323400,844
2020,21323400,845
2019,21323500,1167
2020,21323500,1028
2019,21324100,1826
2020,21324100,1795
2019,21324200,2058
2020,21324200,1986
2019,21325100,3089
2020,21325100,3016
2019,21325200,1264
2020,21325200,1273
2019,21329100,3056
2020,21329100,3024
2019,21329200,1738
2020,21329200,1721
2019,21329300,2125
2020,21329300,2153
2019,21330100,1286
2020,21330100,1338
2019,21330200,144
2020,21330200,160
2019,21330300,1461
2020,21330300,1468
2019,21331100,85
2020,21331100,84
2019,21331200,3301
2020,21331200,3218
2019,21333100,4235
2020,21333100,4162
2019,21334100,3838
2020,21334100,3824
2019,21337100,1295
2020,21337100,1328
2019,21337200,1815
2020,21337200,1741
2019,21341100,3271
2020,21341100,3236
2019,21341200,1543
2020,21341200,1582
2019,21342100,2671
2020,21342100,2649
2019,21342200,1166
2020,21342200,1141
2019,21343100,3677
2020,21343100,3686
2019,21344100,2094
2020,21344100,2103
2019,21344200,1318
2020,21344200,1306
2019,21346100,1637
2020,21346100,1628
2019,21346200,2315
2020,21346200,2306
2019,21347100,15
2020,21347100,14
2019,21347200,34
2020,21347200,38
2019,21347300,2
2020,21347300,2
2019,21348100,4182
2020,21348100,4142
2019,21352100,1658
2020,21352100,1650
2019,21352200,2531
2020,21352200,2447
2019,21354100,137
2020,21354100,134
2019,21354200,1914
2020,21354200,1885
2019,21354300,336
2020,21354300,348
2019,21354400,598
2020,21354400,636
2019,21360100,1884
2020,21360100,1879
2019,21360200,499
2020,21360200,517
2019,21364100,0
2020,21364100,0
2019,21316100,3905
2020,21316100,4050
2019,21318100,3890
2020,21318100,3986
2019,21318200,4426
2020,21318200,4559
2019,21319100,2462
2020,21319100,2851
2019,21319200,2890
2020,21319200,3788
2019,21320100,1635
2020,21320100,1588
2019,21320200,2794
2020,21320200,2751
2019,21326100,975
2020,21326100,982
2019,21326200,2002
2020,21326200,2042
2019,21326300,1907
2020,21326300,1897
2019,21326400,2093
2020,21326400,2082
2019,21327100,3535
2020,21327100,3467
2019,21327200,2094
2020,21327200,2081
2019,21328100,4010
2020,21328100,3956
2019,21332100,1436
2020,21332100,1449
2019,21332200,1957
2020,21332200,1958
2019,21332300,676
2020,21332300,665
2019,21335100,2721
2020,21335100,2710
2019,21335200,2314
2020,21335200,2310
2019,21336100,1134
2020,21336100,1119
2019,21336200,2841
2020,21336200,2791
2019,21336300,1897
2020,21336300,1889
2019,21336400,2257
2020,21336400,2228
2019,21338100,3448
2020,21338100,3398
2019,21339100,2081
2020,21339100,2023
2019,21339200,926
2020,21339200,912
2019,21339300,1435
2020,21339300,1445
2019,21339400,2325
2020,21339400,2365
2019,21340100,2977
2020,21340100,2985
2019,21345100,1763
2020,21345100,1750
2019,21345200,2430
2020,21345200,2465
2019,21349100,798
2020,21349100,773
2019,21349200,2561
2020,21349200,2535
2019,21349300,1296
2020,21349300,1290
2019,21349400,2167
2020,21349400,2135
2019,21350100,5381
2020,21350100,5349
2019,21351100,6490
2020,21351100,6453
2019,21351200,933
2020,21351200,937
2019,21353100,2340
2020,21353100,2486
2019,21353200,5
2020,21353200,4
2019,21353300,1578
2020,21353300,1584
2019,21353400,0
2020,21353400,0
2019,21355100,3
2020,21355100,3
2019,21356100,2513
2020,21356100,2512
2019,21356200,2464
2020,21356200,2447
2019,21356300,1395
2020,21356300,1363
2019,21357100,0
2020,21357100,0
2019,21357200,0
2020,21357200,0
2019,21361100,1084
2020,21361100,1063
2019,21361200,959
2020,21361200,974
2019,21361300,720
2020,21361300,733
2019,21362100,607
2020,21362100,632
2019,21362200,1180
2020,21362200,1196
2019,21362300,1517
2020,21362300,1506
2019,21362400,1698
2020,21362400,1667
2019,21496100,552
2020,21496100,570
2019,21496200,1326
2020,21496200,1313
2019,21496300,1333
2020,21496300,1322
2019,21358100,1421
2020,21358100,1388
2019,21359100,1707
2020,21359100,1648
2019,21363100,71
2020,21363100,74
2019,21363200,5
2020,21363200,5
2019,21495100,1136
2020,21495100,1176
2019,21495200,11
2020,21495200,9
2019,21497100,1566
2020,21497100,1539
2019,21497200,1662
2020,21497200,1605
2019,21497300,1510
2020,21497300,1434
2019,21497400,6
2020,21497400,8
2019,21498100,1284
2020,21498100,1287
2019,21498200,1586
2020,21498200,1636
2019,21498300,2105
2020,21498300,2104
2019,21521100,2639
2020,21521100,2646
2019,21521200,754
2020,21521200,827
2019,21522100,2299
2020,21522100,2257
2019,21522200,848
2020,21522200,770
2019,21522300,1060
2020,21522300,1084
2019,21522400,1910
2020,21522400,1898
2019,21526100,975
2020,21526100,998
2019,21526200,2856
2020,21526200,2867
2019,21526300,681
2020,21526300,670
2019,21529100,716
2020,21529100,725
2019,21529200,1950
2020,21529200,1900
2019,21529300,1085
2020,21529300,1098
2019,21529400,1186
2020,21529400,1111
2019,21529500,940
2020,21529500,862
2019,21530100,1377
2020,21530100,1438
2019,21530200,2023
2020,21530200,2048
2019,21530300,1211
2020,21530300,1263
2019,21530400,670
2020,21530400,634
2019,21530500,847
2020,21530500,839
2019,21530600,755
2020,21530600,772
2019,21546100,1502
2020,21546100,1424
2019,21546200,1878
2020,21546200,1868
2019,21548100,545
2020,21548100,523
2019,21548200,876
2020,21548200,850
2019,21548300,1126
2020,21548300,1183
2019,21548400,819
2020,21548400,929
2019,21551100,3220
2020,21551100,3249
2019,21554100,1696
2020,21554100,1677
2019,21554200,1441
2020,21554200,1496
2019,21554300,1790
2020,21554300,1905
2019,21554400,1067
2020,21554400,1096
2019,21563100,1312
2020,21563100,1346
2019,21563200,969
2020,21563200,1010
2019,21563300,1739
2020,21563300,1742
2019,21563400,1876
2020,21563400,1898
2019,21565100,4370
2020,21565100,4335
2019,21569100,3798
2020,21569100,3813
2019,21572100,1613
2020,21572100,1895
2019,21572200,2780
2020,21572200,2748
2019,21574100,2145
2020,21574100,2110
2019,21574200,1797
2020,21574200,1774
2019,21574300,920
2020,21574300,875
2019,21574400,2453
2020,21574400,2412
2019,21579100,1805
2020,21579100,1774
2019,21579200,1967
2020,21579200,1861
2019,21579300,1676
2020,21579300,1643
2019,21581100,1205
2020,21581100,1194
2019,21581200,627
2020,21581200,646
2019,21581300,2356
2020,21581300,2346
2019,21583100,821
2020,21583100,825
2019,21583200,2096
2020,21583200,2166
2019,21586100,1606
2020,21586100,1626
2019,21586200,4116
2020,21586200,4122
2019,21595100,1128
2020,21595100,1176
2019,21595200,1370
2020,21595200,1364
2019,21595300,1521
2020,21595300,1528
2019,21595400,889
2020,21595400,847
2019,21597100,1133
2020,21597100,1140
2019,21597200,1578
2020,21597200,1600
2019,21605100,2495
2020,21605100,2542
2019,21621100,1781
2020,21621100,1817
2019,21621200,1446
2020,21621200,1451
2019,21622100,4333
2020,21622100,4300
2019,21622200,1803
2020,21622200,1830
2019,21623100,1109
2020,21623100,1138
2019,21623200,1627
2020,21623200,1653
2019,21623300,2352
2020,21623300,2350
2019,21628100,3604
2020,21628100,3574
2019,21628200,1713
2020,21628200,1716
2019,21643100,3222
2020,21643100,3262
2019,21643200,2428
2020,21643200,2409
2019,21654100,4052
2020,21654100,4014
2019,21654200,3090
2020,21654200,3113
2019,21672100,5235
2020,21672100,5254
2019,21672200,2353
2020,21672200,2371
2019,21673100,3921
2020,21673100,4007
2019,21673200,2401
2020,21673200,2495
2019,21673300,1998
2020,21673300,1987
2019,21365100,16
2020,21365100,23
2019,21365200,13
2020,21365200,11
2019,21367100,251
2020,21367100,272
2019,21367200,672
2020,21367200,673
2019,21369100,31
2020,21369100,31
2019,21369200,17
2020,21369200,16
2019,21369300,24
2020,21369300,26
2019,21369400,2
2020,21369400,2
2019,21370100,1357
2020,21370100,1360
2019,21370200,1812
2020,21370200,1794
2019,21370300,2103
2020,21370300,2074
2019,21371100,2244
2020,21371100,2223
2019,21371200,1443
2020,21371200,1422
2019,21371300,1772
2020,21371300,1714
2019,21372100,2962
2020,21372100,2984
2019,21372200,2239
2020,21372200,2212
2019,21375100,1909
2020,21375100,1909
2019,21376100,1154
2020,21376100,1160
2019,21376200,859
2020,21376200,847
2019,21376300,1218
2020,21376300,1210
2019,21378100,928
2020,21378100,956
2019,21378200,1143
2020,21378200,1137
2019,21378300,2376
2020,21378300,2393
2019,21379100,1817
2020,21379100,1855
2019,21379200,3
2020,21379200,91
2019,21379300,0
2020,21379300,0
2019,21380100,1578
2020,21380100,1600
2019,21380200,1904
2020,21380200,1899
2019,21380300,2876
2020,21380300,2833
2019,21382100,2105
2020,21382100,2114
2019,21382200,2406
2020,21382200,2376
2019,21384100,2017
2020,21384100,2036
2019,21384200,3269
2020,21384200,3252
2019,21384300,2236
2020,21384300,2192
2019,21386100,710
2020,21386100,735
2019,21386200,774
2020,21386200,765
2019,21386300,1505
2020,21386300,1498
2019,21388100,2277
2020,21388100,2313
2019,21388200,3309
2020,21388200,3305
2019,21390100,2641
2020,21390100,2706
2019,21393100,3524
2020,21393100,3612
2019,21394100,1646
2020,21394100,1676
2019,21394200,1867
2020,21394200,1899
2019,21397100,412
2020,21397100,433
2019,21399100,1024
2020,21399100,1015
2019,21399200,1262
2020,21399200,1302
2019,21399300,1614
2020,21399300,1592
2019,21400100,1051
2020,21400100,1028
2019,21400200,2644
2020,21400200,2631
2019,21400300,1320
2020,21400300,1312
2019,21400400,214
2020,21400400,315
2019,21400500,551
2020,21400500,643
2019,21401100,1729
2020,21401100,1704
2019,21401200,1170
2020,21401200,1145
2019,21401300,1925
2020,21401300,1936
2019,21401400,1028
2020,21401400,1080
2019,21401500,1485
2020,21401500,1552
2019,21401600,782
2020,21401600,823
2019,21402100,2578
2020,21402100,2550
2019,21402200,1954
2020,21402200,2049
2019,21403100,2224
2020,21403100,2232
2019,21403200,4064
2020,21403200,4094
2019,21404100,2262
2020,21404100,2270
2019,21404200,2345
2020,21404200,2386
2019,21366100,2046
2020,21366100,2099
2019,21366200,2086
2020,21366200,2117
2019,21368100,4197
2020,21368100,4147
2019,21373100,1810
2020,21373100,1781
2019,21373200,1729
2020,21373200,1737
2019,21374100,1182
2020,21374100,1235
2019,21377100,961
2020,21377100,937
2019,21381100,1964
2020,21381100,1942
2019,21381200,2850
2020,21381200,2749
2019,21381300,1686
2020,21381300,1679
2019,21383100,4911
2020,21383100,4917
2019,21383200,1674
2020,21383200,1693
2019,21383300,1717
2020,21383300,1688
2019,21385100,2534
2020,21385100,2521
2019,21385200,894
2020,21385200,892
2019,21387100,2445
2020,21387100,2390
2019,21387200,670
2020,21387200,665
2019,21389100,1179
2020,21389100,1185
2019,21389200,1816
2020,21389200,1794
2019,21389300,1975
2020,21389300,1956
2019,21389400,765
2020,21389400,777
2019,21391100,1744
2020,21391100,1731
2019,21391200,3297
2020,21391200,3293
2019,21392100,959
2020,21392100,945
2019,21392200,1959
2020,21392200,1948
2019,21392300,1018
2020,21392300,992
2019,21395100,3975
2020,21395100,3964
2019,21396100,4369
2020,21396100,4297
2019,21396200,3149
2020,21396200,3113
2019,21398100,1699
2020,21398100,1645
2019,21398200,2948
2020,21398200,2900
2019,21398300,1935
2020,21398300,1919
2019,21398400,960
2020,21398400,934
2019,21405100,2438
2020,21405100,2412
2019,21405200,1015
2020,21405200,944
2019,21405300,1593
2020,21405300,1614
2019,21407100,2188
2020,21407100,2203
2019,21408100,3088
2020,21408100,3086
2019,21408200,2170
2020,21408200,2148
2019,21412100,2386
2020,21412100,2392
2019,21412200,2196
2020,21412200,2182
2019,21412300,3278
2020,21412300,3254
2019,21414100,739
2020,21414100,757
2019,21414200,1396
2020,21414200,1410
2019,21414300,1936
2020,21414300,1949
2019,21414400,2290
2020,21414400,2273
2019,21416100,828
2020,21416100,830
2019,21416200,1323
2020,21416200,1301
2019,21416300,778
2020,21416300,749
2019,21416400,1460
2020,21416400,1452
2019,21416500,1273
2020,21416500,1289
2019,21417100,1725
2020,21417100,1700
2019,21417200,2430
2020,21417200,2365
2019,21417300,1245
2020,21417300,1262
2019,21421100,2016
2020,21421100,2021
2019,21421200,2046
2020,21421200,2001
2019,21421300,1264
2020,21421300,1264
2019,21421400,1060
2020,21421400,1061
2019,21426100,3504
2020,21426100,3500
2019,21426200,2988
2020,21426200,2951
2019,21426300,1186
2020,21426300,1149
2019,21426400,1075
2020,21426400,1078
2019,21428100,1585
2020,21428100,1620
2019,21428200,2237
2020,21428200,2204
2019,21428300,2862
2020,21428300,2783
2019,21433100,1653
2020,21433100,1631
2019,21433200,3392
2020,21433200,3378
2019,21436100,2785
2020,21436100,2791
2019,21436200,1251
2020,21436200,1219
2019,21442100,3929
2020,21442100,3925
2019,21445100,1142
2020,21445100,1137
2019,21445200,1553
2020,21445200,1530
2019,21406100,1580
2020,21406100,1571
2019,21409100,2563
2020,21409100,2544
2019,21409200,2099
2020,21409200,2097
2019,21410100,2963
2020,21410100,2970
2019,21411100,1670
2020,21411100,1719
2019,21411200,2426
2020,21411200,2404
2019,21415100,2732
2020,21415100,2782
2019,21415200,1865
2020,21415200,1894
2019,21418100,2066
2020,21418100,2113
2019,21418200,2473
2020,21418200,2451
2019,21419100,2941
2020,21419100,2963
2019,21419200,1075
2020,21419200,1069
2019,21420100,2312
2020,21420100,2312
2019,21420200,1800
2020,21420200,1795
2019,21422100,1741
2020,21422100,1720
2019,21422200,1485
2020,21422200,1478
2019,21422300,973
2020,21422300,957
2019,21423100,1767
2020,21423100,1735
2019,21423200,2548
2020,21423200,2577
2019,21424100,2153
2020,21424100,2091
2019,21424200,1653
2020,21424200,1604
2019,21425100,2072
2020,21425100,2067
2019,21425200,2762
2020,21425200,2758
2019,21427100,1924
2020,21427100,1907
2019,21427200,1097
2020,21427200,1094
2019,21427300,3762
2020,21427300,3763
2019,21427400,16
2020,21427400,20
2019,21429100,3639
2020,21429100,3661
2019,21429200,1770
2020,21429200,1727
2019,21430100,2122
2020,21430100,2088
2019,21430200,2071
2020,21430200,2034
2019,21431100,2276
2020,21431100,2299
2019,21431200,1883
2020,21431200,1905
2019,21432100,2490
2020,21432100,2450
2019,21432200,2160
2020,21432200,2171
2019,21434100,2157
2020,21434100,2133
2019,21434200,1869
2020,21434200,1820
2019,21435100,3403
2020,21435100,3415
2019,21438100,3894
2020,21438100,3854
2019,21440100,1878
2020,21440100,1837
2019,21440200,3104
2020,21440200,3075
2019,21440300,1930
2020,21440300,1943
2019,21444100,3124
2020,21444100,3129
2019,21444200,1971
2020,21444200,1971
2019,21413100,0
2020,21413100,0
2019,21441100,0
2020,21441100,0
2019,21443100,0
2020,21443100,0
2019,21443200,3
2020,21443200,4
2019,21443300,0
2020,21443300,0
2019,21443400,0
2020,21443400,0
2019,21447100,1140
2020,21447100,1135
2019,21447200,2383
2020,21447200,2369
2019,21447300,2064
2020,21447300,2044
2019,21449100,1489
2020,21449100,1497
2019,21449200,2243
2020,21449200,2228
2019,21449300,1737
2020,21449300,1733
2019,21449400,1519
2020,21449400,1520
2019,21450100,4041
2020,21450100,4046
2019,21451100,796
2020,21451100,813
2019,21451200,134
2020,21451200,133
2019,21451300,856
2020,21451300,849
2019,21452100,1553
2020,21452100,1538
2019,21452200,1680
2020,21452200,1688
2019,21452300,1253
2020,21452300,1243
2019,21454100,1019
2020,21454100,968
2019,21454200,1404
2020,21454200,1412
2019,21454300,1057
2020,21454300,1060
2019,21454400,1181
2020,21454400,1138
2019,21454500,781
2020,21454500,785
2019,21455100,847
2020,21455100,808
2019,21455200,3694
2020,21455200,3661
2019,21456100,1919
2020,21456100,1917
2019,21456200,2013
2020,21456200,2003
2019,21456300,1372
2020,21456300,1357
2019,21456400,632
2020,21456400,647
2019,21456500,1030
2020,21456500,1049
2019,21457100,1322
2020,21457100,1332
2019,21457200,858
2020,21457200,851
2019,21457300,883
2020,21457300,895
2019,21458100,1903
2020,21458100,1920
2019,21458200,2018
2020,21458200,2035
2019,21458300,809
2020,21458300,851
2019,21458400,973
2020,21458400,948
2019,21458500,953
2020,21458500,976
2019,21458600,1797
2020,21458600,1771
2019,21460100,1057
2020,21460100,1092
2019,21460200,1603
2020,21460200,1597
2019,21460300,723
2020,21460300,664
2019,21461100,2019
2020,21461100,1995
2019,21461200,2801
2020,21461200,2762
2019,21461300,3554
2020,21461300,3543
2019,21463100,1412
2020,21463100,1389
2019,21463200,1832
2020,21463200,1810
2019,21464100,1752
2020,21464100,1740
2019,21464200,1018
2020,21464200,1008
2019,21464300,1138
2020,21464300,1134
2019,21465100,1355
2020,21465100,1327
2019,21466100,706
2020,21466100,713
2019,21466200,746
2020,21466200,724
2019,21466300,850
2020,21466300,855
2019,21466400,739
2020,21466400,738
2019,21466500,1756
2020,21466500,1696
2019,21466600,1680
2020,21466600,1625
2019,21467100,1364
2020,21467100,1330
2019,21467200,2136
2020,21467200,2129
2019,21468100,809
2020,21468100,815
2019,21468200,1186
2020,21468200,1184
2019,21468300,1012
2020,21468300,997
2019,21468400,2213
2020,21468400,2154
2019,21470100,0
2020,21470100,0
2019,21471100,1715
2020,21471100,1697
2019,21471200,909
2020,21471200,863
2019,21471300,587
2020,21471300,566
2019,21471400,901
2020,21471400,894
2019,21471500,857
2020,21471500,841
2019,21471600,1109
2020,21471600,1114
2019,21475100,49
2020,21475100,47
2019,21476100,3319
2020,21476100,3321
2019,21477100,1256
2020,21477100,1240
2019,21479100,1320
2020,21479100,1255
2019,21479200,1075
2020,21479200,1048
2019,21479300,830
2020,21479300,799
2019,21479400,526
2020,21479400,518
2019,21479500,870
2020,21479500,849
2019,21480100,1295
2020,21480100,1397
2019,21481100,999
2020,21481100,989
2019,21481200,791
2020,21481200,768
2019,21481300,973
2020,21481300,985
2019,21481400,557
2020,21481400,562
2019,21481500,1054
2020,21481500,1059
2019,21481600,1159
2020,21481600,1148
2019,21482100,764
2020,21482100,776
2019,21482200,833
2020,21482200,826
2019,21482300,1332
2020,21482300,1330
2019,21482400,751
2020,21482400,735
2019,21482500,887
2020,21482500,871
2019,21482600,935
2020,21482600,906
2019,21483100,1251
2020,21483100,1250
2019,21483200,1254
2020,21483200,1250
2019,21483300,1978
2020,21483300,2010
2019,21485100,1882
2020,21485100,1866
2019,21485200,2079
2020,21485200,2080
2019,21485300,2682
2020,21485300,2645
2019,21486100,0
2020,21486100,0
2019,21487100,2270
2020,21487100,2303
2019,21488100,3607
2020,21488100,3630
2019,21437100,2693
2020,21437100,2648
2019,21439100,1268
2020,21439100,1262
2019,21439200,637
2020,21439200,635
2019,21439300,2036
2020,21439300,1961
2019,21439400,1015
2020,21439400,1019
2019,21439500,0
2020,21439500,0
2019,21446100,726
2020,21446100,724
2019,21446200,2563
2020,21446200,2543
2019,21446300,1486
2020,21446300,1459
2019,21446400,2152
2020,21446400,2108
2019,21448100,1995
2020,21448100,1973
2019,21448200,1077
2020,21448200,1086
2019,21448300,1521
2020,21448300,1509
2019,21453100,1041
2020,21453100,1075
2019,21453200,1154
2020,21453200,1160
2019,21453300,835
2020,21453300,790
2019,21453400,1529
2020,21453400,1571
2019,21459100,1239
2020,21459100,1249
2019,21459200,1252
2020,21459200,1267
2019,21459300,1166
2020,21459300,1162
2019,21459400,2010
2020,21459400,2020
2019,21459500,0
2020,21459500,0
2019,21459600,0
2020,21459600,0
2019,21462100,1727
2020,21462100,1698
2019,21462200,1071
2020,21462200,1104
2019,21469100,1364
2020,21469100,1322
2019,21469200,2334
2020,21469200,2258
2019,21472100,2115
2020,21472100,2139
2019,21472200,1267
2020,21472200,1221
2019,21472300,944
2020,21472300,981
2019,21473100,1501
2020,21473100,1487
2019,21473200,925
2020,21473200,925
2019,21473300,920
2020,21473300,915
2019,21473400,598
2020,21473400,587
2019,21474100,1610
2020,21474100,1572
2019,21474200,1114
2020,21474200,1106
2019,21474300,1364
2020,21474300,1319
2019,21474400,584
2020,21474400,573
2019,21478100,1233
2020,21478100,1211
2019,21478200,1420
2020,21478200,1454
2019,21478300,735
2020,21478300,731
2019,21478400,1085
2020,21478400,1074
2019,21478500,1208
2020,21478500,1218
2019,21484100,952
2020,21484100,956
2019,21484200,899
2020,21484200,929
2019,21484300,941
2020,21484300,956
2019,21484400,807
2020,21484400,807
2019,21484500,630
2020,21484500,618
2019,21484600,1409
2020,21484600,1402
2019,21796100,0
2020,21796100,0
2019,21800100,936
2020,21800100,984
2019,21800200,1464
2020,21800200,1451
2019,21805100,1887
2020,21805100,1846
2019,21807100,1292
2020,21807100,1311
2019,21807200,0
2020,21807200,0
2019,21809100,431
2020,21809100,413
2019,21809200,4500
2020,21809200,4432
2019,21810100,3315
2020,21810100,3333
2019,21810200,1129
2020,21810200,1151
2019,21810300,1188
2020,21810300,1172
2019,21815100,3568
2020,21815100,3541
2019,21822100,2328
2020,21822100,2391
2019,21822200,980
2020,21822200,934
2019,21824100,1865
2020,21824100,1910
2019,21824200,1523
2020,21824200,1550
2019,21824300,2438
2020,21824300,2364
2019,21825100,1532
2020,21825100,1504
2019,21825200,1242
2020,21825200,1214
2019,21825300,2112
2020,21825300,2073
2019,21825400,986
2020,21825400,1025
2019,21825500,882
2020,21825500,891
2019,21828100,3126
2020,21828100,3205
2019,21828200,2713
2020,21828200,2739
2019,21829100,3703
2020,21829100,3705
2019,21830100,4046
2020,21830100,4015
2019,21830200,1024
2020,21830200,1069
2019,21830300,1866
2020,21830300,1867
2019,21837100,1426
2020,21837100,1443
2019,21837200,1439
2020,21837200,1527
2019,21837300,1596
2020,21837300,1590
2019,21840100,4294
2020,21840100,4324
2019,21841100,2129
2020,21841100,2087
2019,21841200,1820
2020,21841200,1833
2019,21842100,2558
2020,21842100,2622
2019,21846100,4898
2020,21846100,4875
2019,21847100,2240
2020,21847100,2229
2019,21847200,1988
2020,21847200,2017
2019,21854100,3518
2020,21854100,3504
2019,21855100,3010
2020,21855100,3009
2019,21855200,1940
2020,21855200,1948
2019,21856100,4213
2020,21856100,4204
2019,21856200,2447
2020,21856200,2441
2019,21869100,1401
2020,21869100,1404
2019,21869200,4133
2020,21869200,4134
2019,21870100,2879
2020,21870100,2907
2019,21870200,1281
2020,21870200,1288
2019,21533100,1705
2020,21533100,1743
2019,21533200,2857
2020,21533200,2770
2019,21533300,1865
2020,21533300,1852
2019,21534100,2299
2020,21534100,2329
2019,21534200,1913
2020,21534200,1910
2019,21541100,2509
2020,21541100,2432
2019,21541200,1353
2020,21541200,1331
2019,21541300,1610
2020,21541300,1622
2019,21541400,2135
2020,21541400,2073
2019,21542100,2010
2020,21542100,2045
2019,21542200,3884
2020,21542200,4111
2019,21543100,2232
2020,21543100,2291
2019,21543200,2448
2020,21543200,2518
2019,21547100,1552
2020,21547100,1542
2019,21547200,2026
2020,21547200,2029
2019,21547300,2162
2020,21547300,2205
2019,21547400,1592
2020,21547400,1614
2019,21561100,419
2020,21561100,423
2019,21561200,923
2020,21561200,921
2019,21561300,1214
2020,21561300,1217
2019,21562100,2492
2020,21562100,2459
2019,21562200,3258
2020,21562200,3217
2019,21562300,1306
2020,21562300,1279
2019,21566100,1009
2020,21566100,1089
2019,21566200,2230
2020,21566200,2185
2019,21566300,3242
2020,21566300,3154
2019,21567100,646
2020,21567100,676
2019,21567200,1481
2020,21567200,1556
2019,21567300,1852
2020,21567300,1875
2019,21567400,2388
2020,21567400,2435
2019,21571100,13
2020,21571100,13
2019,21571200,16
2020,21571200,14
2019,21575100,1461
2020,21575100,1444
2019,21575200,1518
2020,21575200,1485
2019,21575300,40
2020,21575300,39
2019,21576100,1882
2020,21576100,1915
2019,21576200,2067
2020,21576200,1960
2019,21577100,1903
2020,21577100,1914
2019,21577200,1468
2020,21577200,1430
2019,21578100,2701
2020,21578100,2665
2019,21584100,3176
2020,21584100,3214
2019,21584200,1458
2020,21584200,1357
2019,21592100,1662
2020,21592100,1662
2019,21592200,1915
2020,21592200,1894
2019,21594100,1560
2020,21594100,1541
2019,21594200,2401
2020,21594200,2458
2019,21600100,2801
2020,21600100,2762
2019,21601100,683
2020,21601100,668
2019,21601200,1470
2020,21601200,1435
2019,21601300,1647
2020,21601300,1667
2019,21602100,2813
2020,21602100,2775
2019,21602200,1254
2020,21602200,1231
2019,21606100,1669
2020,21606100,1647
2019,21607100,0
2020,21607100,0
2019,21607200,0
2020,21607200,0
2019,21608100,0
2020,21608100,0
2019,21608200,5
2020,21608200,7
2019,21608300,32
2020,21608300,32
2019,21610100,2451
2020,21610100,2358
2019,21613100,3513
2020,21613100,3453
2019,21615100,3955
2020,21615100,3853
2019,21629100,997
2020,21629100,955
2019,21629200,636
2020,21629200,616
2019,21629300,811
2020,21629300,841
2019,21631100,1580
2020,21631100,1558
2019,21632100,2672
2020,21632100,2627
2019,21633100,2841
2020,21633100,2820
2019,21633200,2174
2020,21633200,2187
2019,21651100,3047
2020,21651100,3042
2019,21653100,2133
2020,21653100,2108
2019,21653200,2018
2020,21653200,1978
2019,21669100,2182
2020,21669100,2148
2019,21679100,5
2020,21679100,5
2019,21679200,0
2020,21679200,0
2019,21540100,1881
2020,21540100,1904
2019,21540200,205
2020,21540200,223
2019,21544100,1307
2020,21544100,1385
2019,21544200,486
2020,21544200,455
2019,21544300,40
2020,21544300,219
2019,21544400,156
2020,21544400,206
2019,21553100,0
2020,21553100,16
2019,21553200,50
2020,21553200,52
2019,21553300,119
2020,21553300,131
2019,21555100,133
2020,21555100,309
2019,21555200,638
2020,21555200,830
2019,21555300,1944
2020,21555300,1950
2019,21559100,308
2020,21559100,425
2019,21559200,1107
2020,21559200,1295
2019,21559300,1931
2020,21559300,2060
2019,21560100,12
2020,21560100,84
2019,21560200,0
2020,21560200,0
2019,21560300,15
2020,21560300,28
2019,21582100,209
2020,21582100,219
2019,21582200,469
2020,21582200,564
2019,21582300,33
2020,21582300,48
2019,21585100,2220
2020,21585100,2519
2019,21587100,1629
2020,21587100,2048
2019,21587200,1443
2020,21587200,1454
2019,21590100,3239
2020,21590100,3565
2019,21590200,725
2020,21590200,715
2019,21590300,1671
2020,21590300,1642
2019,21591100,561
2020,21591100,561
2019,21591200,28
2020,21591200,31
2019,21611100,488
2020,21611100,488
2019,21611200,696
2020,21611200,682
2019,21611300,903
2020,21611300,897
2019,21611400,1081
2020,21611400,1065
2019,21614100,1537
2020,21614100,1534
2019,21614200,2141
2020,21614200,2106
2019,21619100,2220
2020,21619100,2175
2019,21620100,3909
2020,21620100,3867
2019,21624100,2539
2020,21624100,2477
2019,21624200,2251
2020,21624200,2218
2019,21625100,1223
2020,21625100,1259
2019,21625200,2681
2020,21625200,2638
2019,21626100,2027
2020,21626100,1985
2019,21626200,854
2020,21626200,819
2019,21634100,1765
2020,21634100,1703
2019,21634200,1244
2020,21634200,1226
2019,21634300,2171
2020,21634300,2104
2019,21635100,1748
2020,21635100,1728
2019,21635200,873
2020,21635200,877
2019,21635300,1724
2020,21635300,1685
2019,21636100,79
2020,21636100,81
2019,21636200,244
2020,21636200,243
2019,21639100,2127
2020,21639100,2093
2019,21642100,3430
2020,21642100,3324
2019,21645100,337
2020,21645100,327
2019,21645200,1
2020,21645200,3
2019,21647100,2480
2020,21647100,2406
2019,21647200,1343
2020,21647200,1323
2019,21647300,1156
2020,21647300,1090
2019,21649100,1836
2020,21649100,1793
2019,21649200,1734
2020,21649200,1720
2019,21650100,2350
2020,21650100,2372
2019,21652100,3276
2020,21652100,3207
2019,21656100,1053
2020,21656100,994
2019,21656200,1775
2020,21656200,1749
2019,21657100,493
2020,21657100,534
2019,21657200,1316
2020,21657200,1318
2019,21657300,2514
2020,21657300,2431
2019,21659100,1881
2020,21659100,1884
2019,21659200,604
2020,21659200,624
2019,21661100,626
2020,21661100,610
2019,21661200,1372
2020,21661200,1344
2019,21661300,2787
2020,21661300,2800
2019,21663100,3191
2020,21663100,3146
2019,21665100,1969
2020,21665100,1896
2019,21665200,1519
2020,21665200,1496
2019,21665300,1030
2020,21665300,1043
2019,21670100,910
2020,21670100,918
2019,21670200,1719
2020,21670200,1700
2019,21921300,1846
2020,21921300,1810
2019,21929100,1047
2020,21929100,1038
2019,21929200,1524
2020,21929200,1531
2019,21930100,365
2020,21930100,748
2019,21934100,5
2020,21934100,50
2019,21934200,1489
2020,21934200,1615
2019,21934300,1116
2020,21934300,1263
2019,21936100,395
2020,21936100,501
2019,21936200,237
2020,21936200,297
2019,21937100,9308
2020,21937100,9532
2019,21939100,121
2020,21939100,237
2019,21939200,205
2020,21939200,233
2019,21942100,22
2020,21942100,31
2019,21942200,12
2020,21942200,43
2019,21943100,4563
2020,21943100,4694
2019,21944100,1658
2020,21944100,1987
2019,21946100,1069
2020,21946100,1159
2019,21947100,738
2020,21947100,876
2019,21948100,2245
2020,21948100,2396
2019,21949100,2598
2020,21949100,2707
2019,21950100,4958
2020,21950100,5085
2019,21951100,1049
2020,21951100,1048
2019,21952100,2524
2020,21952100,2620
2019,21953100,2726
2020,21953100,3185
2019,21954100,0
2020,21954100,5
2019,21955100,0
2020,21955100,0
2019,21955200,0
2020,21955200,0
2019,22009100,2810
2020,22009100,2915
2019,22009200,1837
2020,22009200,1898
2019,22009300,1323
2020,22009300,1342
2019,22009400,481
2020,22009400,391
2019,22010100,1315
2020,22010100,1372
2019,22010200,693
2020,22010200,707
2019,22022100,1750
2020,22022100,1795
2019,22022200,1266
2020,22022200,1258
2019,22031100,1782
2020,22031100,1770
2019,22031200,931
2020,22031200,909
2019,22031300,502
2020,22031300,544
2019,22032100,994
2020,22032100,972
2019,22032200,1649
2020,22032200,1621
2019,22032300,2522
2020,22032300,2496
2019,22032400,273
2020,22032400,261
2019,22039100,1010
2020,22039100,1007
2019,22039200,1526
2020,22039200,1512
2019,22040100,2641
2020,22040100,2581
2019,22040200,1212
2020,22040200,1170
2019,22040300,1502
2020,22040300,1468
2019,21580100,2132
2020,21580100,2242
2019,21588100,1902
2020,21588100,1891
2019,21589100,3776
2020,21589100,3887
2019,21593100,1788
2020,21593100,1779
2019,21593200,2412
2020,21593200,2416
2019,21596100,1111
2020,21596100,1025
2019,21596200,3003
2020,21596200,2989
2019,21598100,1840
2020,21598100,1751
2019,21598200,2069
2020,21598200,2071
2019,21599100,1240
2020,21599100,1196
2019,21599200,2408
2020,21599200,2404
2019,21599300,1038
2020,21599300,1042
2019,21603100,899
2020,21603100,849
2019,21603200,1816
2020,21603200,1791
2019,21603300,2173
2020,21603300,2230
2019,21604100,2020
2020,21604100,2053
2019,21604200,1829
2020,21604200,1828
2019,21604300,1205
2020,21604300,1198
2019,21609100,1961
2020,21609100,1902
2019,21609200,2157
2020,21609200,2097
2019,21612100,2237
2020,21612100,2224
2019,21612200,2611
2020,21612200,2595
2019,21616100,2369
2020,21616100,2297
2019,21617100,3382
2020,21617100,3354
2019,21617200,2748
2020,21617200,2756
2019,21618100,874
2020,21618100,870
2019,21618200,963
2020,21618200,974
2019,21627100,3303
2020,21627100,3234
2019,21627200,1084
2020,21627200,1098
2019,21630100,1700
2020,21630100,1644
2019,21630200,2429
2020,21630200,2374
2019,21630300,2448
2020,21630300,2421
2019,21637100,3012
2020,21637100,2964
2019,21637200,1826
2020,21637200,1778
2019,21637300,1365
2020,21637300,1454
2019,21638100,3036
2020,21638100,3044
2019,21638200,546
2020,21638200,556
2019,21638300,1881
2020,21638300,1852
2019,21640100,2677
2020,21640100,2707
2019,21640200,974
2020,21640200,992
2019,21640300,1329
2020,21640300,1363
2019,21641100,4139
2020,21641100,4097
2019,21641200,1976
2020,21641200,1925
2019,21644100,2460
2020,21644100,2434
2019,21644200,2834
2020,21644200,2756
2019,21646100,2066
2020,21646100,2076
2019,21646200,712
2020,21646200,736
2019,21646300,1192
2020,21646300,1189
2019,21646400,1301
2020,21646400,1383
2019,21646500,703
2020,21646500,684
2019,21662100,1502
2020,21662100,1461
2019,21662200,2591
2020,21662200,2574
2019,21662300,2210
2020,21662300,2192
2019,21664100,1388
2020,21664100,1477
2019,21664200,4158
2020,21664200,4099
2019,21666100,2525
2020,21666100,2469
2019,21666200,1765
2020,21666200,1675
2019,21666300,1391
2020,21666300,1444
2019,21668100,2252
2020,21668100,2368
2019,21668200,1643
2020,21668200,1707
2019,21668300,2998
2020,21668300,3025
2019,21675100,909
2020,21675100,918
2019,21675200,2526
2020,21675200,2459
2019,21676100,2578
2020,21676100,2607
2019,21676200,1647
2020,21676200,1681
2019,21676300,2119
2020,21676300,2136
2019,21682100,2917
2020,21682100,2896
2019,21682200,645
2020,21682200,704
2019,21682300,1652
2020,21682300,1807
2019,21690100,2872
2020,21690100,2932
2019,21690200,2033
2020,21690200,2070
2019,21690300,1900
2020,21690300,1867
2019,21695100,1007
2020,21695100,1026
2019,21695200,2193
2020,21695200,2168
2019,21695300,1356
2020,21695300,1432
2019,21695400,2493
2020,21695400,2462
2019,21695500,2570
2020,21695500,2564
2019,21713100,1842
2020,21713100,1834
2019,21713200,1680
2020,21713200,1710
2019,21713300,2585
2020,21713300,2586
2019,21713400,1304
2020,21713400,1327
2019,21714100,2228
2020,21714100,2218
2019,21714200,1104
2020,21714200,1108
2019,21648100,3280
2020,21648100,3233
2019,21655100,2993
2020,21655100,2956
2019,21658100,2037
2020,21658100,1975
2019,21658200,4222
2020,21658200,4085
2019,21660100,1733
2020,21660100,1636
2019,21660200,3330
2020,21660200,3241
2019,21667100,4037
2020,21667100,3985
2019,21671100,1486
2020,21671100,1551
2019,21671200,2947
2020,21671200,2867
2019,21674100,3536
2020,21674100,3502
2019,21674200,1212
2020,21674200,1219
2019,21677100,1734
2020,21677100,1637
2019,21678100,3443
2020,21678100,3413
2019,21683100,2046
2020,21683100,2055
2019,21683200,2238
2020,21683200,2264
2019,21685100,1738
2020,21685100,1600
2019,21685200,695
2020,21685200,892
2019,21689100,3096
2020,21689100,3082
2019,21689200,929
2020,21689200,849
2019,21691100,2463
2020,21691100,2397
2019,21691200,1316
2020,21691200,1285
2019,21691300,2134
2020,21691300,2219
2019,21693100,3545
2020,21693100,3517
2019,21694100,3286
2020,21694100,3246
2019,21700100,4404
2020,21700100,4378
2019,21701100,3586
2020,21701100,3658
2019,21702100,1502
2020,21702100,1572
2019,21702200,823
2020,21702200,824
2019,21702300,1591
2020,21702300,1642
2019,21702400,286
2020,21702400,376
2019,21703100,4280
2020,21703100,4267
2019,21705100,4186
2020,21705100,4125
2019,21708100,241
2020,21708100,240
2019,21711100,3710
2020,21711100,4075
2019,21711200,2195
2020,21711200,2090
2019,21711300,654
2020,21711300,730
2019,21711400,1317
2020,21711400,1294
2019,21712100,4240
2020,21712100,4216
2019,21715100,1793
2020,21715100,1868
2019,21715200,231
2020,21715200,253
2019,21719100,2900
2020,21719100,2891
2019,21719200,1658
2020,21719200,1665
2019,21719300,1342
2020,21719300,1304
2019,21721100,2222
2020,21721100,2221
2019,21721200,3142
2020,21721200,3074
2019,21723100,1156
2020,21723100,1323
2019,21723200,1610
2020,21723200,1537
2019,21723300,3074
2020,21723300,2991
2019,21724100,2277
2020,21724100,2255
2019,21724200,839
2020,21724200,849
2019,21725100,2249
2020,21725100,2111
2019,21725200,1492
2020,21725200,1656
2019,21726100,3011
2020,21726100,3025
2019,21728100,63
2020,21728100,76
2019,21731100,0
2020,21731100,0
2019,21731200,94
2020,21731200,102
2019,21733100,4001
2020,21733100,3991
2019,21733200,1204
2020,21733200,1310
2019,21734100,295
2020,21734100,352
2019,21734200,360
2020,21734200,370
2019,21736100,2663
2020,21736100,2708
2019,21736200,1331
2020,21736200,1280
2019,21739100,0
2020,21739100,0
2019,21740100,3405
2020,21740100,3306
2019,21740200,9
2020,21740200,11
2019,21680100,1716
2020,21680100,1647
2019,21680200,1280
2020,21680200,1264
2019,21680300,1609
2020,21680300,1582
2019,21681100,1041
2020,21681100,1034
2019,21681200,1460
2020,21681200,1441
2019,21681300,1151
2020,21681300,1155
2019,21684100,1306
2020,21684100,1371
2019,21684200,1134
2020,21684200,1129
2019,21684300,1801
2020,21684300,1780
2019,21684400,1338
2020,21684400,1276
2019,21686100,2897
2020,21686100,2841
2019,21686200,1711
2020,21686200,1690
2019,21687100,2589
2020,21687100,2590
2019,21687200,2478
2020,21687200,2465
2019,21688100,692
2020,21688100,763
2019,21688200,1549
2020,21688200,1525
2019,21688300,943
2020,21688300,986
2019,21688400,2289
2020,21688400,2291
2019,21688500,867
2020,21688500,896
2019,21692100,1593
2020,21692100,1602
2019,21692200,3758
2020,21692200,3694
2019,21696100,599
2020,21696100,576
2019,21696200,2650
2020,21696200,2535
2019,21697100,1653
2020,21697100,1657
2019,21697200,2133
2020,21697200,2107
2019,21698100,2400
2020,21698100,2366
2019,21698200,782
2020,21698200,741
2019,21699100,191
2020,21699100,193
2019,21699200,2021
2020,21699200,2034
2019,21704100,882
2020,21704100,856
2019,21704200,2095
2020,21704200,2051
2019,21706100,430
2020,21706100,461
2019,21706200,420
2020,21706200,412
2019,21706300,438
2020,21706300,445
2019,21706400,928
2020,21706400,923
2019,21706500,830
2020,21706500,842
2019,21706600,947
2020,21706600,919
2019,21706700,742
2020,21706700,766
2019,21707100,2262
2020,21707100,2216
2019,21707200,1935
2020,21707200,1872
2019,21707300,3078
2020,21707300,3048
2019,21709100,114
2020,21709100,129
2019,21709200,1250
2020,21709200,1277
2019,21710100,856
2020,21710100,848
2019,21710200,1303
2020,21710200,1294
2019,21710300,922
2020,21710300,869
2019,21716100,1411
2020,21716100,1382
2019,21716200,745
2020,21716200,732
2019,21716300,937
2020,21716300,895
2019,21716400,266
2020,21716400,281
2019,21716500,649
2020,21716500,675
2019,21717100,1201
2020,21717100,1157
2019,21717200,2928
2020,21717200,2812
2019,21718100,3522
2020,21718100,3433
2019,21720100,3408
2020,21720100,3301
2019,21722100,1982
2020,21722100,1931
2019,21722200,1687
2020,21722200,1670
2019,21722300,805
2020,21722300,823
2019,21727100,2214
2020,21727100,2153
2019,21730100,3074
2020,21730100,2944
2019,21730200,2336
2020,21730200,2295
2019,21732100,1214
2020,21732100,1151
2019,21732200,3900
2020,21732200,3789
2019,21732300,1355
2020,21732300,1278
2019,21735100,1701
2020,21735100,1655
2019,21735200,1485
2020,21735200,1450
2019,21735300,3129
2020,21735300,3038
2019,21737100,1735
2020,21737100,1671
2019,21737200,3112
2020,21737200,3015
2019,21741100,839
2020,21741100,753
2019,21741200,3164
2020,21741200,3063
2019,21729100,2225
2020,21729100,2146
2019,21729200,423
2020,21729200,422
2019,21729300,1280
2020,21729300,1275
2019,22092100,1882
2020,22092100,1898
2019,22092200,721
2020,22092200,704
2019,22092300,5
2020,22092300,5
2019,22103100,2076
2020,22103100,2105
2019,22103200,1019
2020,22103200,1053
2019,22103300,1133
2020,22103300,1156
2019,22103400,2721
2020,22103400,2736
2019,22110100,669
2020,22110100,639
2019,22110200,803
2020,22110200,809
2019,22110300,610
2020,22110300,622
2019,22110400,1351
2020,22110400,1358
2019,22110500,459
2020,22110500,463
2019,22118100,1269
2020,22118100,1230
2019,22118200,2108
2020,22118200,2182
2019,22118300,1293
2020,22118300,1316
2019,22125100,2810
2020,22125100,2805
2019,22126100,2341
2020,22126100,2331
2019,22128100,1510
2020,22128100,1468
2019,22128200,925
2020,22128200,941
2019,22129100,1860
2020,22129100,1834
2019,22129200,886
2020,22129200,978
2019,22138100,1357
2020,22138100,1400
2019,22138200,2400
2020,22138200,2390
2019,22141100,4402
2020,22141100,4382
2019,22145100,1682
2020,22145100,1674
2019,22145200,2428
2020,22145200,2389
2019,22145300,3024
2020,22145300,2933
2019,22148100,3079
2020,22148100,3078
2019,22148200,2163
2020,22148200,2138
2019,22150100,292
2020,22150100,409
2019,22150200,1135
2020,22150200,1131
2019,22150300,2060
2020,22150300,2063
2019,22150400,548
2020,22150400,554
2019,22152100,3061
2020,22152100,3024
2019,22152200,2132
2020,22152200,2138
2019,22157100,3254
2020,22157100,3238
2019,22163100,1281
2020,22163100,1234
2019,22163200,1237
2020,22163200,1190
2019,22163300,2770
2020,22163300,2725
2019,22164100,2196
2020,22164100,2192
2019,22164200,2222
2020,22164200,2202
2019,22164300,1246
2020,22164300,1285
2019,22165100,3444
2020,22165100,3456
2019,22166100,1474
2020,22166100,1500
2019,22166200,1372
2020,22166200,1316
2019,22166300,1137
2020,22166300,1133
2019,22166400,1081
2020,22166400,1095
2019,22170100,1707
2020,22170100,1746
2019,22170200,2482
2020,22170200,2461
2019,22176100,1730
2020,22176100,1753
2019,22176200,2015
2020,22176200,2001
2019,22180100,1335
2020,22180100,1322
2019,22180200,2834
2020,22180200,2790
2019,22181100,3040
2020,22181100,2999
2019,22184100,3478
2020,22184100,3455
2019,22184200,3386
2020,22184200,3403
2019,22185100,2890
2020,22185100,2895
2019,22186100,978
2020,22186100,992
2019,22186200,3723
2020,22186200,3695
2019,22191100,2425
2020,22191100,2372
2019,22191200,1890
2020,22191200,1853
2019,22193100,2934
2020,22193100,2919
2019,22193200,1432
2020,22193200,1426
2019,22200100,581
2020,22200100,583
2019,22200200,2716
2020,22200200,2682
2019,21738100,235
2020,21738100,259
2019,21738200,816
2020,21738200,821
2019,21738300,2882
2020,21738300,2868
2019,21742100,1307
2020,21742100,1297
2019,21742200,2203
2020,21742200,2170
2019,21743100,3330
2020,21743100,3287
2019,21744100,314
2020,21744100,303
2019,21744200,1189
2020,21744200,1190
2019,21744300,1763
2020,21744300,1746
2019,21745100,2004
2020,21745100,1992
2019,21745200,2833
2020,21745200,2823
2019,21745300,1836
2020,21745300,1839
2019,21746100,3338
2020,21746100,3262
2019,21747100,2197
2020,21747100,2133
2019,21747200,1909
2020,21747200,1925
2019,21748100,1201
2020,21748100,1213
2019,21748200,1199
2020,21748200,1187
2019,21748300,1221
2020,21748300,1203
2019,21748400,1038
2020,21748400,1022
2019,21749100,3094
2020,21749100,3107
2019,21749200,1132
2020,21749200,1087
2019,21750100,3960
2020,21750100,3953
2019,21751100,2335
2020,21751100,2334
2019,21751200,3076
2020,21751200,3047
2019,21751300,1428
2020,21751300,1408
2019,21752100,1884
2020,21752100,1889
2019,21752200,2266
2020,21752200,2277
2019,21752300,968
2020,21752300,964
2019,21753100,2912
2020,21753100,2862
2019,21754100,3820
2020,21754100,3818
2019,21795100,1801
2020,21795100,1783
2019,21795200,1731
2020,21795200,1762
2019,21795300,483
2020,21795300,526
2019,21795400,0
2020,21795400,0
2019,21801100,1514
2020,21801100,1524
2019,21801200,2827
2020,21801200,2839
2019,21804100,1167
2020,21804100,1189
2019,21804200,1132
2020,21804200,1129
2019,21804300,1157
2020,21804300,1138
2019,21804400,2348
2020,21804400,2327
2019,21804500,720
2020,21804500,691
2019,21806100,2845
2020,21806100,2798
2019,21806200,2004
2020,21806200,2015
2019,21808100,2349
2020,21808100,2377
2019,21808200,2481
2020,21808200,2420
2019,21808300,1248
2020,21808300,1343
2019,21808400,1063
2020,21808400,1129
2019,21817100,2007
2020,21817100,2011
2019,21817200,1859
2020,21817200,1838
2019,21820100,1156
2020,21820100,1224
2019,21820200,1490
2020,21820200,1497
2019,21820300,1056
2020,21820300,1093
2019,21820400,1820
2020,21820400,1832
2019,21821100,2049
2020,21821100,2054
2019,21821200,1086
2020,21821200,1128
2019,21821300,2330
2020,21821300,2298
2019,21823100,2838
2020,21823100,2870
2019,21826100,2541
2020,21826100,2537
2019,21826200,1811
2020,21826200,1762
2019,21826300,1175
2020,21826300,1197
2019,21835100,1330
2020,21835100,1344
2019,21835200,3405
2020,21835200,3378
2019,21848100,3167
2020,21848100,3156
2019,21848200,1561
2020,21848200,1543
2019,21848300,2657
2020,21848300,2670
2019,21848400,1575
2020,21848400,1549
2019,22171100,3580
2020,22171100,3560
2019,22171200,685
2020,22171200,673
2019,21755100,2626
2020,21755100,2632
2019,21755200,2064
2020,21755200,2060
2019,21756100,1097
2020,21756100,1091
2019,21756200,2615
2020,21756200,2615
2019,21757100,1231
2020,21757100,1237
2019,21757200,2983
2020,21757200,2960
2019,21757300,2503
2020,21757300,2497
2019,21758100,673
2020,21758100,660
2019,21758200,787
2020,21758200,803
2019,21758300,2359
2020,21758300,2383
2019,21759100,3204
2020,21759100,3164
2019,21759200,1705
2020,21759200,1772
2019,21759300,19
2020,21759300,20
2019,21760100,3532
2020,21760100,3489
2019,21760200,1414
2020,21760200,1496
2019,21763100,1988
2020,21763100,1992
2019,21763200,3723
2020,21763200,3742
2019,21764100,2034
2020,21764100,2055
2019,21764200,3399
2020,21764200,3395
2019,21764300,2868
2020,21764300,2847
2019,21765100,1854
2020,21765100,1818
2019,21765200,1822
2020,21765200,1856
2019,21765300,3086
2020,21765300,3070
2019,21766100,1696
2020,21766100,1693
2019,21766200,2470
2020,21766200,2492
2019,21769100,2420
2020,21769100,2470
2019,21769200,2667
2020,21769200,2684
2019,21769300,2502
2020,21769300,2493
2019,21773100,2748
2020,21773100,2787
2019,21773200,2706
2020,21773200,2663
2019,21774100,2031
2020,21774100,1993
2019,21774200,2046
2020,21774200,2048
2019,21775100,1144
2020,21775100,1134
2019,21775200,2241
2020,21775200,2248
2019,21777100,2523
2020,21777100,2546
2019,21777200,3659
2020,21777200,3642
2019,21779100,1242
2020,21779100,1219
2019,21779200,2345
2020,21779200,2353
2019,21779300,845
2020,21779300,835
2019,21781100,1442
2020,21781100,1407
2019,21781200,2980
2020,21781200,2943
2019,21785100,1263
2020,21785100,1260
2019,21785200,1684
2020,21785200,1675
2019,21785300,2538
2020,21785300,2526
2019,21785400,2606
2020,21785400,2579
2019,21786100,3752
2020,21786100,3838
2019,21789100,2620
2020,21789100,2582
2019,21789200,1890
2020,21789200,1916
2019,21789300,4359
2020,21789300,4353
2019,21792100,1991
2020,21792100,1944
2019,21792200,3000
2020,21792200,2972
2019,21792300,2591
2020,21792300,2587
2019,21792400,607
2020,21792400,583
2019,21761100,0
2020,21761100,0
2019,21762100,1405
2020,21762100,1436
2019,21762200,3368
2020,21762200,3449
2019,21762300,2719
2020,21762300,2704
2019,21762400,1222
2020,21762400,1245
2019,21767100,2165
2020,21767100,2156
2019,21767200,2547
2020,21767200,2558
2019,21767300,2108
2020,21767300,2093
2019,21767400,2425
2020,21767400,2393
2019,21768100,1367
2020,21768100,1385
2019,21768200,2555
2020,21768200,2527
2019,21770100,2267
2020,21770100,2252
2019,21770200,1412
2020,21770200,1424
2019,21770300,2036
2020,21770300,2014
2019,21770400,904
2020,21770400,884
2019,21771100,3731
2020,21771100,3687
2019,21772100,987
2020,21772100,1006
2019,21772200,1059
2020,21772200,1054
2019,21772300,1603
2020,21772300,1604
2019,21772400,1042
2020,21772400,993
2019,21772500,1728
2020,21772500,1726
2019,21772600,932
2020,21772600,943
2019,21776100,1820
2020,21776100,1803
2019,21776200,2666
2020,21776200,2675
2019,21776300,3071
2020,21776300,3066
2019,21778100,1853
2020,21778100,1821
2019,21778200,1382
2020,21778200,1365
2019,21778300,2043
2020,21778300,2032
2019,21780100,1613
2020,21780100,1648
2019,21780200,1169
2020,21780200,1174
2019,21780300,771
2020,21780300,799
2019,21780400,1474
2020,21780400,1512
2019,21780500,961
2020,21780500,998
2019,21780600,1056
2020,21780600,1041
2019,21782100,1256
2020,21782100,1256
2019,21782200,1048
2020,21782200,1041
2019,21782300,2102
2020,21782300,2085
2019,21782400,3628
2020,21782400,3628
2019,21783100,1456
2020,21783100,1492
2019,21784100,2078
2020,21784100,2082
2019,21784200,662
2020,21784200,694
2019,21784300,588
2020,21784300,588
2019,21784400,1447
2020,21784400,1462
2019,21784500,780
2020,21784500,796
2019,21784600,768
2020,21784600,741
2019,21784700,1178
2020,21784700,1223
2019,21787100,1437
2020,21787100,1418
2019,21787200,659
2020,21787200,661
2019,21790100,3513
2020,21790100,3482
2019,21790200,1073
2020,21790200,1083
2019,21790300,1713
2020,21790300,1734
2019,21790400,969
2020,21790400,949
2019,21790500,1698
2020,21790500,1707
2019,21790600,1432
2020,21790600,1415
2019,21791100,886
2020,21791100,877
2019,21791200,3045
2020,21791200,3029
2019,21791300,2005
2020,21791300,1992
2019,21791400,2016
2020,21791400,2026
2019,21794100,2635
2020,21794100,2612
2019,21794200,1340
2020,21794200,1320
2019,21794300,1341
2020,21794300,1330
2019,21794400,1405
2020,21794400,1382
2019,21794500,1051
2020,21794500,1059
2019,21798100,2306
2020,21798100,2314
2019,21798200,1196
2020,21798200,1204
2019,21798300,1248
2020,21798300,1239
2019,21798400,2140
2020,21798400,2133
2019,21798500,914
2020,21798500,926
2019,21788100,970
2020,21788100,1075
2019,21788200,996
2020,21788200,991
2019,21788300,1539
2020,21788300,1518
2019,21788400,1354
2020,21788400,1361
2019,21788500,997
2020,21788500,977
2019,21788600,1169
2020,21788600,1185
2019,21793100,3707
2020,21793100,3671
2019,21793200,876
2020,21793200,896
2019,21793300,1952
2020,21793300,1930
2019,21797100,465
2020,21797100,487
2019,21797200,1301
2020,21797200,1314
2019,21797300,891
2020,21797300,861
2019,21797400,623
2020,21797400,649
2019,21797500,768
2020,21797500,775
2019,21797600,1207
2020,21797600,1207
2019,21799100,1653
2020,21799100,1685
2019,21799200,653
2020,21799200,638
2019,21799300,680
2020,21799300,715
2019,21799400,2013
2020,21799400,1993
2019,21802100,1069
2020,21802100,1101
2019,21802200,1643
2020,21802200,1624
2019,21802300,955
2020,21802300,936
2019,21802400,1026
2020,21802400,1011
2019,21802500,694
2020,21802500,688
2019,21802600,2153
2020,21802600,2130
2019,21803100,1432
2020,21803100,1408
2019,21811100,721
2020,21811100,711
2019,21811200,1716
2020,21811200,1688
2019,21811300,2833
2020,21811300,2733
2019,21811400,1508
2020,21811400,1512
2019,21812100,957
2020,21812100,1038
2019,21812200,2868
2020,21812200,2883
2019,21812300,2478
2020,21812300,2497
2019,21813100,1847
2020,21813100,1854
2019,21813200,2593
2020,21813200,2619
2019,21813300,1588
2020,21813300,1619
2019,21813400,1453
2020,21813400,1497
2019,21814100,1701
2020,21814100,1698
2019,21814200,1400
2020,21814200,1436
2019,21814300,1561
2020,21814300,1565
2019,21814400,1668
2020,21814400,1668
2019,21814500,736
2020,21814500,717
2019,21814600,1359
2020,21814600,1392
2019,21816100,4321
2020,21816100,4342
2019,21818100,856
2020,21818100,899
2019,21818200,1465
2020,21818200,1477
2019,21818300,2428
2020,21818300,2435
2019,21818400,1273
2020,21818400,1259
2019,21831100,2671
2020,21831100,2692
2019,21831200,1132
2020,21831200,1105
2019,21831300,1446
2020,21831300,1435
2019,21833100,1562
2020,21833100,1577
2019,21833200,3020
2020,21833200,3042
2019,21834100,2153
2020,21834100,2163
2019,21834200,1118
2020,21834200,1098
2019,21834300,1316
2020,21834300,1321
2019,21834400,1168
2020,21834400,1197
2019,21834500,1778
2020,21834500,1748
2019,21836100,2115
2020,21836100,2070
2019,21836200,983
2020,21836200,937
2019,21836300,2469
2020,21836300,2454
2019,21836400,1457
2020,21836400,1494
2019,21838100,3000
2020,21838100,2986
2019,21838200,1850
2020,21838200,1811
2019,21838300,1475
2020,21838300,1483
2019,21845100,523
2020,21845100,528
2019,21849100,1626
2020,21849100,1588
2019,21849200,2525
2020,21849200,2507
2019,21853100,3758
2020,21853100,3745
2019,21853200,1503
2020,21853200,1507
2019,21853300,1004
2020,21853300,986
2019,21853400,1786
2020,21853400,1747
2019,21858100,621
2020,21858100,594
2019,21858200,1903
2020,21858200,1911
2019,21819100,921
2020,21819100,904
2019,21819200,1780
2020,21819200,1774
2019,21819300,2738
2020,21819300,2687
2019,21819400,1018
2020,21819400,1002
2019,21832100,0
2020,21832100,0
2019,21832200,1628
2020,21832200,1584
2019,21832300,1425
2020,21832300,1434
2019,21832400,1613
2020,21832400,1647
2019,21832500,981
2020,21832500,966
2019,21832600,1471
2020,21832600,1451
2019,21843100,1781
2020,21843100,1770
2019,21843200,3
2020,21843200,3
2019,21843300,1534
2020,21843300,1547
2019,21843400,2
2020,21843400,4
2019,21844100,2799
2020,21844100,2798
2019,21852100,74
2020,21852100,78
2019,21852200,4
2020,21852200,3
2019,21852300,0
2020,21852300,0
2019,21860100,1203
2020,21860100,1258
2019,21860200,3
2020,21860200,4
2019,21861100,1079
2020,21861100,1086
2019,21861200,1384
2020,21861200,1391
2019,21862100,3280
2020,21862100,3273
2019,21862200,2473
2020,21862200,2448
2019,21864100,8
2020,21864100,18
2019,21866100,3094
2020,21866100,3051
2019,21866200,1842
2020,21866200,1808
2019,21866300,2635
2020,21866300,2615
2019,21868100,2824
2020,21868100,2767
2019,21868200,2784
2020,21868200,2718
2019,21872100,0
2020,21872100,0
2019,21872200,0
2020,21872200,0
2019,21872300,0
2020,21872300,0
2019,21875100,2014
2020,21875100,1926
2019,21875200,2324
2020,21875200,2279
2019,21876100,2668
2020,21876100,2633
2019,21876200,2515
2020,21876200,2497
2019,21877100,1124
2020,21877100,1144
2019,21877200,3060
2020,21877200,3017
2019,21880100,1566
2020,21880100,1486
2019,21880200,2528
2020,21880200,2461
2019,21882100,2916
2020,21882100,2870
2019,21882200,3103
2020,21882200,3030
2019,21882300,1518
2020,21882300,1528
2019,21883100,1207
2020,21883100,1176
2019,21883200,766
2020,21883200,772
2019,21883300,1638
2020,21883300,1634
2019,21883400,1359
2020,21883400,1303
2019,21884100,3003
2020,21884100,2948
2019,21884200,3393
2020,21884200,3277
2019,21886100,1519
2020,21886100,1575
2019,21886200,2488
2020,21886200,2477
2019,21886300,530
2020,21886300,520
2019,21886400,6
2020,21886400,6
2019,21886500,0
2020,21886500,0
2019,21887100,1205
2020,21887100,1207
2019,21887200,1483
2020,21887200,1431
2019,21887300,742
2020,21887300,732
2019,21889100,2314
2020,21889100,2317
2019,21889200,1741
2020,21889200,1685
2019,21890100,3146
2020,21890100,3097
2019,21890200,3420
2020,21890200,3340
2019,21892100,1013
2020,21892100,1036
2019,21892200,1710
2020,21892200,1676
2019,21893100,2254
2020,21893100,2237
2019,21893200,2878
2020,21893200,2908
2019,21894100,1532
2020,21894100,1546
2019,21894200,2296
2020,21894200,2293
2019,21896100,754
2020,21896100,774
2019,21896200,822
2020,21896200,812
2019,21896300,1340
2020,21896300,1291
2019,21896400,1159
2020,21896400,1261
2019,21897100,1208
2020,21897100,1217
2019,21897200,1094
2020,21897200,1085
2019,21897300,1780
2020,21897300,1762
2019,21899100,2157
2020,21899100,2043
2019,21899200,2768
2020,21899200,2715
2019,21900100,7807
2020,21900100,7802
2019,21901100,2152
2020,21901100,2141
2019,21901200,3286
2020,21901200,3227
2019,21827100,1570
2020,21827100,1589
2019,21827200,1968
2020,21827200,1959
2019,21827300,1512
2020,21827300,1431
2019,21827400,719
2020,21827400,656
2019,21839100,2256
2020,21839100,2189
2019,21839200,1003
2020,21839200,1010
2019,21839300,1216
2020,21839300,1199
2019,21839400,2242
2020,21839400,2287
2019,21850100,1371
2020,21850100,1358
2019,21850200,1771
2020,21850200,1771
2019,21850300,1335
2020,21850300,1374
2019,21850400,1667
2020,21850400,1607
2019,21850500,838
2020,21850500,831
2019,21850600,1040
2020,21850600,1005
2019,21851100,2877
2020,21851100,2814
2019,21851200,2417
2020,21851200,2400
2019,21857100,1355
2020,21857100,1337
2019,21857200,2347
2020,21857200,2299
2019,21857300,1010
2020,21857300,1003
2019,21857400,1174
2020,21857400,1194
2019,21857500,1702
2020,21857500,1652
2019,21859100,1476
2020,21859100,1424
2019,21859200,1002
2020,21859200,972
2019,21859300,1153
2020,21859300,1106
2019,21859400,1208
2020,21859400,1216
2019,21863100,1398
2020,21863100,1373
2019,21863200,1154
2020,21863200,1122
2019,21863300,1147
2020,21863300,1179
2019,21865100,3104
2020,21865100,3099
2019,21865200,2714
2020,21865200,2731
2019,21865300,1370
2020,21865300,1319
2019,21867100,2360
2020,21867100,2334
2019,21867200,658
2020,21867200,633
2019,21867300,1429
2020,21867300,1421
2019,21867400,2181
2020,21867400,2334
2019,21871100,78
2020,21871100,80
2019,21871200,2924
2020,21871200,2857
2019,21873100,526
2020,21873100,564
2019,21873200,1729
2020,21873200,1715
2019,21873300,1029
2020,21873300,1020
2019,21874100,1914
2020,21874100,1908
2019,21874200,1533
2020,21874200,1526
2019,21874300,1647
2020,21874300,1646
2019,21878100,2443
2020,21878100,2404
2019,21879100,2049
2020,21879100,2002
2019,21879200,1309
2020,21879200,1285
2019,21881100,1338
2020,21881100,1375
2019,21881200,2188
2020,21881200,2162
2019,21881300,706
2020,21881300,769
2019,21885100,796
2020,21885100,779
2019,21885200,1160
2020,21885200,1161
2019,21885300,2060
2020,21885300,2026
2019,21888100,1695
2020,21888100,1655
2019,21888200,886
2020,21888200,874
2019,21888300,908
2020,21888300,843
2019,21891100,6654
2020,21891100,6602
2019,21895100,1996
2020,21895100,1987
2019,21895200,2749
2020,21895200,2655
2019,21898100,612
2020,21898100,636
2019,21898200,706
2020,21898200,720
2019,21898300,1057
2020,21898300,1035
2019,21898400,2432
2020,21898400,2389
2019,21902100,1345
2020,21902100,1377
2019,21902200,1636
2020,21902200,1641
2019,21902300,2427
2020,21902300,2380
2019,21902400,1476
2020,21902400,1474
2019,21903100,4285
2020,21903100,4250
2019,21903200,2179
2020,21903200,2145
2019,22259100,2748
2020,22259100,2685
2019,22259200,3004
2020,22259200,3140
2019,22265100,1555
2020,22265100,1511
2019,22265200,1046
2020,22265200,1038
2019,22265300,3743
2020,22265300,3640
2019,22268100,2169
2020,22268100,2163
2019,22268200,2230
2020,22268200,2240
2019,22272100,1794
2020,22272100,1789
2019,22272200,1533
2020,22272200,1446
2019,22272300,2836
2020,22272300,2765
2019,22272400,2215
2020,22272400,2162
2019,22278100,3197
2020,22278100,3157
2019,22284100,1197
2020,22284100,1192
2019,22284200,1805
2020,22284200,1765
2019,22284300,1220
2020,22284300,1190
2019,22287100,2924
2020,22287100,2885
2019,22293100,1737
2020,22293100,1701
2019,22293200,3596
2020,22293200,3508
2019,22293300,2145
2020,22293300,2101
2019,22298100,2050
2020,22298100,2142
2019,22298200,932
2020,22298200,894
2019,22305100,1837
2020,22305100,1813
2019,22305200,1549
2020,22305200,1521
2019,22305300,1668
2020,22305300,1643
2019,22308100,3019
2020,22308100,3037
2019,21904100,1369
2020,21904100,1395
2019,21904200,723
2020,21904200,771
2019,21904300,1498
2020,21904300,1489
2019,22316100,2886
2020,22316100,2817
2019,22319100,1738
2020,22319100,1656
2019,22319200,2691
2020,22319200,2619
2019,22321100,1363
2020,22321100,1372
2019,22322100,0
2020,22322100,0
2019,22322200,137
2020,22322200,151
2019,22334100,4463
2020,22334100,4315
2019,22338100,8283
2020,22338100,8437
2019,22339100,4
2020,22339100,4
2019,22339200,3
2020,22339200,3
2019,22347100,2676
2020,22347100,2619
2019,22347200,1745
2020,22347200,1732
2019,22349100,3063
2020,22349100,2935
2019,22352100,4128
2020,22352100,3995
2019,22352200,2289
2020,22352200,2238
2019,22360100,0
2020,22360100,0
2019,22360200,2068
2020,22360200,2083
2019,22360300,2396
2020,22360300,2322
2019,22361100,1271
2020,22361100,1291
2019,22361200,2489
2020,22361200,2433
2019,22361300,1740
2020,22361300,1707
2019,22370100,1556
2020,22370100,1483
2019,22375100,1439
2020,22375100,1423
2019,22379100,2041
2020,22379100,1980
2019,22379200,3133
2020,22379200,3108
2019,22381100,5
2020,22381100,5
2019,22381200,1172
2020,22381200,1249
2019,22388100,2107
2020,22388100,2062
2019,22393100,2006
2020,22393100,2026
2019,22393200,1752
2020,22393200,1733
2019,22397100,2077
2020,22397100,2095
2019,22397200,2839
2020,22397200,2845
2019,22398100,1827
2020,22398100,1820
2019,22398200,1810
2020,22398200,1780
2019,22398300,1600
2020,22398300,1679
2019,22399100,1701
2020,22399100,1688
2019,22399200,2397
2020,22399200,2374
2019,22401100,2086
2020,22401100,2097
2019,22401200,1420
2020,22401200,1476
2019,22401300,2977
2020,22401300,2938
2019,22403100,5437
2020,22403100,5405
2019,22404100,1906
2020,22404100,1921
2019,22404200,2700
2020,22404200,2652
2019,22404300,1996
2020,22404300,2010
2019,22405100,2430
2020,22405100,2500
2019,22405200,3122
2020,22405200,3083
2019,22406100,2817
2020,22406100,2760
2019,22406200,1942
2020,22406200,1938
2019,22406300,1045
2020,22406300,1057
2019,21905100,2000
2020,21905100,2071
2019,21906100,2177
2020,21906100,2147
2019,21907100,4166
2020,21907100,4092
2019,21908100,2806
2020,21908100,2743
2019,21909100,2641
2020,21909100,2642
2019,21909200,1183
2020,21909200,1066
2019,21910100,2242
2020,21910100,2199
2019,21910200,1509
2020,21910200,1450
2019,21911100,1688
2020,21911100,1734
2019,21911200,2210
2020,21911200,2115
2019,21912100,1903
2020,21912100,1893
2019,21912200,1100
2020,21912200,1154
2019,21915100,2822
2020,21915100,2820
2019,21917100,1052
2020,21917100,1099
2019,21917200,3148
2020,21917200,3102
2019,21918100,1893
2020,21918100,1806
2019,21918200,960
2020,21918200,952
2019,21918300,2849
2020,21918300,2768
2019,21919100,3855
2020,21919100,3832
2019,21920100,1624
2020,21920100,1631
2019,21920200,949
2020,21920200,1022
2019,21921200,707
2020,21921200,606
2019,21922100,3526
2020,21922100,3563
2019,21923100,2567
2020,21923100,2657
2019,21923200,1475
2020,21923200,1421
2019,21925100,2392
2020,21925100,2385
2019,21925200,1976
2020,21925200,1967
2019,21925300,1665
2020,21925300,1681
2019,21926100,2720
2020,21926100,2759
2019,21927100,965
2020,21927100,971
2019,21927200,416
2020,21927200,387
2019,21927300,1561
2020,21927300,1517
2019,21928100,3849
2020,21928100,3819
2019,21931100,2543
2020,21931100,2479
2019,21931200,2117
2020,21931200,2205
2019,21932100,2642
2020,21932100,2633
2019,21932200,3575
2020,21932200,3584
2019,21933100,1871
2020,21933100,1854
2019,21933200,670
2020,21933200,678
2019,21933300,2754
2020,21933300,2747
2019,21935100,3187
2020,21935100,3262
2019,21935200,2368
2020,21935200,2341
2019,21938100,2819
2020,21938100,2832
2019,21940100,1491
2020,21940100,1480
2019,21940200,2184
2020,21940200,2174
2019,21940300,4536
2020,21940300,4563
2019,21941100,6
2020,21941100,17
2019,21941200,1129
2020,21941200,1093
2019,21945100,623
2020,21945100,642
2019,21945200,563
2020,21945200,579
2019,21945300,3198
2020,21945300,3218
2019,21962100,1497
2020,21962100,1459
2019,21962200,1496
2020,21962200,1458
2019,21964100,2521
2020,21964100,2504
2019,21964200,984
2020,21964200,989
2019,21964300,2077
2020,21964300,2059
2019,21965100,2757
2020,21965100,2749
2019,21966100,1849
2020,21966100,1832
2019,21966200,533
2020,21966200,584
2019,21966300,1640
2020,21966300,1601
2019,21966400,1370
2020,21966400,1362
2019,21966500,924
2020,21966500,930
2019,21967100,2009
2020,21967100,1978
2019,21967200,1330
2020,21967200,1321
2019,21967300,1359
2020,21967300,1351
2019,21968100,1982
2020,21968100,1966
2019,21968200,1090
2020,21968200,1084
2019,21968300,948
2020,21968300,916
2019,21974100,2481
2020,21974100,2470
2019,21974200,1249
2020,21974200,1232
2019,21975100,1386
2020,21975100,1383
2019,21975200,610
2020,21975200,616
2019,21975300,2821
2020,21975300,2811
2019,21976100,1205
2020,21976100,1264
2019,21976200,708
2020,21976200,664
2019,21976300,736
2020,21976300,739
2019,21977100,759
2020,21977100,721
2019,21977200,1958
2020,21977200,1932
2019,21977300,2190
2020,21977300,2209
2019,21978100,1332
2020,21978100,1328
2019,21978200,1004
2020,21978200,1025
2019,21989100,1467
2020,21989100,1476
2019,21989200,2456
2020,21989200,2439
2019,21991100,1625
2020,21991100,1640
2019,21991200,1703
2020,21991200,1644
2019,21993100,458
2020,21993100,467
2019,21993200,1983
2020,21993200,1954
2019,21993300,1140
2020,21993300,1166
2019,21993400,88
2020,21993400,88
2019,21994100,2656
2020,21994100,2603
2019,21995100,1596
2020,21995100,1597
2019,21995200,710
2020,21995200,688
2019,21996100,2256
2020,21996100,2234
2019,21996200,1421
2020,21996200,1397
2019,22003100,2470
2020,22003100,2450
2019,22003200,2075
2020,22003200,2048
2019,22004100,1178
2020,22004100,1185
2019,22004200,1307
2020,22004200,1361
2019,22007400,1723
2020,22007400,1746
2019,22007500,804
2020,22007500,822
2019,22012100,659
2020,22012100,664
2019,22012200,1280
2020,22012200,1304
2019,22012300,1339
2020,22012300,1286
2019,22012400,964
2020,22012400,970
2019,22016100,362
2020,22016100,368
2019,22016200,148
2020,22016200,129
2019,21956100,422
2020,21956100,379
2019,21956200,3466
2020,21956200,3445
2019,21958100,891
2020,21958100,916
2019,21958200,4691
2020,21958200,4831
2019,21959100,3962
2020,21959100,3920
2019,21959200,2837
2020,21959200,2787
2019,21960100,68
2020,21960100,69
2019,21960200,204
2020,21960200,213
2019,21960300,0
2020,21960300,0
2019,21961100,1884
2020,21961100,1854
2019,21963100,3980
2020,21963100,3963
2019,21969100,717
2020,21969100,723
2019,21969200,1969
2020,21969200,2008
2019,21970100,1093
2020,21970100,1130
2019,21970200,2237
2020,21970200,2194
2019,21970300,4245
2020,21970300,4190
2019,21972100,2114
2020,21972100,2088
2019,21972200,1369
2020,21972200,1353
2019,21972300,172
2020,21972300,173
2019,21972400,328
2020,21972400,309
2019,21972500,1701
2020,21972500,1667
2019,21973100,2093
2020,21973100,2049
2019,21980100,1000
2020,21980100,1004
2019,21980200,1813
2020,21980200,1757
2019,21980300,494
2020,21980300,529
2019,21980400,0
2020,21980400,0
2019,21980500,557
2020,21980500,562
2019,21981100,562
2020,21981100,483
2019,21981200,892
2020,21981200,904
2019,21981300,1216
2020,21981300,1222
2019,21981400,1394
2020,21981400,1389
2019,21981500,544
2020,21981500,491
2019,21981600,468
2020,21981600,443
2019,21982100,1137
2020,21982100,1136
2019,21982200,1123
2020,21982200,1159
2019,21982300,1177
2020,21982300,1154
2019,21983100,471
2020,21983100,505
2019,21983200,522
2020,21983200,476
2019,21983300,1287
2020,21983300,1288
2019,21983400,53
2020,21983400,59
2019,21983500,843
2020,21983500,832
2019,21984100,4487
2020,21984100,4492
2019,21985100,529
2020,21985100,521
2019,21985200,301
2020,21985200,315
2019,21985300,631
2020,21985300,646
2019,21985400,1619
2020,21985400,1583
2019,21985500,1615
2020,21985500,1570
2019,21985600,0
2020,21985600,0
2019,21985700,781
2020,21985700,784
2019,21986100,123
2020,21986100,153
2019,21986200,475
2020,21986200,474
2019,21986300,0
2020,21986300,0
2019,21986400,795
2020,21986400,793
2019,21986500,1621
2020,21986500,1576
2019,21986600,643
2020,21986600,535
2019,21986700,715
2020,21986700,692
2019,21986800,803
2020,21986800,780
2019,21986900,1349
2020,21986900,2544
2019,21987100,1237
2020,21987100,1178
2019,21987200,1574
2020,21987200,1555
2019,21987300,1633
2020,21987300,1567
2019,21987400,396
2020,21987400,387
2019,21988100,1355
2020,21988100,1351
2019,21988200,759
2020,21988200,768
2019,21988300,2396
2020,21988300,2351
2019,21988400,1929
2020,21988400,1885
2019,21990100,0
2020,21990100,0
2019,21990200,804
2020,21990200,793
2019,21990300,1823
2020,21990300,1777
2019,21990400,1863
2020,21990400,1850
2019,21990500,1327
2020,21990500,1315
2019,21992100,1621
2020,21992100,1612
2019,21992200,2225
2020,21992200,2183
2019,21992300,2181
2020,21992300,2136
2019,21997100,2800
2020,21997100,2789
2019,21997200,3570
2020,21997200,3548
2019,21998100,0
2020,21998100,0
2019,21998200,0
2020,21998200,0
2019,21998300,982
2020,21998300,967
2019,21998400,371
2020,21998400,374
2019,21998500,1173
2020,21998500,1162
2019,21998600,797
2020,21998600,784
2019,21998700,311
2020,21998700,324
2019,21998800,102
2020,21998800,98
2019,21998900,95
2020,21998900,120
2019,21999100,3774
2020,21999100,3754
2019,21999200,3249
2020,21999200,3207
2019,21999300,1116
2020,21999300,1092
2019,22000100,221
2020,22000100,220
2019,22000200,3633
2020,22000200,3618
2019,22000300,1044
2020,22000300,1070
2019,22001100,2358
2020,22001100,2350
2019,22001200,458
2020,22001200,458
2019,22001300,274
2020,22001300,275
2019,22001400,547
2020,22001400,534
2019,22001500,548
2020,22001500,505
2019,22002100,1395
2020,22002100,1421
2019,22002200,1786
2020,22002200,1790
2019,22002300,3072
2020,22002300,3015
2019,22002400,654
2020,22002400,614
2019,22005100,1844
2020,22005100,1811
2019,22005200,532
2020,22005200,516
2019,22005300,404
2020,22005300,426
2019,22005400,348
2020,22005400,340
2019,22005500,1182
2020,22005500,1148
2019,22005600,575
2020,22005600,577
2019,22005700,191
2020,22005700,189
2019,22005800,2070
2020,22005800,2029
2019,22005900,558
2020,22005900,557
2019,22008100,1026
2020,22008100,989
2019,22008200,925
2020,22008200,917
2019,22008300,573
2020,22008300,567
2019,22008400,1767
2020,22008400,1721
2019,22008500,2137
2020,22008500,2163
2019,22011100,3054
2020,22011100,3050
2019,22011200,2361
2020,22011200,2321
2019,22011300,2352
2020,22011300,2310
2019,22013100,3867
2020,22013100,3786
2019,22013200,2252
2020,22013200,2159
2019,22017100,2828
2020,22017100,2774
2019,22017200,2639
2020,22017200,2637
2019,22019100,375
2020,22019100,379
2019,22019200,2504
2020,22019200,2439
2019,22019300,3564
2020,22019300,3521
2019,22019400,1551
2020,22019400,1539
2019,22021100,1362
2020,22021100,1338
2019,22021200,1110
2020,22021200,1092
2019,22021300,1067
2020,22021300,1046
2019,22021400,1233
2020,22021400,1182
2019,22023100,1931
2020,22023100,1882
2019,22023200,1779
2020,22023200,1750
2019,22033100,280
2020,22033100,276
2019,22033200,1733
2020,22033200,1702
2019,22033300,1098
2020,22033300,1114
2019,22033400,942
2020,22033400,920
2019,22033500,1609
2020,22033500,1600
2019,22033600,835
2020,22033600,838
2019,22033700,600
2020,22033700,611
2019,22033800,0
2020,22033800,0
2019,22044100,425
2020,22044100,409
2019,22044200,653
2020,22044200,679
2019,22044300,812
2020,22044300,821
2019,22044400,1631
2020,22044400,1594
2019,22044500,915
2020,22044500,929
2019,22044600,2067
2020,22044600,2042
2019,22047100,2041
2020,22047100,1980
2019,22006100,1520
2020,22006100,1508
2019,22006200,3242
2020,22006200,3193
2019,22006300,246
2020,22006300,252
2019,22014100,2832
2020,22014100,2746
2019,22014200,2280
2020,22014200,2258
2019,22024100,752
2020,22024100,755
2019,22024200,2102
2020,22024200,2023
2019,22024300,2938
2020,22024300,2864
2019,22025100,997
2020,22025100,1015
2019,22025200,1223
2020,22025200,1168
2019,22025300,480
2020,22025300,483
2019,22025400,870
2020,22025400,883
2019,22025500,988
2020,22025500,965
2019,22026100,2224
2020,22026100,2184
2019,22026200,2470
2020,22026200,2418
2019,22027100,1589
2020,22027100,1685
2019,22027200,1201
2020,22027200,1216
2019,22029100,2105
2020,22029100,2041
2019,22029200,1479
2020,22029200,1446
2019,22030100,1157
2020,22030100,1147
2019,22030200,1657
2020,22030200,1621
2019,22034100,1029
2020,22034100,985
2019,22034200,2518
2020,22034200,2494
2019,22035100,3026
2020,22035100,2946
2019,22035200,1111
2020,22035200,1096
2019,22035300,2390
2020,22035300,2307
2019,22035400,1124
2020,22035400,1079
2019,22036100,970
2020,22036100,1007
2019,22036200,2687
2020,22036200,2611
2019,22037100,2446
2020,22037100,2411
2019,22037200,3149
2020,22037200,3094
2019,22038100,878
2020,22038100,851
2019,22038200,2703
2020,22038200,2591
2019,22041100,1324
2020,22041100,1319
2019,22041200,1319
2020,22041200,1330
2019,22041300,1396
2020,22041300,1399
2019,22042100,2291
2020,22042100,2215
2019,22042200,1572
2020,22042200,1510
2019,22043100,2629
2020,22043100,2569
2019,22043200,1981
2020,22043200,2079
2019,22045100,2080
2020,22045100,2066
2019,22045200,1797
2020,22045200,1769
2019,22045300,1257
2020,22045300,1261
2019,22045400,951
2020,22045400,939
2019,22046100,2930
2020,22046100,2926
2019,22048100,1287
2020,22048100,1267
2019,22048200,1089
2020,22048200,1064
2019,22049100,3388
2020,22049100,3341
2019,22050100,3527
2020,22050100,3470
2019,22051100,1410
2020,22051100,1430
2019,22051200,2037
2020,22051200,2034
2019,22052100,2894
2020,22052100,2831
2019,22052200,1320
2020,22052200,1336
2019,22053100,2034
2020,22053100,2026
2019,22053200,2068
2020,22053200,2066
2019,22054100,2560
2020,22054100,2543
2019,22055100,1704
2020,22055100,1684
2019,22055200,1924
2020,22055200,1869
2019,22056100,2830
2020,22056100,2719
2019,22057100,2562
2020,22057100,2473
2019,22057200,2411
2020,22057200,2356
2019,22058100,2499
2020,22058100,2388
2019,22058200,1052
2020,22058200,969
2019,22059100,1561
2020,22059100,1587
2019,22059200,1297
2020,22059200,1317
2019,22059300,690
2020,22059300,699
2019,22060100,2988
2020,22060100,2911
2019,22061100,1832
2020,22061100,1789
2019,22061200,2309
2020,22061200,2237
2019,22062100,1988
2020,22062100,2022
2019,22062200,1327
2020,22062200,1297
2019,22063100,3133
2020,22063100,3126
2019,22063200,1851
2020,22063200,1883
2019,22064100,2344
2020,22064100,2328
2019,22064200,1325
2020,22064200,1360
2019,22064300,1237
2020,22064300,1249
2019,22064400,1302
2020,22064400,1302
2019,22065100,932
2020,22065100,903
2019,22065200,1054
2020,22065200,1046
2019,22065300,1775
2020,22065300,1750
2019,22066100,646
2020,22066100,695
2019,22066200,1432
2020,22066200,1394
2019,22066300,1247
2020,22066300,1242
2019,22067100,2501
2020,22067100,2480
2019,22068100,1519
2020,22068100,1515
2019,22069100,1962
2020,22069100,1952
2019,22070100,3183
2020,22070100,3157
2019,22072100,2399
2020,22072100,2484
2019,22073100,1174
2020,22073100,1241
2019,22073200,602
2020,22073200,635
2019,22073300,3032
2020,22073300,2986
2019,22074100,1336
2020,22074100,1334
2019,22074200,754
2020,22074200,795
2019,22075100,2263
2020,22075100,2237
2019,22075200,3098
2020,22075200,3041
2019,22076100,3073
2020,22076100,3006
2019,22076200,2157
2020,22076200,2192
2019,22071100,1920
2020,22071100,1909
2019,22071200,3914
2020,22071200,3904
2019,22085100,4716
2020,22085100,4710
2019,22089100,3486
2020,22089100,3444
2019,22093100,8307
2020,22093100,8312
2019,22096100,1820
2020,22096100,1814
2019,22096200,1678
2020,22096200,1664
2019,22096300,2251
2020,22096300,2249
2019,22098100,3298
2020,22098100,3267
2019,22099100,4835
2020,22099100,4811
2019,22100100,1830
2020,22100100,1848
2019,22100200,436
2020,22100200,407
2019,22100300,1126
2020,22100300,1118
2019,22101100,0
2020,22101100,0
2019,22101200,1477
2020,22101200,1480
2019,22102100,1556
2020,22102100,1554
2019,22104100,2669
2020,22104100,2695
2019,22104200,2196
2020,22104200,2178
2019,22109100,5577
2020,22109100,5582
2019,22111100,1335
2020,22111100,1337
2019,22111200,574
2020,22111200,591
2019,22111300,663
2020,22111300,632
2019,22112100,4085
2020,22112100,4077
2019,22114100,3102
2020,22114100,3107
2019,22114200,1551
2020,22114200,1529
2019,22116100,3021
2020,22116100,3057
2019,22124100,3189
2020,22124100,3168
2019,22124200,2193
2020,22124200,2168
2019,22124300,2631
2020,22124300,2630
2019,22127100,3419
2020,22127100,3375
2019,22127200,2184
2020,22127200,2160
2019,22130100,692
2020,22130100,660
2019,22130200,1736
2020,22130200,1760
2019,22130300,1386
2020,22130300,1371
2019,22131100,856
2020,22131100,855
2019,22131200,3161
2020,22131200,3177
2019,22135100,1878
2020,22135100,1889
2019,22135200,2011
2020,22135200,2067
2019,22135300,1652
2020,22135300,1682
2019,22135400,2682
2020,22135400,2681
2019,22140100,2605
2020,22140100,2561
2019,22140200,1601
2020,22140200,1604
2019,22142100,2706
2020,22142100,2668
2019,22142200,1130
2020,22142200,1157
2019,22143100,1868
2020,22143100,1827
2019,22143200,3956
2020,22143200,3965
2019,22146100,1910
2020,22146100,1899
2019,22146200,952
2020,22146200,984
2019,22146300,1505
2020,22146300,1536
2019,22082100,1324
2020,22082100,1342
2019,22082200,1949
2020,22082200,1927
2019,22083100,1809
2020,22083100,1790
2019,22083200,2150
2020,22083200,2130
2019,22086100,1240
2020,22086100,1208
2019,22086200,267
2020,22086200,284
2019,22087100,1468
2020,22087100,1425
2019,22087200,417
2020,22087200,404
2019,22087300,4872
2020,22087300,4833
2019,22090100,1308
2020,22090100,1292
2019,22090200,871
2020,22090200,881
2019,22090300,431
2020,22090300,448
2019,22090400,664
2020,22090400,624
2019,22091100,1021
2020,22091100,1015
2019,22091200,845
2020,22091200,865
2019,22091300,1939
2020,22091300,1998
2019,22091400,129
2020,22091400,151
2019,22095100,1460
2020,22095100,1462
2019,22095200,2116
2020,22095200,2116
2019,22095300,1922
2020,22095300,1921
2019,22105100,2514
2020,22105100,2521
2019,22105200,607
2020,22105200,569
2019,22105300,1453
2020,22105300,1459
2019,22106100,136
2020,22106100,156
2019,22106200,323
2020,22106200,351
2019,22106300,261
2020,22106300,271
2019,22106400,1081
2020,22106400,1140
2019,22106500,155
2020,22106500,155
2019,22107100,1251
2020,22107100,1390
2019,22107200,236
2020,22107200,256
2019,22107300,1908
2020,22107300,1924
2019,22107400,2210
2020,22107400,2209
2019,22108100,2007
2020,22108100,2035
2019,22108200,2162
2020,22108200,2167
2019,22108300,3159
2020,22108300,3118
2019,22113100,1763
2020,22113100,1751
2019,22113200,2758
2020,22113200,2733
2019,22113300,740
2020,22113300,725
2019,22113400,924
2020,22113400,910
2019,22113500,2194
2020,22113500,2205
2019,22117100,1826
2020,22117100,1773
2019,22117200,1975
2020,22117200,1943
2019,22117300,1681
2020,22117300,1668
2019,22117400,415
2020,22117400,477
2019,22119100,2996
2020,22119100,2990
2019,22120100,1754
2020,22120100,1742
2019,22120200,1193
2020,22120200,1191
2019,22121100,960
2020,22121100,972
2019,22121200,845
2020,22121200,843
2019,22121300,616
2020,22121300,608
2019,22121400,1743
2020,22121400,1731
2019,22121500,1224
2020,22121500,1210
2019,22121600,1399
2020,22121600,1399
2019,22122100,1718
2020,22122100,1660
2019,22122200,1366
2020,22122200,1355
2019,22122300,1823
2020,22122300,1809
2019,22132100,750
2020,22132100,765
2019,22133100,2354
2020,22133100,2345
2019,22133200,490
2020,22133200,481
2019,22133300,424
2020,22133300,419
2019,22133400,1095
2020,22133400,1097
2019,22134100,1926
2020,22134100,1914
2019,22134200,184
2020,22134200,222
2019,22134300,1140
2020,22134300,1145
2019,22134400,2700
2020,22134400,2649
2019,22134500,1692
2020,22134500,1718
2019,22136100,2305
2020,22136100,2314
2019,22136200,1776
2020,22136200,1743
2019,22137100,2982
2020,22137100,2966
2019,22144100,1849
2020,22144100,1826
2019,22147100,1022
2020,22147100,973
2019,22147200,2445
2020,22147200,2436
2019,22147300,2212
2020,22147300,2188
2019,22154100,2300
2020,22154100,2270
2019,22159100,3754
2020,22159100,3713
2019,22159200,2437
2020,22159200,2414
2019,22160100,1457
2020,22160100,1422
2019,22160200,1427
2020,22160200,1404
2019,22161100,2188
2020,22161100,2147
2019,22162100,4065
2020,22162100,4029
2019,22174100,1931
2020,22174100,1906
2019,22174200,1734
2020,22174200,1676
2019,22174300,132
2020,22174300,159
2019,22174400,0
2020,22174400,0
2019,22175100,1817
2020,22175100,1790
2019,22175200,1474
2020,22175200,1482
2019,22188100,2406
2020,22188100,2379
2019,22188200,292
2020,22188200,298
2019,22139100,970
2020,22139100,953
2019,22139200,958
2020,22139200,978
2019,22139300,979
2020,22139300,963
2019,22139400,996
2020,22139400,1018
2019,22139500,657
2020,22139500,682
2019,22139600,1166
2020,22139600,1168
2019,22139700,1030
2020,22139700,997
2019,22153100,1433
2020,22153100,1433
2019,22153200,1337
2020,22153200,1274
2019,22153300,1002
2020,22153300,901
2019,22156100,2095
2020,22156100,2078
2019,22156200,1596
2020,22156200,1622
2019,22158100,3040
2020,22158100,3002
2019,22158200,1824
2020,22158200,1840
2019,22158300,1010
2020,22158300,1048
2019,22167100,720
2020,22167100,727
2019,22167200,1429
2020,22167200,1426
2019,22167300,1653
2020,22167300,1579
2019,22167400,607
2020,22167400,707
2019,22167500,1543
2020,22167500,1503
2019,22168100,1670
2020,22168100,1654
2019,22168200,1485
2020,22168200,1475
2019,22168300,1251
2020,22168300,1268
2019,22168400,959
2020,22168400,933
2019,22169100,1677
2020,22169100,1669
2019,22169200,739
2020,22169200,771
2019,22172100,3195
2020,22172100,3162
2019,22172200,757
2020,22172200,775
2019,22173100,649
2020,22173100,670
2019,22173200,1023
2020,22173200,1072
2019,22173300,1258
2020,22173300,1278
2019,22173400,1896
2020,22173400,1839
2019,22173500,2188
2020,22173500,2135
2019,22177100,688
2020,22177100,667
2019,22177200,1249
2020,22177200,1196
2019,22177300,1221
2020,22177300,1189
2019,22178100,1234
2020,22178100,1226
2019,22178200,1670
2020,22178200,1705
2019,22178300,1373
2020,22178300,1341
2019,22179100,1701
2020,22179100,1688
2019,22179200,1038
2020,22179200,1025
2019,22179300,1001
2020,22179300,987
2019,22179400,41
2020,22179400,37
2019,22183100,3295
2020,22183100,3329
2019,22183200,1943
2020,22183200,1925
2019,22183300,1150
2020,22183300,1197
2019,22187100,2186
2020,22187100,2159
2019,22187200,3004
2020,22187200,2930
2019,22189100,2355
2020,22189100,2329
2019,22189200,964
2020,22189200,961
2019,22189300,1693
2020,22189300,1661
2019,22190100,2544
2020,22190100,2499
2019,22190200,1765
2020,22190200,1725
2019,22192100,3359
2020,22192100,3308
2019,22192200,556
2020,22192200,554
2019,22194100,631
2020,22194100,653
2019,22194200,1747
2020,22194200,1704
2019,22198100,1640
2020,22198100,1620
2019,22198200,2039
2020,22198200,1990
2019,22198300,1737
2020,22198300,1651
2019,22199100,2453
2020,22199100,2406
2019,22199200,1515
2020,22199200,1474
2019,22202100,1523
2020,22202100,1492
2019,22202200,1324
2020,22202200,1355
2019,22202300,1746
2020,22202300,1702
2019,22202400,1556
2020,22202400,1497
2019,22203100,2800
2020,22203100,2784
2019,22203200,2251
2020,22203200,2217
2019,22205100,4503
2020,22205100,4505
2019,22206100,1861
2020,22206100,1888
2019,22206200,985
2020,22206200,983
2019,22206300,1962
2020,22206300,1916
2019,22209100,1348
2020,22209100,1351
2019,22209200,2904
2020,22209200,2888
2019,22209300,1049
2020,22209300,1077
2019,22209400,1046
2020,22209400,1019
2019,22209500,1557
2020,22209500,1500
2019,22211100,1780
2020,22211100,1745
2019,22211200,2024
2020,22211200,2034
2019,22211300,796
2020,22211300,767
2019,22216100,1356
2020,22216100,1383
2019,22216200,2807
2020,22216200,2720
2019,22217100,1092
2020,22217100,1108
2019,22217200,1162
2020,22217200,1202
2019,22217300,2121
2020,22217300,2124
2019,22217400,2023
2020,22217400,2002
2019,22218100,1762
2020,22218100,1779
2019,22218200,42
2020,22218200,62
2019,22218300,0
2020,22218300,0
2019,22219100,1112
2020,22219100,1217
2019,22219200,1077
2020,22219200,1054
2019,22219300,1594
2020,22219300,1593
2019,22220100,1548
2020,22220100,1630
2019,22229100,395
2020,22229100,594
2019,22229200,2752
2020,22229200,2727
2019,22229300,3585
2020,22229300,3651
2019,22230100,2349
2020,22230100,2314
2019,22230200,716
2020,22230200,864
2019,22230300,1341
2020,22230300,1331
2019,22231100,973
2020,22231100,1010
2019,22231200,2157
2020,22231200,2192
2019,22231300,1685
2020,22231300,1678
2019,22231400,1505
2020,22231400,1479
2019,22231500,1693
2020,22231500,1695
2019,22233100,978
2020,22233100,957
2019,22233200,1429
2020,22233200,1492
2019,22233300,1552
2020,22233300,1551
2019,22233400,1456
2020,22233400,1473
2019,22235100,2333
2020,22235100,2311
2019,22235200,913
2020,22235200,951
2019,22235300,1210
2020,22235300,1150
2019,22240100,2394
2020,22240100,2484
2019,22240200,2381
2020,22240200,2404
2019,22240300,4795
2020,22240300,4744
2019,22247100,1735
2020,22247100,1734
2019,22247200,1681
2020,22247200,1668
2019,22247300,3815
2020,22247300,3776
2019,22195100,1796
2020,22195100,1748
2019,22196100,38
2020,22196100,31
2019,22197100,3102
2020,22197100,3090
2019,22201100,1118
2020,22201100,1174
2019,22201200,1068
2020,22201200,1068
2019,22201300,1101
2020,22201300,1082
2019,22204100,4787
2020,22204100,4820
2019,22204200,2338
2020,22204200,2332
2019,22207100,1929
2020,22207100,1936
2019,22207200,1808
2020,22207200,1826
2019,22207300,1727
2020,22207300,1773
2019,22210100,2927
2020,22210100,2989
2019,22210200,539
2020,22210200,574
2019,22210300,1862
2020,22210300,1894
2019,22210400,2324
2020,22210400,2331
2019,22213100,2654
2020,22213100,2618
2019,22214100,1393
2020,22214100,1381
2019,22214200,1089
2020,22214200,1053
2019,22214300,837
2020,22214300,813
2019,22214400,327
2020,22214400,423
2019,22215100,3156
2020,22215100,3235
2019,22221100,1347
2020,22221100,1343
2019,22221200,1127
2020,22221200,1105
2019,22221300,1461
2020,22221300,1394
2019,22221400,1285
2020,22221400,1301
2019,22222100,1112
2020,22222100,1141
2019,22222200,989
2020,22222200,957
2019,22222300,1102
2020,22222300,1090
2019,22222400,2605
2020,22222400,2599
2019,22223100,2601
2020,22223100,2613
2019,22223200,1047
2020,22223200,1058
2019,22223300,1104
2020,22223300,1073
2019,22223400,566
2020,22223400,543
2019,22224100,1876
2020,22224100,1868
2019,22224200,2536
2020,22224200,2521
2019,22225100,3960
2020,22225100,3900
2019,22226100,2849
2020,22226100,2833
2019,22226200,1344
2020,22226200,1315
2019,22226300,1806
2020,22226300,1839
2019,22227100,1585
2020,22227100,1620
2019,22227200,2133
2020,22227200,2139
2019,22228100,2289
2020,22228100,2317
2019,22228200,2576
2020,22228200,2530
2019,22232100,1419
2020,22232100,1358
2019,22232200,2240
2020,22232200,2201
2019,22234100,2758
2020,22234100,2759
2019,22234200,1207
2020,22234200,1167
2019,22234300,1094
2020,22234300,1104
2019,22236100,1689
2020,22236100,1705
2019,22236200,2706
2020,22236200,2621
2019,22236300,2791
2020,22236300,2796
2019,22236400,1835
2020,22236400,1827
2019,22237100,1662
2020,22237100,1653
2019,22238100,3045
2020,22238100,2996
2019,22238200,1509
2020,22238200,1495
2019,22238300,1976
2020,22238300,2006
2019,22239100,1880
2020,22239100,1876
2019,22239200,2351
2020,22239200,2286
2019,22242100,1714
2020,22242100,1689
2019,22242200,1426
2020,22242200,1428
2019,22242300,1441
2020,22242300,1432
2019,22242400,1545
2020,22242400,1516
2019,22243100,1729
2020,22243100,1746
2019,22243200,2525
2020,22243200,2456
2019,22243300,1973
2020,22243300,1950
2019,22243400,1614
2020,22243400,1624
2019,22245100,3407
2020,22245100,3333
2019,22245200,1275
2020,22245200,1279
2019,22225200,1504
2020,22225200,1537
2019,22225300,1536
2020,22225300,1538
2019,22257100,4033
2020,22257100,3931
2019,22258100,4054
2020,22258100,3931
2019,22260100,659
2020,22260100,715
2019,22260200,4264
2020,22260200,4174
2019,22262100,1796
2020,22262100,1819
2019,22262200,0
2020,22262200,0
2019,22262300,1599
2020,22262300,1630
2019,22264100,401
2020,22264100,414
2019,22264200,2455
2020,22264200,2378
2019,22266100,1077
2020,22266100,1061
2019,22266200,331
2020,22266200,348
2019,22271100,1132
2020,22271100,1154
2019,22271200,2198
2020,22271200,2216
2019,22271300,2068
2020,22271300,2069
2019,22274100,4009
2020,22274100,3965
2019,22274200,1441
2020,22274200,1474
2019,22275100,39
2020,22275100,50
2019,22275200,122
2020,22275200,143
2019,22275300,142
2020,22275300,159
2019,22276100,1022
2020,22276100,1008
2019,22276200,1917
2020,22276200,1987
2019,22276300,1776
2020,22276300,1727
2019,22279100,1457
2020,22279100,1445
2019,22279200,1588
2020,22279200,1539
2019,22279300,1356
2020,22279300,1327
2019,22279400,3327
2020,22279400,3290
2019,22283100,1727
2020,22283100,1754
2019,22285100,19
2020,22285100,19
2019,22285200,12
2020,22285200,16
2019,22289100,1558
2020,22289100,1571
2019,22289200,1656
2020,22289200,1665
2019,22289300,1516
2020,22289300,1528
2019,22289400,2247
2020,22289400,2248
2019,22291100,1171
2020,22291100,1161
2019,22291200,2217
2020,22291200,2164
2019,22292100,2427
2020,22292100,2409
2019,22292200,1100
2020,22292200,1098
2019,22292300,1071
2020,22292300,1079
2019,22300100,3005
2020,22300100,2943
2019,22300200,1953
2020,22300200,1939
2019,22300300,1373
2020,22300300,1366
2019,22301100,1901
2020,22301100,1916
2019,22301200,2312
2020,22301200,2327
2019,22301300,2125
2020,22301300,2132
2019,22301400,1789
2020,22301400,1805
2019,22302100,1555
2020,22302100,1583
2019,22302200,1432
2020,22302200,1380
2019,22302300,3357
2020,22302300,3333
2019,22302400,2243
2020,22302400,2212
2019,22304100,56
2020,22304100,77
2019,22312100,1970
2020,22312100,1967
2019,22312200,2680
2020,22312200,2682
2019,22312300,1669
2020,22312300,1663
2019,22312400,2056
2020,22312400,2065
2019,22313100,2117
2020,22313100,2045
2019,22313200,2973
2020,22313200,3026
2019,22315100,5182
2020,22315100,5127
2019,22315200,1010
2020,22315200,1039
2019,22241100,1841
2020,22241100,1990
2019,22241200,1019
2020,22241200,1078
2019,22241300,863
2020,22241300,860
2019,22244100,2618
2020,22244100,2538
2019,22249100,1924
2020,22249100,1859
2019,22249200,1654
2020,22249200,1662
2019,22249300,1473
2020,22249300,1450
2019,22249400,1327
2020,22249400,1312
2019,22249500,692
2020,22249500,683
2019,22250100,1893
2020,22250100,1869
2019,22250200,1321
2020,22250200,1306
2019,22250300,1105
2020,22250300,1094
2019,22250400,1746
2020,22250400,1686
2019,22251100,3247
2020,22251100,3208
2019,22252100,2901
2020,22252100,2910
2019,22252200,1838
2020,22252200,1824
2019,22253100,2137
2020,22253100,2119
2019,22253200,1819
2020,22253200,1815
2019,22253300,766
2020,22253300,797
2019,22254100,1078
2020,22254100,1091
2019,22255100,2433
2020,22255100,2445
2019,22255200,1414
2020,22255200,1313
2019,22255300,2712
2020,22255300,2649
2019,22255400,930
2020,22255400,931
2019,22255500,0
2020,22255500,0
2019,22256100,3298
2020,22256100,3262
2019,22256200,1241
2020,22256200,1199
2019,22261100,2531
2020,22261100,2523
2019,22261200,1204
2020,22261200,1240
2019,22261300,1946
2020,22261300,1992
2019,22263100,20
2020,22263100,20
2019,22267100,2581
2020,22267100,2606
2019,22267200,3186
2020,22267200,3179
2019,22269100,4105
2020,22269100,4118
2019,22270100,3326
2020,22270100,3290
2019,22270200,1905
2020,22270200,2046
2019,22270300,1987
2020,22270300,2017
2019,22273100,1364
2020,22273100,1397
2019,22273200,2011
2020,22273200,2013
2019,22273300,2202
2020,22273300,2210
2019,22277100,2786
2020,22277100,2806
2019,22280100,2287
2020,22280100,2285
2019,22280200,1810
2020,22280200,1881
2019,22281100,181
2020,22281100,180
2019,22282100,3246
2020,22282100,3241
2019,22282200,1524
2020,22282200,1545
2019,22282300,1073
2020,22282300,1052
2019,22286100,1403
2020,22286100,1441
2019,22286200,3560
2020,22286200,3564
2019,22288100,2600
2020,22288100,2573
2019,22288200,1998
2020,22288200,1994
2019,22290100,2132
2020,22290100,2166
2019,22290200,2936
2020,22290200,2902
2019,22295100,3443
2020,22295100,3471
2019,22299100,2112
2020,22299100,2132
2019,22299200,931
2020,22299200,934
2019,22303100,13
2020,22303100,11
2019,22307100,683
2020,22307100,625
2019,22307200,5
2020,22307200,5
2019,22307300,54
2020,22307300,46
2019,22307400,219
2020,22307400,222
2019,22317100,2137
2020,22317100,2114
2019,22317200,2276
2020,22317200,2295
2019,22317300,516
2020,22317300,519
2019,22318100,2745
2020,22318100,2700
2019,22324100,5337
2020,22324100,5332
2019,22329100,2508
2020,22329100,2507
2019,22329200,1463
2020,22329200,1463
2019,22331100,1320
2020,22331100,1265
2019,22331200,1786
2020,22331200,1796
2019,22331300,1618
2020,22331300,1583
2019,22333100,2253
2020,22333100,2212
2019,22333200,3030
2020,22333200,3009
2019,22333300,2829
2020,22333300,2846
2019,22335100,1348
2020,22335100,1367
2019,22335200,2474
2020,22335200,2458
2019,22335300,1604
2020,22335300,1636
2019,22337100,2497
2020,22337100,2455
2019,22340100,4156
2020,22340100,4157
2019,22351100,2475
2020,22351100,2419
2019,22351200,2254
2020,22351200,2182
2019,22351300,1221
2020,22351300,1178
2019,22354100,1360
2020,22354100,1343
2019,22354200,3367
2020,22354200,3304
2019,22354300,2239
2020,22354300,2215
2019,22357100,3716
2020,22357100,3623
2019,22358100,991
2020,22358100,978
2019,22358200,1531
2020,22358200,1532
2019,22358300,1887
2020,22358300,1905
2019,22294100,2326
2020,22294100,2389
2019,22296100,3087
2020,22296100,3046
2019,22296200,2079
2020,22296200,2036
2019,22297100,1616
2020,22297100,1622
2019,22297200,2143
2020,22297200,2115
2019,22297300,1863
2020,22297300,1899
2019,22306100,2197
2020,22306100,2192
2019,22306200,1933
2020,22306200,1964
2019,22306300,1464
2020,22306300,1475
2019,22306400,2458
2020,22306400,2396
2019,22306500,1505
2020,22306500,1488
2019,22309100,1341
2020,22309100,1310
2019,22309200,2534
2020,22309200,2466
2019,22309300,1127
2020,22309300,1031
2019,22309400,1983
2020,22309400,1966
2019,22309500,1350
2020,22309500,1309
2019,22309600,832
2020,22309600,823
2019,22309700,522
2020,22309700,523
2019,22309800,1395
2020,22309800,1336
2019,22310100,1041
2020,22310100,1017
2019,22310200,1780
2020,22310200,1757
2019,22310300,2570
2020,22310300,2550
2019,22314100,453
2020,22314100,483
2019,22314200,1636
2020,22314200,1668
2019,22314300,956
2020,22314300,973
2019,22314400,1438
2020,22314400,1392
2019,22314500,960
2020,22314500,965
2019,22314600,1383
2020,22314600,1360
2019,22320100,2623
2020,22320100,2661
2019,22320200,1971
2020,22320200,1976
2019,22320300,710
2020,22320300,717
2019,22320400,2165
2020,22320400,2159
2019,22323100,5386
2020,22323100,5296
2019,22323200,2364
2020,22323200,2265
2019,22325100,2050
2020,22325100,2037
2019,22325200,3598
2020,22325200,3562
2019,22326100,1286
2020,22326100,1239
2019,22326200,947
2020,22326200,968
2019,22326300,2194
2020,22326300,2174
2019,22326400,1366
2020,22326400,1313
2019,22328100,4743
2020,22328100,4727
2019,22328200,3251
2020,22328200,3404
2019,22332100,2106
2020,22332100,2124
2019,22332200,2914
2020,22332200,2889
2019,22341100,1460
2020,22341100,1461
2019,22341200,657
2020,22341200,645
2019,22342100,1469
2020,22342100,1475
2019,22342200,971
2020,22342200,974
2019,22343100,2168
2020,22343100,2168
2019,22344100,4087
2020,22344100,4098
2019,22345100,3941
2020,22345100,3930
2019,22345200,1754
2020,22345200,1846
2019,22345300,2112
2020,22345300,2188
2019,22346100,9464
2020,22346100,9358
2019,22348100,2751
2020,22348100,2774
2019,22350100,1298
2020,22350100,1310
2019,22350200,4522
2020,22350200,4560
2019,22311100,1669
2020,22311100,1682
2019,22311200,2155
2020,22311200,2261
2019,22311300,1129
2020,22311300,1127
2019,22327100,2499
2020,22327100,2518
2019,22327200,3578
2020,22327200,3540
2019,22327300,1256
2020,22327300,1258
2019,22327400,1746
2020,22327400,1719
2019,22330100,1897
2020,22330100,1880
2019,22330200,1874
2020,22330200,1873
2019,22330300,2158
2020,22330300,2099
2019,22336100,3481
2020,22336100,3447
2019,22336200,854
2020,22336200,842
2019,22336300,1017
2020,22336300,1009
2019,22353100,3971
2020,22353100,3993
2019,22353200,934
2020,22353200,931
2019,22353300,1693
2020,22353300,1690
2019,22355100,2354
2020,22355100,2349
2019,22355200,2138
2020,22355200,2134
2019,22356100,678
2020,22356100,696
2019,22356200,709
2020,22356200,728
2019,22356300,2173
2020,22356300,2121
2019,22359100,2037
2020,22359100,2042
2019,22359200,1992
2020,22359200,2007
2019,22359300,738
2020,22359300,761
2019,22359400,1322
2020,22359400,1308
2019,22362100,4320
2020,22362100,4205
2019,22362200,3115
2020,22362200,3005
2019,22363100,1293
2020,22363100,1266
2019,22363200,1071
2020,22363200,1050
2019,22363300,2896
2020,22363300,2905
2019,22364100,2085
2020,22364100,2087
2019,22364200,3742
2020,22364200,3766
2019,22366100,2644
2020,22366100,2665
2019,22367100,696
2020,22367100,732
2019,22367200,2763
2020,22367200,2761
2019,22367300,2393
2020,22367300,2413
2019,22372100,2389
2020,22372100,2374
2019,22372200,1326
2020,22372200,1327
2019,22372300,1498
2020,22372300,1494
2019,22377100,337
2020,22377100,333
2019,22377200,1769
2020,22377200,1715
2019,22377300,2405
2020,22377300,2420
2019,22377400,2695
2020,22377400,2682
2019,22378100,1928
2020,22378100,1890
2019,22378200,1943
2020,22378200,1952
2019,22380100,2286
2020,22380100,2274
2019,22380200,1390
2020,22380200,1405
2019,22382100,2786
2020,22382100,2805
2019,22385100,2456
2020,22385100,2461
2019,22387100,1786
2020,22387100,1755
2019,22390100,2004
2020,22390100,2003
2019,22390200,2707
2020,22390200,2722
2019,22391100,1608
2020,22391100,1584
2019,22392100,1336
2020,22392100,1347
2019,22392200,2056
2020,22392200,2054
2019,22392300,1405
2020,22392300,1409
2019,22400100,55
2020,22400100,57
2019,22365100,841
2020,22365100,851
2019,22365200,1632
2020,22365200,1625
2019,22365300,2224
2020,22365300,2210
2019,22368100,2791
2020,22368100,2794
2019,22368200,1929
2020,22368200,1921
2019,22369100,1025
2020,22369100,1009
2019,22369200,1047
2020,22369200,1101
2019,22369300,1377
2020,22369300,1363
2019,22371100,1396
2020,22371100,1441
2019,22371200,590
2020,22371200,619
2019,22371300,3956
2020,22371300,4091
2019,22373100,1678
2020,22373100,1684
2019,22373200,1112
2020,22373200,1093
2019,22373300,1193
2020,22373300,1272
2019,22374100,2701
2020,22374100,2701
2019,22374200,1310
2020,22374200,1313
2019,22376100,2066
2020,22376100,2029
2019,22383100,5452
2020,22383100,5358
2019,22384100,2179
2020,22384100,2146
2019,22384200,3138
2020,22384200,3152
2019,22386100,2085
2020,22386100,2023
2019,22386200,977
2020,22386200,972
2019,22389100,4537
2020,22389100,4737
2019,22389200,1108
2020,22389200,1217
2019,22394100,1533
2020,22394100,1540
2019,22394200,1782
2020,22394200,1778
2019,22395100,1630
2020,22395100,1650
2019,22395200,1807
2020,22395200,1814
2019,22395300,1089
2020,22395300,1136
2019,22396100,2105
2020,22396100,2108
2019,22396200,2588
2020,22396200,2522
2019,22402100,2109
2020,22402100,2127
2019,22402200,2300
2020,22402200,2280
2019,22409100,5041
2020,22409100,5063
2019,22410100,1814
2020,22410100,1874
2019,22410200,1988
2020,22410200,2010
2019,22410300,1280
2020,22410300,1311
2019,22412100,1594
2020,22412100,1588
2019,22413100,2922
2020,22413100,2890
2019,22413200,2294
2020,22413200,2263
2019,22413300,1065
2020,22413300,1086
2019,22413400,1651
2020,22413400,1660
2019,22415100,2611
2020,22415100,2606
2019,22415200,3969
2020,22415200,4017
2019,22415300,1367
2020,22415300,1378
2019,22417100,1749
2020,22417100,1709
2019,22417200,2025
2020,22417200,2006
2019,22419100,3115
2020,22419100,3153
2019,22421100,2221
2020,22421100,2230
2019,22421200,1850
2020,22421200,1848
2019,22421300,886
2020,22421300,902
2019,22422100,2833
2020,22422100,2832
2019,22423100,1357
2020,22423100,1378
2019,22423200,3565
2020,22423200,3518
2019,22424100,3856
2020,22424100,3836
2019,22424200,1760
2020,22424200,1748
2019,22428100,3190
2020,22428100,3201
2019,22428200,2669
2020,22428200,2653
2019,22431100,4674
2020,22431100,4589
2019,22431200,1708
2020,22431200,1703
2019,22438100,1460
2020,22438100,1489
2019,22438200,2804
2020,22438200,2744
2019,22445100,860
2020,22445100,840
2019,22445200,2047
2020,22445200,2036
2019,22445300,1034
2020,22445300,1035
2019,22445400,1235
2020,22445400,1273
2019,22448100,453
2020,22448100,421
2019,22449100,2497
2020,22449100,2485
2019,22449200,1223
2020,22449200,1219
2019,22449300,1742
2020,22449300,1776
2019,22449400,1475
2020,22449400,1455
2019,22450100,2632
2020,22450100,2567
2019,22450200,2718
2020,22450200,2672
2019,22451100,3042
2020,22451100,2997
2019,22452100,2414
2020,22452100,2442
2019,22452200,2966
2020,22452200,2910
2019,22452300,2462
2020,22452300,2438
2019,22453100,291
2020,22453100,279
2019,22453200,109
2020,22453200,110
2019,22407100,1980
2020,22407100,1938
2019,22407200,2553
2020,22407200,2507
2019,22408100,2145
2020,22408100,2130
2019,22408200,2206
2020,22408200,2186
2019,22408300,2049
2020,22408300,2041
2019,22411100,4
2020,22411100,5
2019,22414100,1044
2020,22414100,1016
2019,22414200,2623
2020,22414200,2610
2019,22416100,3442
2020,22416100,3449
2019,22416200,1859
2020,22416200,1838
2019,22416300,2516
2020,22416300,2511
2019,22418100,734
2020,22418100,712
2019,22418200,1996
2020,22418200,1977
2019,22420100,2020
2020,22420100,1982
2019,22420200,2256
2020,22420200,2222
2019,22425100,2791
2020,22425100,2737
2019,22425200,2914
2020,22425200,2863
2019,22426100,1915
2020,22426100,2179
2019,22426200,1570
2020,22426200,1521
2019,22426300,3268
2020,22426300,3217
2019,22427100,1893
2020,22427100,1831
2019,22427200,3526
2020,22427200,3505
2019,22429100,3098
2020,22429100,3073
2019,22429200,1436
2020,22429200,1414
2019,22429300,2496
2020,22429300,2421
2019,22430100,1503
2020,22430100,1573
2019,22430200,5448
2020,22430200,5388
2019,22432100,1220
2020,22432100,1181
2019,22432200,1237
2020,22432200,1201
2019,22432300,683
2020,22432300,728
2019,22432400,2126
2020,22432400,2170
2019,22432500,2192
2020,22432500,2194
2019,22433100,2317
2020,22433100,2260
2019,22433200,1801
2020,22433200,2243
2019,22434100,1113
2020,22434100,1117
2019,22434200,752
2020,22434200,757
2019,22434300,1129
2020,22434300,1131
2019,22434400,881
2020,22434400,865
2019,22434500,534
2020,22434500,522
2019,22434600,103
2020,22434600,109
2019,22435100,2865
2020,22435100,2829
2019,22435200,3827
2020,22435200,3785
2019,22436100,2488
2020,22436100,2436
2019,22436200,2005
2020,22436200,1964
2019,22436300,584
2020,22436300,626
2019,22437100,1031
2020,22437100,1009
2019,22437200,1883
2020,22437200,1813
2019,22437300,1672
2020,22437300,1629
2019,22437400,1548
2020,22437400,1538
2019,22437500,1294
2020,22437500,1286
2019,22439100,1901
2020,22439100,1848
2019,22439200,1647
2020,22439200,1595
2019,22439300,2809
2020,22439300,2744
2019,22440100,4521
2020,22440100,4490
2019,22440200,1594
2020,22440200,1615
2019,22440300,2099
2020,22440300,2075
2019,22441100,2643
2020,22441100,2578
2019,22441200,3501
2020,22441200,3490
2019,22441300,1275
2020,22441300,1351
2019,22442100,1795
2020,22442100,1762
2019,22442200,2884
2020,22442200,2818
2019,22443100,2113
2020,22443100,2101
2019,22443200,1337
2020,22443200,1343
2019,22443300,1459
2020,22443300,1482
2019,22444100,2172
2020,22444100,2165
2019,22444200,1069
2020,22444200,1062
2019,22444300,1889
2020,22444300,1851
2019,22444400,1156
2020,22444400,1112
2019,22446100,1697
2020,22446100,1689
2019,22446200,1242
2020,22446200,1177
2019,22446300,2299
2020,22446300,2218
2019,22446400,2242
2020,22446400,2191
2019,22447100,2397
2020,22447100,2364
2019,22447200,2581
2020,22447200,2567
2019,32454100,3847
2020,32454100,3853
2019,32454200,826
2020,32454200,783
2019,32455100,4539
2020,32455100,4480
2019,32456100,3114
2020,32456100,3111
2019,32457100,956
2020,32457100,960
2019,32457200,38
2020,32457200,48
2019,32457300,1435
2020,32457300,1446
2019,32457400,254
2020,32457400,240
2019,32458100,2536
2020,32458100,2500
2019,32458200,2587
2020,32458200,2577
2019,32459100,3731
2020,32459100,3771
2019,32459200,2754
2020,32459200,2727
2019,32460100,3787
2020,32460100,3841
2019,32461100,5201
2020,32461100,5172
2019,32462100,1548
2020,32462100,1562
2019,32462200,2246
2020,32462200,2205
2019,32462300,2448
2020,32462300,2455
2019,32463100,0
2020,32463100,0
2019,32463200,1489
2020,32463200,1432
2019,32463300,272
2020,32463300,287
2019,32463400,1913
2020,32463400,1915
2019,32464100,597
2020,32464100,458
2019,32464200,0
2020,32464200,0
2019,32464300,96
2020,32464300,96
2019,32465100,2504
2020,32465100,2513
2019,32466100,2353
2020,32466100,2330
2019,32466200,1610
2020,32466200,1616
2019,32466300,1887
2020,32466300,1898
2019,32467100,1751
2020,32467100,1738
2019,32467200,1623
2020,32467200,1628
2019,32467300,1642
2020,32467300,1637
2019,32468100,1497
2020,32468100,1533
2019,32468200,1447
2020,32468200,1458
2019,32468300,2024
2020,32468300,2038
2019,32469100,1183
2020,32469100,1191
2019,32469200,2749
2020,32469200,2667
2019,32469300,2274
2020,32469300,2242
2019,32470100,81
2020,32470100,84
2019,32470200,3538
2020,32470200,3490
2019,32471100,2628
2020,32471100,2634
2019,32471200,1647
2020,32471200,1711
2019,32471300,1660
2020,32471300,1665
2019,32472100,2007
2020,32472100,2036
2019,32472200,3072
2020,32472200,3093
2019,32473100,3423
2020,32473100,3452
2019,32473200,612
2020,32473200,639
2019,32473300,2966
2020,32473300,2921
2019,32474100,2182
2020,32474100,2204
2019,32474200,2549
2020,32474200,2486
2019,32475100,75
2020,32475100,75
2019,32475200,468
2020,32475200,486
2019,32475300,1070
2020,32475300,1051
2019,32475400,0
2020,32475400,0
2019,32475500,5
2020,32475500,5
2019,32475600,218
2020,32475600,256
2019,32477100,0
2020,32477100,0
2019,32477200,0
2020,32477200,0
2019,32477300,1202
2020,32477300,1198
2019,32477400,1646
2020,32477400,1683
2019,32479100,0
2020,32479100,0
2019,32479200,449
2020,32479200,471
2019,32481100,2830
2020,32481100,2836
2019,32481200,2474
2020,32481200,2487
2019,32481300,2894
2020,32481300,2816
2019,32482100,2532
2020,32482100,2514
2019,32482200,2514
2020,32482200,2495
2019,32483100,0
2020,32483100,0
2019,32483200,394
2020,32483200,398
2019,32483300,2524
2020,32483300,2462
2019,32483400,3297
2020,32483400,3279
2019,32484100,4541
2020,32484100,4508
2019,32484200,3083
2020,32484200,3153
2019,32484300,536
2020,32484300,542
2019,32485100,5011
2020,32485100,5036
2019,32486100,415
2020,32486100,416
2019,32486200,2445
2020,32486200,2467
2019,32486300,3683
2020,32486300,3660
2019,32486400,1964
2020,32486400,1933
2019,32487100,959
2020,32487100,923
2019,32487200,1556
2020,32487200,1543
2019,32487300,1917
2020,32487300,1906
2019,32488100,0
2020,32488100,0
2019,32488200,0
2020,32488200,0
2019,32488300,1402
2020,32488300,1446
2019,32488400,3978
2020,32488400,4003
2019,32489100,13
2020,32489100,12
2019,32489200,1032
2020,32489200,1012
2019,32489300,2608
2020,32489300,2598
2019,32489400,822
2020,32489400,816
2019,32489500,1115
2020,32489500,1116
2019,32490100,4853
2020,32490100,4852
2019,32490200,3342
2020,32490200,3361
2019,32636100,3169
2020,32636100,3177
2019,32637100,1757
2020,32637100,1745
2019,32637200,1362
2020,32637200,1362
2019,32638100,199
2020,32638100,208
2019,32638200,2029
2020,32638200,2025
2019,32638300,493
2020,32638300,453
2019,32639100,4317
2020,32639100,4265
2019,32640100,3658
2020,32640100,3627
2019,32643100,5
2020,32643100,5
2019,32643200,545
2020,32643200,529
2019,32476100,2300
2020,32476100,2305
2019,32476200,2087
2020,32476200,2130
2019,32545100,3160
2020,32545100,3141
2019,32546100,4437
2020,32546100,4452
2019,32547100,2516
2020,32547100,2475
2019,32547200,2331
2020,32547200,2306
2019,32548100,1826
2020,32548100,1847
2019,32548200,1277
2020,32548200,1301
2019,32549100,820
2020,32549100,765
2019,32549200,1265
2020,32549200,1236
2019,32549300,2224
2020,32549300,2234
2019,32549400,934
2020,32549400,931
2019,32551100,0
2020,32551100,0
2019,32551200,0
2020,32551200,0
2019,32552100,1969
2020,32552100,1966
2019,32552200,244
2020,32552200,247
2019,32552300,1
2020,32552300,0
2019,32553100,3484
2020,32553100,3504
2019,32553200,2491
2020,32553200,2524
2019,32553300,1306
2020,32553300,1294
2019,32555100,1786
2020,32555100,1796
2019,32555200,1320
2020,32555200,1351
2019,32556100,2347
2020,32556100,2380
2019,32556200,2275
2020,32556200,2227
2019,32557100,2250
2020,32557100,2276
2019,32557200,3380
2020,32557200,3383
2019,32558100,1879
2020,32558100,1914
2019,32558200,1925
2020,32558200,1712
2019,32558300,1232
2020,32558300,1210
2019,32559100,4852
2020,32559100,4874
2019,32559200,603
2020,32559200,648
2019,32559300,101
2020,32559300,94
2019,32563100,3884
2020,32563100,3836
2019,32563200,1190
2020,32563200,1218
2019,32563300,1827
2020,32563300,1878
2019,32650100,4958
2020,32650100,4957
2019,32653100,3773
2020,32653100,3793
2019,32655100,2765
2020,32655100,2755
2019,32655200,1854
2020,32655200,1826
2019,32658100,1988
2020,32658100,1965
2019,32658200,1523
2020,32658200,1549
2019,32663100,3465
2020,32663100,3492
2019,32663200,2112
2020,32663200,2115
2019,32667100,2085
2020,32667100,2117
2019,32667200,2920
2020,32667200,2929
2019,32667300,641
2020,32667300,707
2019,32667400,0
2020,32667400,0
2019,32668100,0
2020,32668100,0
2019,32668200,1115
2020,32668200,1115
2019,32671100,2083
2020,32671100,2054
2019,32671200,4007
2020,32671200,4002
2019,32679100,1394
2020,32679100,1393
2019,32679200,1800
2020,32679200,1807
2019,32679300,2704
2020,32679300,2752
2019,32680100,1653
2020,32680100,1653
2019,32680200,3517
2020,32680200,3455
2019,32681100,2143
2020,32681100,2139
2019,32681200,3222
2020,32681200,3207
2019,32681300,2687
2020,32681300,2647
2019,32682100,334
2020,32682100,348
2019,32682200,1592
2020,32682200,1601
2019,32682300,2438
2020,32682300,2424
2019,32682400,1416
2020,32682400,1408
2019,32683100,0
2020,32683100,0
2019,32683200,3310
2020,32683200,3342
2019,32683300,3132
2020,32683300,3164
2019,32688100,1990
2020,32688100,1957
2019,32688200,1722
2020,32688200,1767
2019,32688300,676
2020,32688300,722
2019,32688400,1617
2020,32688400,1566
2019,32689100,2701
2020,32689100,2662
2019,32689200,2137
2020,32689200,2130
2019,32696100,1172
2020,32696100,1165
2019,32696200,1313
2020,32696200,1312
2019,32696300,2720
2020,32696300,2747
2019,32699100,2816
2020,32699100,2783
2019,32699200,2348
2020,32699200,2351
2019,32707100,3240
2020,32707100,3249
2019,32707200,527
2020,32707200,516
2019,32707300,1509
2020,32707300,1481
2019,32710100,3252
2020,32710100,3153
2019,32710200,2563
2020,32710200,2574
2019,32714100,2120
2020,32714100,2112
2019,32714200,2312
2020,32714200,2336
2019,32478100,2409
2020,32478100,2380
2019,32478200,3126
2020,32478200,3141
2019,32480100,3438
2020,32480100,3420
2019,32480200,1480
2020,32480200,1479
2019,32480300,2677
2020,32480300,2723
2019,32550100,6426
2020,32550100,6436
2019,32550200,1946
2020,32550200,1942
2019,32554100,2912
2020,32554100,2917
2019,32554200,2338
2020,32554200,2332
2019,32560100,2497
2020,32560100,2491
2019,32560200,1175
2020,32560200,1161
2019,32560300,2937
2020,32560300,2928
2019,32562100,2319
2020,32562100,2352
2019,32562200,3652
2020,32562200,3643
2019,32562300,2159
2020,32562300,2148
2019,32564100,1183
2020,32564100,1170
2019,32564200,2288
2020,32564200,2294
2019,32564300,2132
2020,32564300,2166
2019,32566100,1181
2020,32566100,1178
2019,32566200,2401
2020,32566200,2423
2019,32570100,2287
2020,32570100,2277
2019,32570200,1904
2020,32570200,1875
2019,32570300,1579
2020,32570300,1558
2019,32572100,1952
2020,32572100,1904
2019,32572200,1053
2020,32572200,1081
2019,32572300,4386
2020,32572300,4429
2019,32573100,8
2020,32573100,8
2019,32573200,3173
2020,32573200,3158
2019,32573300,2544
2020,32573300,2546
2019,32576100,3806
2020,32576100,3824
2019,32576200,1075
2020,32576200,1080
2019,32576300,1479
2020,32576300,1496
2019,32577100,1044
2020,32577100,1007
2019,32577200,2791
2020,32577200,2793
2019,32577300,742
2020,32577300,761
2019,32579100,2892
2020,32579100,2903
2019,32579200,2516
2020,32579200,2517
2019,32584100,2469
2020,32584100,2393
2019,32584200,1013
2020,32584200,1000
2019,32584300,1246
2020,32584300,1239
2019,32586100,2557
2020,32586100,2576
2019,32586200,2261
2020,32586200,2285
2019,32586300,3718
2020,32586300,3738
2019,32587100,6535
2020,32587100,6573
2019,32592100,1257
2020,32592100,1261
2019,32592200,3442
2020,32592200,3427
2019,32594100,1056
2020,32594100,1057
2019,32594200,1247
2020,32594200,1268
2019,32594300,1298
2020,32594300,1274
2019,32594400,2295
2020,32594400,2283
2019,32594500,1853
2020,32594500,1844
2019,32595100,2834
2020,32595100,2860
2019,32597100,500
2020,32597100,510
2019,32597200,2942
2020,32597200,2886
2019,32602100,1179
2020,32602100,1184
2019,32603100,1725
2020,32603100,1769
2019,32603200,3023
2020,32603200,3071
2019,32603300,0
2020,32603300,0
2019,32603400,0
2020,32603400,0
2019,32606100,1940
2020,32606100,1944
2019,32607100,2493
2020,32607100,2454
2019,32607200,0
2020,32607200,0
2019,32607300,2884
2020,32607300,2905
2019,32607400,650
2020,32607400,683
2019,32613100,1
2020,32613100,4
2019,32613200,4
2020,32613200,4
2019,32613300,15
2020,32613300,13
2019,32623100,6951
2020,32623100,6940
2019,32491100,2314
2020,32491100,2281
2019,32491200,3075
2020,32491200,3084
2019,32492100,7610
2020,32492100,7546
2019,32494100,2301
2020,32494100,2294
2019,32494200,4507
2020,32494200,4467
2019,32494300,0
2020,32494300,0
2019,32495100,3180
2020,32495100,3170
2019,32495200,1660
2020,32495200,1682
2019,32497100,2596
2020,32497100,2554
2019,32498100,2696
2020,32498100,2720
2019,32501100,1875
2020,32501100,1906
2019,32501200,1619
2020,32501200,1660
2019,32502100,1857
2020,32502100,1835
2019,32502200,806
2020,32502200,781
2019,32502300,1706
2020,32502300,1652
2019,32502400,2308
2020,32502400,2298
2019,32503100,2779
2020,32503100,2732
2019,32504100,2272
2020,32504100,2282
2019,32504200,940
2020,32504200,998
2019,32504300,5043
2020,32504300,5012
2019,32505100,2278
2020,32505100,2272
2019,32508100,1402
2020,32508100,1385
2019,32509100,2358
2020,32509100,2355
2019,32509200,1904
2020,32509200,1885
2019,32512100,2013
2020,32512100,1974
2019,32512200,1655
2020,32512200,1604
2019,32512300,413
2020,32512300,409
2019,32514100,4362
2020,32514100,4367
2019,32515100,2638
2020,32515100,2593
2019,32515200,1835
2020,32515200,1861
2019,32516100,1345
2020,32516100,1323
2019,32516200,2759
2020,32516200,2734
2019,32518100,1868
2020,32518100,1848
2019,32518200,2681
2020,32518200,2662
2019,32518300,3046
2020,32518300,3032
2019,32521100,2115
2020,32521100,2086
2019,32521200,3098
2020,32521200,3098
2019,32522100,2483
2020,32522100,2482
2019,32522200,1729
2020,32522200,1704
2019,32522300,1191
2020,32522300,1194
2019,32522400,2413
2020,32522400,2357
2019,32524100,610
2020,32524100,588
2019,32524200,917
2020,32524200,915
2019,32524300,541
2020,32524300,552
2019,32525100,2245
2020,32525100,2281
2019,32525200,1204
2020,32525200,1203
2019,32525300,1027
2020,32525300,1025
2019,32525400,0
2020,32525400,0
2019,32527100,616
2020,32527100,609
2019,32527200,983
2020,32527200,953
2019,32527300,785
2020,32527300,753
2019,32529100,804
2020,32529100,802
2019,32529200,2458
2020,32529200,2434
2019,32529300,2287
2020,32529300,2258
2019,32530100,0
2020,32530100,0
2019,32530200,387
2020,32530200,395
2019,32530300,4
2020,32530300,4
2019,32532100,978
2020,32532100,958
2019,32532200,3355
2020,32532200,3323
2019,32532300,643
2020,32532300,658
2019,32535100,3862
2020,32535100,3877
2019,32535200,1003
2020,32535200,984
2019,32535300,2268
2020,32535300,2298
2019,32536100,1753
2020,32536100,1712
2019,32538100,5
2020,32538100,5
2019,32538200,5
2020,32538200,5
2019,32538300,1348
2020,32538300,1352
2019,32538400,10
2020,32538400,10
2019,32539100,2396
2020,32539100,2369
2019,32539200,1804
2020,32539200,1802
2019,32541100,2721
2020,32541100,2705
2019,32541200,3092
2020,32541200,3091
2019,32543100,3042
2020,32543100,3027
2019,32543200,1938
2020,32543200,1917
2019,32544100,1633
2020,32544100,1684
2019,32544200,1595
2020,32544200,1593
2019,32544300,2994
2020,32544300,2986
2019,32854100,988
2020,32854100,994
2019,32854200,5796
2020,32854200,5783
2019,32856100,5129
2020,32856100,5108
2019,32857100,3204
2020,32857100,3207
2019,32857200,1562
2020,32857200,1575
2019,32858100,6362
2020,32858100,6372
2019,32858200,944
2020,32858200,931
2019,32859100,604
2020,32859100,607
2019,32859200,1779
2020,32859200,1782
2019,32861100,2091
2020,32861100,2092
2019,32861200,1526
2020,32861200,1511
2019,32862100,1145
2020,32862100,1127
2019,32862200,1343
2020,32862200,1317
2019,32862300,1937
2020,32862300,1932
2019,32864100,3389
2020,32864100,3358
2019,32864200,2116
2020,32864200,2142
2019,32865100,1168
2020,32865100,1180
2019,32865200,4970
2020,32865200,4954
2019,32865300,503
2020,32865300,529
2019,32493100,2012
2020,32493100,1995
2019,32493200,1170
2020,32493200,1089
2019,32496100,1200
2020,32496100,1230
2019,32496200,1442
2020,32496200,1459
2019,32496300,2156
2020,32496300,2161
2019,32496400,2983
2020,32496400,3011
2019,32496500,0
2020,32496500,0
2019,32499100,2174
2020,32499100,2083
2019,32499200,4529
2020,32499200,4481
2019,32499300,1629
2020,32499300,1538
2019,32500100,2000
2020,32500100,1983
2019,32500200,2593
2020,32500200,2535
2019,32506100,2388
2020,32506100,2435
2019,32507100,3746
2020,32507100,3737
2019,32507200,1896
2020,32507200,1949
2019,32510100,5192
2020,32510100,5142
2019,32511100,1697
2020,32511100,1696
2019,32511200,1659
2020,32511200,1734
2019,32513100,2785
2020,32513100,2840
2019,32513200,946
2020,32513200,958
2019,32517100,1947
2020,32517100,1973
2019,32517200,1561
2020,32517200,1600
2019,32519100,1539
2020,32519100,1573
2019,32519200,3732
2020,32519200,3736
2019,32520100,0
2020,32520100,0
2019,32520200,69
2020,32520200,70
2019,32520300,0
2020,32520300,0
2019,32523100,1335
2020,32523100,1321
2019,32523200,1886
2020,32523200,1847
2019,32526100,1999
2020,32526100,2012
2019,32526200,5
2020,32526200,5
2019,32528100,1830
2020,32528100,1858
2019,32528200,2705
2020,32528200,2773
2019,32531100,0
2020,32531100,0
2019,32531200,321
2020,32531200,361
2019,32531300,448
2020,32531300,448
2019,32531400,14
2020,32531400,13
2019,32531500,1032
2020,32531500,1027
2019,32531600,3253
2020,32531600,3260
2019,32533100,3376
2020,32533100,3395
2019,32534100,2081
2020,32534100,2068
2019,32537100,2015
2020,32537100,2026
2019,32537200,1231
2020,32537200,1228
2019,32537300,1399
2020,32537300,1401
2019,32540100,1923
2020,32540100,1899
2019,32542100,2228
2020,32542100,2233
2019,32855100,2193
2020,32855100,2189
2019,32855200,2227
2020,32855200,2250
2019,32855300,1488
2020,32855300,1492
2019,32855400,583
2020,32855400,608
2019,32863100,941
2020,32863100,942
2019,32863200,0
2020,32863200,0
2019,32867100,1547
2020,32867100,1586
2019,32867200,1384
2020,32867200,1361
2019,32868100,2629
2020,32868100,2643
2019,32868200,569
2020,32868200,561
2019,32869100,445
2020,32869100,451
2019,32869200,2926
2020,32869200,2885
2019,32870100,3542
2020,32870100,3528
2019,32871100,2999
2020,32871100,2969
2019,32871200,1169
2020,32871200,1170
2019,32872100,4807
2020,32872100,4820
2019,32872200,2057
2020,32872200,2027
2019,32872300,589
2020,32872300,617
2019,32873100,8
2020,32873100,9
2019,32873200,2180
2020,32873200,2188
2019,32873300,439
2020,32873300,419
2019,32873400,3574
2020,32873400,3589
2019,32874100,9
2020,32874100,5
2019,32874200,2155
2020,32874200,2154
2019,32874300,2125
2020,32874300,2297
2019,32874400,1965
2020,32874400,1956
2019,32875100,1322
2020,32875100,1319
2019,32875200,1391
2020,32875200,1391
2019,32879100,2836
2020,32879100,2657
2019,32879200,589
2020,32879200,641
2019,32879300,1374
2020,32879300,1366
2019,32880100,3151
2020,32880100,3129
2019,32880200,3275
2020,32880200,3270
2019,32881100,761
2020,32881100,801
2019,32881200,3481
2020,32881200,3499
2019,32881300,723
2020,32881300,734
2019,32883100,23
2020,32883100,0
2019,32883200,443
2020,32883200,445
2019,32884100,3450
2020,32884100,3460
2019,32885100,904
2020,32885100,928
2019,32885200,0
2020,32885200,0
2019,32885300,0
2020,32885300,0
2019,32885400,1432
2020,32885400,1369
2019,32885500,2728
2020,32885500,2748
2019,32885600,1944
2020,32885600,1893
2019,32885700,2270
2020,32885700,2231
2019,32885800,863
2020,32885800,898
2019,32887100,4057
2020,32887100,4048
2019,32888100,1588
2020,32888100,1586
2019,32888200,1876
2020,32888200,1875
2019,32888300,1684
2020,32888300,1681
2019,32893100,3464
2020,32893100,3469
2019,32893200,624
2020,32893200,625
2019,32893300,1691
2020,32893300,1707
2019,32894100,2618
2020,32894100,2613
2019,32897100,877
2020,32897100,867
2019,32897200,2133
2020,32897200,2187
2019,32901100,367
2020,32901100,407
2019,32901200,2807
2020,32901200,2801
2019,32904100,4142
2020,32904100,4193
2019,32906100,801
2020,32906100,819
2019,32906200,1961
2020,32906200,1960
2019,32561100,2371
2020,32561100,2371
2019,32561200,3207
2020,32561200,3174
2019,32561300,2669
2020,32561300,2672
2019,32565100,1328
2020,32565100,1368
2019,32565200,1973
2020,32565200,1974
2019,32565300,1576
2020,32565300,1558
2019,32567100,1465
2020,32567100,1474
2019,32567200,4081
2020,32567200,4069
2019,32568100,3681
2020,32568100,3662
2019,32568200,2313
2020,32568200,2324
2019,32569100,2515
2020,32569100,2478
2019,32569200,1601
2020,32569200,1596
2019,32571100,1496
2020,32571100,1493
2019,32571200,733
2020,32571200,773
2019,32571300,1443
2020,32571300,1383
2019,32574100,1306
2020,32574100,1268
2019,32574200,2138
2020,32574200,2120
2019,32574300,1331
2020,32574300,1365
2019,32574400,1789
2020,32574400,1784
2019,32575100,2475
2020,32575100,2545
2019,32575200,1517
2020,32575200,1562
2019,32578100,2257
2020,32578100,2261
2019,32578200,2530
2020,32578200,2501
2019,32580100,2996
2020,32580100,3027
2019,32580200,3140
2020,32580200,3126
2019,32581100,3343
2020,32581100,3350
2019,32581200,2781
2020,32581200,2782
2019,32583100,1302
2020,32583100,1363
2019,32583200,1595
2020,32583200,1611
2019,32588100,3631
2020,32588100,3599
2019,32588200,2861
2020,32588200,2844
2019,32589100,5068
2020,32589100,5049
2019,32590100,2829
2020,32590100,2837
2019,32590200,4009
2020,32590200,3954
2019,32591100,2496
2020,32591100,2481
2019,32591200,3159
2020,32591200,3116
2019,32591300,3265
2020,32591300,3317
2019,32593100,2561
2020,32593100,2559
2019,32593200,1692
2020,32593200,1684
2019,32593300,1707
2020,32593300,1721
2019,32596100,2123
2020,32596100,2103
2019,32596200,2297
2020,32596200,2226
2019,32600100,3785
2020,32600100,3744
2019,32600200,5
2020,32600200,4
2019,32604100,2757
2020,32604100,2744
2019,32604200,2446
2020,32604200,2365
2019,32605100,3544
2020,32605100,3583
2019,32605200,3765
2020,32605200,3747
2019,32608100,2496
2020,32608100,2522
2019,32608200,2110
2020,32608200,2122
2019,32610100,2148
2020,32610100,2143
2019,32610200,2818
2020,32610200,2751
2019,32612100,3773
2020,32612100,3770
2019,32617100,3949
2020,32617100,3955
2019,32617200,2717
2020,32617200,2732
2019,32620100,5282
2020,32620100,5309
2019,32620200,1631
2020,32620200,1583
2019,32621100,2365
2020,32621100,2396
2019,32621200,3382
2020,32621200,3360
2019,32622100,5647
2020,32622100,5635
2019,32622200,3710
2020,32622200,3624
2019,32582100,3445
2020,32582100,3376
2019,32582200,5282
2020,32582200,5225
2019,32585100,7169
2020,32585100,7004
2019,32598100,8625
2020,32598100,8542
2019,32599100,4216
2020,32599100,4163
2019,32599200,1533
2020,32599200,1561
2019,32601100,1665
2020,32601100,1616
2019,32601200,2441
2020,32601200,2366
2019,32601300,3116
2020,32601300,2970
2019,32609100,218
2020,32609100,209
2019,32609200,4104
2020,32609200,4080
2019,32611100,2964
2020,32611100,2952
2019,32611200,2052
2020,32611200,2034
2019,32614100,3136
2020,32614100,3118
2019,32615100,4010
2020,32615100,3987
2019,32615200,1387
2020,32615200,1437
2019,32616100,4406
2020,32616100,4351
2019,32616200,6022
2020,32616200,6026
2019,32618100,1876
2020,32618100,1871
2019,32618200,4198
2020,32618200,4191
2019,32619100,2690
2020,32619100,2708
2019,32619200,1136
2020,32619200,1097
2019,32624100,2561
2020,32624100,2557
2019,32624200,2
2020,32624200,0
2019,32624300,6
2020,32624300,5
2019,32624400,19
2020,32624400,13
2019,32625100,3469
2020,32625100,3482
2019,32625200,2783
2020,32625200,2725
2019,32626100,0
2020,32626100,0
2019,32626200,0
2020,32626200,0
2019,32626300,0
2020,32626300,0
2019,32626400,3521
2020,32626400,3485
2019,32626500,10
2020,32626500,0
2019,32626600,3518
2020,32626600,4429
2019,32627100,6874
2020,32627100,6821
2019,32628100,2995
2020,32628100,3025
2019,32628200,4286
2020,32628200,4288
2019,32629100,2876
2020,32629100,2972
2019,32629200,2484
2020,32629200,2501
2019,32630100,2119
2020,32630100,2251
2019,32630200,4
2020,32630200,4
2019,32630300,6
2020,32630300,0
2019,32630400,0
2020,32630400,0
2019,32631100,1769
2020,32631100,1725
2019,32631200,878
2020,32631200,879
2019,32631300,1212
2020,32631300,1176
2019,32632100,563
2020,32632100,528
2019,32632200,2561
2020,32632200,2556
2019,32632300,856
2020,32632300,848
2019,32633100,2063
2020,32633100,2047
2019,32633200,962
2020,32633200,929
2019,32633300,1761
2020,32633300,1739
2019,32634100,2246
2020,32634100,2203
2019,32634200,2180
2020,32634200,2200
2019,32635100,0
2020,32635100,0
2019,32635200,4622
2020,32635200,4637
2019,32635300,2078
2020,32635300,2072
2019,32860100,67
2020,32860100,80
2019,32866100,253
2020,32866100,236
2019,32866200,4
2020,32866200,5
2019,32866300,5
2020,32866300,0
2019,32866400,0
2020,32866400,0
2019,32866500,710
2020,32866500,699
2019,32876100,13
2020,32876100,12
2019,32876200,17
2020,32876200,2
2019,32876300,0
2020,32876300,0
2019,32876400,8
2020,32876400,5
2019,32877100,1763
2020,32877100,1778
2019,32877200,2114
2020,32877200,2089
2019,32878100,555
2020,32878100,554
2019,32878200,3061
2020,32878200,3008
2019,32878300,905
2020,32878300,904
2019,32882100,1684
2020,32882100,1699
2019,32882200,1790
2020,32882200,1796
2019,32889100,3653
2020,32889100,3611
2019,32889200,1996
2020,32889200,1952
2019,32889300,5
2020,32889300,0
2019,32890100,2097
2020,32890100,2095
2019,32890200,2124
2020,32890200,2171
2019,32891100,3292
2020,32891100,3287
2019,32891200,3785
2020,32891200,3732
2019,32892100,2778
2020,32892100,2788
2019,32896100,1334
2020,32896100,1327
2019,32896200,3013
2020,32896200,3015
2019,32900100,4833
2020,32900100,4925
2019,32930100,3402
2020,32930100,3009
2019,32930200,1999
2020,32930200,1970
2019,32937100,12
2020,32937100,8
2019,32938100,0
2020,32938100,0
2019,32938200,0
2020,32938200,0
2019,32938300,1977
2020,32938300,1902
2019,32938400,4604
2020,32938400,4625
2019,32951100,0
2020,32951100,0
2019,32951200,410
2020,32951200,404
2019,32951300,2926
2020,32951300,2874
2019,32951400,1353
2020,32951400,1372
2019,32641100,1108
2020,32641100,1092
2019,32642100,1967
2020,32642100,1922
2019,32644100,2291
2020,32644100,2239
2019,32644200,3072
2020,32644200,2970
2019,32645100,3909
2020,32645100,3881
2019,32645200,940
2020,32645200,909
2019,32646100,1662
2020,32646100,1646
2019,32646200,1565
2020,32646200,1566
2019,32646300,500
2020,32646300,488
2019,32646400,1069
2020,32646400,1026
2019,32646500,0
2020,32646500,0
2019,32646600,0
2020,32646600,0
2019,32646700,0
2020,32646700,25
2019,32647100,4872
2020,32647100,4873
2019,32648100,813
2020,32648100,845
2019,32648200,936
2020,32648200,868
2019,32648300,2612
2020,32648300,2618
2019,32649100,978
2020,32649100,949
2019,32649200,596
2020,32649200,600
2019,32649300,2014
2020,32649300,1978
2019,32649400,107
2020,32649400,105
2019,32649500,269
2020,32649500,282
2019,32649600,891
2020,32649600,903
2019,32649700,305
2020,32649700,320
2019,32651100,851
2020,32651100,842
2019,32651200,2700
2020,32651200,2586
2019,32651300,1395
2020,32651300,1368
2019,32651400,56
2020,32651400,57
2019,32652100,288
2020,32652100,305
2019,32652200,6
2020,32652200,0
2019,32652300,1039
2020,32652300,1115
2019,32652400,200
2020,32652400,231
2019,32654100,1740
2020,32654100,1700
2019,32654200,581
2020,32654200,590
2019,32656100,1828
2020,32656100,1781
2019,32656200,1900
2020,32656200,1869
2019,32657100,2300
2020,32657100,2267
2019,32657200,2163
2020,32657200,2186
2019,32659100,1940
2020,32659100,1898
2019,32659200,1880
2020,32659200,1859
2019,32659300,1850
2020,32659300,1844
2019,32659400,129
2020,32659400,167
2019,32660100,1196
2020,32660100,1177
2019,32660200,1306
2020,32660200,1270
2019,32660300,1329
2020,32660300,1402
2019,32660400,700
2020,32660400,688
2019,32661100,2890
2020,32661100,2880
2019,32661200,1710
2020,32661200,1722
2019,32662100,4254
2020,32662100,4229
2019,32664100,1950
2020,32664100,1960
2019,32664200,1775
2020,32664200,1717
2019,32664300,1380
2020,32664300,1392
2019,32665100,3175
2020,32665100,3127
2019,32665200,1564
2020,32665200,1569
2019,32666100,125
2020,32666100,125
2019,32666200,1105
2020,32666200,1147
2019,32666300,813
2020,32666300,834
2019,32669100,1178
2020,32669100,1177
2019,32669200,1147
2020,32669200,1136
2019,32669300,1764
2020,32669300,1838
2019,32669400,715
2020,32669400,718
2019,32670100,72
2020,32670100,85
2019,32670200,3387
2020,32670200,3359
2019,32672100,1541
2020,32672100,1562
2019,32672200,3261
2020,32672200,3238
2019,32673100,1725
2020,32673100,1740
2019,32673200,784
2020,32673200,764
2019,32673300,2672
2020,32673300,2669
2019,32673400,362
2020,32673400,373
2019,32674100,597
2020,32674100,565
2019,32674200,4886
2020,32674200,4782
2019,32674300,6
2020,32674300,12
2019,32674400,2141
2020,32674400,2135
2019,32675100,2037
2020,32675100,2034
2019,32675200,1949
2020,32675200,1916
2019,32675300,1666
2020,32675300,1626
2019,32675400,814
2020,32675400,828
2019,32676100,1202
2020,32676100,1215
2019,32676200,461
2020,32676200,459
2019,32676300,1041
2020,32676300,1037
2019,32676400,0
2020,32676400,0
2019,32677100,2322
2020,32677100,2304
2019,32677200,1618
2020,32677200,1613
2019,32677300,2221
2020,32677300,2193
2019,32678100,1491
2020,32678100,1474
2019,32678200,1848
2020,32678200,1847
2019,32678300,2098
2020,32678300,2088
2019,32678400,2017
2020,32678400,2000
2019,32684100,2142
2020,32684100,2118
2019,32684200,3258
2020,32684200,3242
2019,32685100,2264
2020,32685100,2292
2019,32685200,2631
2020,32685200,2632
2019,32686100,1617
2020,32686100,1618
2019,32686200,1334
2020,32686200,1293
2019,32687100,2430
2020,32687100,2432
2019,32687200,1856
2020,32687200,1839
2019,32690100,1979
2020,32690100,1978
2019,32690200,1542
2020,32690200,1522
2019,32691100,3406
2020,32691100,3399
2019,32691200,1346
2020,32691200,1334
2019,32691300,860
2020,32691300,878
2019,32691400,6
2020,32691400,0
2019,32691500,0
2020,32691500,0
2019,32693100,2207
2020,32693100,2227
2019,32693200,1734
2020,32693200,1732
2019,32694100,1813
2020,32694100,1815
2019,32694200,1789
2020,32694200,1769
2019,32700100,898
2020,32700100,881
2019,32700200,1002
2020,32700200,1013
2019,32700300,987
2020,32700300,1016
2019,32700400,779
2020,32700400,830
2019,32701100,193
2020,32701100,196
2019,32701200,858
2020,32701200,865
2019,32701300,950
2020,32701300,931
2019,32701400,742
2020,32701400,691
2019,32701500,416
2020,32701500,433
2019,32701600,558
2020,32701600,561
2019,32701700,0
2020,32701700,0
2019,32702100,964
2020,32702100,949
2019,32702200,895
2020,32702200,906
2019,32702300,1949
2020,32702300,1960
2019,32703100,820
2020,32703100,873
2019,32703200,1056
2020,32703200,1074
2019,32703300,3638
2020,32703300,3626
2019,32705100,1913
2020,32705100,1847
2019,32705200,2834
2020,32705200,2852
2019,32705300,448
2020,32705300,435
2019,32709100,1878
2020,32709100,1866
2019,32709200,2162
2020,32709200,2143
2019,32711100,1124
2020,32711100,1120
2019,32711200,1302
2020,32711200,1254
2019,32715100,2000
2020,32715100,2029
2019,32715200,2294
2020,32715200,2325
2019,32692100,1555
2020,32692100,1575
2019,32692200,1936
2020,32692200,1945
2019,32695100,1895
2020,32695100,1897
2019,32695200,1872
2020,32695200,1839
2019,32695300,1009
2020,32695300,1019
2019,32695400,1019
2020,32695400,1030
2019,32697100,1571
2020,32697100,1593
2019,32697200,1116
2020,32697200,1085
2019,32697300,881
2020,32697300,863
2019,32698100,1957
2020,32698100,1977
2019,32698200,1606
2020,32698200,1623
2019,32704100,1175
2020,32704100,1183
2019,32704200,1886
2020,32704200,1888
2019,32704300,1104
2020,32704300,1046
2019,32704400,1391
2020,32704400,1386
2019,32706100,1681
2020,32706100,1638
2019,32706200,1151
2020,32706200,1124
2019,32708100,1735
2020,32708100,1672
2019,32708200,1768
2020,32708200,1802
2019,32712100,2655
2020,32712100,2675
2019,32712200,1855
2020,32712200,1864
2019,32713100,4300
2020,32713100,4311
2019,32713200,1492
2020,32713200,1451
2019,32716100,9
2020,32716100,0
2019,32717100,1802
2020,32717100,1759
2019,32717200,2248
2020,32717200,2235
2019,32717300,0
2020,32717300,0
2019,32718100,0
2020,32718100,0
2019,32718200,0
2020,32718200,0
2019,32719100,2000
2020,32719100,2026
2019,32719200,1140
2020,32719200,1182
2019,32719300,775
2020,32719300,800
2019,32720100,1664
2020,32720100,1640
2019,32720200,1030
2020,32720200,1022
2019,32720300,20
2020,32720300,20
2019,32720400,0
2020,32720400,0
2019,32721100,2317
2020,32721100,2361
2019,32721200,1683
2020,32721200,1666
2019,32721300,1669
2020,32721300,1665
2019,32722200,0
2020,32722200,0
2019,32722300,1602
2020,32722300,1596
2019,32723100,3785
2020,32723100,3761
2019,32724100,952
2020,32724100,966
2019,32724200,3385
2020,32724200,3324
2019,32725100,3992
2020,32725100,3858
2019,32726100,1342
2020,32726100,1338
2019,32726200,2633
2020,32726200,2637
2019,32727100,2968
2020,32727100,2981
2019,32727200,1534
2020,32727200,1557
2019,32728100,1345
2020,32728100,1362
2019,32728200,3487
2020,32728200,3499
2019,32729100,2511
2020,32729100,2492
2019,32730100,3160
2020,32730100,3169
2019,32730200,1689
2020,32730200,1696
2019,32731100,1655
2020,32731100,1659
2019,32731200,1320
2020,32731200,1296
2019,32732100,0
2020,32732100,0
2019,32732200,28
2020,32732200,28
2019,32732300,0
2020,32732300,0
2019,32733100,5506
2020,32733100,5451
2019,32734100,5706
2020,32734100,5684
2019,32735100,5165
2020,32735100,5391
2019,32737100,2196
2020,32737100,2177
2019,32738100,2479
2020,32738100,2476
2019,32738200,3408
2020,32738200,3366
2019,32739100,2232
2020,32739100,2226
2019,32739200,712
2020,32739200,705
2019,32741100,1442
2020,32741100,1424
2019,32741200,2818
2020,32741200,2801
2019,32742100,2136
2020,32742100,2129
2019,32742200,3611
2020,32742200,3586
2019,32743100,1139
2020,32743100,1116
2019,32744100,1899
2020,32744100,1881
2019,32745100,3592
2020,32745100,3602
2019,32746100,3865
2020,32746100,3829
2019,32746200,366
2020,32746200,337
2019,32747100,2591
2020,32747100,2576
2019,32747200,3297
2020,32747200,3298
2019,32749100,2608
2020,32749100,2570
2019,32749200,1319
2020,32749200,1330
2019,32750100,968
2020,32750100,1004
2019,32750200,1790
2020,32750200,1832
2019,32751100,4029
2020,32751100,4013
2019,32754100,4584
2020,32754100,4574
2019,32754200,0
2020,32754200,0
2019,32755100,1924
2020,32755100,1931
2019,32755200,3153
2020,32755200,3145
2019,32755300,1647
2020,32755300,1646
2019,32759100,2354
2020,32759100,2325
2019,32759200,1711
2020,32759200,1689
2019,32759300,1695
2020,32759300,1696
2019,32762100,0
2020,32762100,0
2019,32762200,1529
2020,32762200,1539
2019,32762300,1594
2020,32762300,1604
2019,32736100,2693
2020,32736100,2723
2019,32736200,1335
2020,32736200,1301
2019,32736300,743
2020,32736300,785
2019,32740100,1748
2020,32740100,1752
2019,32748100,3737
2020,32748100,3710
2019,32752100,1517
2020,32752100,1552
2019,32752200,698
2020,32752200,669
2019,32752300,2157
2020,32752300,2168
2019,32752400,2253
2020,32752400,2300
2019,32756100,1449
2020,32756100,1453
2019,32756200,2463
2020,32756200,2471
2019,32757100,240
2020,32757100,229
2019,32757200,499
2020,32757200,489
2019,32757300,905
2020,32757300,990
2019,32758100,1240
2020,32758100,1250
2019,32758200,3984
2020,32758200,4043
2019,32758300,526
2020,32758300,528
2019,32758400,366
2020,32758400,369
2019,32760100,1967
2020,32760100,1930
2019,32760200,36
2020,32760200,43
2019,32760300,855
2020,32760300,871
2019,32761100,2663
2020,32761100,2667
2019,32763100,1722
2020,32763100,1668
2019,32763200,700
2020,32763200,718
2019,32763300,0
2020,32763300,0
2019,32763400,5
2020,32763400,0
2019,32763500,13
2020,32763500,0
2019,32765100,473
2020,32765100,489
2019,32765200,0
2020,32765200,0
2019,32765300,1579
2020,32765300,1614
2019,32765400,1305
2020,32765400,1299
2019,32765500,1903
2020,32765500,1915
2019,32765600,1451
2020,32765600,1455
2019,32766100,2590
2020,32766100,2602
2019,32766200,1809
2020,32766200,1803
2019,32769100,1534
2020,32769100,1538
2019,32769200,1223
2020,32769200,1259
2019,32771100,2595
2020,32771100,2642
2019,32771200,4144
2020,32771200,4187
2019,32771300,1188
2020,32771300,1204
2019,32776100,593
2020,32776100,607
2019,32776200,782
2020,32776200,794
2019,32776300,1532
2020,32776300,1578
2019,32776400,3028
2020,32776400,3055
2019,32779100,2210
2020,32779100,2247
2019,32779200,811
2020,32779200,806
2019,32780100,244
2020,32780100,269
2019,32780200,257
2020,32780200,303
2019,32780300,0
2020,32780300,0
2019,32780400,240
2020,32780400,302
2019,32780500,0
2020,32780500,0
2019,32780600,462
2020,32780600,465
2019,32780700,4
2020,32780700,4
2019,32785100,1013
2020,32785100,1020
2019,32787100,2522
2020,32787100,2555
2019,32787200,4163
2020,32787200,4196
2019,32787300,0
2020,32787300,0
2019,32787400,757
2020,32787400,790
2019,32787500,0
2020,32787500,0
2019,32787600,299
2020,32787600,335
2019,32787700,0
2020,32787700,0
2019,32788100,1959
2020,32788100,1964
2019,32788200,3800
2020,32788200,3779
2019,32788300,0
2020,32788300,0
2019,32788400,0
2020,32788400,0
2019,32788500,752
2020,32788500,753
2019,32788600,0
2020,32788600,0
2019,32788700,0
2020,32788700,0
2019,32788800,0
2020,32788800,0
2019,32788900,0
2020,32788900,0
2019,32789100,888
2020,32789100,889
2019,32789200,0
2020,32789200,0
2019,32789300,195
2020,32789300,166
2019,32789400,407
2020,32789400,421
2019,32789500,385
2020,32789500,405
2019,32789600,607
2020,32789600,588
2019,32790100,5
2020,32790100,4
2019,32790200,1075
2020,32790200,1052
2019,32790300,216
2020,32790300,235
2019,32790400,899
2020,32790400,883
2019,32790500,503
2020,32790500,591
2019,32790600,514
2020,32790600,497
2019,32791100,0
2020,32791100,0
2019,32791200,0
2020,32791200,0
2019,32791300,3455
2020,32791300,3451
2019,32792100,2940
2020,32792100,2942
2019,32793100,3945
2020,32793100,3895
2019,32794100,5107
2020,32794100,5043
2019,32795100,0
2020,32795100,0
2019,32795200,143
2020,32795200,156
2019,32795300,493
2020,32795300,501
2019,32795400,3
2020,32795400,0
2019,32795500,891
2020,32795500,894
2019,32795600,1221
2020,32795600,1174
2019,32796100,1397
2020,32796100,1436
2019,32796200,0
2020,32796200,0
2019,32797100,1414
2020,32797100,1330
2019,32798100,6015
2020,32798100,6012
2019,32798200,292
2020,32798200,277
2019,32798400,0
2020,32798400,0
2019,32799100,2437
2020,32799100,2440
2019,32799200,10
2020,32799200,10
2019,32799300,2378
2020,32799300,2359
2019,32799400,0
2020,32799400,0
2019,32800100,3164
2020,32800100,3152
2019,32800200,2118
2020,32800200,2104
2019,32802100,4106
2020,32802100,4084
2019,32803100,6529
2020,32803100,6576
2019,32805100,3447
2020,32805100,3473
2019,32805200,2113
2020,32805200,2099
2019,32805300,4
2020,32805300,0
2019,32807100,8253
2020,32807100,7870
2019,32808100,5212
2020,32808100,5208
2019,32809100,3636
2020,32809100,3661
2019,32809200,0
2020,32809200,0
2019,32810100,2855
2020,32810100,2885
2019,32810200,2971
2020,32810200,3002
2019,32812100,3
2020,32812100,4
2019,32812200,632
2020,32812200,635
2019,32812300,3726
2020,32812300,3708
2019,32812400,0
2020,32812400,0
2019,32813100,2610
2020,32813100,2600
2019,32813200,1168
2020,32813200,1211
2019,32814100,3730
2020,32814100,3703
2019,32818100,3621
2020,32818100,3628
2019,32818200,1779
2020,32818200,1816
2019,32818300,477
2020,32818300,459
2019,32818400,0
2020,32818400,0
2019,32818500,0
2020,32818500,0
2019,32820100,1957
2020,32820100,1942
2019,32820200,1318
2020,32820200,1416
2019,32820300,1064
2020,32820300,1080
2019,32821100,1939
2020,32821100,1938
2019,32821200,2194
2020,32821200,2177
2019,32821300,482
2020,32821300,485
2019,32831100,932
2020,32831100,921
2019,32831200,963
2020,32831200,951
2019,32831300,3193
2020,32831300,3122
2019,32832100,3901
2020,32832100,3860
2019,32832200,2086
2020,32832200,2083
2019,32832300,1408
2020,32832300,1379
2019,32834100,5076
2020,32834100,4989
2019,32834200,0
2020,32834200,0
2019,32834300,0
2020,32834300,0
2019,32835100,0
2020,32835100,0
2019,32835200,2461
2020,32835200,2438
2019,32753100,49
2020,32753100,58
2019,32753200,0
2020,32753200,0
2019,32753300,0
2020,32753300,0
2019,32753400,12
2020,32753400,0
2019,32764100,33
2020,32764100,37
2019,32764200,264
2020,32764200,225
2019,32767100,0
2020,32767100,0
2019,32768100,16
2020,32768100,18
2019,32768200,5
2020,32768200,2
2019,32768300,0
2020,32768300,0
2019,32768400,0
2020,32768400,0
2019,32768500,12
2020,32768500,10
2019,32768600,44
2020,32768600,139
2019,32770100,0
2020,32770100,0
2019,32770200,0
2020,32770200,0
2019,32770300,0
2020,32770300,0
2019,32772100,0
2020,32772100,0
2019,32772200,1354
2020,32772200,1254
2019,32772300,792
2020,32772300,796
2019,32772400,6524
2020,32772400,6064
2019,32773100,2321
2020,32773100,2175
2019,32773200,101
2020,32773200,109
2019,32774100,648
2020,32774100,406
2019,32774200,4
2020,32774200,6
2019,32774300,1706
2020,32774300,1569
2019,32774400,3271
2020,32774400,3427
2019,32774500,2430
2020,32774500,2486
2019,32774600,1501
2020,32774600,1361
2019,32774700,0
2020,32774700,0
2019,32775100,2772
2020,32775100,2741
2019,32777100,3435
2020,32777100,3758
2019,32778100,1260
2020,32778100,1254
2019,32778200,1031
2020,32778200,1014
2019,32778300,908
2020,32778300,881
2019,32781100,2779
2020,32781100,2787
2019,32782100,2885
2020,32782100,2827
2019,32783100,4891
2020,32783100,4910
2019,32783200,2784
2020,32783200,2999
2019,32784100,3282
2020,32784100,3182
2019,32786100,5
2020,32786100,0
2019,32786200,1645
2020,32786200,1617
2019,32991100,4943
2020,32991100,4908
2019,32991200,1978
2020,32991200,1922
2019,33017100,0
2020,33017100,0
2019,33017200,8
2020,33017200,9
2019,33017300,0
2020,33017300,0
2019,33017400,1829
2020,33017400,1792
2019,33017500,1120
2020,33017500,1085
2019,33017600,1169
2020,33017600,1142
2019,33017700,2178
2020,33017700,2163
2019,33076100,7
2020,33076100,5
2019,33076200,0
2020,33076200,0
2019,33077100,0
2020,33077100,0
2019,33077200,4
2020,33077200,0
2019,33078100,4
2020,33078100,4
2019,33078200,1421
2020,33078200,1059
2019,33078300,0
2020,33078300,0
2019,33079100,4
2020,33079100,5
2019,33079200,214
2020,33079200,140
2019,33079300,2436
2020,33079300,3082
2019,33079400,550
2020,33079400,789
2019,33079500,763
2020,33079500,804
2019,33079600,1249
2020,33079600,1237
2019,33079700,1855
2020,33079700,2604
2019,33079800,8
2020,33079800,23
2019,33080100,84
2020,33080100,114
2019,33080200,0
2020,33080200,0
2019,33081100,1659
2020,33081100,1571
2019,33081200,2523
2020,33081200,2481
2019,33082100,3245
2020,33082100,3351
2019,33082200,1836
2020,33082200,1855
2019,33083100,2778
2020,33083100,2781
2019,33083200,19
2020,33083200,23
2019,33083300,0
2020,33083300,0
2019,33083400,1834
2020,33083400,1974
2019,33083500,0
2020,33083500,0
2019,33083600,913
2020,33083600,918
2019,33083700,3578
2020,33083700,3641
2019,33083800,0
2020,33083800,0
2019,33083900,184
2020,33083900,189
2019,33084100,4297
2020,33084100,4384
2019,33085100,4145
2020,33085100,4263
2019,33086100,378
2020,33086100,372
2019,33086200,3183
2020,33086200,3188
2019,33087100,3579
2020,33087100,3471
2019,33087200,1311
2020,33087200,1353
2019,33087300,4349
2020,33087300,4519
2019,33088100,3020
2020,33088100,3142
2019,33088200,2682
2020,33088200,2670
2019,33088300,410
2020,33088300,467
2019,33090100,480
2020,33090100,475
2019,33090200,2758
2020,33090200,2727
2019,33090300,2103
2020,33090300,2070
2019,33091100,0
2020,33091100,0
2019,33091200,3236
2020,33091200,3172
2019,33091300,645
2020,33091300,655
2019,33091400,2775
2020,33091400,2728
2019,33091500,1939
2020,33091500,1919
2019,33092100,1493
2020,33092100,1602
2019,33092200,1889
2020,33092200,1918
2019,33093100,2885
2020,33093100,2917
2019,33093200,2669
2020,33093200,2834
2019,33093300,177
2020,33093300,177
2019,33094100,740
2020,33094100,684
2019,33094200,0
2020,33094200,0
2019,33094300,3632
2020,33094300,3536
2019,33095100,2281
2020,33095100,2292
2019,33095200,2952
2020,33095200,3128
2019,33095300,4
2020,33095300,4
2019,33095400,2570
2020,33095400,2597
2019,33096100,2555
2020,33096100,2535
2019,33097100,542
2020,33097100,540
2019,33097200,2326
2020,33097200,2342
2019,33097300,1885
2020,33097300,1983
2019,33097400,2949
2020,33097400,2883
2019,33097500,1666
2020,33097500,1703
2019,33097600,1292
2020,33097600,1386
2019,33099100,2628
2020,33099100,2674
2019,33099200,2169
2020,33099200,2195
2019,33100100,3044
2020,33100100,3033
2019,33100200,3102
2020,33100200,3041
2019,33100300,1326
2020,33100300,1354
2019,33101100,0
2020,33101100,0
2019,33101200,0
2020,33101200,0
2019,33101300,0
2020,33101300,0
2019,33101400,0
2020,33101400,0
2019,33104100,2530
2020,33104100,2508
2019,33104200,4304
2020,33104200,4263
2019,33105100,5058
2020,33105100,5375
2019,33105200,3654
2020,33105200,3761
2019,33105300,6037
2020,33105300,6343
2019,33105400,2532
2020,33105400,2494
2019,33105500,4199
2020,33105500,4318
2019,33105600,5783
2020,33105600,6595
2019,33105700,915
2020,33105700,930
2019,33106100,6398
2020,33106100,8341
2019,33106200,3031
2020,33106200,2943
2019,33107100,0
2020,33107100,0
2019,33107200,0
2020,33107200,0
2019,33107300,0
2020,33107300,0
2019,33107400,4
2020,33107400,0
2019,33107500,0
2020,33107500,0
2019,33107600,4
2020,33107600,0
2019,33107700,0
2020,33107700,0
2019,33107800,0
2020,33107800,0
2019,33107900,0
2020,33107900,0
2019,33111100,0
2020,33111100,0
2019,33111200,0
2020,33111200,0
2019,33111300,8
2020,33111300,0
2019,33112100,5448
2020,33112100,4913
2019,33112200,2555
2020,33112200,1805
2019,33112300,1461
2020,33112300,840
2019,33112400,33
2020,33112400,0
2019,33112500,21
2020,33112500,22
2019,33112600,0
2020,33112600,0
2019,33113100,14
2020,33113100,0
2019,33113200,5
2020,33113200,5
2019,33113300,0
2020,33113300,0
2019,33113400,1325
2020,33113400,1352
2019,33113500,5983
2020,33113500,5917
2019,33113600,0
2020,33113600,0
2019,33114100,12
2020,33114100,0
2019,33114200,0
2020,33114200,0
2019,33114300,790
2020,33114300,825
2019,33114400,13
2020,33114400,13
2019,33114500,1249
2020,33114500,1195
2019,33114600,3271
2020,33114600,3209
2019,33117100,6163
2020,33117100,3017
2019,33117200,2377
2020,33117200,2172
2019,33117300,0
2020,33117300,0
2019,32801100,3063
2020,32801100,3029
2019,32801200,300
2020,32801200,319
2019,32804100,1698
2020,32804100,1704
2019,32804200,1570
2020,32804200,1548
2019,32806100,1164
2020,32806100,1162
2019,32806200,1252
2020,32806200,1246
2019,32806300,1842
2020,32806300,1819
2019,32811100,4559
2020,32811100,4570
2019,32815100,1238
2020,32815100,1247
2019,32815200,1134
2020,32815200,1071
2019,32815300,1360
2020,32815300,1352
2019,32815400,723
2020,32815400,791
2019,32816100,1540
2020,32816100,1521
2019,32816200,1733
2020,32816200,1702
2019,32817100,1695
2020,32817100,1697
2019,32817200,967
2020,32817200,974
2019,32817300,530
2020,32817300,532
2019,32817400,11
2020,32817400,10
2019,32819100,4462
2020,32819100,4461
2019,32822100,4053
2020,32822100,4015
2019,32822200,1005
2020,32822200,980
2019,32823100,445
2020,32823100,431
2019,32823200,2305
2020,32823200,2269
2019,32823300,1962
2020,32823300,1914
2019,32823400,553
2020,32823400,616
2019,32824100,2121
2020,32824100,2067
2019,32824200,1753
2020,32824200,1738
2019,32825100,2760
2020,32825100,2758
2019,32825200,2704
2020,32825200,2674
2019,32825300,240
2020,32825300,259
2019,32825400,552
2020,32825400,553
2019,32825500,5
2020,32825500,3
2019,32826100,5420
2020,32826100,5433
2019,32827100,2173
2020,32827100,2198
2019,32827200,799
2020,32827200,807
2019,32827300,265
2020,32827300,258
2019,32828100,614
2020,32828100,660
2019,32828200,1415
2020,32828200,1415
2019,32828300,2462
2020,32828300,2399
2019,32829100,6462
2020,32829100,6413
2019,32830100,2318
2020,32830100,2337
2019,32830200,4130
2020,32830200,4099
2019,32833100,945
2020,32833100,926
2019,32833200,1130
2020,32833200,1165
2019,32833300,1452
2020,32833300,1441
2019,32836100,2190
2020,32836100,2216
2019,32836200,2109
2020,32836200,2126
2019,32836300,3111
2020,32836300,3086
2019,32836400,1018
2020,32836400,1006
2019,32837100,2804
2020,32837100,2788
2019,32837200,2200
2020,32837200,2174
2019,32837300,861
2020,32837300,911
2019,32838100,5
2020,32838100,4
2019,32838200,2929
2020,32838200,2957
2019,32838300,1165
2020,32838300,1115
2019,32838400,934
2020,32838400,941
2019,32838500,1025
2020,32838500,1003
2019,32838600,33
2020,32838600,31
2019,32839100,342
2020,32839100,340
2019,32839200,70
2020,32839200,70
2019,32839300,891
2020,32839300,927
2019,32839400,1932
2020,32839400,1938
2019,32839500,2291
2020,32839500,2223
2019,32840100,2335
2020,32840100,2360
2019,32840200,4094
2020,32840200,4287
2019,32840300,107
2020,32840300,91
2019,32841100,517
2020,32841100,521
2019,32841200,631
2020,32841200,623
2019,32841300,259
2020,32841300,255
2019,32842100,3224
2020,32842100,3232
2019,32843100,2029
2020,32843100,2009
2019,32843200,870
2020,32843200,869
2019,32843300,2477
2020,32843300,2474
2019,32843400,1974
2020,32843400,1892
2019,32843500,1248
2020,32843500,1233
2019,32844100,5
2020,32844100,0
2019,32844200,2287
2020,32844200,2262
2019,32844300,2369
2020,32844300,2403
2019,32844400,1751
2020,32844400,1736
2019,32845100,2082
2020,32845100,2058
2019,32846100,0
2020,32846100,0
2019,32846200,1074
2020,32846200,1062
2019,32846300,1869
2020,32846300,1860
2019,32846400,3073
2020,32846400,3076
2019,32847100,1473
2020,32847100,1489
2019,32847200,2469
2020,32847200,2478
2019,32848100,5425
2020,32848100,5387
2019,32849100,1999
2020,32849100,2002
2019,32849200,640
2020,32849200,664
2019,32849300,2391
2020,32849300,2385
2019,32849400,2114
2020,32849400,2103
2019,32850100,4311
2020,32850100,4321
2019,32851100,5980
2020,32851100,5931
2019,32851200,1461
2020,32851200,1468
2019,32852100,0
2020,32852100,0
2019,32852200,4869
2020,32852200,4850
2019,32853100,3857
2020,32853100,3866
2019,32886100,1747
2020,32886100,1723
2019,32886200,1640
2020,32886200,1608
2019,32895100,383
2020,32895100,402
2019,32895200,451
2020,32895200,459
2019,32895300,194
2020,32895300,229
2019,32895400,0
2020,32895400,0
2019,32898100,5
2020,32898100,0
2019,32898200,0
2020,32898200,0
2019,32898300,0
2020,32898300,0
2019,32898400,0
2020,32898400,0
2019,32899100,1561
2020,32899100,1574
2019,32899200,511
2020,32899200,524
2019,32899300,3058
2020,32899300,3075
2019,32899400,0
2020,32899400,0
2019,32899500,1492
2020,32899500,1496
2019,32899600,0
2020,32899600,0
2019,32902100,4306
2020,32902100,4283
2019,32905100,463
2020,32905100,375
2019,32905200,0
2020,32905200,0
2019,32905300,0
2020,32905300,0
2019,32905400,0
2020,32905400,0
2019,32907100,0
2020,32907100,0
2019,32907200,2
2020,32907200,3
2019,32907300,0
2020,32907300,0
2019,32907400,0
2020,32907400,0
2019,32908100,4
2020,32908100,4
2019,32908200,0
2020,32908200,0
2019,32978100,6048
2020,32978100,6014
2019,32985100,5467
2020,32985100,5470
2019,32987100,3536
2020,32987100,3566
2019,32989100,1569
2020,32989100,1613
2019,32989200,2490
2020,32989200,2534
2019,32992100,2140
2020,32992100,2124
2019,32992200,1740
2020,32992200,1768
2019,32992300,1427
2020,32992300,1420
2019,32992400,1944
2020,32992400,1932
2019,32994100,457
2020,32994100,465
2019,32994200,696
2020,32994200,734
2019,32994300,818
2020,32994300,828
2019,32994400,519
2020,32994400,520
2019,32994500,1378
2020,32994500,1199
2019,32996100,3740
2020,32996100,3742
2019,33000100,5103
2020,33000100,5074
2019,33001100,2496
2020,33001100,2500
2019,33001200,2847
2020,33001200,2840
2019,33002100,1012
2020,33002100,968
2019,33002200,1535
2020,33002200,1535
2019,33002300,798
2020,33002300,809
2019,33003100,2171
2020,33003100,2153
2019,33003200,3810
2020,33003200,3802
2019,33003300,5
2020,33003300,2
2019,33006100,1052
2020,33006100,1024
2019,33006200,922
2020,33006200,940
2019,33006300,839
2020,33006300,860
2019,33006400,620
2020,33006400,618
2019,33007100,1038
2020,33007100,1026
2019,33007200,774
2020,33007200,804
2019,33007300,545
2020,33007300,580
2019,33007400,1711
2020,33007400,1710
2019,33010100,2492
2020,33010100,2460
2019,33010200,1357
2020,33010200,1336
2019,33014100,1710
2020,33014100,1716
2019,33014200,872
2020,33014200,854
2019,33014300,1872
2020,33014300,1905
2019,33014400,2268
2020,33014400,2282
2019,33018100,1701
2020,33018100,1720
2019,33018200,3214
2020,33018200,3229
2019,33019100,3185
2020,33019100,3228
2019,33019200,30
2020,33019200,28
2019,33019300,2653
2020,33019300,2596
2019,33020100,1871
2020,33020100,1866
2019,33020200,2015
2020,33020200,1971
2019,33021100,1267
2020,33021100,1292
2019,33021200,2726
2020,33021200,2703
2019,33023100,1439
2020,33023100,1432
2019,33023200,3191
2020,33023200,3214
2019,33023300,1620
2020,33023300,1623
2019,33023400,0
2020,33023400,0
2019,33024100,910
2020,33024100,933
2019,33024200,1941
2020,33024200,1929
2019,33024300,2228
2020,33024300,2235
2019,33024400,0
2020,33024400,0
2019,33024500,758
2020,33024500,758
2019,33025100,1897
2020,33025100,1336
2019,33025200,5035
2020,33025200,5003
2019,33025300,0
2020,33025300,0
2019,33025400,8
2020,33025400,8
2019,33025500,215
2020,33025500,202
2019,33025600,4
2020,33025600,4
2019,33025700,0
2020,33025700,0
2019,33025800,2795
2020,33025800,2802
2019,33026100,1990
2020,33026100,2008
2019,33026200,2567
2020,33026200,2600
2019,33033100,2217
2020,33033100,2221
2019,33033200,3
2020,33033200,0
2019,33033300,2904
2020,33033300,2952
2019,33033400,1384
2020,33033400,1419
2019,33034100,1371
2020,33034100,1363
2019,33034200,1459
2020,33034200,1465
2019,33034300,1638
2020,33034300,1635
2019,33036100,0
2020,33036100,0
2019,33041100,0
2020,33041100,0
2019,33041200,5099
2020,33041200,5109
2019,33041300,0
2020,33041300,0
2019,33041400,0
2020,33041400,0
2019,33041500,0
2020,33041500,0
2019,33041600,2
2020,33041600,2
2019,33041700,0
2020,33041700,0
2019,33050100,337
2020,33050100,346
2019,33050200,2144
2020,33050200,2163
2019,33050300,872
2020,33050300,867
2019,33050400,2974
2020,33050400,2951
2019,33050500,1241
2020,33050500,756
2019,33059100,32
2020,33059100,30
2019,33059200,838
2020,33059200,839
2019,33059300,640
2020,33059300,648
2019,33060100,685
2020,33060100,675
2019,33060200,653
2020,33060200,662
2019,33060300,0
2020,33060300,0
2019,33060400,570
2020,33060400,607
2019,33089100,1347
2020,33089100,1367
2019,33089200,4405
2020,33089200,4407
2019,33089300,2345
2020,33089300,2339
2019,33089400,7
2020,33089400,4
2019,33098100,4557
2020,33098100,4692
2019,33098200,1935
2020,33098200,1918
2019,33102100,3513
2020,33102100,3470
2019,33103100,6331
2020,33103100,6369
2019,33103200,6888
2020,33103200,7013
2019,33103300,6135
2020,33103300,6166
2019,33108100,0
2020,33108100,0
2019,33108200,0
2020,33108200,0
2019,33108300,0
2020,33108300,0
2019,33109100,544
2020,33109100,631
2019,33109200,911
2020,33109200,891
2019,33109300,3913
2020,33109300,3711
2019,33109400,1091
2020,33109400,1009
2019,33109500,1180
2020,33109500,2116
2019,33109600,0
2020,33109600,0
2019,33110100,9345
2020,33110100,9385
2019,33115100,0
2020,33115100,0
2019,33116100,4503
2020,33116100,4378
2019,33116200,6762
2020,33116200,6797
2019,33118100,4633
2020,33118100,4574
2019,33119200,35
2020,33119200,49
2019,32903100,0
2020,32903100,0
2019,32903200,0
2020,32903200,0
2019,32903300,0
2020,32903300,0
2019,32903400,1889
2020,32903400,1791
2019,32903500,0
2020,32903500,0
2019,32903600,4494
2020,32903600,9216
2019,32903700,375
2020,32903700,184
2019,33040100,855
2020,33040100,854
2019,33040200,1240
2020,33040200,1254
2019,33040300,655
2020,33040300,628
2019,33046100,0
2020,33046100,0
2019,33046200,3939
2020,33046200,3628
2019,33046300,3233
2020,33046300,3007
2019,33046400,773
2020,33046400,772
2019,33046500,9638
2020,33046500,9239
2019,33046600,7799
2020,33046600,7453
2019,33046700,0
2020,33046700,0
2019,33046800,1985
2020,33046800,1732
2019,33046900,6
2020,33046900,0
2019,33051100,0
2020,33051100,0
2019,33051200,0
2020,33051200,0
2019,33051300,1541
2020,33051300,1545
2019,33051400,702
2020,33051400,662
2019,33056100,436
2020,33056100,439
2019,33056200,0
2020,33056200,0
2019,33056300,415
2020,33056300,394
2019,33057100,1509
2020,33057100,1441
2019,33057200,871
2020,33057200,806
2019,33057300,2189
2020,33057300,2235
2019,33057400,0
2020,33057400,0
2019,33057500,2237
2020,33057500,2046
2019,33057600,0
2020,33057600,0
2019,33058100,1001
2020,33058100,975
2019,33058200,1607
2020,33058200,1571
2019,33058300,2274
2020,33058300,2211
2019,33058400,2318
2020,33058400,2335
2019,33058500,2538
2020,33058500,2551
2019,33061100,2685
2020,33061100,2502
2019,33061200,513
2020,33061200,514
2019,33062100,4845
2020,33062100,4430
2019,33063100,3216
2020,33063100,3122
2019,33063200,1761
2020,33063200,1571
2019,33063300,0
2020,33063300,0
2019,33064100,2205
2020,33064100,2205
2019,33064200,0
2020,33064200,0
2019,33064300,315
2020,33064300,301
2019,33064400,250
2020,33064400,259
2019,33064500,0
2020,33064500,0
2019,33064600,2365
2020,33064600,2377
2019,33064700,495
2020,33064700,484
2019,33065100,0
2020,33065100,0
2019,33065200,352
2020,33065200,375
2019,33065300,0
2020,33065300,0
2019,33065400,94
2020,33065400,88
2019,33065500,0
2020,33065500,0
2019,33065700,0
2020,33065700,0
2019,33066100,4784
2020,33066100,4711
2019,33066200,428
2020,33066200,426
2019,33066300,3398
2020,33066300,3377
2019,33066400,712
2020,33066400,703
2019,33066500,1863
2020,33066500,1709
2019,33066600,770
2020,33066600,718
2019,33066700,6
2020,33066700,4
2019,33067100,4778
2020,33067100,4133
2019,33068100,5948
2020,33068100,5765
2019,33069100,2577
2020,33069100,2548
2019,33069200,2042
2020,33069200,1884
2019,33070100,0
2020,33070100,0
2019,33070200,17
2020,33070200,20
2019,33070300,4
2020,33070300,4
2019,33071100,1
2020,33071100,1
2019,33071200,4183
2020,33071200,4026
2019,33071300,1464
2020,33071300,1377
2019,33072100,3946
2020,33072100,3989
2019,33072200,0
2020,33072200,0
2019,33073100,0
2020,33073100,0
2019,33073200,0
2020,33073200,0
2019,33073300,0
2020,33073300,0
2019,33073500,0
2020,33073500,0
2019,33073600,0
2020,33073600,0
2019,33074100,40
2020,33074100,45
2019,33074200,260
2020,33074200,257
2019,33074300,69
2020,33074300,56
2019,33074400,22
2020,33074400,22
2019,33074500,187
2020,33074500,180
2019,33074600,317
2020,33074600,313
2019,33075100,0
2020,33075100,0
2019,32909100,2731
2020,32909100,2753
2019,32909200,2961
2020,32909200,2977
2019,32910100,3091
2020,32910100,3055
2019,32910200,2152
2020,32910200,2166
2019,32910300,1367
2020,32910300,1328
2019,32911100,1294
2020,32911100,1329
2019,32911200,1763
2020,32911200,1764
2019,32912100,3547
2020,32912100,3500
2019,32912200,3089
2020,32912200,3056
2019,32912300,2449
2020,32912300,2476
2019,32913100,3342
2020,32913100,3329
2019,32913200,3779
2020,32913200,3819
2019,32914100,5089
2020,32914100,5048
2019,32915100,4042
2020,32915100,4036
2019,32915200,4
2020,32915200,4
2019,32915300,0
2020,32915300,0
2019,32915400,0
2020,32915400,0
2019,32915500,62
2020,32915500,62
2019,32916100,4006
2020,32916100,4003
2019,32917100,15
2020,32917100,13
2019,32918100,6165
2020,32918100,6117
2019,32919100,0
2020,32919100,0
2019,32919200,2077
2020,32919200,2086
2019,32920100,5087
2020,32920100,5093
2019,32921100,3980
2020,32921100,3976
2019,32921200,2734
2020,32921200,2810
2019,32921300,1779
2020,32921300,1804
2019,32922100,4680
2020,32922100,4636
2019,32923100,4787
2020,32923100,4804
2019,32924100,5642
2020,32924100,5660
2019,32925100,3343
2020,32925100,3374
2019,32926100,483
2020,32926100,545
2019,32926200,5739
2020,32926200,5805
2019,32927100,3505
2020,32927100,3542
2019,32928100,4757
2020,32928100,4766
2019,32928200,3123
2020,32928200,3152
2019,32929100,1669
2020,32929100,1683
2019,32929200,1803
2020,32929200,1773
2019,32929300,2328
2020,32929300,2339
2019,32931100,2415
2020,32931100,2399
2019,32931200,2378
2020,32931200,2357
2019,32932100,5265
2020,32932100,5284
2019,32933100,3990
2020,32933100,3980
2019,32934100,5450
2020,32934100,5441
2019,32935100,3986
2020,32935100,4005
2019,32935200,2338
2020,32935200,2382
2019,32936100,1767
2020,32936100,1728
2019,32936200,3661
2020,32936200,3670
2019,32943100,5421
2020,32943100,5411
2019,32939100,2053
2020,32939100,2048
2019,32939200,3832
2020,32939200,3831
2019,32940100,5366
2020,32940100,5348
2019,32941100,5074
2020,32941100,5046
2019,32941200,1409
2020,32941200,1395
2019,32942100,4613
2020,32942100,4636
2019,32944100,4989
2020,32944100,5024
2019,32945100,4690
2020,32945100,4661
2019,32945200,1710
2020,32945200,1656
2019,32946100,1946
2020,32946100,1966
2019,32946200,4718
2020,32946200,4710
2019,32946300,3160
2020,32946300,3125
2019,32947100,1633
2020,32947100,1612
2019,32947200,1930
2020,32947200,1917
2019,32947300,803
2020,32947300,805
2019,32948100,5134
2020,32948100,5135
2019,32948200,2188
2020,32948200,2174
2019,32949100,6274
2020,32949100,6267
2019,32950100,3452
2020,32950100,3430
2019,32950200,3389
2020,32950200,3384
2019,32953100,362
2020,32953100,334
2019,32953200,357
2020,32953200,357
2019,32954100,5864
2020,32954100,5852
2019,32954200,2823
2020,32954200,2891
2019,32955100,2618
2020,32955100,2589
2019,32955200,1786
2020,32955200,1753
2019,32955300,4029
2020,32955300,4062
2019,32957100,4734
2020,32957100,4776
2019,32958100,12
2020,32958100,12
2019,32958200,0
2020,32958200,0
2019,32958300,1468
2020,32958300,1466
2019,32960100,5409
2020,32960100,5429
2019,32960200,1422
2020,32960200,1443
2019,32962100,3776
2020,32962100,3752
2019,32963100,10
2020,32963100,0
2019,32963200,1803
2020,32963200,1793
2019,32963300,291
2020,32963300,318
2019,32964100,2694
2020,32964100,2731
2019,32964200,2681
2020,32964200,2689
2019,32965100,3991
2020,32965100,3988
2019,32966100,3792
2020,32966100,3789
2019,32966200,2164
2020,32966200,2163
2019,32966300,48
2020,32966300,48
2019,32968100,5793
2020,32968100,5780
2019,32971100,4828
2020,32971100,4830
2019,32971200,1458
2020,32971200,1458
2019,32973100,19
2020,32973100,25
2019,32973200,2862
2020,32973200,2876
2019,32973300,2421
2020,32973300,2421
2019,32973400,16
2020,32973400,16
2019,32973500,4
2020,32973500,7
2019,32975100,805
2020,32975100,800
2019,32975200,949
2020,32975200,982
2019,32975300,834
2020,32975300,844
2019,32975400,1065
2020,32975400,1055
2019,32976100,46
2020,32976100,45
2019,32976200,12
2020,32976200,11
2019,32979100,3086
2020,32979100,3052
2019,32981100,2979
2020,32981100,2993
2019,32981200,3770
2020,32981200,3755
2019,32981300,810
2020,32981300,800
2019,32952100,4641
2020,32952100,4622
2019,32952200,2908
2020,32952200,2864
2019,32956100,89
2020,32956100,72
2019,32956200,2003
2020,32956200,1925
2019,32959100,301
2020,32959100,303
2019,32959200,2100
2020,32959200,2073
2019,32959300,1686
2020,32959300,1708
2019,32961100,10
2020,32961100,10
2019,32961200,11
2020,32961200,11
2019,32967100,545
2020,32967100,527
2019,32967200,196
2020,32967200,207
2019,32969100,2244
2020,32969100,2202
2019,32969200,1550
2020,32969200,1533
2019,32970100,2073
2020,32970100,2077
2019,32970200,2349
2020,32970200,2259
2019,32970300,2755
2020,32970300,2730
2019,32972100,5514
2020,32972100,5465
2019,32972200,331
2020,32972200,347
2019,32972300,614
2020,32972300,623
2019,32974100,563
2020,32974100,543
2019,32974200,1372
2020,32974200,1324
2019,32974300,1611
2020,32974300,1622
2019,32974400,1456
2020,32974400,1397
2019,32977100,1517
2020,32977100,1554
2019,32977200,91
2020,32977200,90
2019,32977300,1846
2020,32977300,1853
2019,32977400,1830
2020,32977400,1815
2019,32980100,455
2020,32980100,473
2019,32980200,661
2020,32980200,637
2019,32980300,1580
2020,32980300,1592
2019,32980400,1814
2020,32980400,1756
2019,32982100,1276
2020,32982100,1320
2019,32982200,1907
2020,32982200,1876
2019,32983100,3795
2020,32983100,3799
2019,32983200,1582
2020,32983200,1575
2019,32983300,983
2020,32983300,986
2019,32984100,1602
2020,32984100,1660
2019,32984200,1395
2020,32984200,1310
2019,32984300,1346
2020,32984300,1367
2019,32986100,2635
2020,32986100,2668
2019,32988100,755
2020,32988100,756
2019,32988200,1742
2020,32988200,1742
2019,32988300,1137
2020,32988300,1136
2019,32990100,3521
2020,32990100,3515
2019,32990200,2692
2020,32990200,2689
2019,32993100,2101
2020,32993100,2050
2019,32993200,2134
2020,32993200,2052
2019,32993300,1140
2020,32993300,1123
2019,32995100,5319
2020,32995100,5291
2019,32997100,1942
2020,32997100,1952
2019,32997200,1493
2020,32997200,1479
2019,32998100,2196
2020,32998100,2176
2019,32998200,2093
2020,32998200,2106
2019,32999100,1198
2020,32999100,1209
2019,32999200,2421
2020,32999200,2426
2019,33004100,1523
2020,33004100,1545
2019,33004200,1529
2020,33004200,1524
2019,33005100,2118
2020,33005100,2082
2019,33005200,1013
2020,33005200,1032
2019,33008100,856
2020,33008100,876
2019,33008200,6986
2020,33008200,6984
2019,33009100,933
2020,33009100,928
2019,33009200,1390
2020,33009200,1383
2019,33009300,822
2020,33009300,850
2019,33011100,3089
2020,33011100,3106
2019,33011200,966
2020,33011200,934
2019,33012100,1022
2020,33012100,1013
2019,33012200,1430
2020,33012200,1405
2019,33012300,2454
2020,33012300,2423
2019,33013100,2381
2020,33013100,2358
2019,33013200,1196
2020,33013200,1198
2019,33013300,1979
2020,33013300,1979
2019,33013400,2079
2020,33013400,2088
2019,33015100,937
2020,33015100,931
2019,33015200,1405
2020,33015200,1394
2019,33015300,977
2020,33015300,971
2019,33015400,5
2020,33015400,0
2019,33016100,2102
2020,33016100,2082
2019,33016200,1648
2020,33016200,1629
2019,33016300,1420
2020,33016300,1390
2019,33016400,740
2020,33016400,726
2019,33022100,1842
2020,33022100,1871
2019,33022200,1556
2020,33022200,1535
2019,33022300,2879
2020,33022300,2837
2019,33027100,1289
2020,33027100,1304
2019,33027200,2292
2020,33027200,2312
2019,33027300,3
2020,33027300,3
2019,33028100,1558
2020,33028100,1573
2019,33028200,3152
2020,33028200,3127
2019,33029100,1422
2020,33029100,1400
2019,33029200,2209
2020,33029200,2175
2019,33030100,1926
2020,33030100,1931
2019,33030200,1945
2020,33030200,1986
2019,33030300,1013
2020,33030300,1012
2019,33031100,1863
2020,33031100,1865
2019,33031200,2097
2020,33031200,2078
2019,33031300,2087
2020,33031300,2056
2019,33032100,1456
2020,33032100,1458
2019,33032200,601
2020,33032200,590
2019,33032300,0
2020,33032300,0
2019,33032400,825
2020,33032400,831
2019,33032500,0
2020,33032500,0
2019,33032600,0
2020,33032600,0
2019,33032700,817
2020,33032700,849
2019,33032800,2999
2020,33032800,2990
2019,33035100,1581
2020,33035100,1572
2019,33035200,2190
2020,33035200,2160
2019,33037100,1227
2020,33037100,1202
2019,33037200,1758
2020,33037200,1729
2019,33038100,2411
2020,33038100,2386
2019,33038200,932
2020,33038200,959
2019,33039100,1629
2020,33039100,1605
2019,33039200,1055
2020,33039200,1009
2019,33042100,3623
2020,33042100,3583
2019,33043100,1335
2020,33043100,1316
2019,33043200,3674
2020,33043200,3628
2019,33043300,1705
2020,33043300,1713
2019,33044100,2996
2020,33044100,2972
2019,33044200,2831
2020,33044200,2802
2019,33044300,743
2020,33044300,745
2019,33045100,2421
2020,33045100,2419
2019,33045200,2264
2020,33045200,2235
2019,33045300,920
2020,33045300,887
2019,33047100,821
2020,33047100,826
2019,33047200,1412
2020,33047200,1380
2019,33048100,3597
2020,33048100,3610
2019,33049100,1091
2020,33049100,1099
2019,33049200,1860
2020,33049200,1852
2019,33049300,860
2020,33049300,848
2019,33049400,681
2020,33049400,686
2019,33052100,1533
2020,33052100,1538
2019,33052200,1275
2020,33052200,1263
2019,33052300,2186
2020,33052300,2167
2019,33053100,1365
2020,33053100,1358
2019,33053200,3141
2020,33053200,3109
2019,33053300,1266
2020,33053300,1213
2019,33054100,2279
2020,33054100,2461
2019,33054200,3011
2020,33054200,2965
2019,33055100,0
2020,33055100,0
2019,33055200,2193
2020,33055200,2137
2019,33055300,0
2020,33055300,0
2019,33055400,670
2020,33055400,701
2019,33055500,3416
2020,33055500,3400
2019,33055600,2092
2020,33055600,2078
2019,43120100,4
2020,43120100,4
2019,43120200,24
2020,43120200,25
2019,43121100,6195
2020,43121100,6162
2019,43121200,5611
2020,43121200,5440
2019,43121300,4723
2020,43121300,4670
2019,43122100,7874
2020,43122100,7895
2019,43122200,8513
2020,43122200,8515
2019,43122300,3755
2020,43122300,3729
2019,43122400,4626
2020,43122400,4723
2019,43122500,4232
2020,43122500,4247
2019,43122600,5188
2020,43122600,5192
2019,43123100,2484
2020,43123100,2531
2019,43123200,4831
2020,43123200,4780
2019,43123300,5227
2020,43123300,5320
2019,43123400,75
2020,43123400,85
2019,43123500,14
2020,43123500,13
2019,43123600,1227
2020,43123600,1502
2019,43123700,0
2020,43123700,0
2019,43123800,62
2020,43123800,62
2019,43123900,2398
2020,43123900,2312
2019,43124100,4
2020,43124100,4
2019,43124200,3855
2020,43124200,3777
2019,43124300,1190
2020,43124300,1437
2019,43124400,2575
2020,43124400,2567
2019,43124500,1543
2020,43124500,1553
2019,43125100,5
2020,43125100,5
2019,43125200,0
2020,43125200,0
2019,43126100,5614
2020,43126100,5553
2019,43127100,2363
2020,43127100,2367
2019,43128100,3421
2020,43128100,3416
2019,43129100,3325
2020,43129100,3354
2019,43130100,3556
2020,43130100,3611
2019,43130200,207
2020,43130200,218
2019,43131100,2146
2020,43131100,2174
2019,43131200,1745
2020,43131200,1782
2019,43131300,1768
2020,43131300,1780
2019,43132100,1783
2020,43132100,1916
2019,43132200,96
2020,43132200,96
2019,43132300,2171
2020,43132300,2198
2019,43133100,2122
2020,43133100,2129
2019,43133200,3832
2020,43133200,3855
2019,43134100,2137
2020,43134100,2175
2019,43134200,2184
2020,43134200,2268
2019,43134300,2952
2020,43134300,2997
2019,43135100,5345
2020,43135100,5316
2019,43136100,3207
2020,43136100,3250
2019,43137100,234
2020,43137100,247
2019,43137200,3254
2020,43137200,3275
2019,43137300,662
2020,43137300,660
2019,43138100,7370
2020,43138100,7418
2019,43139100,3272
2020,43139100,3245
2019,43140100,3084
2020,43140100,3055
2019,43141100,3283
2020,43141100,3240
2019,43141200,4237
2020,43141200,4217
2019,43142100,1641
2020,43142100,1707
2019,43142200,4573
2020,43142200,4541
2019,43142300,273
2020,43142300,262
2019,43143100,3774
2020,43143100,3792
2019,43144100,2307
2020,43144100,2336
2019,43144200,3110
2020,43144200,3369
2019,43144300,211
2020,43144300,215
2019,43144400,352
2020,43144400,362
2019,43144500,630
2020,43144500,674
2019,43145100,2535
2020,43145100,2695
2019,43145200,1110
2020,43145200,1265
2019,43146100,1499
2020,43146100,1495
2019,43146200,5086
2020,43146200,5013
2019,43146300,4492
2020,43146300,4451
2019,43147100,2607
2020,43147100,2572
2019,43147200,2286
2020,43147200,2278
2019,43148100,0
2020,43148100,0
2019,43148200,15
2020,43148200,15
2019,43148300,0
2020,43148300,0
2019,43148400,118
2020,43148400,126
2019,43148500,5
2020,43148500,3
2019,43148600,0
2020,43148600,0
2019,43149100,2979
2020,43149100,2934
2019,43150100,2749
2020,43150100,2757
2019,43151100,4288
2020,43151100,4248
2019,43152100,6285
2020,43152100,6271
2019,43152200,4
2020,43152200,4
2019,43153100,5692
2020,43153100,5656
2019,43154100,3316
2020,43154100,3442
2019,43154200,2343
2020,43154200,2354
2019,43155100,3326
2020,43155100,3319
2019,43157100,2071
2020,43157100,2050
2019,43157200,2142
2020,43157200,2133
2019,43159100,1986
2020,43159100,1978
2019,43159200,1773
2020,43159200,1775
2019,43160100,2269
2020,43160100,2219
2019,43161100,2109
2020,43161100,2104
2019,43162100,837
2020,43162100,853
2019,43162200,362
2020,43162200,467
2019,43162300,1975
2020,43162300,1982
2019,43162400,109
2020,43162400,103
2019,43163100,2646
2020,43163100,2618
2019,43163200,2084
2020,43163200,2086
2019,43163300,2161
2020,43163300,2167
2019,43164100,4592
2020,43164100,4573
2019,43165100,595
2020,43165100,500
2019,43166100,408
2020,43166100,412
2019,43166200,2765
2020,43166200,2746
2019,43166300,3366
2020,43166300,3352
2019,43167100,1192
2020,43167100,1170
2019,43167200,1449
2020,43167200,1427
2019,43167300,1065
2020,43167300,1046
2019,43167400,871
2020,43167400,855
2019,43168100,1687
2020,43168100,1673
2019,43168200,1237
2020,43168200,1310
2019,43168300,221
2020,43168300,219
2019,43168400,48
2020,43168400,52
2019,43169100,3382
2020,43169100,3343
2019,43171100,229
2020,43171100,232
2019,43171200,1543
2020,43171200,1480
2019,43171300,1839
2020,43171300,1788
2019,43172100,22
2020,43172100,22
2019,43172200,1605
2020,43172200,1638
2019,43173100,6323
2020,43173100,6368
2019,43174100,1028
2020,43174100,1028
2019,43174200,508
2020,43174200,514
2019,43174300,8
2020,43174300,8
2019,43175100,3842
2020,43175100,3820
2019,43175200,2094
2020,43175200,2103
2019,43176100,3563
2020,43176100,3557
2019,43176200,2009
2020,43176200,2377
2019,43177100,1640
2020,43177100,1626
2019,43177200,925
2020,43177200,922
2019,43178100,4294
2020,43178100,4319
2019,43178200,312
2020,43178200,323
2019,43178300,3112
2020,43178300,3159
2019,43180100,1108
2020,43180100,1123
2019,43180200,512
2020,43180200,524
2019,43180300,944
2020,43180300,940
2019,43182100,7448
2020,43182100,7369
2019,43182200,2508
2020,43182200,2481
2019,43156100,604
2020,43156100,628
2019,43156200,409
2020,43156200,444
2019,43158100,6018
2020,43158100,5913
2019,43170100,3772
2020,43170100,3755
2019,43170200,858
2020,43170200,827
2019,43170300,1307
2020,43170300,1282
2019,43170400,4046
2020,43170400,3980
2019,43170500,1874
2020,43170500,1829
2019,43179100,5985
2020,43179100,6354
2019,43181100,0
2020,43181100,0
2019,43181200,0
2020,43181200,0
2019,43181300,3056
2020,43181300,3063
2019,43182300,2457
2020,43182300,2431
2019,43183100,746
2020,43183100,746
2019,43183200,2582
2020,43183200,2561
2019,43183300,409
2020,43183300,416
2019,43183400,642
2020,43183400,623
2019,43183500,929
2020,43183500,951
2019,43184100,2971
2020,43184100,2965
2019,43185100,3642
2020,43185100,3615
2019,43185200,4727
2020,43185200,4664
2019,43187100,4208
2020,43187100,4201
2019,43187200,312
2020,43187200,305
2019,43189100,11
2020,43189100,11
2019,43189200,617
2020,43189200,615
2019,43189300,226
2020,43189300,221
2019,43199100,1951
2020,43199100,1952
2019,43199200,4730
2020,43199200,4766
2019,43199300,4682
2020,43199300,4657
2019,43199400,2935
2020,43199400,2976
2019,43199500,377
2020,43199500,399
2019,43220100,21
2020,43220100,30
2019,43220200,4387
2020,43220200,4380
2019,43232100,1668
2020,43232100,1655
2019,43232200,546
2020,43232200,565
2019,43232300,988
2020,43232300,1007
2019,43237100,2993
2020,43237100,2985
2019,43237200,1287
2020,43237200,1294
2019,43237300,1851
2020,43237300,1897
2019,43242100,1271
2020,43242100,1247
2019,43242200,1679
2020,43242200,1763
2019,43242300,1874
2020,43242300,1997
2019,43242400,583
2020,43242400,596
2019,43247100,1733
2020,43247100,1741
2019,43247200,1879
2020,43247200,1904
2019,43247300,527
2020,43247300,526
2019,43255400,6340
2020,43255400,6276
2019,43256100,705
2020,43256100,709
2019,43256200,940
2020,43256200,911
2019,43256300,1244
2020,43256300,1253
2019,43256400,959
2020,43256400,975
2019,43256500,1191
2020,43256500,1245
2019,43256600,493
2020,43256600,609
2019,43256700,633
2020,43256700,660
2019,43256800,205
2020,43256800,212
2019,43256900,896
2020,43256900,942
2019,43186100,3629
2020,43186100,3606
2019,43186200,1579
2020,43186200,1587
2019,43190100,2638
2020,43190100,2628
2019,43191100,2554
2020,43191100,2530
2019,43191200,1399
2020,43191200,1383
2019,43192100,2062
2020,43192100,2062
2019,43192200,140
2020,43192200,133
2019,43192300,2091
2020,43192300,2135
2019,43193100,2537
2020,43193100,2595
2019,43194100,3820
2020,43194100,3796
2019,43194200,2152
2020,43194200,2133
2019,43195100,629
2020,43195100,632
2019,43195200,2440
2020,43195200,2492
2019,43195300,1584
2020,43195300,1568
2019,43196100,1699
2020,43196100,1759
2019,43196200,3180
2020,43196200,3315
2019,43196300,1893
2020,43196300,2036
2019,43196400,543
2020,43196400,586
2019,43197100,3805
2020,43197100,3853
2019,43197200,788
2020,43197200,815
2019,43197300,1634
2020,43197300,1727
2019,43197400,1905
2020,43197400,1895
2019,43198100,1584
2020,43198100,1618
2019,43198200,942
2020,43198200,941
2019,43198300,2133
2020,43198300,2176
2019,43198400,4502
2020,43198400,4486
2019,43198500,899
2020,43198500,898
2019,43200100,3319
2020,43200100,3287
2019,43201100,1720
2020,43201100,1712
2019,43201200,3817
2020,43201200,3800
2019,43202100,3002
2020,43202100,3093
2019,43202200,2803
2020,43202200,2846
2019,43203100,4
2020,43203100,202
2019,43203200,2756
2020,43203200,2780
2019,43204100,4508
2020,43204100,4517
2019,43205100,2776
2020,43205100,2771
2019,43207100,2029
2020,43207100,1994
2019,43207200,2328
2020,43207200,2295
2019,43208100,3619
2020,43208100,3592
2019,43209100,1414
2020,43209100,1539
2019,43209200,4183
2020,43209200,4213
2019,43209300,1664
2020,43209300,1740
2019,43209400,1303
2020,43209400,1298
2019,43209500,0
2020,43209500,17
2019,43209600,1028
2020,43209600,1134
2019,43210100,46
2020,43210100,45
2019,43210200,2695
2020,43210200,2649
2019,43211100,2074
2020,43211100,2050
2019,43211200,2090
2020,43211200,2092
2019,43211300,3218
2020,43211300,3163
2019,43211400,690
2020,43211400,659
2019,43212100,514
2020,43212100,526
2019,43215100,2111
2020,43215100,2140
2019,43215200,291
2020,43215200,304
2019,43215300,106
2020,43215300,105
2019,43215400,1984
2020,43215400,1977
2019,43217100,2961
2020,43217100,2949
2019,43217200,1963
2020,43217200,1939
2019,43219100,4328
2020,43219100,4307
2019,43219200,2363
2020,43219200,2378
2019,43221100,4475
2020,43221100,4416
2019,43221200,2891
2020,43221200,2917
2019,43222100,1915
2020,43222100,2002
2019,43222200,1879
2020,43222200,1929
2019,43222300,1632
2020,43222300,1616
2019,43227100,1568
2020,43227100,1599
2019,43227200,1983
2020,43227200,2151
2019,43227300,367
2020,43227300,339
2019,43227400,817
2020,43227400,888
2019,43228100,1510
2020,43228100,1523
2019,43228200,719
2020,43228200,705
2019,43228300,1360
2020,43228300,1397
2019,43228400,1810
2020,43228400,1775
2019,43229100,2240
2020,43229100,2239
2019,43229200,2356
2020,43229200,2324
2019,43231100,292
2020,43231100,369
2019,43231200,281
2020,43231200,457
2019,43231300,62
2020,43231300,64
2019,43231400,4
2020,43231400,84
2019,43231500,58
2020,43231500,93
2019,43231600,12
2020,43231600,14
2019,43231700,34
2020,43231700,199
2019,43231800,194
2020,43231800,270
2019,43235100,812
2020,43235100,805
2019,43235200,9
2020,43235200,41
2019,43235300,892
2020,43235300,919
2019,43235400,130
2020,43235400,126
2019,43235500,733
2020,43235500,847
2019,43238100,5297
2020,43238100,5239
2019,43238200,481
2020,43238200,531
2019,43238400,2086
2020,43238400,2207
2019,43238500,1476
2020,43238500,1506
2019,43188100,202
2020,43188100,203
2019,43188200,6383
2020,43188200,6350
2019,43188300,6886
2020,43188300,6898
2019,43188400,2677
2020,43188400,2669
2019,43188500,4
2020,43188500,4
2019,43188600,1857
2020,43188600,1840
2019,43188700,2893
2020,43188700,2884
2019,43216100,637
2020,43216100,643
2019,43216200,1052
2020,43216200,1050
2019,43216300,765
2020,43216300,773
2019,43216400,344
2020,43216400,329
2019,43226100,1064
2020,43226100,1064
2019,43226200,444
2020,43226200,419
2019,43226300,26
2020,43226300,23
2019,43226400,894
2020,43226400,909
2019,43226500,309
2020,43226500,290
2019,43265100,0
2020,43265100,0
2019,43265200,545
2020,43265200,551
2019,43265300,680
2020,43265300,669
2019,43265400,537
2020,43265400,526
2019,43265500,818
2020,43265500,800
2019,43265600,1229
2020,43265600,1229
2019,43265700,681
2020,43265700,706
2019,43265800,1611
2020,43265800,1598
2019,43265900,359
2020,43265900,371
2019,43299100,642
2020,43299100,642
2019,43299200,324
2020,43299200,332
2019,43299300,299
2020,43299300,305
2019,43299400,669
2020,43299400,678
2019,43299500,261
2020,43299500,254
2019,43301100,1510
2020,43301100,1498
2019,43301200,136
2020,43301200,128
2019,43301300,712
2020,43301300,725
2019,43301400,842
2020,43301400,846
2019,43301500,145
2020,43301500,180
2019,43302100,815
2020,43302100,801
2019,43302200,1862
2020,43302200,1853
2019,43302300,740
2020,43302300,764
2019,43302400,1662
2020,43302400,1648
2019,43302500,400
2020,43302500,401
2019,43302600,2701
2020,43302600,2683
2019,43302700,995
2020,43302700,997
2019,43302800,148
2020,43302800,135
2019,43302900,595
2020,43302900,604
2019,43304100,132
2020,43304100,133
2019,43304200,540
2020,43304200,549
2019,43304300,20
2020,43304300,179
2019,43304400,165
2020,43304400,164
2019,43304500,49
2020,43304500,50
2019,43308100,555
2020,43308100,573
2019,43308200,1702
2020,43308200,1689
2019,43308300,2019
2020,43308300,2118
2019,43309100,10
2020,43309100,10
2019,43309200,496
2020,43309200,481
2019,43310100,8
2020,43310100,50
2019,43310200,79
2020,43310200,89
2019,43310300,12
2020,43310300,12
2019,43312100,2934
2020,43312100,2995
2019,43312200,52
2020,43312200,52
2019,43312300,5828
2020,43312300,6101
2019,43312400,1493
2020,43312400,1590
2019,43313100,73
2020,43313100,87
2019,43313200,85
2020,43313200,232
2019,43313300,232
2020,43313300,305
2019,43313400,241
2020,43313400,253
2019,43313500,228
2020,43313500,233
2019,43313600,777
2020,43313600,1257
2019,43313700,15
2020,43313700,15
2019,43313800,35
2020,43313800,34
2019,43313900,788
2020,43313900,755
2019,43318100,1987
2020,43318100,2061
2019,43318200,4058
2020,43318200,4056
2019,43318300,13601
2020,43318300,13599
2019,43320100,8692
2020,43320100,8969
2019,43329100,1321
2020,43329100,1302
2019,43329200,27
2020,43329200,32
2019,43329300,139
2020,43329300,182
2019,43329400,612
2020,43329400,632
2019,43329500,740
2020,43329500,754
2019,43329600,508
2020,43329600,624
2019,43331100,204
2020,43331100,208
2019,43331200,16243
2020,43331200,16309
2019,43331300,1545
2020,43331300,1668
2019,43331400,285
2020,43331400,284
2019,43331500,1838
2020,43331500,1904
2019,43331600,1213
2020,43331600,1214
2019,43331700,624
2020,43331700,670
2019,43331800,4788
2020,43331800,4950
2019,43331900,0
2020,43331900,0
2019,43339100,127
2020,43339100,125
2019,43339200,13
2020,43339200,13
2019,43339300,298
2020,43339300,296
2019,43339400,1594
2020,43339400,1574
2019,43339500,100
2020,43339500,68
2019,43340100,616
2020,43340100,614
2019,43340200,268
2020,43340200,269
2019,43340300,1457
2020,43340300,1452
2019,43340400,1660
2020,43340400,1651
2019,43340500,335
2020,43340500,335
2019,43340600,468
2020,43340600,498
2019,43206100,4576
2020,43206100,4634
2019,43213100,88
2020,43213100,81
2019,43213200,350
2020,43213200,344
2019,43213300,1875
2020,43213300,1897
2019,43214100,1919
2020,43214100,1927
2019,43214200,452
2020,43214200,466
2019,43214300,1254
2020,43214300,1376
2019,43218100,1407
2020,43218100,1389
2019,43218200,2329
2020,43218200,2313
2019,43218300,1448
2020,43218300,1438
2019,43218400,365
2020,43218400,365
2019,43223100,83
2020,43223100,106
2019,43223200,54
2020,43223200,59
2019,43223300,108
2020,43223300,128
2019,43223400,639
2020,43223400,650
2019,43223500,209
2020,43223500,221
2019,43223600,123
2020,43223600,135
2019,43223700,44
2020,43223700,46
2019,43223800,675
2020,43223800,661
2019,43223900,882
2020,43223900,897
2019,43224100,1898
2020,43224100,1876
2019,43224200,2216
2020,43224200,2275
2019,43224300,2783
2020,43224300,2782
2019,43225100,0
2020,43225100,0
2019,43225200,1469
2020,43225200,1463
2019,43225300,1254
2020,43225300,1252
2019,43230100,1545
2020,43230100,1565
2019,43230200,553
2020,43230200,540
2019,43230300,1449
2020,43230300,1460
2019,43230400,3321
2020,43230400,3275
2019,43233100,1070
2020,43233100,1051
2019,43233200,1356
2020,43233200,1344
2019,43233300,600
2020,43233300,601
2019,43234100,1210
2020,43234100,1188
2019,43234200,2011
2020,43234200,2011
2019,43236100,762
2020,43236100,747
2019,43236200,1395
2020,43236200,1395
2019,43236300,1200
2020,43236300,1187
2019,43236400,974
2020,43236400,1025
2019,43236500,1102
2020,43236500,1133
2019,43236600,864
2020,43236600,863
2019,43238300,1244
2020,43238300,1206
2019,43239100,2549
2020,43239100,2530
2019,43239200,1563
2020,43239200,1546
2019,43239300,601
2020,43239300,575
2019,43239400,705
2020,43239400,681
2019,43240100,0
2020,43240100,0
2019,43240200,137
2020,43240200,212
2019,43240300,1325
2020,43240300,1324
2019,43240400,607
2020,43240400,598
2019,43241100,1213
2020,43241100,1251
2019,43241200,3555
2020,43241200,3677
2019,43243100,3722
2020,43243100,3731
2019,43244100,1811
2020,43244100,1895
2019,43244200,1289
2020,43244200,1629
2019,43245100,2566
2020,43245100,2530
2019,43246100,0
2020,43246100,0
2019,43246200,2538
2020,43246200,2673
2019,43246300,692
2020,43246300,783
2019,43246400,748
2020,43246400,755
2019,43246500,223
2020,43246500,217
2019,43248100,2974
2020,43248100,2952
2019,43249100,13
2020,43249100,15
2019,43249200,252
2020,43249200,239
2019,43249300,5
2020,43249300,5
2019,43249400,4
2020,43249400,4
2019,43250100,2505
2020,43250100,2464
2019,43250200,667
2020,43250200,666
2019,43251100,0
2020,43251100,0
2019,43251200,4530
2020,43251200,4505
2019,43252100,93
2020,43252100,1772
2019,43252200,170
2020,43252200,172
2019,43252300,10
2020,43252300,4
2019,43253100,3297
2020,43253100,3265
2019,43253200,2971
2020,43253200,2995
2019,43254100,5398
2020,43254100,5389
2019,43255100,4561
2020,43255100,4546
2019,43255200,4003
2020,43255200,3934
2019,43255300,7234
2020,43255300,7170
2019,43255500,1898
2020,43255500,1921
2019,43257100,1620
2020,43257100,1635
2019,43257200,2450
2020,43257200,2434
2019,43258100,2643
2020,43258100,2604
2019,43258200,2648
2020,43258200,2591
2019,43258300,1595
2020,43258300,1767
2019,43259100,465
2020,43259100,448
2019,43259200,656
2020,43259200,656
2019,43260100,4173
2020,43260100,4135
2019,43260200,471
2020,43260200,463
2019,43261100,272
2020,43261100,272
2019,43261200,8
2020,43261200,7
2019,43261300,455
2020,43261300,459
2019,43263100,434
2020,43263100,475
2019,43263200,1578
2020,43263200,1524
2019,43263300,3752
2020,43263300,3732
2019,43264100,36
2020,43264100,37
2019,43264200,3882
2020,43264200,3932
2019,43264300,24
2020,43264300,194
2019,43267100,27
2020,43267100,28
2019,43267200,3339
2020,43267200,3397
2019,43268100,3
2020,43268100,2
2019,43268200,515
2020,43268200,522
2019,43262100,4510
2020,43262100,4462
2019,43262200,2176
2020,43262200,2172
2019,43262300,283
2020,43262300,263
2019,43266100,1537
2020,43266100,1858
2019,43266200,8335
2020,43266200,8261
2019,43269100,317
2020,43269100,337
2019,43269200,1704
2020,43269200,1678
2019,43269300,156
2020,43269300,208
2019,43270100,0
2020,43270100,0
2019,43270200,3216
2020,43270200,3253
2019,43271100,3341
2020,43271100,3332
2019,43272100,4141
2020,43272100,4145
2019,43273100,5610
2020,43273100,5573
2019,43274100,3242
2020,43274100,3231
2019,43275100,5773
2020,43275100,5736
2019,43276100,3382
2020,43276100,3400
2019,43277100,0
2020,43277100,0
2019,43277200,4333
2020,43277200,4325
2019,43278100,5133
2020,43278100,5115
2019,43279100,3822
2020,43279100,3799
2019,43280100,3242
2020,43280100,3179
2019,43281100,3861
2020,43281100,3804
2019,43282100,4981
2020,43282100,4940
2019,43283100,2573
2020,43283100,2545
2019,43284100,420
2020,43284100,428
2019,43284200,1970
2020,43284200,1999
2019,43285100,3319
2020,43285100,3365
2019,43285200,2490
2020,43285200,2645
2019,43286100,3328
2020,43286100,3382
2019,43287100,3282
2020,43287100,3352
2019,43288100,3156
2020,43288100,3179
2019,43288200,2057
2020,43288200,2130
2019,43289100,1070
2020,43289100,1075
2019,43289200,979
2020,43289200,959
2019,43290100,3192
2020,43290100,3222
2019,43290200,1359
2020,43290200,1399
2019,43291100,3828
2020,43291100,3884
2019,43292100,2545
2020,43292100,2611
2019,43292200,1862
2020,43292200,1812
2019,43293100,3353
2020,43293100,3445
2019,43294100,1817
2020,43294100,1876
2019,43295100,1954
2020,43295100,1910
2019,43295200,2686
2020,43295200,2729
2019,43296100,1044
2020,43296100,1026
2019,43296200,2081
2020,43296200,2089
2019,43297100,4988
2020,43297100,4933
2019,43298100,235
2020,43298100,295
2019,43298200,809
2020,43298200,852
2019,43298300,864
2020,43298300,943
2019,43316100,6443
2020,43316100,6376
2019,43316200,4599
2020,43316200,4542
2019,43316300,4
2020,43316300,3
2019,43319100,6719
2020,43319100,6679
2019,43319200,7453
2020,43319200,7385
2019,43322100,2240
2020,43322100,2437
2019,43322200,3424
2020,43322200,3502
2019,43322300,4537
2020,43322300,4613
2019,43324100,5486
2020,43324100,5547
2019,43324200,425
2020,43324200,773
2019,43324300,3531
2020,43324300,3576
2019,43328100,6656
2020,43328100,6642
2019,43328200,994
2020,43328200,986
2019,43328300,260
2020,43328300,266
2019,43330100,3153
2020,43330100,3213
2019,43335100,2
2020,43335100,4
2019,43336100,802
2020,43336100,899
2019,43336200,22
2020,43336200,24
2019,43338100,634
2020,43338100,664
2019,43338200,4737
2020,43338200,4883
2019,43338300,403
2020,43338300,417
2019,43338400,1656
2020,43338400,1629
2019,43344100,25
2020,43344100,25
2019,43344200,12
2020,43344200,12
2019,43300100,487
2020,43300100,481
2019,43300200,29
2020,43300200,30
2019,43300300,1172
2020,43300300,1154
2019,43300400,967
2020,43300400,981
2019,43303100,243
2020,43303100,263
2019,43303200,419
2020,43303200,389
2019,43303300,204
2020,43303300,200
2019,43303400,885
2020,43303400,883
2019,43303500,634
2020,43303500,647
2019,43305100,3299
2020,43305100,3313
2019,43306100,5173
2020,43306100,5182
2019,43307100,4403
2020,43307100,4412
2019,43307200,1116
2020,43307200,1109
2019,43311100,1523
2020,43311100,1505
2019,43311200,3212
2020,43311200,3493
2019,43311300,3888
2020,43311300,3997
2019,43311400,3347
2020,43311400,3308
2019,43314100,6344
2020,43314100,6350
2019,43315100,33
2020,43315100,31
2019,43315200,3183
2020,43315200,3233
2019,43315300,96
2020,43315300,170
2019,43315400,1840
2020,43315400,1810
2019,43315500,411
2020,43315500,426
2019,43315600,19
2020,43315600,25
2019,43315700,117
2020,43315700,127
2019,43315800,424
2020,43315800,449
2019,43315900,692
2020,43315900,688
2019,43317100,2350
2020,43317100,2439
2019,43317200,2740
2020,43317200,2777
2019,43321100,0
2020,43321100,0
2019,43321200,6
2020,43321200,125
2019,43321300,0
2020,43321300,0
2019,43323100,408
2020,43323100,397
2019,43323200,1005
2020,43323200,1018
2019,43323300,949
2020,43323300,944
2019,43323400,2278
2020,43323400,2259
2019,43325100,1467
2020,43325100,1475
2019,43325200,3410
2020,43325200,3402
2019,43326100,135
2020,43326100,155
2019,43326200,1316
2020,43326200,1346
2019,43326300,1390
2020,43326300,1383
2019,43326400,1626
2020,43326400,1649
2019,43326500,886
2020,43326500,960
2019,43326600,792
2020,43326600,820
2019,43326700,564
2020,43326700,634
2019,43326800,3339
2020,43326800,3503
2019,43327100,1836
2020,43327100,1801
2019,43327200,3731
2020,43327200,3693
2019,43332100,731
2020,43332100,718
2019,43332200,1481
2020,43332200,1535
2019,43332300,727
2020,43332300,713
2019,43332400,656
2020,43332400,676
2019,43332500,5
2020,43332500,5
2019,43332600,266
2020,43332600,274
2019,43332700,1422
2020,43332700,1606
2019,43332800,527
2020,43332800,560
2019,43332900,865
2020,43332900,857
2019,43333100,3804
2020,43333100,3728
2019,43333200,4497
2020,43333200,4453
2019,43333300,2208
2020,43333300,2184
2019,43333400,4575
2020,43333400,4555
2019,43334100,2165
2020,43334100,2160
2019,43334200,12
2020,43334200,80
2019,43334300,102
2020,43334300,108
2019,43334400,306
2020,43334400,308
2019,43334500,5
2020,43334500,141
2019,43334600,742
2020,43334600,771
2019,43334700,251
2020,43334700,243
2019,43334800,832
2020,43334800,896
2019,43334900,0
2020,43334900,0
2019,43337100,117
2020,43337100,287
2019,43337200,6025
2020,43337200,5842
2019,43337300,1186
2020,43337300,1224
2019,43337400,4209
2020,43337400,4227
2019,43337500,993
2020,43337500,1061
2019,43337600,5961
2020,43337600,6041
2019,43341100,1437
2020,43341100,1437
2019,43341200,1744
2020,43341200,1650
2019,43341300,4140
2020,43341300,3205
2019,43341400,406
2020,43341400,375
2019,43341500,351
2020,43341500,341
2019,43341600,347
2020,43341600,326
2019,43341700,6
2020,43341700,5
2019,43341800,213
2020,43341800,243
2019,43387100,1432
2020,43387100,1425
2019,43387200,1297
2020,43387200,1400
2019,43387300,2002
2020,43387300,2003
2019,43387400,2732
2020,43387400,2776
2019,43387500,5702
2020,43387500,5732
2019,43388100,220
2020,43388100,215
2019,43388200,30
2020,43388200,28
2019,43388300,173
2020,43388300,181
2019,43388400,249
2020,43388400,243
2019,43388500,1520
2020,43388500,1540
2019,43388600,1321
2020,43388600,1325
2019,43388700,434
2020,43388700,427
2019,43389100,2614
2020,43389100,2650
2019,43389200,3512
2020,43389200,3481
2019,43389300,692
2020,43389300,642
2019,43389400,2865
2020,43389400,2902
2019,43389500,1170
2020,43389500,1161
2019,43389600,1377
2020,43389600,1481
2019,43390100,4330
2020,43390100,4386
2019,43390200,2243
2020,43390200,2235
2019,43391100,0
2020,43391100,77
2019,43391200,3110
2020,43391200,3162
2019,43391300,6
2020,43391300,6
2019,43391400,1056
2020,43391400,1131
2019,43392100,1573
2020,43392100,1594
2019,43392200,3558
2020,43392200,3619
2019,43393100,3964
2020,43393100,4011
2019,43393200,497
2020,43393200,536
2019,43393300,35
2020,43393300,32
2019,43393400,530
2020,43393400,516
2019,43393500,100
2020,43393500,92
2019,43394100,2583
2020,43394100,2595
2019,43395100,1494
2020,43395100,1523
2019,43395200,78
2020,43395200,79
2019,43396100,3589
2020,43396100,3693
2019,43397100,3398
2020,43397100,3440
2019,43397200,61
2020,43397200,71
2019,43398100,3152
2020,43398100,3185
2019,43398200,1506
2020,43398200,1585
2019,43398300,1165
2020,43398300,1154
2019,43398400,1958
2020,43398400,2057
2019,43399100,393
2020,43399100,397
2019,43399200,6188
2020,43399200,6352
2019,43399300,793
2020,43399300,1034
2019,43399400,4835
2020,43399400,4864
2019,43399500,3272
2020,43399500,3302
2019,43399600,205
2020,43399600,227
2019,43399700,161
2020,43399700,165
2019,43399800,325
2020,43399800,329
2019,43401100,4
2020,43401100,7
2019,43401200,2600
2020,43401200,2673
2019,43401300,299
2020,43401300,359
2019,43401400,1005
2020,43401400,1029
2019,43401500,2218
2020,43401500,2241
2019,43342100,65
2020,43342100,70
2019,43342200,0
2020,43342200,0
2019,43342300,566
2020,43342300,567
2019,43342400,1572
2020,43342400,1656
2019,43342500,100
2020,43342500,110
2019,43342600,829
2020,43342600,814
2019,43342700,44
2020,43342700,27
2019,43342800,119
2020,43342800,129
2019,43342900,30
2020,43342900,32
2019,43343100,3093
2020,43343100,3119
2019,43343200,3457
2020,43343200,3459
2019,43347100,49
2020,43347100,43
2019,43347200,46
2020,43347200,45
2019,43347300,17
2020,43347300,10
2019,43347400,4
2020,43347400,4
2019,43347500,725
2020,43347500,716
2019,43347600,206
2020,43347600,226
2019,43347700,92
2020,43347700,91
2019,43348100,72
2020,43348100,72
2019,43350100,0
2020,43350100,0
2019,43350200,68
2020,43350200,60
2019,43350300,0
2020,43350300,0
2019,43351100,787
2020,43351100,767
2019,43351200,2921
2020,43351200,2889
2019,43351300,15
2020,43351300,19
2019,43351400,1352
2020,43351400,1359
2019,43351500,685
2020,43351500,624
2019,43351600,1317
2020,43351600,1317
2019,43352100,961
2020,43352100,962
2019,43354100,5010
2020,43354100,5003
2019,43355100,6
2020,43355100,6
2019,43355200,4855
2020,43355200,4855
2019,43355300,1546
2020,43355300,1564
2019,43355400,2856
2020,43355400,2885
2019,43355500,3810
2020,43355500,3814
2019,43356100,1792
2020,43356100,1768
2019,43356200,2363
2020,43356200,2330
2019,43356300,610
2020,43356300,599
2019,43357100,1008
2020,43357100,1005
2019,43357200,97
2020,43357200,100
2019,43357300,1114
2020,43357300,1096
2019,43357400,600
2020,43357400,600
2019,43357500,1870
2020,43357500,1940
2019,43357600,1099
2020,43357600,1093
2019,43357700,892
2020,43357700,886
2019,43357800,496
2020,43357800,484
2019,43358100,1716
2020,43358100,1715
2019,43358200,1425
2020,43358200,1409
2019,43360100,1266
2020,43360100,1251
2019,43360200,3453
2020,43360200,3427
2019,43360300,223
2020,43360300,226
2019,43361100,2732
2020,43361100,3006
2019,43363100,1584
2020,43363100,1587
2019,43363200,3980
2020,43363200,5022
2019,43363300,487
2020,43363300,505
2019,43363400,427
2020,43363400,394
2019,43364100,891
2020,43364100,905
2019,43364200,3110
2020,43364200,3105
2019,43364300,1180
2020,43364300,1192
2019,43364400,198
2020,43364400,223
2019,43364500,1857
2020,43364500,1856
2019,43364600,847
2020,43364600,838
2019,43365100,851
2020,43365100,873
2019,43365200,257
2020,43365200,254
2019,43365300,796
2020,43365300,742
2019,43365400,756
2020,43365400,784
2019,43366100,1715
2020,43366100,1692
2019,43366200,1953
2020,43366200,1984
2019,43367100,3074
2020,43367100,3062
2019,43368100,1738
2020,43368100,1751
2019,43368200,1135
2020,43368200,1141
2019,43368300,1571
2020,43368300,1596
2019,43371100,2369
2020,43371100,2350
2019,43371200,785
2020,43371200,768
2019,43372100,926
2020,43372100,919
2019,43372200,2949
2020,43372200,2972
2019,43373100,1664
2020,43373100,1641
2019,43373200,1557
2020,43373200,1561
2019,43375100,1515
2020,43375100,1512
2019,43375200,2571
2020,43375200,2557
2019,43376100,494
2020,43376100,512
2019,43376200,3020
2020,43376200,3004
2019,43379100,2328
2020,43379100,2322
2019,43380100,1100
2020,43380100,1087
2019,43380200,1294
2020,43380200,1336
2019,43381100,963
2020,43381100,958
2019,43381200,2233
2020,43381200,2227
2019,43381300,178
2020,43381300,173
2019,43381400,1162
2020,43381400,1190
2019,43382100,1551
2020,43382100,1548
2019,43382200,850
2020,43382200,834
2019,43382300,233
2020,43382300,237
2019,43382400,49
2020,43382400,51
2019,43382500,184
2020,43382500,208
2019,43382600,331
2020,43382600,315
2019,43382700,1754
2020,43382700,1788
2019,43382800,664
2020,43382800,650
2019,43383100,244
2020,43383100,250
2019,43383200,642
2020,43383200,641
2019,43383300,891
2020,43383300,889
2019,43384100,2779
2020,43384100,2753
2019,43386100,869
2020,43386100,861
2019,43386200,1862
2020,43386200,1869
2019,43386300,1159
2020,43386300,1137
2019,43429200,401
2020,43429200,457
2019,43429300,8702
2020,43429300,8682
2019,43429500,1742
2020,43429500,1771
2019,43435100,1782
2020,43435100,1774
2019,43435200,1752
2020,43435200,1725
2019,43435300,1755
2020,43435300,1763
2019,43435400,4100
2020,43435400,4058
2019,43435500,12188
2020,43435500,12205
2019,43435600,12
2020,43435600,26
2019,43438100,111
2020,43438100,114
2019,43438200,603
2020,43438200,879
2019,43438300,20
2020,43438300,25
2019,43438400,75
2020,43438400,82
2019,43438500,53
2020,43438500,54
2019,43440100,385
2020,43440100,387
2019,43440200,173
2020,43440200,176
2019,43440300,120
2020,43440300,125
2019,43440400,644
2020,43440400,624
2019,43440700,326
2020,43440700,325
2019,43441100,76
2020,43441100,70
2019,43441200,379
2020,43441200,379
2019,43442100,805
2020,43442100,824
2019,43442200,693
2020,43442200,692
2019,43442300,275
2020,43442300,280
2019,43442400,69
2020,43442400,69
2019,43442500,70
2020,43442500,73
2019,43442600,87
2020,43442600,90
2019,43443100,1983
2020,43443100,1974
2019,43443200,346
2020,43443200,334
2019,43345100,468
2020,43345100,470
2019,43345200,518
2020,43345200,7056
2019,43345300,853
2020,43345300,1531
2019,43345400,1028
2020,43345400,1053
2019,43345500,17
2020,43345500,22
2019,43345600,5
2020,43345600,5
2019,43345700,7
2020,43345700,10
2019,43345800,1066
2020,43345800,1580
2019,43345900,1118
2020,43345900,1116
2019,43346100,486
2020,43346100,465
2019,43346200,2975
2020,43346200,3020
2019,43346300,1160
2020,43346300,1159
2019,43346400,186
2020,43346400,206
2019,43349100,21
2020,43349100,21
2019,43349200,50
2020,43349200,44
2019,43353100,23
2020,43353100,23
2019,43353200,0
2020,43353200,0
2019,43353300,0
2020,43353300,0
2019,43353400,2450
2020,43353400,2472
2019,43353500,5
2020,43353500,5
2019,43353600,305
2020,43353600,289
2019,43353700,29
2020,43353700,33
2019,43359100,2408
2020,43359100,2427
2019,43359200,1126
2020,43359200,1128
2019,43359300,856
2020,43359300,873
2019,43359400,1922
2020,43359400,1898
2019,43359500,3155
2020,43359500,3277
2019,43359600,1454
2020,43359600,1487
2019,43359700,1244
2020,43359700,1219
2019,43359800,1324
2020,43359800,1317
2019,43359900,34
2020,43359900,52
2019,43362100,25
2020,43362100,17
2019,43362200,10
2020,43362200,10
2019,43362300,47
2020,43362300,42
2019,43362400,1526
2020,43362400,1904
2019,43369100,2718
2020,43369100,2724
2019,43369200,1021
2020,43369200,1006
2019,43369300,2297
2020,43369300,2287
2019,43369400,2061
2020,43369400,2064
2019,43369500,645
2020,43369500,687
2019,43369600,725
2020,43369600,726
2019,43370100,0
2020,43370100,0
2019,43370200,642
2020,43370200,664
2019,43370300,662
2020,43370300,674
2019,43370400,175
2020,43370400,201
2019,43370500,18
2020,43370500,16
2019,43370600,2881
2020,43370600,2882
2019,43370700,1597
2020,43370700,1643
2019,43374100,2516
2020,43374100,2525
2019,43374200,459
2020,43374200,458
2019,43374300,1821
2020,43374300,1823
2019,43374400,649
2020,43374400,650
2019,43374500,1334
2020,43374500,1338
2019,43374600,572
2020,43374600,555
2019,43374700,666
2020,43374700,693
2019,43374800,70
2020,43374800,62
2019,43377100,1003
2020,43377100,1000
2019,43377200,1125
2020,43377200,1121
2019,43377300,815
2020,43377300,843
2019,43377400,2894
2020,43377400,2865
2019,43377500,2851
2020,43377500,2979
2019,43377600,934
2020,43377600,940
2019,43377700,734
2020,43377700,830
2019,43378100,86
2020,43378100,93
2019,43378200,391
2020,43378200,406
2019,43378300,0
2020,43378300,0
2019,43378400,294
2020,43378400,302
2019,43385100,600
2020,43385100,607
2019,43385200,64
2020,43385200,63
2019,43385300,1985
2020,43385300,2009
2019,43385400,2101
2020,43385400,2164
2019,43445100,266
2020,43445100,267
2019,43446100,97
2020,43446100,90
2019,43446200,389
2020,43446200,392
2019,43447100,18
2020,43447100,25
2019,43447200,7
2020,43447200,7
2019,43447300,0
2020,43447300,0
2019,43447400,57
2020,43447400,64
2019,43447500,13
2020,43447500,13
2019,43447600,0
2020,43447600,0
2019,43448100,2662
2020,43448100,2746
2019,43448200,4377
2020,43448200,4386
2019,43449100,1176
2020,43449100,1364
2019,43449200,2396
2020,43449200,2406
2019,43449300,1969
2020,43449300,1971
2019,43449400,6665
2020,43449400,6682
2019,43449500,1638
2020,43449500,1654
2019,43450100,540
2020,43450100,515
2019,43450200,677
2020,43450200,685
2019,43450300,111
2020,43450300,104
2019,43450400,72
2020,43450400,94
2019,43450500,583
2020,43450500,579
2019,43450600,5197
2020,43450600,5289
2019,43450700,85
2020,43450700,90
2019,43450800,342
2020,43450800,365
2019,43450900,1538
2020,43450900,1538
2019,43451100,1524
2020,43451100,1527
2019,43451200,4655
2020,43451200,4705
2019,43451300,0
2020,43451300,0
2019,43452100,465
2020,43452100,581
2019,43452200,215
2020,43452200,234
2019,43452300,85
2020,43452300,83
2019,43452400,660
2020,43452400,706
2019,43453100,2657
2020,43453100,2703
2019,43453200,2206
2020,43453200,2386
2019,43453300,1545
2020,43453300,1644
2019,43454100,547
2020,43454100,574
2019,43454200,1705
2020,43454200,1741
2019,43454300,337
2020,43454300,287
2019,43454400,5632
2020,43454400,5693
2019,43454500,0
2020,43454500,0
2019,43455100,0
2020,43455100,0
2019,43455200,0
2020,43455200,0
2019,43455300,2120
2020,43455300,2122
2019,43455400,4392
2020,43455400,3732
2019,43455500,756
2020,43455500,764
2019,43456100,2055
2020,43456100,2072
2019,43456200,2207
2020,43456200,2255
2019,43456300,486
2020,43456300,519
2019,43456400,970
2020,43456400,960
2019,43457100,286
2020,43457100,299
2019,43457200,48
2020,43457200,63
2019,43457300,1805
2020,43457300,1843
2019,43457400,0
2020,43457400,0
2019,43457500,22
2020,43457500,21
2019,43458100,63
2020,43458100,61
2019,43458200,4
2020,43458200,6
2019,43458300,4301
2020,43458300,4283
2019,43458400,587
2020,43458400,598
2019,43459100,61
2020,43459100,61
2019,43459200,76
2020,43459200,76
2019,43459300,2305
2020,43459300,2279
2019,43459400,279
2020,43459400,287
2019,43459500,0
2020,43459500,0
2019,43459600,2
2020,43459600,2
2019,43460100,667
2020,43460100,701
2019,43460200,2066
2020,43460200,2077
2019,43461100,1048
2020,43461100,1193
2019,43461200,603
2020,43461200,610
2019,43461300,1483
2020,43461300,1455
2019,43462100,188
2020,43462100,205
2019,43463100,738
2020,43463100,765
2019,43463200,2504
2020,43463200,2519
2019,43463300,673
2020,43463300,666
2019,43464100,1662
2020,43464100,1651
2019,43464200,1575
2020,43464200,1598
2019,43464300,769
2020,43464300,791
2019,43464400,1887
2020,43464400,1900
2019,43465100,161
2020,43465100,160
2019,43465200,0
2020,43465200,0
2019,43465300,9
2020,43465300,6
2019,43465400,1026
2020,43465400,794
2019,43465500,97
2020,43465500,112
2019,43465600,0
2020,43465600,0
2019,43465700,60
2020,43465700,51
2019,43465800,0
2020,43465800,0
2019,43465900,3
2020,43465900,3
2019,43466100,1091
2020,43466100,1129
2019,43466200,135
2020,43466200,137
2019,43466300,1383
2020,43466300,1362
2019,43466400,0
2020,43466400,0
2019,43466500,35
2020,43466500,35
2019,43400100,244
2020,43400100,226
2019,43400200,238
2020,43400200,238
2019,43400300,1566
2020,43400300,1559
2019,43400400,77
2020,43400400,67
2019,43400500,2231
2020,43400500,2215
2019,43404100,1321
2020,43404100,1642
2019,43404200,135
2020,43404200,164
2019,43404300,1284
2020,43404300,1339
2019,43404400,2920
2020,43404400,2895
2019,43404500,4803
2020,43404500,4786
2019,43408100,301
2020,43408100,329
2019,43408200,295
2020,43408200,296
2019,43408300,76
2020,43408300,118
2019,43408400,103
2020,43408400,106
2019,43408500,209
2020,43408500,268
2019,43408600,333
2020,43408600,329
2019,43408700,73
2020,43408700,98
2019,43412100,234
2020,43412100,234
2019,43412200,0
2020,43412200,5
2019,43415100,393
2020,43415100,383
2019,43415200,3
2020,43415200,3
2019,43415300,25
2020,43415300,21
2019,43415400,19
2020,43415400,25
2019,43415500,79
2020,43415500,387
2019,43415600,0
2020,43415600,338
2019,43418100,2598
2020,43418100,2999
2019,43418200,222
2020,43418200,253
2019,43419100,0
2020,43419100,0
2019,43419200,0
2020,43419200,0
2019,43420100,2319
2020,43420100,2313
2019,43420200,2954
2020,43420200,3074
2019,43420300,3198
2020,43420300,3289
2019,43424100,3
2020,43424100,15
2019,43424200,2421
2020,43424200,2412
2019,43425100,2574
2020,43425100,2540
2019,43425200,1967
2020,43425200,1952
2019,43426100,3260
2020,43426100,3227
2019,43427100,4557
2020,43427100,4600
2019,43428100,228
2020,43428100,235
2019,43428200,346
2020,43428200,325
2019,43428300,728
2020,43428300,736
2019,43428400,1752
2020,43428400,1722
2019,43428500,835
2020,43428500,877
2019,43428600,846
2020,43428600,830
2019,43429100,7204
2020,43429100,7155
2019,43429400,1950
2020,43429400,1798
2019,43430100,5640
2020,43430100,5603
2019,43431100,24
2020,43431100,24
2019,43431200,212
2020,43431200,214
2019,43431300,0
2020,43431300,0
2019,43431400,3653
2020,43431400,3662
2019,43431500,972
2020,43431500,955
2019,43432100,2826
2020,43432100,2814
2019,43432200,1962
2020,43432200,1947
2019,43432300,1786
2020,43432300,1754
2019,43432400,4773
2020,43432400,4756
2019,43434100,498
2020,43434100,480
2019,43434200,2089
2020,43434200,2091
2019,43434300,2336
2020,43434300,2334
2019,43436100,7726
2020,43436100,7631
2019,43436200,6662
2020,43436200,6612
2019,43436300,1586
2020,43436300,1573
2019,43436400,7484
2020,43436400,7382
2019,43436500,4320
2020,43436500,4276
2019,43436600,4247
2020,43436600,4213
2019,43436700,1248
2020,43436700,1213
2019,43436800,2017
2020,43436800,2026
2019,43437100,2650
2020,43437100,2760
2019,43437200,5131
2020,43437200,5083
2019,43437300,7242
2020,43437300,7207
2019,43439100,459
2020,43439100,465
2019,43440500,128
2020,43440500,128
2019,43440600,399
2020,43440600,408
2019,43440800,582
2020,43440800,572
2019,43440900,4271
2020,43440900,4223
2019,43444100,381
2020,43444100,380
2019,43402100,5888
2020,43402100,6089
2019,43402200,1399
2020,43402200,1453
2019,43402300,1460
2020,43402300,1472
2019,43402400,1667
2020,43402400,1735
2019,43403100,1452
2020,43403100,1512
2019,43403200,680
2020,43403200,708
2019,43403300,1986
2020,43403300,1955
2019,43405100,4007
2020,43405100,4075
2019,43405200,1271
2020,43405200,1283
2019,43405300,3036
2020,43405300,3084
2019,43405400,646
2020,43405400,702
2019,43405500,1901
2020,43405500,1908
2019,43405600,427
2020,43405600,432
2019,43406100,7231
2020,43406100,7252
2019,43406200,380
2020,43406200,420
2019,43407100,2875
2020,43407100,2849
2019,43407200,2649
2020,43407200,2664
2019,43407300,2773
2020,43407300,2840
2019,43409100,1882
2020,43409100,1848
2019,43409200,1315
2020,43409200,1314
2019,43409300,4327
2020,43409300,4330
2019,43409400,1869
2020,43409400,2009
2019,43410100,958
2020,43410100,1069
2019,43410200,140
2020,43410200,133
2019,43410300,58
2020,43410300,81
2019,43410400,114
2020,43410400,126
2019,43410500,867
2020,43410500,843
2019,43410600,215
2020,43410600,221
2019,43410700,471
2020,43410700,789
2019,43410800,1122
2020,43410800,1103
2019,43411100,461
2020,43411100,468
2019,43411200,3207
2020,43411200,3186
2019,43411300,2826
2020,43411300,2785
2019,43411400,419
2020,43411400,439
2019,43411500,479
2020,43411500,471
2019,43413100,0
2020,43413100,0
2019,43413200,2780
2020,43413200,2814
2019,43413300,1789
2020,43413300,1752
2019,43413400,3134
2020,43413400,3188
2019,43414100,9909
2020,43414100,9955
2019,43416100,3171
2020,43416100,3206
2019,43416200,2355
2020,43416200,2371
2019,43417100,4629
2020,43417100,4573
2019,43417200,3555
2020,43417200,3519
2019,43417300,2485
2020,43417300,2445
2019,43417400,3088
2020,43417400,3082
2019,43421100,5873
2020,43421100,5809
2019,43421200,2415
2020,43421200,2390
2019,43421300,436
2020,43421300,428
2019,43422100,1965
2020,43422100,1941
2019,43422200,2224
2020,43422200,2211
2019,43422300,6888
2020,43422300,6935
2019,43422400,711
2020,43422400,700
2019,43422500,129
2020,43422500,129
2019,43423100,2030
2020,43423100,2028
2019,43423200,1582
2020,43423200,1533
2019,43423300,5546
2020,43423300,5483
2019,43423400,1746
2020,43423400,1656
2019,43423500,1570
2020,43423500,1539
2019,43423600,158
2020,43423600,587
2019,43423700,1429
2020,43423700,1387
2019,43433100,4428
2020,43433100,4462
2019,43433200,214
2020,43433200,192
2019,43433300,5050
2020,43433300,4941
2019,43467100,834
2020,43467100,822
2019,43467200,2091
2020,43467200,2095
2019,43468100,3939
2020,43468100,3950
2019,43468200,10
2020,43468200,19
2019,43468300,57
2020,43468300,68
2019,43468400,72
2020,43468400,75
2019,43468500,31
2020,43468500,35
2019,43468600,3
2020,43468600,3
2019,43468700,0
2020,43468700,0
2019,43469100,1755
2020,43469100,1752
2019,43469200,783
2020,43469200,775
2019,43471100,0
2020,43471100,0
2019,43471200,1003
2020,43471200,979
2019,43471300,0
2020,43471300,0
2019,43471400,90
2020,43471400,89
2019,43472100,0
2020,43472100,0
2019,43472200,19
2020,43472200,15
2019,43472300,297
2020,43472300,294
2019,43473100,0
2020,43473100,0
2019,43473200,45
2020,43473200,43
2019,43473300,3
2020,43473300,3
2019,43473400,1024
2020,43473400,1021
2019,43475100,198
2020,43475100,183
2019,43475200,0
2020,43475200,0
2019,43475300,13
2020,43475300,16
2019,43476100,6
2020,43476100,6
2019,43476200,133
2020,43476200,128
2019,43476300,3600
2020,43476300,3609
2019,43477100,3221
2020,43477100,3199
2019,43477200,770
2020,43477200,821
2019,43478100,347
2020,43478100,354
2019,43478200,927
2020,43478200,913
2019,43479100,946
2020,43479100,935
2019,43479200,1051
2020,43479200,1032
2019,43480100,1257
2020,43480100,1248
2019,43480200,1389
2020,43480200,1379
2019,43482100,1851
2020,43482100,1846
2019,43482200,1798
2020,43482200,1772
2019,43483100,1745
2020,43483100,1721
2019,43483200,1522
2020,43483200,1500
2019,43484100,1455
2020,43484100,1451
2019,43484200,1282
2020,43484200,1282
2019,43485100,1807
2020,43485100,1833
2019,43485200,1550
2020,43485200,1529
2019,43485300,1410
2020,43485300,1362
2019,43489100,2911
2020,43489100,2886
2019,43489200,0
2020,43489200,0
2019,43490100,3567
2020,43490100,3639
2019,43490200,830
2020,43490200,785
2019,43490300,19
2020,43490300,19
2019,43491100,719
2020,43491100,722
2019,43491200,1866
2020,43491200,1812
2019,43495100,706
2020,43495100,711
2019,43495200,197
2020,43495200,175
2019,43496100,1914
2020,43496100,1882
2019,43496200,73
2020,43496200,72
2019,43497100,159
2020,43497100,171
2019,43497200,0
2020,43497200,0
2019,43497300,2139
2020,43497300,2100
2019,43497400,167
2020,43497400,162
2019,43498100,1512
2020,43498100,1679
2019,43498200,615
2020,43498200,601
2019,43498300,59
2020,43498300,59
2019,43498400,1468
2020,43498400,1603
2019,43500100,155
2020,43500100,160
2019,43500200,0
2020,43500200,0
2019,43500300,770
2020,43500300,745
2019,43500400,261
2020,43500400,257
2019,43502100,1107
2020,43502100,1107
2019,43502200,0
2020,43502200,0
2019,43502300,1069
2020,43502300,1070
2019,43502400,7271
2020,43502400,7415
2019,43504100,3290
2020,43504100,3287
2019,43504200,4847
2020,43504200,4878
2019,43507100,4
2020,43507100,4
2019,43507200,60
2020,43507200,59
2019,43507300,1226
2020,43507300,1213
2019,43507400,743
2020,43507400,755
2019,43507500,837
2020,43507500,838
2019,43507600,80
2020,43507600,80
2019,43507700,18
2020,43507700,20
2019,43508100,6195
2020,43508100,6243
2019,43508200,5192
2020,43508200,5195
2019,43509100,629
2020,43509100,627
2019,43509200,1455
2020,43509200,1447
2019,43510100,129
2020,43510100,148
2019,43510200,1865
2020,43510200,1850
2019,43511100,719
2020,43511100,738
2019,43511200,985
2020,43511200,998
2019,43512100,5341
2020,43512100,5340
2019,43512200,315
2020,43512200,345
2019,43512300,61
2020,43512300,65
2019,43512400,385
2020,43512400,446
2019,43513100,832
2020,43513100,820
2019,43513200,857
2020,43513200,847
2019,43514100,3260
2020,43514100,3478
2019,43514200,1644
2020,43514200,1623
2019,43514300,815
2020,43514300,823
2019,43515100,0
2020,43515100,0
2019,43515200,0
2020,43515200,0
2019,43515300,0
2020,43515300,0
2019,43515400,0
2020,43515400,0
2019,43517100,484
2020,43517100,498
2019,43517200,389
2020,43517200,354
2019,43517300,1281
2020,43517300,1263
2019,43518200,198
2020,43518200,193
2019,43518300,76
2020,43518300,52
2019,43519100,399
2020,43519100,671
2019,43519200,1875
2020,43519200,1864
2019,43520100,934
2020,43520100,955
2019,43520200,1271
2020,43520200,1301
2019,43521100,430
2020,43521100,400
2019,43521200,397
2020,43521200,383
2019,43521300,605
2020,43521300,599
2019,43522100,3
2020,43522100,182
2019,43522200,0
2020,43522200,0
2019,43522300,347
2020,43522300,486
2019,43523100,350
2020,43523100,385
2019,43523200,558
2020,43523200,636
2019,43523300,1407
2020,43523300,1377
2019,43524100,220
2020,43524100,228
2019,43524200,1472
2020,43524200,1446
2019,43528300,1416
2020,43528300,1385
2019,43596200,665
2020,43596200,664
2019,43596300,277
2020,43596300,253
2019,43470100,1535
2020,43470100,1517
2019,43470200,796
2020,43470200,776
2019,43470300,650
2020,43470300,611
2019,43470400,817
2020,43470400,821
2019,43474100,0
2020,43474100,0
2019,43474200,53
2020,43474200,66
2019,43474300,100
2020,43474300,95
2019,43474400,28
2020,43474400,25
2019,43474500,414
2020,43474500,1183
2019,43474600,428
2020,43474600,428
2019,43474700,0
2020,43474700,0
2019,43474800,7
2020,43474800,7
2019,43474900,0
2020,43474900,0
2019,43481100,422
2020,43481100,400
2019,43481200,629
2020,43481200,621
2019,43486100,2426
2020,43486100,2441
2019,43486200,3473
2020,43486200,3477
2019,43486300,207
2020,43486300,207
2019,43486400,304
2020,43486400,293
2019,43486500,2219
2020,43486500,2291
2019,43487100,0
2020,43487100,0
2019,43488100,2
2020,43488100,2
2019,43488200,2
2020,43488200,2
2019,43488300,212
2020,43488300,197
2019,43488400,0
2020,43488400,0
2019,43488500,4
2020,43488500,4
2019,43488600,419
2020,43488600,427
2019,43492100,2482
2020,43492100,2512
2019,43492200,4145
2020,43492200,4186
2019,43493100,1243
2020,43493100,1251
2019,43494100,745
2020,43494100,793
2019,43494200,2061
2020,43494200,2169
2019,43494300,1660
2020,43494300,1701
2019,43499100,2530
2020,43499100,2563
2019,43499200,2680
2020,43499200,2694
2019,43499300,1659
2020,43499300,1653
2019,43501100,2883
2020,43501100,2934
2019,43501200,736
2020,43501200,735
2019,43501300,2344
2020,43501300,2352
2019,43501400,3148
2020,43501400,3159
2019,43501500,897
2020,43501500,885
2019,43501600,162
2020,43501600,144
2019,43503100,0
2020,43503100,0
2019,43503200,1
2020,43503200,1
2019,43503300,0
2020,43503300,0
2019,43505100,53
2020,43505100,51
2019,43505200,110
2020,43505200,104
2019,43505300,0
2020,43505300,0
2019,43505400,967
2020,43505400,945
2019,43505500,77
2020,43505500,84
2019,43505600,211
2020,43505600,200
2019,43505700,825
2020,43505700,808
2019,43506100,483
2020,43506100,499
2019,43506200,159
2020,43506200,149
2019,43516100,1327
2020,43516100,1327
2019,43518100,1236
2020,43518100,1226
2019,43525100,1216
2020,43525100,1221
2019,43525200,173
2020,43525200,170
2019,43525300,153
2020,43525300,127
2019,43525400,1567
2020,43525400,1571
2019,43525500,946
2020,43525500,954
2019,43525600,327
2020,43525600,337
2019,43526100,1235
2020,43526100,1210
2019,43526200,2486
2020,43526200,2427
2019,43527100,13
2020,43527100,17
2019,43527200,3659
2020,43527200,3661
2019,43527300,976
2020,43527300,956
2019,43527400,5
2020,43527400,5
2019,43527500,2087
2020,43527500,2072
2019,43528100,1543
2020,43528100,1512
2019,43528200,2238
2020,43528200,2173
2019,43529100,318
2020,43529100,325
2019,43529200,3183
2020,43529200,3118
2019,43530100,4010
2020,43530100,3942
2019,43530200,228
2020,43530200,220
2019,43530300,2843
2020,43530300,2870
2019,43531100,3397
2020,43531100,3380
2019,43531200,1889
2020,43531200,1913
2019,43532100,1808
2020,43532100,1793
2019,43532200,1916
2020,43532200,1851
2019,43533100,89
2020,43533100,88
2019,43533200,254
2020,43533200,241
2019,43533300,1093
2020,43533300,1074
2019,43533400,1276
2020,43533400,1226
2019,43534100,1248
2020,43534100,1605
2019,43534200,2626
2020,43534200,2973
2019,43535100,275
2020,43535100,273
2019,43536100,755
2020,43536100,764
2019,43536200,7
2020,43536200,7
2019,43537100,337
2020,43537100,346
2019,43538100,1793
2020,43538100,1745
2019,43538200,1932
2020,43538200,1893
2019,43538300,2602
2020,43538300,2558
2019,43539100,1970
2020,43539100,1923
2019,43539200,1048
2020,43539200,1013
2019,43540100,809
2020,43540100,815
2019,43540200,1279
2020,43540200,1251
2019,43540300,6
2020,43540300,7
2019,43540400,474
2020,43540400,462
2019,43540500,920
2020,43540500,889
2019,43541100,127
2020,43541100,116
2019,43541200,2905
2020,43541200,2873
2019,43541300,1981
2020,43541300,1896
2019,43542100,4943
2020,43542100,4918
2019,43543100,3608
2020,43543100,3584
2019,43544100,2617
2020,43544100,2627
2019,43544200,1784
2020,43544200,1798
2019,43545100,1574
2020,43545100,1559
2019,43545200,4660
2020,43545200,4950
2019,43546100,1858
2020,43546100,1860
2019,43546200,2004
2020,43546200,1991
2019,43546300,2762
2020,43546300,2751
2019,43547100,3575
2020,43547100,3537
2019,43547200,4712
2020,43547200,4643
2019,43548100,4100
2020,43548100,4085
2019,43548200,1857
2020,43548200,1861
2019,43549200,1585
2020,43549200,1582
2019,43549300,2155
2020,43549300,2140
2019,43596100,74
2020,43596100,70
2019,43597100,143
2020,43597100,141
2019,43597200,187
2020,43597200,187
2019,43597300,4
2020,43597300,4
2019,43549100,3211
2020,43549100,3198
2019,43550100,2767
2020,43550100,2761
2019,43550200,1486
2020,43550200,1753
2019,43550300,460
2020,43550300,451
2019,43551100,1293
2020,43551100,1279
2019,43551200,5582
2020,43551200,6479
2019,43551300,829
2020,43551300,828
2019,43552100,4
2020,43552100,4
2019,43552200,639
2020,43552200,643
2019,43552300,1331
2020,43552300,1332
2019,43552400,188
2020,43552400,188
2019,43552500,559
2020,43552500,566
2019,43552600,422
2020,43552600,417
2019,43553100,2630
2020,43553100,2601
2019,43553200,2449
2020,43553200,2483
2019,43553300,3182
2020,43553300,4101
2019,43554100,531
2020,43554100,526
2019,43554200,178
2020,43554200,186
2019,43554300,1099
2020,43554300,1071
2019,43555100,1442
2020,43555100,1413
2019,43556100,2229
2020,43556100,2254
2019,43556200,2697
2020,43556200,2659
2019,43556300,2699
2020,43556300,2771
2019,43556400,1764
2020,43556400,1806
2019,43556500,0
2020,43556500,0
2019,43557100,2594
2020,43557100,2574
2019,43557200,2780
2020,43557200,2799
2019,43558100,2497
2020,43558100,2543
2019,43558200,0
2020,43558200,0
2019,43558300,4052
2020,43558300,3981
2019,43559100,1801
2020,43559100,1795
2019,43559200,1812
2020,43559200,1805
2019,43560100,4379
2020,43560100,4400
2019,43561100,3755
2020,43561100,3763
2019,43561200,1689
2020,43561200,1688
2019,43562100,6857
2020,43562100,6859
2019,43562200,4092
2020,43562200,3989
2019,43563100,6
2020,43563100,6
2019,43563200,2162
2020,43563200,2197
2019,43563300,602
2020,43563300,610
2019,43563400,0
2020,43563400,0
2019,43563500,307
2020,43563500,272
2019,43564100,3003
2020,43564100,2988
2019,43564200,6561
2020,43564200,6573
2019,43565100,1382
2020,43565100,1454
2019,43565200,657
2020,43565200,657
2019,43565300,102
2020,43565300,102
2019,43565400,25
2020,43565400,19
2019,43565500,43
2020,43565500,46
2019,43566100,722
2020,43566100,720
2019,43566200,842
2020,43566200,859
2019,43566300,489
2020,43566300,482
2019,43566400,1202
2020,43566400,1184
2019,43566500,155
2020,43566500,159
2019,43566600,387
2020,43566600,382
2019,43566700,54
2020,43566700,62
2019,43566800,202
2020,43566800,212
2019,43566900,14
2020,43566900,14
2019,43567100,1142
2020,43567100,1130
2019,43567200,84
2020,43567200,84
2019,43567300,91
2020,43567300,76
2019,43567400,18
2020,43567400,22
2019,43567500,99
2020,43567500,101
2019,43567600,0
2020,43567600,0
2019,43567700,143
2020,43567700,143
2019,43567800,123
2020,43567800,118
2019,43568100,3241
2020,43568100,3259
2019,43568200,182
2020,43568200,193
2019,43568300,2028
2020,43568300,1972
2019,43568400,3063
2020,43568400,3125
2019,43568500,438
2020,43568500,438
2019,43569100,3900
2020,43569100,3877
2019,43569200,5162
2020,43569200,5235
2019,43570100,589
2020,43570100,630
2019,43570200,2443
2020,43570200,2787
2019,43571100,17
2020,43571100,12
2019,43571200,5291
2020,43571200,5295
2019,43571300,1542
2020,43571300,1566
2019,43571400,4836
2020,43571400,4890
2019,43571500,0
2020,43571500,0
2019,43572100,239
2020,43572100,987
2019,43572200,9
2020,43572200,8
2019,43572300,104
2020,43572300,110
2019,43572400,0
2020,43572400,0
2019,43572500,2055
2020,43572500,2004
2019,43573100,2315
2020,43573100,2682
2019,43573200,4102
2020,43573200,4107
2019,43574100,3260
2020,43574100,3980
2019,43574200,1104
2020,43574200,1085
2019,43575100,41
2020,43575100,43
2019,43575200,893
2020,43575200,938
2019,43575300,0
2020,43575300,0
2019,43575400,546
2020,43575400,568
2019,43576100,60
2020,43576100,60
2019,43576200,41
2020,43576200,36
2019,43576300,117
2020,43576300,124
2019,43576400,12
2020,43576400,12
2019,43576500,2
2020,43576500,2
2019,43577100,1261
2020,43577100,1258
2019,43577200,6
2020,43577200,6
2019,43577300,4
2020,43577300,4
2019,43577400,1022
2020,43577400,1023
2019,43577500,976
2020,43577500,965
2019,43577600,82
2020,43577600,76
2019,43577700,31
2020,43577700,34
2019,43577800,158
2020,43577800,159
2019,43577900,166
2020,43577900,166
2019,43578100,37
2020,43578100,40
2019,43578200,105
2020,43578200,116
2019,43578300,0
2020,43578300,0
2019,43578400,942
2020,43578400,926
2019,43578500,102
2020,43578500,102
2019,43578600,6
2020,43578600,6
2019,43578700,321
2020,43578700,298
2019,43578800,12
2020,43578800,10
2019,43578900,19
2020,43578900,19
2019,43579100,674
2020,43579100,663
2019,43579200,172
2020,43579200,174
2019,43579300,6
2020,43579300,6
2019,43580100,4
2020,43580100,4
2019,43580200,22
2020,43580200,24
2019,43580300,19
2020,43580300,12
2019,43580400,480
2020,43580400,469
2019,43580500,788
2020,43580500,781
2019,43580600,0
2020,43580600,0
2019,43580700,6630
2020,43580700,6651
2019,43580800,65
2020,43580800,56
2019,43580900,154
2020,43580900,153
2019,43581100,40
2020,43581100,48
2019,43581200,456
2020,43581200,481
2019,43581300,48
2020,43581300,44
2019,43581400,52
2020,43581400,52
2019,43581500,5
2020,43581500,5
2019,43581600,21
2020,43581600,27
2019,43581700,254
2020,43581700,258
2019,43582100,0
2020,43582100,0
2019,43583100,133
2020,43583100,136
2019,43583200,603
2020,43583200,647
2019,43583300,2144
2020,43583300,2149
2019,43583400,283
2020,43583400,273
2019,43583500,299
2020,43583500,271
2019,43584100,0
2020,43584100,0
2019,43585100,577
2020,43585100,548
2019,43586100,0
2020,43586100,0
2019,43587100,760
2020,43587100,994
2019,43587200,7
2020,43587200,6
2019,43588100,359
2020,43588100,349
2019,43589100,1464
2020,43589100,1458
2019,43590100,1883
2020,43590100,1868
2019,43591100,2717
2020,43591100,2689
2019,43592100,2996
2020,43592100,2975
2019,43593100,2835
2020,43593100,2819
2019,43594100,1495
2020,43594100,1828
2019,43595100,174
2020,43595100,178
2019,53598100,1718
2020,53598100,1736
2019,53598200,9834
2020,53598200,9894
2019,53599100,2741
2020,53599100,2782
2019,53600100,4075
2020,53600100,4040
2019,53600200,312
2020,53600200,298
2019,53601100,4231
2020,53601100,4223
2019,53601200,1882
2020,53601200,1887
2019,53602100,5100
2020,53602100,5125
2019,53603100,4028
2020,53603100,4011
2019,53603200,46
2020,53603200,166
2019,53603300,2053
2020,53603300,2040
2019,53604100,166
2020,53604100,159
2019,53604200,1794
2020,53604200,1819
2019,53604300,1942
2020,53604300,1917
2019,53604400,0
2020,53604400,0
2019,53604500,7
2020,53604500,22
2019,53604600,781
2020,53604600,794
2019,53604700,1654
2020,53604700,1666
2019,53604800,35
2020,53604800,39
2019,53605100,4270
2020,53605100,4233
2019,53605200,2274
2020,53605200,2244
2019,53606100,2698
2020,53606100,2720
2019,53606200,12
2020,53606200,12
2019,53607100,1162
2020,53607100,1196
2019,53607200,12
2020,53607200,13
2019,53607300,1700
2020,53607300,1740
2019,53609100,8655
2020,53609100,8657
2019,53609200,3259
2020,53609200,3274
2019,53612100,1566
2020,53612100,1506
2019,53612200,3307
2020,53612200,3313
2019,53612300,1981
2020,53612300,1944
2019,53612400,3713
2020,53612400,3689
2019,53612500,1610
2020,53612500,1599
2019,53613100,728
2020,53613100,704
2019,53613200,37
2020,53613200,56
2019,53613300,2521
2020,53613300,2481
2019,53613400,0
2020,53613400,0
2019,53613500,5
2020,53613500,5
2019,53613600,0
2020,53613600,0
2019,53614100,4
2020,53614100,4
2019,53614200,772
2020,53614200,800
2019,53614300,6535
2020,53614300,6518
2019,53614400,754
2020,53614400,759
2019,53614500,4242
2020,53614500,4358
2019,53615100,0
2020,53615100,0
2019,53615200,0
2020,53615200,0
2019,53615300,39
2020,53615300,64
2019,53615400,0
2020,53615400,65
2019,53615500,5
2020,53615500,3
2019,53617100,1720
2020,53617100,1726
2019,53617200,787
2020,53617200,879
2019,53617300,2140
2020,53617300,2122
2019,53617400,1661
2020,53617400,1699
2019,53621100,7
2020,53621100,65
2019,53621200,978
2020,53621200,985
2019,53621300,426
2020,53621300,445
2019,53621400,1798
2020,53621400,1787
2019,53621500,1808
2020,53621500,1778
2019,53621600,1527
2020,53621600,1538
2019,53624100,4482
2020,53624100,4403
2019,53624200,2623
2020,53624200,2621
2019,53624300,2362
2020,53624300,2334
2019,53625100,0
2020,53625100,17
2019,53625200,1830
2020,53625200,1826
2019,53625300,30
2020,53625300,32
2019,53625400,58
2020,53625400,94
2019,53626100,6569
2020,53626100,7188
2019,53629100,1446
2020,53629100,1427
2019,53629200,2367
2020,53629200,2340
2019,53629300,1006
2020,53629300,989
2019,53630100,6
2020,53630100,6
2019,53630200,2855
2020,53630200,2896
2019,53633100,5569
2020,53633100,5363
2019,53643100,2069
2020,53643100,2055
2019,53643200,3544
2020,53643200,3505
2019,53643300,811
2020,53643300,907
2019,53644100,4621
2020,53644100,4589
2019,53644200,4259
2020,53644200,4273
2019,53644300,2439
2020,53644300,2449
2019,53644400,1317
2020,53644400,1342
2019,53653100,43
2020,53653100,260
2019,53653200,120
2020,53653200,289
2019,53653300,11
2020,53653300,11
2019,53653400,78
2020,53653400,72
2019,53657100,4559
2020,53657100,4622
2019,53657200,3770
2020,53657200,3704
2019,53657300,1975
2020,53657300,2045
2019,53657400,3073
2020,53657400,3221
2019,53657500,15
2020,53657500,73
2019,53657600,15
2020,53657600,21
2019,53658100,0
2020,53658100,0
2019,53658200,10
2020,53658200,10
2019,53669100,57
2020,53669100,176
2019,53669200,52
2020,53669200,340
2019,53669300,0
2020,53669300,19
2019,53669400,0
2020,53669400,0
2019,53669500,6
2020,53669500,16
2019,53669600,0
2020,53669600,0
2019,53669700,8
2020,53669700,160
2019,53682100,1091
2020,53682100,854
2019,53682200,17
2020,53682200,187
2019,53682300,3826
2020,53682300,3447
2019,53683500,39
2020,53683500,234
2019,53608100,342
2020,53608100,355
2019,53608200,103
2020,53608200,119
2019,53608300,2984
2020,53608300,2982
2019,53608400,3426
2020,53608400,3295
2019,53610100,3276
2020,53610100,3154
2019,53610200,2924
2020,53610200,3035
2019,53610300,414
2020,53610300,513
2019,53610400,6
2020,53610400,5
2019,53611100,1633
2020,53611100,1626
2019,53611200,1474
2020,53611200,1391
2019,53611300,1686
2020,53611300,1625
2019,53611400,2818
2020,53611400,2732
2019,53616100,551
2020,53616100,729
2019,53616200,1488
2020,53616200,2232
2019,53616300,704
2020,53616300,737
2019,53616400,1370
2020,53616400,1320
2019,53616500,0
2020,53616500,0
2019,53616600,0
2020,53616600,825
2019,53616700,1667
2020,53616700,1613
2019,53618100,954
2020,53618100,974
2019,53618200,992
2020,53618200,991
2019,53618300,2419
2020,53618300,2320
2019,53618400,1936
2020,53618400,1909
2019,53619100,2317
2020,53619100,2172
2019,53619200,988
2020,53619200,989
2019,53619300,3347
2020,53619300,3234
2019,53619400,3135
2020,53619400,3044
2019,53620100,640
2020,53620100,665
2019,53620200,1710
2020,53620200,1651
2019,53620300,78
2020,53620300,136
2019,53622100,3778
2020,53622100,3761
2019,53622200,629
2020,53622200,692
2019,53622300,2049
2020,53622300,1915
2019,53622400,1308
2020,53622400,1308
2019,53622500,1872
2020,53622500,1853
2019,53623100,119
2020,53623100,123
2019,53623200,1897
2020,53623200,1887
2019,53623300,1975
2020,53623300,1934
2019,53631100,3623
2020,53631100,3537
2019,53631200,1553
2020,53631200,1533
2019,53631300,2441
2020,53631300,2404
2019,53632100,4179
2020,53632100,4121
2019,53632200,1580
2020,53632200,1573
2019,53632300,1496
2020,53632300,1460
2019,53634100,2262
2020,53634100,2294
2019,53634200,1019
2020,53634200,1065
2019,53634300,1829
2020,53634300,1852
2019,53634400,3185
2020,53634400,3157
2019,53636100,2226
2020,53636100,2193
2019,53636200,1945
2020,53636200,1943
2019,53636300,2477
2020,53636300,2462
2019,53637100,1165
2020,53637100,1162
2019,53637200,1637
2020,53637200,1629
2019,53637300,2632
2020,53637300,2580
2019,53642100,1739
2020,53642100,1697
2019,53642200,1364
2020,53642200,1344
2019,53648100,2332
2020,53648100,2448
2019,53648200,1715
2020,53648200,1706
2019,53648300,1180
2020,53648300,1196
2019,53648400,340
2020,53648400,356
2019,53650100,1579
2020,53650100,1595
2019,53650200,1193
2020,53650200,1186
2019,53650300,775
2020,53650300,795
2019,53650400,2325
2020,53650400,2328
2019,53650500,757
2020,53650500,743
2019,53650600,465
2020,53650600,480
2019,53654100,3579
2020,53654100,3563
2019,53654200,2561
2020,53654200,2533
2019,53655100,1411
2020,53655100,1379
2019,53655200,126
2020,53655200,130
2019,53655300,177
2020,53655300,183
2019,53656100,1723
2020,53656100,1675
2019,53656200,1290
2020,53656200,1281
2019,53656300,4741
2020,53656300,4726
2019,53627100,3228
2020,53627100,3163
2019,53627200,2572
2020,53627200,2497
2019,53627300,4500
2020,53627300,4432
2019,53628100,2177
2020,53628100,2169
2019,53628200,2820
2020,53628200,2773
2019,53635100,2439
2020,53635100,2436
2019,53635200,48
2020,53635200,61
2019,53635300,0
2020,53635300,0
2019,53635400,925
2020,53635400,932
2019,53635500,69
2020,53635500,71
2019,53638100,1944
2020,53638100,1986
2019,53638200,2270
2020,53638200,2212
2019,53638300,2511
2020,53638300,2464
2019,53638400,2878
2020,53638400,2852
2019,53639100,2057
2020,53639100,2058
2019,53639200,1457
2020,53639200,1420
2019,53640100,3938
2020,53640100,3888
2019,53640200,2347
2020,53640200,2344
2019,53640300,2386
2020,53640300,2350
2019,53640400,3397
2020,53640400,3304
2019,53641100,2721
2020,53641100,2648
2019,53641200,2510
2020,53641200,2547
2019,53645100,873
2020,53645100,852
2019,53645200,772
2020,53645200,776
2019,53645300,842
2020,53645300,852
2019,53645400,612
2020,53645400,644
2019,53646100,1981
2020,53646100,1984
2019,53646200,2551
2020,53646200,2448
2019,53647100,297
2020,53647100,311
2019,53647200,1482
2020,53647200,1496
2019,53647300,352
2020,53647300,361
2019,53647400,4271
2020,53647400,4208
2019,53647500,1074
2020,53647500,1046
2019,53647600,2735
2020,53647600,2686
2019,53647700,2150
2020,53647700,2121
2019,53649100,161
2020,53649100,155
2019,53649200,56
2020,53649200,60
2019,53649300,1214
2020,53649300,1213
2019,53649400,92
2020,53649400,108
2019,53651100,2426
2020,53651100,2329
2019,53651200,2911
2020,53651200,2872
2019,53651300,2923
2020,53651300,2851
2019,53652100,85
2020,53652100,141
2019,53652200,29
2020,53652200,143
2019,53652300,69
2020,53652300,143
2019,53652400,50
2020,53652400,177
2019,53652500,40
2020,53652500,135
2019,53652600,21
2020,53652600,57
2019,53652700,6
2020,53652700,44
2019,53659100,2323
2020,53659100,2290
2019,53659200,2824
2020,53659200,2745
2019,53659300,577
2020,53659300,603
2019,53659400,3139
2020,53659400,3088
2019,53659500,3358
2020,53659500,3344
2019,53659600,1048
2020,53659600,1023
2019,53660100,3614
2020,53660100,3531
2019,53660200,3778
2020,53660200,3708
2019,53660300,2634
2020,53660300,2561
2019,53661100,3001
2020,53661100,2984
2019,53661200,2459
2020,53661200,2380
2019,53661300,1673
2020,53661300,1676
2019,53661400,5055
2020,53661400,4938
2019,53661500,2030
2020,53661500,2044
2019,53662100,298
2020,53662100,317
2019,53662200,8
2020,53662200,8
2019,53662300,0
2020,53662300,0
2019,53662400,0
2020,53662400,0
2019,53662500,5
2020,53662500,5
2019,53662600,186
2020,53662600,180
2019,53663100,0
2020,53663100,0
2019,53663200,0
2020,53663200,0
2019,53663300,0
2020,53663300,0
2019,53663400,38
2020,53663400,46
2019,53663500,1137
2020,53663500,1111
2019,53663600,1492
2020,53663600,1542
2019,53667100,47
2020,53667100,212
2019,53667200,1607
2020,53667200,1706
2019,53667300,75
2020,53667300,311
2019,53667400,105
2020,53667400,362
2019,53668100,2512
2020,53668100,2478
2019,53668200,3127
2020,53668200,3060
2019,53668300,2524
2020,53668300,2468
2019,53668400,2236
2020,53668400,2168
2019,53671100,583
2020,53671100,592
2019,53671200,1156
2020,53671200,1071
2019,53672100,110
2020,53672100,75
2019,53672200,12
2020,53672200,50
2019,53672300,19
2020,53672300,18
2019,53672400,0
2020,53672400,0
2019,53672500,77
2020,53672500,72
2019,53673100,0
2020,53673100,0
2019,53673200,0
2020,53673200,0
2019,53673300,0
2020,53673300,0
2019,53673400,0
2020,53673400,0
2019,53673500,0
2020,53673500,0
2019,53674100,1741
2020,53674100,1722
2019,53674300,4883
2020,53674300,4855
2019,53679100,980
2020,53679100,992
2019,53679200,3676
2020,53679200,3631
2019,53679300,12
2020,53679300,23
2019,53683100,3064
2020,53683100,3007
2019,53683200,3882
2020,53683200,3454
2019,53683300,2167
2020,53683300,2107
2019,53683400,183
2020,53683400,215
2019,53683600,280
2020,53683600,451
2019,53683700,83
2020,53683700,78
2019,53683800,1245
2020,53683800,1309
2019,53683900,974
2020,53683900,1088
2019,53684100,3237
2020,53684100,3177
2019,53684200,3937
2020,53684200,3833
2019,53684300,3391
2020,53684300,3328
2019,53685100,5
2020,53685100,5
2019,53685200,0
2020,53685200,0
2019,53685300,0
2020,53685300,0
2019,53686100,0
2020,53686100,0
2019,53686200,0
2020,53686200,0
2019,53686300,4
2020,53686300,4
2019,53687100,0
2020,53687100,0
2019,53687200,14
2020,53687200,57
2019,53687300,0
2020,53687300,0
2019,53687400,11
2020,53687400,6
2019,53687500,0
2020,53687500,0
2019,53687600,0
2020,53687600,0
2019,53687700,0
2020,53687700,0
2019,53687800,0
2020,53687800,0
2019,53687900,0
2020,53687900,0
2019,53690100,1569
2020,53690100,1900
2019,53690200,1
2020,53690200,84
2019,53694400,18
2020,53694400,208
2019,53694500,0
2020,53694500,42
2019,53698100,0
2020,53698100,0
2019,53698200,0
2020,53698200,0
2019,53699100,0
2020,53699100,0
2019,53699200,0
2020,53699200,0
2019,53699300,0
2020,53699300,0
2019,53700300,0
2020,53700300,0
2019,53700400,0
2020,53700400,0
2019,53664100,4480
2020,53664100,4437
2019,53664200,2550
2020,53664200,2557
2019,53664300,955
2020,53664300,922
2019,53665100,1589
2020,53665100,1602
2019,53665200,2403
2020,53665200,2380
2019,53666100,2319
2020,53666100,2252
2019,53666200,1938
2020,53666200,1867
2019,53666300,2942
2020,53666300,2839
2019,53666400,771
2020,53666400,748
2019,53666500,1620
2020,53666500,1534
2019,53666600,2401
2020,53666600,2342
2019,53666700,285
2020,53666700,301
2019,53666800,334
2020,53666800,335
2019,53670100,954
2020,53670100,923
2019,53670200,3581
2020,53670200,3515
2019,53670300,3659
2020,53670300,3644
2019,53674200,1213
2020,53674200,1258
2019,53675100,1706
2020,53675100,1697
2019,53675200,3543
2020,53675200,3538
2019,53675300,0
2020,53675300,5
2019,53675400,0
2020,53675400,0
2019,53675500,10
2020,53675500,23
2019,53675600,0
2020,53675600,0
2019,53676100,3154
2020,53676100,3113
2019,53676200,2795
2020,53676200,2761
2019,53676300,2340
2020,53676300,2288
2019,53676400,1555
2020,53676400,1518
2019,53676500,1148
2020,53676500,1116
2019,53677100,3283
2020,53677100,3208
2019,53677200,3748
2020,53677200,3713
2019,53677300,1800
2020,53677300,1798
2019,53677400,2108
2020,53677400,2132
2019,53678100,1460
2020,53678100,1441
2019,53678200,5367
2020,53678200,5313
2019,53678300,3474
2020,53678300,3434
2019,53680100,117
2020,53680100,138
2019,53680200,58
2020,53680200,76
2019,53680300,20
2020,53680300,29
2019,53680400,5
2020,53680400,5
2019,53681100,3486
2020,53681100,3562
2019,53681200,2286
2020,53681200,2281
2019,53681300,2108
2020,53681300,2098
2019,53681400,1937
2020,53681400,1957
2019,53688100,979
2020,53688100,1346
2019,53688200,2270
2020,53688200,2284
2019,53689100,466
2020,53689100,472
2019,53689200,5531
2020,53689200,5463
2019,53689300,5524
2020,53689300,5452
2019,53689400,646
2020,53689400,725
2019,53691100,1950
2020,53691100,1934
2019,53691200,633
2020,53691200,637
2019,53691300,4184
2020,53691300,4142
2019,53692100,4
2020,53692100,96
2019,53692200,3
2020,53692200,239
2019,53692300,4
2020,53692300,15
2019,53692400,5
2020,53692400,20
2019,53693100,2848
2020,53693100,2794
2019,53693200,5869
2020,53693200,5795
2019,53693300,3662
2020,53693300,3626
2019,53694100,0
2020,53694100,0
2019,53694200,0
2020,53694200,0
2019,53694300,38
2020,53694300,39
2019,53695100,7435
2020,53695100,7297
2019,53695200,1697
2020,53695200,1807
2019,53696100,0
2020,53696100,131
2019,53697100,4068
2020,53697100,4152
2019,53697200,3219
2020,53697200,3368
2019,53697300,4038
2020,53697300,4042
2019,53700100,0
2020,53700100,0
2019,53700200,5
2020,53700200,5
2019,53700500,5
2020,53700500,5
2019,53701100,1996
2020,53701100,2021
2019,53701200,5660
2020,53701200,5577
2019,53702100,3070
2020,53702100,3093
2019,53702200,4
2020,53702200,145
2019,53702300,10
2020,53702300,175
2019,53702400,99
2020,53702400,115
2019,53703100,3687
2020,53703100,3615
2019,53703200,4043
2020,53703200,4010
2019,53703300,3731
2020,53703300,3630
2019,53703400,172
2020,53703400,631
2019,53705100,1653
2020,53705100,1645
2019,53705200,1396
2020,53705200,1377
2019,53707100,2595
2020,53707100,2671
2019,53709100,1552
2020,53709100,1543
2019,53709200,1954
2020,53709200,2020
2019,53704100,10
2020,53704100,22
2019,53704200,0
2020,53704200,0
2019,53704300,0
2020,53704300,0
2019,53704400,0
2020,53704400,0
2019,53706100,223
2020,53706100,223
2019,53706200,5
2020,53706200,6
2019,53706300,0
2020,53706300,0
2019,53708100,2902
2020,53708100,2979
2019,53708200,2984
2020,53708200,3072
2019,53710100,5612
2020,53710100,5578
2019,53710200,1229
2020,53710200,1302
2019,53710300,6508
2020,53710300,6416
2019,53710400,0
2020,53710400,46
2019,53712100,4435
2020,53712100,4356
2019,53712200,2762
2020,53712200,2711
2019,53714100,3429
2020,53714100,3514
2019,53714200,1394
2020,53714200,1411
2019,53714300,3804
2020,53714300,3817
2019,53715100,3066
2020,53715100,3108
2019,53715200,2054
2020,53715200,2081
2019,53715300,434
2020,53715300,441
2019,53716100,5194
2020,53716100,5146
2019,53716200,3955
2020,53716200,4044
2019,53716300,3015
2020,53716300,2993
2019,53716400,212
2020,53716400,268
2019,53717100,2545
2020,53717100,2482
2019,53717200,5399
2020,53717200,5363
2019,53717300,5766
2020,53717300,5715
2019,53718100,0
2020,53718100,4
2019,53718200,2842
2020,53718200,2874
2019,53718300,4222
2020,53718300,4193
2019,53718400,471
2020,53718400,580
2019,53719100,4797
2020,53719100,4732
2019,53719200,4168
2020,53719200,4126
2019,53719300,2366
2020,53719300,2301
2019,53719400,3289
2020,53719400,3262
2019,53719500,6221
2020,53719500,6164
2019,53720100,3961
2020,53720100,3939
2019,53720200,0
2020,53720200,169
2019,53720300,846
2020,53720300,835
2019,53720400,1028
2020,53720400,1144
2019,53720500,2702
2020,53720500,2689
2019,53720600,1956
2020,53720600,2241
2019,53722100,2150
2020,53722100,2148
2019,53722200,1406
2020,53722200,1471
2019,53722300,4081
2020,53722300,4079
2019,53723100,748
2020,53723100,768
2019,53723200,2827
2020,53723200,2825
2019,53723300,4570
2020,53723300,4574
2019,53711100,91
2020,53711100,80
2019,53711200,229
2020,53711200,219
2019,53713100,2
2020,53713100,4
2019,53713200,340
2020,53713200,355
2019,53721100,354
2020,53721100,321
2019,53721200,339
2020,53721200,351
2019,53721300,0
2020,53721300,0
2019,53724100,185
2020,53724100,241
2019,53724200,1093
2020,53724200,1125
2019,53724300,636
2020,53724300,588
2019,53725100,1283
2020,53725100,1270
2019,53725200,5081
2020,53725200,5034
2019,53725300,1713
2020,53725300,1715
2019,53725400,2727
2020,53725400,2701
2019,53726100,2880
2020,53726100,2869
2019,53726200,2729
2020,53726200,2754
2019,53726300,1476
2020,53726300,1493
2019,53726400,2461
2020,53726400,2540
2019,53726500,5746
2020,53726500,5721
2019,53727100,1679
2020,53727100,1742
2019,53727200,3304
2020,53727200,3273
2019,53727300,528
2020,53727300,625
2019,53728100,2083
2020,53728100,2095
2019,53728200,7309
2020,53728200,7397
2019,53728300,1277
2020,53728300,1288
2019,53728400,845
2020,53728400,788
2019,53728500,1667
2020,53728500,1665
2019,53729100,422
2020,53729100,429
2019,53729200,318
2020,53729200,343
2019,53729300,2264
2020,53729300,2233
2019,53730100,2685
2020,53730100,2706
2019,53730200,711
2020,53730200,724
2019,53730300,1384
2020,53730300,1390
2019,53731100,2319
2020,53731100,2320
2019,53731200,3897
2020,53731200,3856
2019,53731300,2080
2020,53731300,2051
2019,53732100,1989
2020,53732100,1960
2019,53732200,2414
2020,53732200,2389
2019,53732300,2133
2020,53732300,2130
2019,53733100,48
2020,53733100,49
2019,53733200,3369
2020,53733200,3338
2019,53733300,1122
2020,53733300,1095
2019,53733400,1462
2020,53733400,1464
2019,53733500,43
2020,53733500,43
2019,53734100,1585
2020,53734100,1583
2019,53734200,2293
2020,53734200,2290
2019,53734300,1609
2020,53734300,1588
2019,53734400,1352
2020,53734400,1341
2019,53735100,2215
2020,53735100,2203
2019,53735200,2099
2020,53735200,2070
2019,53735300,1678
2020,53735300,1673
2019,53736100,3689
2020,53736100,3830
2019,53736200,3858
2020,53736200,3830
2019,53737100,1812
2020,53737100,1817
2019,53737200,2476
2020,53737200,2525
2019,53738100,1908
2020,53738100,1902
2019,53738200,4000
2020,53738200,3999
2019,53738300,4239
2020,53738300,4191
2019,53735400,13
2020,53735400,21
2019,53735500,6
2020,53735500,6
2019,53735600,1579
2020,53735600,1522
2019,53735700,1126
2020,53735700,1094
2019,53739100,1408
2020,53739100,1504
2019,53739200,6322
2020,53739200,6242
2019,53739300,5
2020,53739300,5
2019,53739400,50
2020,53739400,247
2019,53740100,1482
2020,53740100,1416
2019,53740200,5846
2020,53740200,5757
2019,53740300,658
2020,53740300,609
2019,53741100,1828
2020,53741100,1827
2019,53741200,710
2020,53741200,718
2019,53741300,501
2020,53741300,510
2019,53741400,36
2020,53741400,46
2019,53741500,5
2020,53741500,4
2019,53744100,3374
2020,53744100,3364
2019,53744200,2367
2020,53744200,2342
2019,53744300,2300
2020,53744300,2396
2019,53744400,1912
2020,53744400,1913
2019,53744500,3294
2020,53744500,3262
2019,53744600,641
2020,53744600,628
2019,53745100,2328
2020,53745100,2343
2019,53745200,1265
2020,53745200,1238
2019,53745300,1961
2020,53745300,1991
2019,53748100,3776
2020,53748100,3738
2019,53748200,2743
2020,53748200,2720
2019,53748300,807
2020,53748300,809
2019,53748400,1617
2020,53748400,1643
2019,53748500,4159
2020,53748500,4119
2019,53748600,587
2020,53748600,601
2019,53748700,5
2020,53748700,5
2019,53748800,904
2020,53748800,854
2019,53748900,29
2020,53748900,30
2019,53750200,4426
2020,53750200,4394
2019,53750300,3001
2020,53750300,2974
2019,53751100,2768
2020,53751100,2806
2019,53751200,3974
2020,53751200,3924
2019,53751300,4903
2020,53751300,4892
2019,53752100,1032
2020,53752100,1025
2019,53752200,3492
2020,53752200,3463
2019,53752300,4152
2020,53752300,4096
2019,53754100,1011
2020,53754100,1028
2019,53754200,637
2020,53754200,661
2019,53754300,522
2020,53754300,530
2019,53754400,1699
2020,53754400,1708
2019,53756100,3026
2020,53756100,2981
2019,53756200,2580
2020,53756200,2575
2019,53757100,2808
2020,53757100,2818
2019,53757200,7972
2020,53757200,7908
2019,53759100,2311
2020,53759100,2275
2019,53759200,1896
2020,53759200,1855
2019,53759300,2503
2020,53759300,2532
2019,53759400,2133
2020,53759400,2075
2019,53759500,3875
2020,53759500,3886
2019,53759600,308
2020,53759600,319
2019,53759700,1958
2020,53759700,1946
2019,53742100,206
2020,53742100,211
2019,53742200,2780
2020,53742200,2836
2019,53749100,0
2020,53749100,0
2019,53749200,3537
2020,53749200,3588
2019,53749300,460
2020,53749300,492
2019,53753100,3435
2020,53753100,3442
2019,53753200,482
2020,53753200,510
2019,53753300,2468
2020,53753300,2462
2019,53753400,9
2020,53753400,9
2019,53755100,72
2020,53755100,73
2019,53755200,5
2020,53755200,5
2019,53757300,948
2020,53757300,925
2019,53757400,171
2020,53757400,426
2019,53757500,62
2020,53757500,57
2019,53760100,2728
2020,53760100,2818
2019,53760200,5
2020,53760200,5
2019,53760300,5
2020,53760300,5
2019,53762100,2
2020,53762100,2
2019,53765100,2305
2020,53765100,2273
2019,53765200,2209
2020,53765200,2166
2019,53766100,2652
2020,53766100,2671
2019,53766200,4863
2020,53766200,4787
2019,53766300,1595
2020,53766300,1601
2019,53769100,2225
2020,53769100,2202
2019,53769200,50
2020,53769200,66
2019,53769300,92
2020,53769300,93
2019,53769400,1046
2020,53769400,1060
2019,53770100,2043
2020,53770100,2018
2019,53770200,463
2020,53770200,467
2019,53770300,1671
2020,53770300,1701
2019,53772100,469
2020,53772100,435
2019,53772200,573
2020,53772200,558
2019,53774100,1008
2020,53774100,1022
2019,53774200,1035
2020,53774200,1074
2019,53774300,983
2020,53774300,981
2019,53774400,70
2020,53774400,72
2019,53774500,184
2020,53774500,195
2019,53775100,979
2020,53775100,962
2019,53775200,1087
2020,53775200,1109
2019,53775300,1386
2020,53775300,1360
2019,53775400,1014
2020,53775400,970
2019,53778100,1910
2020,53778100,1888
2019,53778200,1376
2020,53778200,1371
2019,53778300,3483
2020,53778300,3498
2019,53778400,1259
2020,53778400,1316
2019,53779100,5
2020,53779100,5
2019,53779200,1696
2020,53779200,1687
2019,53779300,581
2020,53779300,581
2019,53780100,1848
2020,53780100,1818
2019,53780200,1874
2020,53780200,1884
2019,53780300,1185
2020,53780300,1192
2019,53788100,1623
2020,53788100,1628
2019,53788200,2649
2020,53788200,2651
2019,53789100,3444
2020,53789100,3411
2019,53789200,760
2020,53789200,743
2019,53789300,722
2020,53789300,726
2019,53799100,1644
2020,53799100,1608
2019,53799200,1343
2020,53799200,1326
2019,53801100,1932
2020,53801100,1911
2019,53804100,88
2020,53804100,94
2019,53804200,480
2020,53804200,472
2019,53804300,292
2020,53804300,291
2019,53804400,2570
2020,53804400,2526
2019,53804500,31
2020,53804500,31
2019,53804600,555
2020,53804600,547
2019,53809100,1562
2020,53809100,1567
2019,53809200,1213
2020,53809200,1222
2019,53813100,4984
2020,53813100,4962
2019,53813200,1468
2020,53813200,1488
2019,53813300,1733
2020,53813300,1684
2019,53817100,1942
2020,53817100,1931
2019,53817200,4923
2020,53817200,4853
2019,53817300,99
2020,53817300,114
2019,53819100,2503
2020,53819100,2488
2019,53819200,396
2020,53819200,399
2019,53819300,535
2020,53819300,603
2019,53830100,108
2020,53830100,105
2019,53743100,716
2020,53743100,1043
2019,53743200,107
2020,53743200,107
2019,53743300,4
2020,53743300,6
2019,53743400,5950
2020,53743400,5940
2019,53743500,311
2020,53743500,622
2019,53743600,205
2020,53743600,594
2019,53746100,1180
2020,53746100,1195
2019,53746200,1483
2020,53746200,1514
2019,53746300,1256
2020,53746300,1255
2019,53747100,10
2020,53747100,12
2019,53747200,28
2020,53747200,31
2019,53747300,279
2020,53747300,302
2019,53750100,2375
2020,53750100,2384
2019,53761100,3985
2020,53761100,3911
2019,53761200,3784
2020,53761200,3761
2019,53761300,1322
2020,53761300,1397
2019,53857100,1762
2020,53857100,1755
2019,53857200,2407
2020,53857200,2360
2019,53857300,204
2020,53857300,212
2019,53858100,1191
2020,53858100,1193
2019,53858200,891
2020,53858200,893
2019,53859100,695
2020,53859100,690
2019,53859200,126
2020,53859200,151
2019,53860100,4
2020,53860100,4
2019,53860200,1162
2020,53860200,1145
2019,53860300,393
2020,53860300,401
2019,53861100,1725
2020,53861100,1754
2019,53861200,831
2020,53861200,824
2019,53861300,587
2020,53861300,593
2019,53861400,1063
2020,53861400,1072
2019,53862100,1250
2020,53862100,1251
2019,53862200,1072
2020,53862200,1057
2019,53862300,1823
2020,53862300,1809
2019,53862400,2670
2020,53862400,2653
2019,53863100,821
2020,53863100,926
2019,53864100,160
2020,53864100,189
2019,53864200,794
2020,53864200,776
2019,53864300,1390
2020,53864300,1405
2019,53864400,228
2020,53864400,241
2019,53864500,930
2020,53864500,894
2019,53865100,81
2020,53865100,92
2019,53866100,3015
2020,53866100,2996
2019,53866200,1043
2020,53866200,1027
2019,53866300,1242
2020,53866300,1238
2019,53866400,1484
2020,53866400,1485
2019,53866500,2021
2020,53866500,1989
2019,53867100,0
2020,53867100,0
2019,53868100,1703
2020,53868100,1679
2019,53868200,798
2020,53868200,802
2019,53868300,132
2020,53868300,145
2019,53868400,2380
2020,53868400,2345
2019,53868500,426
2020,53868500,426
2019,53869100,874
2020,53869100,910
2019,53870100,88
2020,53870100,97
2019,53871100,363
2020,53871100,369
2019,53871200,304
2020,53871200,306
2019,53871300,366
2020,53871300,387
2019,53871400,84
2020,53871400,150
2019,53871500,544
2020,53871500,552
2019,53871600,49
2020,53871600,43
2019,53871700,511
2020,53871700,503
2019,53872100,152
2020,53872100,158
2019,53872200,398
2020,53872200,428
2019,53872300,70
2020,53872300,71
2019,53873100,1384
2020,53873100,1380
2019,53874100,525
2020,53874100,540
2019,53874200,978
2020,53874200,973
2019,53874300,265
2020,53874300,264
2019,53874400,119
2020,53874400,124
2019,53874500,639
2020,53874500,634
2019,53875100,1294
2020,53875100,1275
2019,53875200,4
2020,53875200,6
2019,53876100,895
2020,53876100,883
2019,53876200,753
2020,53876200,764
2019,53876300,1107
2020,53876300,1116
2019,53876400,1946
2020,53876400,1921
2019,53876500,1085
2020,53876500,1114
2019,53876600,1940
2020,53876600,1926
2019,53876700,1171
2020,53876700,1138
2019,53876800,2396
2020,53876800,2375
2019,53876900,356
2020,53876900,380
2019,53877100,91
2020,53877100,95
2019,53887100,1342
2020,53887100,1334
2019,53887200,3192
2020,53887200,3220
2019,53888100,2807
2020,53888100,2782
2019,53892100,619
2020,53892100,621
2019,53892200,3528
2020,53892200,3485
2019,53893100,876
2020,53893100,851
2019,53893200,1213
2020,53893200,1200
2019,53893300,1726
2020,53893300,1726
2019,53893400,1876
2020,53893400,1886
2019,53894100,1832
2020,53894100,1778
2019,53894200,1398
2020,53894200,1391
2019,53896100,896
2020,53896100,892
2019,53896200,1329
2020,53896200,1352
2019,53900200,1475
2020,53900200,1513
2019,53900300,2498
2020,53900300,2581
2019,53900400,1037
2020,53900400,1011
2019,53961100,546
2020,53961100,538
2019,53961200,547
2020,53961200,541
2019,53961300,1610
2020,53961300,1601
2019,53963100,143
2020,53963100,151
2019,53963200,384
2020,53963200,402
2019,53963300,241
2020,53963300,240
2019,53963400,559
2020,53963400,549
2019,53967100,935
2020,53967100,947
2019,53974100,904
2020,53974100,922
2019,53974200,87
2020,53974200,89
2019,53974300,1250
2020,53974300,1278
2019,53974400,1079
2020,53974400,1073
2019,53758100,882
2020,53758100,880
2019,53758200,3583
2020,53758200,3489
2019,53763100,1953
2020,53763100,1942
2019,53763200,4565
2020,53763200,4536
2019,53763300,5346
2020,53763300,5300
2019,53764100,6
2020,53764100,6
2019,53764200,9
2020,53764200,6
2019,53764300,3613
2020,53764300,3597
2019,53764400,2072
2020,53764400,2125
2019,53764500,2317
2020,53764500,2334
2019,53764600,2752
2020,53764600,2708
2019,53764700,2816
2020,53764700,2834
2019,53764800,3363
2020,53764800,3420
2019,53764900,551
2020,53764900,550
2019,53767100,3432
2020,53767100,3436
2019,53767200,2797
2020,53767200,2780
2019,53767300,774
2020,53767300,796
2019,53768100,33
2020,53768100,47
2019,53768200,5057
2020,53768200,4975
2019,53768300,3813
2020,53768300,3825
2019,53771100,0
2020,53771100,0
2019,53771200,3705
2020,53771200,3637
2019,53771300,3722
2020,53771300,3679
2019,53773100,794
2020,53773100,798
2019,53773200,2600
2020,53773200,2548
2019,53776100,1315
2020,53776100,1351
2019,53776200,4061
2020,53776200,4033
2019,53777100,574
2020,53777100,577
2019,53781100,3613
2020,53781100,3588
2019,53782100,1429
2020,53782100,1447
2019,53782200,2416
2020,53782200,2416
2019,53782300,2281
2020,53782300,2319
2019,53783100,3149
2020,53783100,3105
2019,53783200,1175
2020,53783200,1201
2019,53784100,1325
2020,53784100,1321
2019,53784200,3046
2020,53784200,3016
2019,53784300,437
2020,53784300,479
2019,53784400,1426
2020,53784400,1425
2019,53784500,1878
2020,53784500,1859
2019,53784600,87
2020,53784600,69
2019,53784700,3763
2020,53784700,3698
2019,53785100,2010
2020,53785100,2059
2019,53785200,0
2020,53785200,0
2019,53786100,2687
2020,53786100,2632
2019,53786200,3153
2020,53786200,3192
2019,53786300,2107
2020,53786300,2086
2019,53786400,2830
2020,53786400,2800
2019,53786500,4097
2020,53786500,4057
2019,53786600,4684
2020,53786600,4654
2019,53787100,967
2020,53787100,1041
2019,53790100,27
2020,53790100,96
2019,53790200,854
2020,53790200,908
2019,53790300,12
2020,53790300,100
2019,53790400,0
2020,53790400,3
2019,53790500,4
2020,53790500,85
2019,53790600,0
2020,53790600,118
2019,53790700,4
2020,53790700,83
2019,53790800,218
2020,53790800,593
2019,53791100,2183
2020,53791100,2199
2019,53791200,3925
2020,53791200,3901
2019,53792100,3700
2020,53792100,3676
2019,53792200,683
2020,53792200,645
2019,53792300,2340
2020,53792300,2327
2019,53793100,1083
2020,53793100,1106
2019,53793200,3411
2020,53793200,3382
2019,53793300,1829
2020,53793300,1745
2019,53793400,982
2020,53793400,1033
2019,53794100,5092
2020,53794100,5016
2019,53794200,1324
2020,53794200,1274
2019,53794300,2768
2020,53794300,2720
2019,53794400,20
2020,53794400,30
2019,53795100,232
2020,53795100,253
2019,53795200,388
2020,53795200,392
2019,53795300,89
2020,53795300,100
2019,53795400,4
2020,53795400,163
2019,53795500,23
2020,53795500,64
2019,53796100,73
2020,53796100,76
2019,53796200,0
2020,53796200,0
2019,53796300,2
2020,53796300,5
2019,53796400,56
2020,53796400,53
2019,53796500,178
2020,53796500,201
2019,53797100,27
2020,53797100,27
2019,53797200,5
2020,53797200,5
2019,53797300,0
2020,53797300,0
2019,53798100,1769
2020,53798100,1800
2019,53798200,1641
2020,53798200,1565
2019,53798300,582
2020,53798300,556
2019,53798400,2659
2020,53798400,2651
2019,53798500,1854
2020,53798500,1794
2019,53800100,1087
2020,53800100,1090
2019,53800200,295
2020,53800200,318
2019,53800300,403
2020,53800300,623
2019,53800400,2064
2020,53800400,2093
2019,53802100,949
2020,53802100,923
2019,53802200,1273
2020,53802200,1289
2019,53802300,976
2020,53802300,971
2019,53802400,1110
2020,53802400,1062
2019,53803100,668
2020,53803100,709
2019,53803200,780
2020,53803200,819
2019,53803300,684
2020,53803300,764
2019,53803400,2188
2020,53803400,2177
2019,53805100,2394
2020,53805100,2388
2019,53805200,622
2020,53805200,639
2019,53808100,659
2020,53808100,692
2019,53808200,475
2020,53808200,525
2019,53808300,2767
2020,53808300,2751
2019,53806100,543
2020,53806100,530
2019,53806200,612
2020,53806200,590
2019,53806300,3
2020,53806300,3
2019,53807100,0
2020,53807100,0
2019,53807200,9
2020,53807200,5
2019,53807300,0
2020,53807300,0
2019,53807400,2
2020,53807400,2
2019,53807500,3
2020,53807500,3
2019,53807600,0
2020,53807600,0
2019,53810100,1537
2020,53810100,1522
2019,53810200,2406
2020,53810200,2448
2019,53810300,736
2020,53810300,737
2019,53810400,403
2020,53810400,396
2019,53810500,1523
2020,53810500,1514
2019,53811100,1094
2020,53811100,1117
2019,53811200,8447
2020,53811200,8360
2019,53812100,4462
2020,53812100,4456
2019,53812200,5548
2020,53812200,5560
2019,53814100,395
2020,53814100,418
2019,53814200,1463
2020,53814200,1455
2019,53814300,2173
2020,53814300,2129
2019,53814400,866
2020,53814400,856
2019,53814500,536
2020,53814500,532
2019,53815100,1565
2020,53815100,1559
2019,53815200,3758
2020,53815200,3669
2019,53816100,2614
2020,53816100,2577
2019,53816200,2786
2020,53816200,2799
2019,53816300,2898
2020,53816300,2859
2019,53816400,1452
2020,53816400,1443
2019,53818100,3
2020,53818100,3
2019,53818200,0
2020,53818200,0
2019,53818300,0
2020,53818300,0
2019,53820100,4238
2020,53820100,4217
2019,53820200,3562
2020,53820200,3546
2019,53821100,4445
2020,53821100,4394
2019,53822100,290
2020,53822100,287
2019,53822200,3030
2020,53822200,3047
2019,53822300,5
2020,53822300,19
2019,53822400,2427
2020,53822400,2427
2019,53822500,2383
2020,53822500,2382
2019,53823100,1986
2020,53823100,1980
2019,53823200,845
2020,53823200,821
2019,53823300,242
2020,53823300,256
2019,53826100,0
2020,53826100,0
2019,53828100,3175
2020,53828100,3128
2019,53828200,1010
2020,53828200,993
2019,53828300,1256
2020,53828300,1261
2019,53828400,1116
2020,53828400,1118
2019,53828500,4084
2020,53828500,4058
2019,53828600,1449
2020,53828600,1448
2019,53829100,2333
2020,53829100,2328
2019,53829200,1447
2020,53829200,1435
2019,53829300,874
2020,53829300,884
2019,53831100,2622
2020,53831100,2596
2019,53831200,2228
2020,53831200,2204
2019,53831300,4064
2020,53831300,4093
2019,53831400,44
2020,53831400,141
2019,53831500,755
2020,53831500,747
2019,53831600,5
2020,53831600,4
2019,53838100,1539
2020,53838100,1526
2019,53838200,27
2020,53838200,30
2019,53838300,733
2020,53838300,725
2019,53838400,1567
2020,53838400,1533
2019,53838500,1286
2020,53838500,1264
2019,53838600,2734
2020,53838600,2742
2019,53842200,3632
2020,53842200,3595
2019,53842300,724
2020,53842300,730
2019,53824100,432
2020,53824100,660
2019,53824200,266
2020,53824200,253
2019,53824300,8
2020,53824300,8
2019,53824400,27
2020,53824400,31
2019,53824500,0
2020,53824500,0
2019,53824600,0
2020,53824600,0
2019,53824700,1197
2020,53824700,1190
2019,53824800,138
2020,53824800,130
2019,53825100,1
2020,53825100,4
2019,53825200,0
2020,53825200,0
2019,53825300,0
2020,53825300,0
2019,53827100,18
2020,53827100,62
2019,53827200,867
2020,53827200,932
2019,53827300,117
2020,53827300,148
2019,53827400,271
2020,53827400,258
2019,53827500,3104
2020,53827500,3071
2019,53832100,2015
2020,53832100,1999
2019,53832200,408
2020,53832200,406
2019,53832300,1410
2020,53832300,1347
2019,53832400,2268
2020,53832400,2251
2019,53833100,2775
2020,53833100,2721
2019,53833200,405
2020,53833200,425
2019,53834100,89
2020,53834100,88
2019,53834200,141
2020,53834200,146
2019,53834300,0
2020,53834300,77
2019,53834400,2352
2020,53834400,2340
2019,53834500,250
2020,53834500,248
2019,53834600,363
2020,53834600,364
2019,53834700,0
2020,53834700,14
2019,53835100,1046
2020,53835100,1052
2019,53835200,3545
2020,53835200,3513
2019,53835300,2232
2020,53835300,2214
2019,53835400,435
2020,53835400,470
2019,53835500,91
2020,53835500,111
2019,53835600,16
2020,53835600,33
2019,53835700,124
2020,53835700,127
2019,53836100,895
2020,53836100,925
2019,53836200,1299
2020,53836200,1314
2019,53836300,2274
2020,53836300,2322
2019,53836400,2741
2020,53836400,2754
2019,53837100,1888
2020,53837100,1882
2019,53837200,1687
2020,53837200,1656
2019,53837300,1454
2020,53837300,1372
2019,53839100,1169
2020,53839100,1193
2019,53839200,1387
2020,53839200,1472
2019,53839300,142
2020,53839300,146
2019,53840100,273
2020,53840100,282
2019,53840200,2473
2020,53840200,2469
2019,53840300,1575
2020,53840300,1567
2019,53840400,1395
2020,53840400,1374
2019,53841100,2347
2020,53841100,2312
2019,53841200,4764
2020,53841200,4735
2019,53841300,1166
2020,53841300,1170
2019,53841400,1466
2020,53841400,1446
2019,53842100,15
2020,53842100,35
2019,53842400,7193
2020,53842400,7170
2019,53842500,286
2020,53842500,331
2019,53843100,3654
2020,53843100,3646
2019,53843200,2823
2020,53843200,2813
2019,53844100,979
2020,53844100,982
2019,53844200,2307
2020,53844200,2293
2019,53845100,1511
2020,53845100,1498
2019,53845200,2025
2020,53845200,2003
2019,53845300,1565
2020,53845300,1536
2019,53845400,1975
2020,53845400,1940
2019,53845500,1068
2020,53845500,1050
2019,53845600,523
2020,53845600,792
2019,53846100,0
2020,53846100,51
2019,53846200,1649
2020,53846200,1627
2019,53847100,2237
2020,53847100,2268
2019,53847200,2435
2020,53847200,2392
2019,53848100,3085
2020,53848100,3066
2019,53848200,865
2020,53848200,890
2019,53848300,29
2020,53848300,377
2019,53849100,342
2020,53849100,345
2019,53849200,4
2020,53849200,4
2019,53849300,651
2020,53849300,660
2019,53849400,1616
2020,53849400,1629
2019,53850100,1232
2020,53850100,1224
2019,53850200,1651
2020,53850200,1638
2019,53850300,554
2020,53850300,602
2019,53850400,2392
2020,53850400,2354
2019,53850500,2634
2020,53850500,2688
2019,53851100,1737
2020,53851100,1772
2019,53851200,3323
2020,53851200,3324
2019,53851300,4977
2020,53851300,4943
2019,53851400,2031
2020,53851400,1999
2019,53851500,0
2020,53851500,0
2019,53852100,1765
2020,53852100,1760
2019,53852200,2973
2020,53852200,2941
2019,53852300,1827
2020,53852300,1840
2019,53852400,2728
2020,53852400,2737
2019,53853100,2382
2020,53853100,2380
2019,53853200,2052
2020,53853200,2041
2019,53853300,2074
2020,53853300,2066
2019,53854100,2382
2020,53854100,2335
2019,53854200,2054
2020,53854200,2015
2019,53855100,986
2020,53855100,1013
2019,53855200,1328
2020,53855200,1402
2019,53856100,2459
2020,53856100,2425
2019,53856200,2382
2020,53856200,2383
2019,53856300,448
2020,53856300,475
2019,53856400,183
2020,53856400,197
2019,53878100,233
2020,53878100,242
2019,53878200,1622
2020,53878200,1597
2019,53879100,110
2020,53879100,123
2019,53879200,78
2020,53879200,89
2019,53879300,1558
2020,53879300,1538
2019,53880100,331
2020,53880100,347
2019,53880200,36
2020,53880200,34
2019,53881100,64
2020,53881100,64
2019,53881200,6841
2020,53881200,6825
2019,53881300,29
2020,53881300,27
2019,53882100,19
2020,53882100,19
2019,53883100,1
2020,53883100,1
2019,53884100,169
2020,53884100,182
2019,53884200,274
2020,53884200,265
2019,53885100,25
2020,53885100,23
2019,53885200,74
2020,53885200,74
2019,53886100,29
2020,53886100,29
2019,53890100,30
2020,53890100,33
2019,53906100,185
2020,53906100,188
2019,53915100,128
2020,53915100,120
2019,53915200,6108
2020,53915200,6124
2019,53944100,105
2020,53944100,107
2019,53944200,425
2020,53944200,416
2019,53944300,166
2020,53944300,189
2019,53944400,81
2020,53944400,68
2019,53944500,165
2020,53944500,178
2019,53944600,165
2020,53944600,170
2019,53956100,241
2020,53956100,247
2019,53956200,129
2020,53956200,128
2019,53956300,739
2020,53956300,739
2019,53956400,99
2020,53956400,92
2019,53959100,634
2020,53959100,671
2019,53962100,76
2020,53962100,70
2019,53962200,2208
2020,53962200,2221
2019,53962300,1762
2020,53962300,1777
2019,53962400,5
2020,53962400,5
2019,53962500,0
2020,53962500,0
2019,53962600,89
2020,53962600,105
2019,53962700,449
2020,53962700,466
2019,53962800,636
2020,53962800,657
2019,53962900,31
2020,53962900,27
2019,53964100,38
2020,53964100,34
2019,53965100,2034
2020,53965100,2014
2019,53965200,17
2020,53965200,12
2019,53965300,997
2020,53965300,1009
2019,53965400,77
2020,53965400,72
2019,53966100,935
2020,53966100,947
2019,53966200,771
2020,53966200,799
2019,53968100,466
2020,53968100,442
2019,53968200,559
2020,53968200,547
2019,53968300,1119
2020,53968300,1108
2019,53968400,0
2020,53968400,0
2019,53968500,12
2020,53968500,12
2019,53968600,11
2020,53968600,34
2019,53969100,941
2020,53969100,927
2019,53969200,823
2020,53969200,813
2019,53969300,148
2020,53969300,147
2019,53969400,842
2020,53969400,882
2019,53969500,816
2020,53969500,810
2019,53969600,292
2020,53969600,282
2019,53970100,724
2020,53970100,726
2019,53970200,438
2020,53970200,401
2019,53971100,1431
2020,53971100,1401
2019,53971200,74
2020,53971200,157
2019,53971300,2217
2020,53971300,2205
2019,53971400,1440
2020,53971400,1414
2019,53971500,2537
2020,53971500,2526
2019,53971600,387
2020,53971600,394
2019,53972100,1232
2020,53972100,1214
2019,53972200,1142
2020,53972200,1118
2019,53972300,2273
2020,53972300,2258
2019,53972400,2753
2020,53972400,2738
2019,53972500,1294
2020,53972500,1364
2019,53972600,293
2020,53972600,325
2019,53972700,2234
2020,53972700,2277
2019,53972800,809
2020,53972800,801
2019,53972900,120
2020,53972900,113
2019,53973100,108
2020,53973100,108
2019,53973200,72
2020,53973200,68
2019,53975100,420
2020,53975100,396
2019,53975200,719
2020,53975200,744
2019,53975300,133
2020,53975300,122
2019,53975400,154
2020,53975400,175
2019,53975500,72
2020,53975500,85
2019,53976100,87
2020,53976100,96
2019,53976200,133
2020,53976200,144
2019,53976300,81
2020,53976300,110
2019,53977100,665
2020,53977100,681
2019,53977200,631
2020,53977200,633
2019,53978100,95
2020,53978100,98
2019,53979100,357
2020,53979100,372
2019,53980100,191
2020,53980100,190
2019,53980200,429
2020,53980200,428
2019,53980300,2689
2020,53980300,2686
2019,53980400,641
2020,53980400,649
2019,53981100,1113
2020,53981100,1113
2019,53981200,151
2020,53981200,145
2019,53981300,3710
2020,53981300,3669
2019,53981400,1295
2020,53981400,1281
2019,53982100,1434
2020,53982100,1405
2019,53982200,316
2020,53982200,300
2019,53982300,1675
2020,53982300,1698
2019,53982400,1324
2020,53982400,1292
2019,53982500,1051
2020,53982500,1070
2019,53982600,1324
2020,53982600,1317
2019,53983100,343
2020,53983100,344
2019,53983200,2058
2020,53983200,2050
2019,53984100,1230
2020,53984100,1282
2019,53984200,1631
2020,53984200,1650
2019,53984300,444
2020,53984300,429
2019,53984400,809
2020,53984400,812
2019,53984500,2250
2020,53984500,2232
2019,53984600,1972
2020,53984600,1978
2019,53985100,2046
2020,53985100,2031
2019,53985200,1124
2020,53985200,1078
2019,53986100,1446
2020,53986100,1414
2019,53986200,1025
2020,53986200,1012
2019,53986300,293
2020,53986300,272
2019,53986400,92
2020,53986400,111
2019,53986500,933
2020,53986500,940
2019,53987100,1041
2020,53987100,1039
2019,53987200,1444
2020,53987200,1448
2019,53987300,458
2020,53987300,490
2019,53987400,1032
2020,53987400,1009
2019,53988100,4
2020,53988100,4
2019,53989100,85
2020,53989100,92
2019,53989200,449
2020,53989200,458
2019,53989300,359
2020,53989300,353
2019,53989400,900
2020,53989400,891
2019,53989500,444
2020,53989500,447
2019,53989600,740
2020,53989600,740
2019,53990100,5438
2020,53990100,5363
2019,53991100,4233
2020,53991100,4219
2019,53991200,1361
2020,53991200,1351
2019,53992100,859
2020,53992100,921
2019,53992200,927
2020,53992200,926
2019,53992300,1875
2020,53992300,1857
2019,53992400,658
2020,53992400,678
2019,53992500,1409
2020,53992500,1414
2019,53992600,1788
2020,53992600,1777
2019,53993100,92
2020,53993100,100
2019,53993200,277
2020,53993200,276
2019,53993300,1340
2020,53993300,1322
2019,53993400,471
2020,53993400,507
2019,53993500,69
2020,53993500,80
2019,53993600,245
2020,53993600,251
2019,53994100,23
2020,53994100,23
2019,53995100,9
2020,53995100,9
2019,53995200,713
2020,53995200,743
2019,53995300,13
2020,53995300,13
2019,53996100,1240
2020,53996100,1285
2019,53997100,871
2020,53997100,894
2019,53997200,2091
2020,53997200,2052
2019,53997300,801
2020,53997300,807
2019,53998100,0
2020,53998100,0
2019,53999100,1184
2020,53999100,1167
2019,53889100,458
2020,53889100,467
2019,53889200,353
2020,53889200,360
2019,53889300,7
2020,53889300,7
2019,53889400,343
2020,53889400,370
2019,53891100,385
2020,53891100,382
2019,53895100,1757
2020,53895100,1762
2019,53895200,68
2020,53895200,125
2019,53895300,2236
2020,53895300,2195
2019,53895400,0
2020,53895400,0
2019,53895500,0
2020,53895500,42
2019,53897100,6
2020,53897100,119
2019,53897200,31
2020,53897200,190
2019,53898100,6603
2020,53898100,6665
2019,53898200,195
2020,53898200,230
2019,53898300,1021
2020,53898300,1365
2019,53899100,3292
2020,53899100,3203
2019,53899200,11010
2020,53899200,10523
2019,53899300,8508
2020,53899300,8125
2019,53899400,60
2020,53899400,74
2019,53899500,5
2020,53899500,5
2019,53899600,5
2020,53899600,11
2019,53899700,871
2020,53899700,983
2019,53899800,101
2020,53899800,690
2019,53900100,1200
2020,53900100,1205
2019,53902100,324
2020,53902100,379
2019,53902200,62
2020,53902200,167
2019,53902300,471
2020,53902300,449
2019,53902400,39
2020,53902400,311
2019,53903100,1434
2020,53903100,1414
2019,53903200,271
2020,53903200,293
2019,53903300,1974
2020,53903300,1894
2019,53903400,1479
2020,53903400,1480
2019,53903500,1130
2020,53903500,1179
2019,53904100,12
2020,53904100,60
2019,53904200,31
2020,53904200,100
2019,53905100,3
2020,53905100,9
2019,53905200,11
2020,53905200,22
2019,53905300,0
2020,53905300,7
2019,53908100,26
2020,53908100,52
2019,53908200,887
2020,53908200,916
2019,53908300,1011
2020,53908300,1125
2019,53909100,11
2020,53909100,31
2019,53909200,6
2020,53909200,5
2019,53909300,0
2020,53909300,40
2019,53909400,0
2020,53909400,16
2019,53911100,1971
2020,53911100,1921
2019,53911200,5835
2020,53911200,5730
2019,53911300,3685
2020,53911300,3623
2019,53911400,5649
2020,53911400,5563
2019,53912100,0
2020,53912100,0
2019,53912200,5
2020,53912200,5
2019,53912300,0
2020,53912300,0
2019,53913100,531
2020,53913100,666
2019,53913200,8142
2020,53913200,7998
2019,53913300,4974
2020,53913300,4935
2019,53914100,6
2020,53914100,25
2019,53914200,702
2020,53914200,822
2019,53914300,1541
2020,53914300,1530
2019,53916100,2163
2020,53916100,2121
2019,53916200,5268
2020,53916200,5173
2019,53916300,5382
2020,53916300,5270
2019,53919100,7104
2020,53919100,7001
2019,53919200,3129
2020,53919200,3087
2019,53922100,38
2020,53922100,43
2019,53922200,2037
2020,53922200,2051
2019,53922300,109
2020,53922300,190
2019,53922400,939
2020,53922400,967
2019,53922500,3870
2020,53922500,3914
2019,53923100,3723
2020,53923100,3705
2019,53923200,4941
2020,53923200,4870
2019,53923300,2356
2020,53923300,2416
2019,53923400,2499
2020,53923400,2624
2019,53923500,7
2020,53923500,18
2019,53923600,8
2020,53923600,60
2019,53925100,3604
2020,53925100,3551
2019,53925200,3
2020,53925200,5
2019,53925300,94
2020,53925300,134
2019,53925400,4537
2020,53925400,4507
2019,53927100,0
2020,53927100,0
2019,53927200,778
2020,53927200,792
2019,53927300,2435
2020,53927300,2424
2019,53927400,2387
2020,53927400,2392
2019,53927500,3744
2020,53927500,3780
2019,53929100,1346
2020,53929100,1366
2019,53929200,0
2020,53929200,0
2019,53929300,4494
2020,53929300,4437
2019,53929400,1345
2020,53929400,1338
2019,53929500,1139
2020,53929500,1128
2019,53929600,2088
2020,53929600,2090
2019,53931100,1005
2020,53931100,1022
2019,53931200,2714
2020,53931200,2725
2019,53931300,890
2020,53931300,874
2019,53931400,114
2020,53931400,146
2019,53932100,4257
2020,53932100,4158
2019,53932200,3419
2020,53932200,3413
2019,53932300,2508
2020,53932300,2495
2019,53937100,1678
2020,53937100,1732
2019,53937200,17
2020,53937200,11
2019,53940100,0
2020,53940100,0
2019,53940200,1635
2020,53940200,1706
2019,53942100,6040
2020,53942100,6017
2019,53942200,3554
2020,53942200,3560
2019,53901100,423
2020,53901100,483
2019,53901200,691
2020,53901200,696
2019,53901300,935
2020,53901300,947
2019,53901400,1
2020,53901400,2
2019,53907100,1201
2020,53907100,1142
2019,53907200,1519
2020,53907200,1431
2019,53910100,2702
2020,53910100,2740
2019,53910200,4505
2020,53910200,4456
2019,53910300,867
2020,53910300,869
2019,53910400,2989
2020,53910400,3044
2019,53910500,636
2020,53910500,680
2019,53917100,5
2020,53917100,5
2019,53917200,70
2020,53917200,75
2019,53917300,5
2020,53917300,5
2019,53917400,14
2020,53917400,76
2019,53917500,0
2020,53917500,0
2019,53917600,76
2020,53917600,80
2019,53917700,40
2020,53917700,38
2019,53918100,1907
2020,53918100,1919
2019,53918200,2254
2020,53918200,2267
2019,53918300,2186
2020,53918300,2236
2019,53920100,3102
2020,53920100,3121
2019,53920200,5132
2020,53920200,5106
2019,53921100,1681
2020,53921100,1757
2019,53921200,1575
2020,53921200,1532
2019,53921300,2824
2020,53921300,2925
2019,53921400,1135
2020,53921400,1173
2019,53924100,2600
2020,53924100,2569
2019,53924200,3917
2020,53924200,3912
2019,53926100,2552
2020,53926100,2553
2019,53926200,1216
2020,53926200,1214
2019,53926300,2266
2020,53926300,2234
2019,53928100,1728
2020,53928100,1694
2019,53928200,2968
2020,53928200,2938
2019,53928300,990
2020,53928300,966
2019,53930100,1617
2020,53930100,1623
2019,53930200,3446
2020,53930200,3490
2019,53933100,1260
2020,53933100,1298
2019,53933200,703
2020,53933200,738
2019,53933300,4031
2020,53933300,4121
2019,53933400,2529
2020,53933400,2544
2019,53934100,1848
2020,53934100,1916
2019,53934200,1769
2020,53934200,1825
2019,53934300,1753
2020,53934300,1811
2019,53935100,114
2020,53935100,114
2019,53935200,70
2020,53935200,80
2019,53936100,4333
2020,53936100,4209
2019,53938100,278
2020,53938100,289
2019,53938200,87
2020,53938200,97
2019,53938300,330
2020,53938300,364
2019,53938400,173
2020,53938400,175
2019,53938500,0
2020,53938500,67
2019,53938600,59
2020,53938600,69
2019,53938700,5
2020,53938700,50
2019,53938800,5
2020,53938800,205
2019,53938900,7
2020,53938900,86
2019,53939100,1964
2020,53939100,2007
2019,53939200,133
2020,53939200,139
2019,53941100,3210
2020,53941100,3134
2019,53941200,3978
2020,53941200,3915
2019,53943100,1827
2020,53943100,1847
2019,53943200,2601
2020,53943200,2560
2019,53945100,528
2020,53945100,581
2019,53945200,1858
2020,53945200,1895
2019,53945300,47
2020,53945300,85
2019,53945400,1045
2020,53945400,1089
2019,53945500,822
2020,53945500,789
2019,53945600,0
2020,53945600,0
2019,53945700,201
2020,53945700,191
2019,53945800,145
2020,53945800,183
2019,53946100,4365
2020,53946100,4302
2019,53946200,4320
2020,53946200,4283
2019,53947100,3171
2020,53947100,3126
2019,53948100,1950
2020,53948100,1976
2019,53948200,2637
2020,53948200,2586
2019,53949100,482
2020,53949100,516
2019,53949200,1327
2020,53949200,1281
2019,53949300,6035
2020,53949300,6213
2019,53950100,2567
2020,53950100,2538
2019,53950200,1673
2020,53950200,1679
2019,53950300,32
2020,53950300,28
2019,53950400,2993
2020,53950400,2953
2019,53950500,2673
2020,53950500,2658
2019,53951100,4370
2020,53951100,4261
2019,53951200,67
2020,53951200,121
2019,53951300,4712
2020,53951300,4639
2019,53952100,4287
2020,53952100,4552
2019,53952200,1106
2020,53952200,1068
2019,53952300,1627
2020,53952300,1630
2019,53953100,712
2020,53953100,736
2019,53953200,2153
2020,53953200,2126
2019,53953300,1193
2020,53953300,1145
2019,53954100,4346
2020,53954100,4460
2019,53954200,3433
2020,53954200,3450
2019,53955100,2916
2020,53955100,2850
2019,53955200,3618
2020,53955200,3555
2019,53957100,22
2020,53957100,47
2019,53957200,650
2020,53957200,636
2019,53957300,24
2020,53957300,33
2019,53957400,58
2020,53957400,97
2019,53958100,1532
2020,53958100,1497
2019,53958200,202
2020,53958200,204
2019,53958300,2418
2020,53958300,2385
2019,53958400,2432
2020,53958400,2407
2019,53958500,700
2020,53958500,687
2019,53960100,1184
2020,53960100,1142
2019,53960200,463
2020,53960200,497
2019,53960300,153
2020,53960300,146
2019,53960400,3256
2020,53960400,3192
2019,53960500,1165
2020,53960500,1223
2019,60001100,312
2020,60001100,300
2019,60001200,196
2020,60001200,177
2019,60001300,209
2020,60001300,198
2019,60002100,689
2020,60002100,686
2019,60002200,38
2020,60002200,38
2019,60002300,173
2020,60002300,165
2019,60003100,627
2020,60003100,628
2019,60003200,77
2020,60003200,57
2019,60003300,1171
2020,60003300,1163
2019,60003400,0
2020,60003400,0
2019,60003500,345
2020,60003500,333
2019,60003600,246
2020,60003600,248
2019,60005100,2837
2020,60005100,2813
2019,60005200,1835
2020,60005200,1805
2019,60009100,1493
2020,60009100,1498
2019,60009200,1231
2020,60009200,1225
2019,60009300,2418
2020,60009300,2342
2019,60009400,1682
2020,60009400,1689
2019,60010100,2015
2020,60010100,1991
2019,60010200,1548
2020,60010200,1562
2019,60014100,563
2020,60014100,559
2019,60014200,190
2020,60014200,191
2019,60014300,480
2020,60014300,474
2019,60014400,1236
2020,60014400,1207
2019,60024100,40
2020,60024100,40
2019,60024200,2130
2020,60024200,2064
2019,60024300,88
2020,60024300,100
2019,60024400,70
2020,60024400,74
2019,60024500,192
2020,60024500,182
2019,60024600,0
2020,60024600,0
2019,60034100,2403
2020,60034100,2371
2019,60034200,785
2020,60034200,796
2019,60034300,117
2020,60034300,107
2019,60034400,1338
2020,60034400,1339
2019,60035100,1090
2020,60035100,1084
2019,60035200,310
2020,60035200,337
2019,60035300,281
2020,60035300,294
2019,60035400,256
2020,60035400,254
2019,60044100,853
2020,60044100,854
2019,60045100,144
2020,60045100,132
2019,60045200,439
2020,60045200,439
2019,60045300,152
2020,60045300,151
2019,60046100,1798
2020,60046100,1791
2019,60046200,545
2020,60046200,559
2019,60047100,2525
2020,60047100,2616
2019,60047200,2534
2020,60047200,2523
2019,60047300,3141
2020,60047300,3109
2019,60047400,2004
2020,60047400,2045
2019,60048100,1339
2020,60048100,1338
2019,60048200,535
2020,60048200,548
2019,60048300,3485
2020,60048300,3490
2019,60049100,835
2020,60049100,835
2019,60049200,502
2020,60049200,498
2019,60049300,2659
2020,60049300,2616
2019,60049400,1439
2020,60049400,1462
2019,60049500,808
2020,60049500,790
2019,60050100,784
2020,60050100,749
2019,60050200,2565
2020,60050200,2568
2019,60050300,2192
2020,60050300,2194
2019,60051100,72
2020,60051100,72
2019,60051200,93
2020,60051200,102
2019,60051300,1339
2020,60051300,1341
2019,60051400,30
2020,60051400,34
2019,60051500,86
2020,60051500,79
2019,60051600,132
2020,60051600,143
2019,60052100,292
2020,60052100,303
2019,60052200,487
2020,60052200,461
2019,60090100,850
2020,60090100,866
2019,60090200,1995
2020,60090200,1975
2019,60090300,2509
2020,60090300,2461
2019,60090400,2839
2020,60090400,2905
2019,60094100,10
2020,60094100,10
2019,60094200,36
2020,60094200,36
2019,60094300,140
2020,60094300,137
2019,60094400,2965
2020,60094400,2902
2019,60102100,638
2020,60102100,624
2019,60102200,327
2020,60102200,323
2019,60102300,203
2020,60102300,212
2019,60102400,77
2020,60102400,64
2019,60102500,38
2020,60102500,38
2019,60102600,289
2020,60102600,283
2019,60121100,1790
2020,60121100,1770
2019,60129200,3093
2020,60129200,3088
2019,60129300,259
2020,60129300,238
2019,60129400,622
2020,60129400,593
2019,60129500,1602
2020,60129500,1602
2019,60129600,1387
2020,60129600,1360
2019,60132100,0
2020,60132100,0
2019,60132200,0
2020,60132200,0
2019,60132300,244
2020,60132300,252
2019,60132400,5
2020,60132400,5
2019,60132500,101
2020,60132500,105
2019,60132600,9
2020,60132600,9
2019,60142100,117
2020,60142100,119
2019,60142200,5
2020,60142200,5
2019,60142300,1669
2020,60142300,1649
2019,60142400,4
2020,60142400,4
2019,60142500,458
2020,60142500,476
2019,60149100,1153
2020,60149100,1131
2019,60149200,1558
2020,60149200,1555
2019,60150100,1226
2020,60150100,1206
2019,60150200,976
2020,60150200,989
2019,60150300,1330
2020,60150300,1348
2019,60154100,1512
2020,60154100,1473
2019,60154200,808
2020,60154200,784
2019,60154300,928
2020,60154300,931
2019,60154400,874
2020,60154400,850
2019,60154500,722
2020,60154500,765
2019,60159100,627
2020,60159100,630
2019,60159200,16
2020,60159200,16
2019,60203100,516
2020,60203100,495
2019,60203200,358
2020,60203200,372
2019,60204100,5
2020,60204100,5
2019,60204200,1665
2020,60204200,1654
2019,60204300,41
2020,60204300,29
2019,60205100,3425
2020,60205100,3422
2019,60205200,775
2020,60205200,804
2019,60205300,3279
2020,60205300,3294
2019,60206100,2572
2020,60206100,2552
2019,60206200,2529
2020,60206200,2606
2019,60206300,594
2020,60206300,574
2019,60207100,50
2020,60207100,49
2019,60207200,1964
2020,60207200,1963
2019,60207300,225
2020,60207300,226
2019,60208100,37
2020,60208100,34
2019,60208200,95
2020,60208200,85
2019,60209100,332
2020,60209100,341
2019,60209200,1719
2020,60209200,1746
2019,60209300,180
2020,60209300,180
2019,60210100,18
2020,60210100,17
2019,60210200,632
2020,60210200,594
2019,60210300,5
2020,60210300,5
2019,60210400,11
2020,60210400,11
2019,60004100,2820
2020,60004100,2752
2019,60004200,3230
2020,60004200,3201
2019,60004300,1286
2020,60004300,1298
2019,60006100,1364
2020,60006100,1346
2019,60006200,857
2020,60006200,842
2019,60006300,207
2020,60006300,210
2019,60006400,84
2020,60006400,96
2019,60007100,1589
2020,60007100,1585
2019,60008100,2620
2020,60008100,2604
2019,60008200,1104
2020,60008200,1086
2019,60008300,2748
2020,60008300,2771
2019,60011100,564
2020,60011100,573
2019,60011200,731
2020,60011200,748
2019,60011300,1162
2020,60011300,1146
2019,60011400,482
2020,60011400,474
2019,60012100,739
2020,60012100,735
2019,60012200,879
2020,60012200,875
2019,60012300,0
2020,60012300,0
2019,60012400,934
2020,60012400,940
2019,60013100,1017
2020,60013100,1001
2019,60013200,673
2020,60013200,664
2019,60013300,2864
2020,60013300,2848
2019,60013400,145
2020,60013400,152
2019,60015100,351
2020,60015100,348
2019,60015200,1199
2020,60015200,1196
2019,60015300,1087
2020,60015300,1070
2019,60015400,1474
2020,60015400,1439
2019,60015500,583
2020,60015500,581
2019,60015600,1129
2020,60015600,1108
2019,60016100,610
2020,60016100,610
2019,60016200,1209
2020,60016200,1192
2019,60016300,831
2020,60016300,829
2019,60016400,556
2020,60016400,542
2019,60017100,8
2020,60017100,8
2019,60017200,151
2020,60017200,148
2019,60018100,400
2020,60018100,424
2019,60018200,2463
2020,60018200,2442
2019,60018300,1151
2020,60018300,1163
2019,60019100,385
2020,60019100,364
2019,60020100,9
2020,60020100,9
2019,60021100,475
2020,60021100,469
2019,60022100,1447
2020,60022100,1453
2019,60022200,991
2020,60022200,970
2019,60022300,1003
2020,60022300,997
2019,60022400,214
2020,60022400,213
2019,60023100,828
2020,60023100,829
2019,60023200,1317
2020,60023200,1286
2019,60023300,232
2020,60023300,230
2019,60025100,2266
2020,60025100,2258
2019,60025200,2457
2020,60025200,2431
2019,60026100,21
2020,60026100,21
2019,60026200,0
2020,60026200,0
2019,60026300,18
2020,60026300,21
2019,60027100,1310
2020,60027100,1335
2019,60027200,2190
2020,60027200,2234
2019,60027300,424
2020,60027300,427
2019,60028100,2212
2020,60028100,2174
2019,60029100,982
2020,60029100,976
2019,60029200,0
2020,60029200,0
2019,60030100,1087
2020,60030100,1083
2019,60030200,29
2020,60030200,28
2019,60031100,14
2020,60031100,16
2019,60032100,1668
2020,60032100,2067
2019,60032200,713
2020,60032200,711
2019,60032300,1496
2020,60032300,1509
2019,60032400,155
2020,60032400,154
2019,60032500,461
2020,60032500,647
2019,60033100,1710
2020,60033100,1693
2019,60033200,703
2020,60033200,731
2019,60033300,1702
2020,60033300,1674
2019,60033400,428
2020,60033400,431
2019,60033500,4
2020,60033500,4
2019,60033600,0
2020,60033600,0
2019,60036100,2067
2020,60036100,2040
2019,60036200,598
2020,60036200,581
2019,60036300,1107
2020,60036300,1098
2019,60036400,629
2020,60036400,651
2019,60036500,498
2020,60036500,521
2019,60037100,2579
2020,60037100,2574
2019,60038100,1188
2020,60038100,1160
2019,60038200,2322
2020,60038200,2281
2019,60038300,926
2020,60038300,922
2019,60039100,2542
2020,60039100,2515
2019,60039200,189
2020,60039200,178
2019,60039300,8
2020,60039300,8
2019,60039400,1024
2020,60039400,1002
2019,60039500,1882
2020,60039500,1855
2019,60040100,1647
2020,60040100,1659
2019,60040200,1350
2020,60040200,1341
2019,60040300,1094
2020,60040300,1087
2019,60041100,2137
2020,60041100,2096
2019,60041200,2485
2020,60041200,2474
2019,60041300,1170
2020,60041300,1178
2019,60041400,62
2020,60041400,92
2019,60042100,1036
2020,60042100,1027
2019,60042200,1230
2020,60042200,1261
2019,60042300,3348
2020,60042300,3394
2019,60042400,285
2020,60042400,277
2019,60042500,1069
2020,60042500,1047
2019,60042600,1147
2020,60042600,1159
2019,60042700,0
2020,60042700,0
2019,60043100,52
2020,60043100,49
2019,60043200,2439
2020,60043200,2408
2019,60053100,8
2020,60053100,61
2019,60054100,8
2020,60054100,8
2019,60061100,5076
2020,60061100,5126
2019,60061200,134
2020,60061200,149
2019,60061300,5
2020,60061300,5
2019,60061400,9
2020,60061400,9
2019,60061500,0
2020,60061500,0
2019,60083100,5137
2020,60083100,5316
2019,60083200,6593
2020,60083200,6176
2019,60055100,3292
2020,60055100,3279
2019,60055200,2627
2020,60055200,2579
2019,60055300,370
2020,60055300,383
2019,60056100,1877
2020,60056100,1843
2019,60056200,2187
2020,60056200,2172
2019,60057100,3819
2020,60057100,3743
2019,60057200,2896
2020,60057200,2861
2019,60057300,2098
2020,60057300,2025
2019,60058100,2468
2020,60058100,2603
2019,60059100,3313
2020,60059100,3271
2019,60059200,3929
2020,60059200,3910
2019,60060100,0
2020,60060100,0
2019,60062100,646
2020,60062100,636
2019,60062200,1608
2020,60062200,1609
2019,60062300,3298
2020,60062300,3301
2019,60063100,3190
2020,60063100,3144
2019,60063200,2126
2020,60063200,2099
2019,60064100,3718
2020,60064100,3763
2019,60065100,3507
2020,60065100,3447
2019,60065200,1802
2020,60065200,1710
2019,60065300,2333
2020,60065300,2321
2019,60066100,2113
2020,60066100,2115
2019,60066200,1838
2020,60066200,1857
2019,60066300,2139
2020,60066300,2095
2019,60067100,3022
2020,60067100,2999
2019,60067200,3542
2020,60067200,3555
2019,60068100,1033
2020,60068100,990
2019,60068200,1825
2020,60068200,1829
2019,60069100,1288
2020,60069100,1306
2019,60069200,3194
2020,60069200,3217
2019,60069300,2435
2020,60069300,2447
2019,60070100,992
2020,60070100,1020
2019,60070200,1808
2020,60070200,1822
2019,60070300,1113
2020,60070300,1125
2019,60070400,1477
2020,60070400,1910
2019,60070500,6
2020,60070500,5
2019,60071100,1645
2020,60071100,1702
2019,60071200,2202
2020,60071200,2228
2019,60071300,1469
2020,60071300,1459
2019,60071400,1697
2020,60071400,1670
2019,60071500,1294
2020,60071500,1308
2019,60072100,2505
2020,60072100,2443
2019,60072200,2798
2020,60072200,2778
2019,60072300,3173
2020,60072300,3144
2019,60073100,3720
2020,60073100,3726
2019,60073200,2157
2020,60073200,2212
2019,60073300,1776
2020,60073300,1793
2019,60073400,669
2020,60073400,668
2019,60074100,6905
2020,60074100,6893
2019,60074200,1976
2020,60074200,2016
2019,60075100,869
2020,60075100,1313
2019,60075200,4732
2020,60075200,4737
2019,60075300,0
2020,60075300,65
2019,60076100,2665
2020,60076100,2622
2019,60076200,2024
2020,60076200,1982
2019,60076300,1040
2020,60076300,1061
2019,60076400,1018
2020,60076400,982
2019,60077100,381
2020,60077100,865
2019,60077200,894
2020,60077200,1167
2019,60078100,1350
2020,60078100,1370
2019,60078200,3245
2020,60078200,3168
2019,60079100,2431
2020,60079100,2433
2019,60079200,2695
2020,60079200,2654
2019,60080100,1790
2020,60080100,1831
2019,60080200,1467
2020,60080200,1492
2019,60080300,1683
2020,60080300,1655
2019,60080400,1321
2020,60080400,1298
2019,60081100,1970
2020,60081100,2038
2019,60081200,2156
2020,60081200,2141
2019,60084100,62
2020,60084100,58
2019,60084200,23
2020,60084200,23
2019,60084300,1285
2020,60084300,1236
2019,60084400,893
2020,60084400,1166
2019,60085100,1319
2020,60085100,1341
2019,60085200,1551
2020,60085200,1531
2019,60085300,0
2020,60085300,22
2019,60086100,3307
2020,60086100,3395
2019,60086200,3080
2020,60086200,3131
2019,60086300,683
2020,60086300,607
2019,60087100,7863
2020,60087100,7950
2019,60087200,1481
2020,60087200,1474
2019,60088100,4980
2020,60088100,4999
2019,60089100,3227
2020,60089100,3199
2019,60089200,3012
2020,60089200,3001
2019,60089300,0
2020,60089300,0
2019,60089400,1581
2020,60089400,1543
2019,60089500,708
2020,60089500,669
2019,60092100,3981
2020,60092100,3922
2019,60092200,9
2020,60092200,48
2019,60092300,4
2020,60092300,4
2019,60092400,370
2020,60092400,355
2019,60092500,4174
2020,60092500,4168
2019,60092600,3133
2020,60092600,3074
2019,60096100,0
2020,60096100,0
2019,60096200,0
2020,60096200,0
2019,60096300,0
2020,60096300,0
2019,60082100,0
2020,60082100,0
2019,60082200,0
2020,60082200,0
2019,60082300,30
2020,60082300,44
2019,60091100,1708
2020,60091100,1718
2019,60091200,3443
2020,60091200,3392
2019,60091300,3085
2020,60091300,3062
2019,60091400,20
2020,60091400,20
2019,60091500,23
2020,60091500,22
2019,60093100,2595
2020,60093100,2575
2019,60093200,2560
2020,60093200,2525
2019,60095100,18
2020,60095100,19
2019,60095200,74
2020,60095200,73
2019,60097100,1246
2020,60097100,1238
2019,60097200,211
2020,60097200,213
2019,60097300,57
2020,60097300,56
2019,60098100,995
2020,60098100,991
2019,60099100,9
2020,60099100,15
2019,60099200,0
2020,60099200,0
2019,60099300,9
2020,60099300,13
2019,60100100,10
2020,60100100,10
2019,60100200,4764
2020,60100200,4749
2019,60100300,851
2020,60100300,866
2019,60100400,226
2020,60100400,221
2019,60101100,3342
2020,60101100,3305
2019,60101200,2621
2020,60101200,2569
2019,60103100,1923
2020,60103100,1897
2019,60103200,1475
2020,60103200,1413
2019,60104100,1715
2020,60104100,1754
2019,60104200,1599
2020,60104200,1557
2019,60104300,2226
2020,60104300,2204
2019,60105100,590
2020,60105100,603
2019,60105200,3
2020,60105200,3
2019,60105300,2006
2020,60105300,1956
2019,60106100,23
2020,60106100,31
2019,60106200,79
2020,60106200,63
2019,60106300,0
2020,60106300,0
2019,60107100,2175
2020,60107100,2141
2019,60107200,2334
2020,60107200,2291
2019,60108100,1450
2020,60108100,1559
2019,60109100,2363
2020,60109100,2296
2019,60109200,2189
2020,60109200,2121
2019,60109300,1042
2020,60109300,1028
2019,60110100,2691
2020,60110100,2663
2019,60111100,2343
2020,60111100,2298
2019,60111200,1715
2020,60111200,1694
2019,60112100,2265
2020,60112100,2249
2019,60112200,1667
2020,60112200,1628
2019,60113100,776
2020,60113100,775
2019,60113200,469
2020,60113200,460
2019,60113300,148
2020,60113300,216
2019,60113400,1106
2020,60113400,1060
2019,60113500,15
2020,60113500,11
2019,60114100,3987
2020,60114100,3905
2019,60114200,0
2020,60114200,0
2019,60115100,2976
2020,60115100,2923
2019,60115200,1235
2020,60115200,1234
2019,60115300,1754
2020,60115300,1736
2019,60116100,5438
2020,60116100,5483
2019,60116200,71
2020,60116200,86
2019,60116300,225
2020,60116300,219
2019,60116400,1789
2020,60116400,1776
2019,60116500,0
2020,60116500,0
2019,60116600,1891
2020,60116600,1864
2019,60116700,0
2020,60116700,0
2019,60117100,2613
2020,60117100,2580
2019,60117200,2972
2020,60117200,2941
2019,60117300,304
2020,60117300,374
2019,60118100,1886
2020,60118100,1840
2019,60118200,1142
2020,60118200,1145
2019,60118300,2003
2020,60118300,1994
2019,60119100,327
2020,60119100,326
2019,60119200,2743
2020,60119200,2721
2019,60120100,60
2020,60120100,56
2019,60122100,789
2020,60122100,778
2019,60122200,1866
2020,60122200,1836
2019,60122300,592
2020,60122300,613
2019,60122400,80
2020,60122400,92
2019,60123100,900
2020,60123100,865
2019,60123200,2265
2020,60123200,2238
2019,60124100,2303
2020,60124100,2314
2019,60124200,79
2020,60124200,78
2019,60125100,2577
2020,60125100,2583
2019,60125200,2628
2020,60125200,2561
2019,60125300,738
2020,60125300,763
2019,60126100,2508
2020,60126100,2512
2019,60126200,2287
2020,60126200,2279
2019,60126300,2768
2020,60126300,2741
2019,60127100,3676
2020,60127100,3704
2019,60127200,3000
2020,60127200,3128
2019,60128100,12
2020,60128100,12
2019,60128200,76
2020,60128200,76
2019,60128300,1734
2020,60128300,1732
2019,60129100,1120
2020,60129100,1122
2019,60129700,2131
2020,60129700,2128
2019,60130100,30
2020,60130100,48
2019,60130200,119
2020,60130200,120
2019,60165100,392
2020,60165100,395
2019,60165200,89
2020,60165200,102
2019,60170100,587
2020,60170100,584
2019,60170200,935
2020,60170200,949
2019,60170300,0
2020,60170300,0
2019,60131100,1291
2020,60131100,1271
2019,60131200,3612
2020,60131200,3549
2019,60131300,859
2020,60131300,843
2019,60131400,2266
2020,60131400,2254
2019,60131500,2482
2020,60131500,2477
2019,60153100,1605
2020,60153100,1600
2019,60158300,643
2020,60158300,610
2019,60164100,1779
2020,60164100,1744
2019,60164200,1165
2020,60164200,1157
2019,60164300,696
2020,60164300,696
2019,60164400,1133
2020,60164400,1127
2019,60164500,3519
2020,60164500,3462
2019,60164600,5826
2020,60164600,5762
2019,60166100,1066
2020,60166100,1059
2019,60166200,2115
2020,60166200,2109
2019,60166300,1428
2020,60166300,1406
2019,60166400,704
2020,60166400,710
2019,60166500,1201
2020,60166500,1202
2019,60167100,1253
2020,60167100,1252
2019,60167200,1288
2020,60167200,1296
2019,60167300,1294
2020,60167300,1320
2019,60167400,923
2020,60167400,920
2019,60167500,4
2020,60167500,6
2019,60168100,1723
2020,60168100,1686
2019,60169100,1756
2020,60169100,1739
2019,60169200,10
2020,60169200,8
2019,60169300,5
2020,60169300,4
2019,60169400,46
2020,60169400,45
2019,60169500,232
2020,60169500,233
2019,60171100,1408
2020,60171100,1357
2019,60171200,1530
2020,60171200,1486
2019,60172100,0
2020,60172100,0
2019,60172200,2065
2020,60172200,2060
2019,60172300,3735
2020,60172300,3731
2019,60172400,359
2020,60172400,350
2019,60173100,1156
2020,60173100,1158
2019,60173200,703
2020,60173200,700
2019,60173300,1233
2020,60173300,1214
2019,60174100,2121
2020,60174100,2114
2019,60174200,1377
2020,60174200,1365
2019,60175100,0
2020,60175100,0
2019,60175200,3859
2020,60175200,3841
2019,60175300,2571
2020,60175300,2541
2019,60176100,829
2020,60176100,781
2019,60176200,1661
2020,60176200,1636
2019,60176300,1365
2020,60176300,1376
2019,60177100,949
2020,60177100,925
2019,60177200,0
2020,60177200,0
2019,60178100,672
2020,60178100,680
2019,60178200,1645
2020,60178200,1656
2019,60178300,724
2020,60178300,722
2019,60179100,539
2020,60179100,544
2019,60179200,1720
2020,60179200,1685
2019,60179300,0
2020,60179300,0
2019,60179400,0
2020,60179400,0
2019,60179500,733
2020,60179500,731
2019,60180100,1148
2020,60180100,1135
2019,60180200,1197
2020,60180200,1187
2019,60181100,1559
2020,60181100,1597
2019,60181200,1760
2020,60181200,1828
2019,60181300,593
2020,60181300,590
2019,60182100,1406
2020,60182100,1387
2019,60182200,1835
2020,60182200,1794
2019,60182300,373
2020,60182300,374
2019,60182400,472
2020,60182400,469
2019,60182500,42
2020,60182500,39
2019,60182600,48
2020,60182600,48
2019,60183100,975
2020,60183100,925
2019,60183200,526
2020,60183200,531
2019,60183300,883
2020,60183300,949
2019,60183400,1072
2020,60183400,1063
2019,60183500,412
2020,60183500,406
2019,60184100,1414
2020,60184100,1406
2019,60184200,2146
2020,60184200,2169
2019,60185100,1434
2020,60185100,1368
2019,60185200,2082
2020,60185200,2061
2019,60185300,771
2020,60185300,757
2019,60185400,695
2020,60185400,676
2019,60185500,487
2020,60185500,450
2019,60185600,635
2020,60185600,635
2019,60185700,14
2020,60185700,14
2019,60186100,927
2020,60186100,930
2019,60186200,972
2020,60186200,962
2019,60186300,595
2020,60186300,590
2019,60186400,720
2020,60186400,713
2019,60186500,1823
2020,60186500,1809
2019,60187100,260
2020,60187100,280
2019,60187200,144
2020,60187200,177
2019,60188100,1289
2020,60188100,1248
2019,60188200,704
2020,60188200,675
2019,60189100,32
2020,60189100,31
2019,60189200,2037
2020,60189200,1984
2019,60189300,2006
2020,60189300,1963
2019,60190100,1187
2020,60190100,1140
2019,60190200,512
2020,60190200,522
2019,60190300,843
2020,60190300,832
2019,60190400,936
2020,60190400,966
2019,60191100,1174
2020,60191100,1104
2019,60191200,1388
2020,60191200,1406
2019,60191300,1135
2020,60191300,1132
2019,60192100,929
2020,60192100,910
2019,60192200,862
2020,60192200,856
2019,60192300,1324
2020,60192300,1329
2019,60193100,1125
2020,60193100,1136
2019,60193200,999
2020,60193200,1011
2019,60193300,521
2020,60193300,517
2019,60194100,2449
2020,60194100,2413
2019,60195100,0
2020,60195100,0
2019,60196100,1660
2020,60196100,1645
2019,60196200,2
2020,60196200,2
2019,60197100,297
2020,60197100,466
2019,60198100,1399
2020,60198100,1402
2019,60198200,639
2020,60198200,649
2019,60198300,0
2020,60198300,0
2019,60198400,5
2020,60198400,4
2019,60198500,1244
2020,60198500,1256
2019,60199100,954
2020,60199100,970
2019,60199200,1922
2020,60199200,1892
2019,60200100,2259
2020,60200100,2224
2019,60200200,3514
2020,60200200,3476
2019,60201100,4242
2020,60201100,4227
2019,60201200,1512
2020,60201200,1516
2019,60201300,2509
2020,60201300,2463
2019,60202100,0
2020,60202100,0
2019,60202200,515
2020,60202200,520
2019,60133100,6
2020,60133100,5
2019,60133200,0
2020,60133200,0
2019,60133300,20
2020,60133300,16
2019,60133400,829
2020,60133400,835
2019,60133500,73
2020,60133500,72
2019,60134100,2200
2020,60134100,2194
2019,60134200,2340
2020,60134200,2318
2019,60134300,2373
2020,60134300,2321
2019,60135100,3316
2020,60135100,3253
2019,60135200,3351
2020,60135200,3318
2019,60135300,892
2020,60135300,889
2019,60135400,636
2020,60135400,626
2019,60136100,0
2020,60136100,0
2019,60136200,2077
2020,60136200,2060
2019,60136300,2298
2020,60136300,2289
2019,60136400,1113
2020,60136400,1091
2019,60136500,5
2020,60136500,5
2019,60137100,1404
2020,60137100,1391
2019,60138100,1531
2020,60138100,1524
2019,60138200,1763
2020,60138200,1756
2019,60139100,2870
2020,60139100,2843
2019,60139200,1535
2020,60139200,1506
2019,60139300,5
2020,60139300,5
2019,60140100,2393
2020,60140100,2365
2019,60140200,1188
2020,60140200,1159
2019,60140300,1885
2020,60140300,1823
2019,60141100,1799
2020,60141100,1802
2019,60141200,958
2020,60141200,943
2019,60143100,2177
2020,60143100,2134
2019,60143200,1326
2020,60143200,1326
2019,60143300,67
2020,60143300,67
2019,60143400,1583
2020,60143400,1575
2019,60143500,1291
2020,60143500,1270
2019,60144100,1949
2020,60144100,1932
2019,60144200,1885
2020,60144200,1852
2019,60144300,1210
2020,60144300,1193
2019,60145100,1531
2020,60145100,1507
2019,60145200,1834
2020,60145200,1862
2019,60146100,1628
2020,60146100,1630
2019,60146200,1079
2020,60146200,1059
2019,60146300,1416
2020,60146300,1388
2019,60146400,648
2020,60146400,626
2019,60146500,928
2020,60146500,907
2019,60147100,534
2020,60147100,528
2019,60147200,819
2020,60147200,821
2019,60147300,1436
2020,60147300,1386
2019,60147400,1302
2020,60147400,1297
2019,60147500,462
2020,60147500,471
2019,60147600,432
2020,60147600,440
2019,60148100,1163
2020,60148100,1173
2019,60148200,1504
2020,60148200,1525
2019,60148300,5
2020,60148300,3
2019,60148400,636
2020,60148400,625
2019,60151100,998
2020,60151100,967
2019,60151200,1474
2020,60151200,1468
2019,60151300,2279
2020,60151300,2245
2019,60151400,0
2020,60151400,0
2019,60151500,5
2020,60151500,5
2019,60152100,1388
2020,60152100,1415
2019,60152200,1161
2020,60152200,1173
2019,60152300,1682
2020,60152300,1692
2019,60155100,1704
2020,60155100,1688
2019,60155200,657
2020,60155200,652
2019,60155300,718
2020,60155300,759
2019,60155400,301
2020,60155400,307
2019,60155500,493
2020,60155500,488
2019,60155600,747
2020,60155600,767
2019,60155700,88
2020,60155700,93
2019,60156100,1973
2020,60156100,1985
2019,60156200,1348
2020,60156200,1352
2019,60156300,1307
2020,60156300,1312
2019,60156400,460
2020,60156400,486
2019,60157100,1713
2020,60157100,1723
2019,60157200,941
2020,60157200,958
2019,60157300,1100
2020,60157300,1110
2019,60158100,2434
2020,60158100,2394
2019,60158200,1917
2020,60158200,1871
2019,60158400,978
2020,60158400,988
2019,60158500,937
2020,60158500,955
2019,60160100,624
2020,60160100,617
2019,60160200,1209
2020,60160200,1190
2019,60160300,1543
2020,60160300,1831
2019,60160400,459
2020,60160400,450
2019,60161100,1819
2020,60161100,1802
2019,60161200,1929
2020,60161200,1961
2019,60161300,956
2020,60161300,950
2019,60161400,291
2020,60161400,270
2019,60161500,419
2020,60161500,403
2019,60162100,43
2020,60162100,48
2019,60162200,1297
2020,60162200,1285
2019,60162300,1866
2020,60162300,1844
2019,60162400,746
2020,60162400,739
2019,60163100,727
2020,60163100,734
2019,60163200,1950
2020,60163200,1933
2019,60163300,1587
2020,60163300,1589
2019,60163400,1209
2020,60163400,1222
